6722.jpg,30-39,Female,White
6723.jpg,20-29,Male,White
6724.jpg,30-39,Male,Others
6727.jpg,30-39,Female,Others
6733.jpg,20-29,Male,Black
6737.jpg,20-29,Male,Black
6741.jpg,20-29,Male,Indian
6744.jpg,20-29,Female,Others
6747.jpg,20-29,Female,Black
6749.jpg,20-29,Male,Black
6752.jpg,20-29,Female,Black
6754.jpg,40-49,Male,White
6755.jpg,50-59,Male,White
6763.jpg,20-29,Female,White
6764.jpg,30-39,Male,Black
6765.jpg,30-39,Male,Black
6769.jpg,20-29,Male,Black
6771.jpg,20-29,Male,Asian
6777.jpg,30-39,Female,White
678.jpg,20-29,Female,Others
6780.jpg,20-29,Male,Others
6786.jpg,20-29,Male,White
6787.jpg,20-29,Female,Asian
6791.jpg,30-39,Male,White
6798.jpg,30-39,Female,White
6799.jpg,30-39,Male,Black
68.jpg,30-39,Male,Black
680.jpg,30-39,Male,Black
6804.jpg,20-29,Male,Others
6807.jpg,20-29,Female,White
6809.jpg,30-39,Male,Black
6810.jpg,50-59,Female,Black
6815.jpg,30-39,Male,Black
6820.jpg,30-39,Female,Indian
6827.jpg,20-29,Female,Asian
6831.jpg,20-29,Male,Black
6833.jpg,30-39,Male,Indian
6835.jpg,30-39,Male,White
6839.jpg,30-39,Male,White
6841.jpg,20-29,Female,Indian
6851.jpg,20-29,Female,White
6852.jpg,20-29,Female,Black
6853.jpg,20-29,Male,Asian
6856.jpg,20-29,Male,White
6857.jpg,20-29,Female,Others
6862.jpg,20-29,Female,White
6881.jpg,30-39,Female,Indian
6883.jpg,20-29,Male,Black
6896.jpg,20-29,Female,Others
6898.jpg,30-39,Male,Black
6903.jpg,30-39,Male,White
6904.jpg,20-29,Female,Black
6908.jpg,20-29,Male,Indian
6926.jpg,20-29,Male,Indian
6928.jpg,20-29,Male,White
6929.jpg,30-39,Female,Indian
6930.jpg,20-29,Male,Indian
6931.jpg,20-29,Male,White
6935.jpg,20-29,Female,Black
6936.jpg,20-29,Male,Black
6943.jpg,20-29,Male,Black
6958.jpg,20-29,Male,Black
6959.jpg,20-29,Male,Indian
6960.jpg,3-9,Female,Asian
6961.jpg,30-39,Male,Indian
6966.jpg,20-29,Female,Black
6969.jpg,30-39,Male,Indian
6976.jpg,20-29,Female,Indian
6978.jpg,20-29,Male,Indian
6990.jpg,30-39,Male,Indian
6991.jpg,20-29,Male,Black
6995.jpg,30-39,Male,Black
6998.jpg,20-29,Male,Indian
7007.jpg,30-39,Male,Black
7008.jpg,30-39,Male,White
7010.jpg,20-29,Female,Indian
7016.jpg,20-29,Female,Others
7018.jpg,30-39,Female,Indian
702.jpg,20-29,Female,White
7022.jpg,20-29,Male,Black
7024.jpg,30-39,Female,Black
7025.jpg,20-29,Female,Black
7027.jpg,30-39,Male,Indian
7031.jpg,20-29,Male,Indian
704.jpg,20-29,Female,Black
7042.jpg,20-29,Male,Indian
7047.jpg,20-29,Male,Indian
7048.jpg,20-29,Male,Black
7059.jpg,20-29,Female,White
7066.jpg,30-39,Female,White
7071.jpg,20-29,Female,Indian
7075.jpg,20-29,Female,White
7076.jpg,20-29,Female,Black
7081.jpg,20-29,Male,Black
7089.jpg,20-29,Female,Indian
7091.jpg,30-39,Female,White
7092.jpg,30-39,Female,Black
7095.jpg,20-29,Male,White
7097.jpg,30-39,Male,White
7108.jpg,50-59,Male,Others
7115.jpg,30-39,Male,Black
7117.jpg,20-29,Male,Asian
7127.jpg,20-29,Female,White
7131.jpg,40-49,Male,White
7138.jpg,50-59,Male,White
7141.jpg,20-29,Male,White
7153.jpg,30-39,Male,Black
7157.jpg,more than 70,Male,Black
7158.jpg,30-39,Female,Indian
7159.jpg,20-29,Male,White
7164.jpg,20-29,Female,Asian
7165.jpg,30-39,Female,Black
7168.jpg,20-29,Male,Black
7169.jpg,30-39,Male,Indian
7173.jpg,20-29,Male,Indian
7176.jpg,20-29,Male,Indian
7182.jpg,20-29,Male,White
7192.jpg,20-29,Male,Indian
7209.jpg,20-29,Male,Asian
7216.jpg,10-19,Male,Others
722.jpg,30-39,Male,Indian
7220.jpg,20-29,Male,Indian
7223.jpg,20-29,Male,Indian
7227.jpg,20-29,Male,White
7229.jpg,20-29,Male,White
7233.jpg,30-39,Female,Others
7242.jpg,30-39,Male,Indian
7244.jpg,30-39,Male,Indian
7245.jpg,20-29,Male,Black
7253.jpg,30-39,Female,White
7254.jpg,20-29,Female,White
7259.jpg,20-29,Male,Indian
7270.jpg,30-39,Female,Indian
7281.jpg,30-39,Female,White
7288.jpg,20-29,Male,White
7291.jpg,20-29,Female,Indian
7295.jpg,30-39,Male,White
73.jpg,20-29,Female,Others
7303.jpg,20-29,Female,Black
7307.jpg,30-39,Male,Indian
7308.jpg,20-29,Male,White
731.jpg,30-39,Male,Indian
7315.jpg,20-29,Male,Black
7317.jpg,30-39,Female,White
7330.jpg,20-29,Male,Indian
7331.jpg,20-29,Female,White
7337.jpg,20-29,Male,Indian
7340.jpg,20-29,Male,Black
7346.jpg,30-39,Female,White
7347.jpg,20-29,Male,Indian
735.jpg,30-39,Male,White
7350.jpg,20-29,Male,Black
7351.jpg,30-39,Male,Black
7356.jpg,20-29,Male,Indian
7364.jpg,30-39,Male,White
7373.jpg,20-29,Female,Indian
7378.jpg,20-29,Female,Black
7382.jpg,20-29,Female,Indian
7383.jpg,20-29,Female,Asian
740.jpg,20-29,Female,Others
7408.jpg,20-29,Male,White
741.jpg,30-39,Male,White
7411.jpg,30-39,Female,White
7414.jpg,30-39,Male,Indian
7417.jpg,20-29,Male,Asian
743.jpg,20-29,Male,White
7433.jpg,20-29,Male,Black
7437.jpg,20-29,Male,Black
7447.jpg,30-39,Male,Indian
7448.jpg,50-59,Male,White
745.jpg,20-29,Female,White
7451.jpg,20-29,Female,Asian
7458.jpg,30-39,Male,Indian
7463.jpg,30-39,Female,Black
7466.jpg,20-29,Male,Black
7467.jpg,20-29,Female,White
7475.jpg,20-29,Male,White
7478.jpg,40-49,Male,White
7479.jpg,20-29,Male,Indian
7481.jpg,20-29,Female,White
7483.jpg,20-29,Male,Indian
7488.jpg,20-29,Male,Indian
7492.jpg,20-29,Male,Others
7494.jpg,30-39,Female,White
7496.jpg,20-29,Female,Others
7499.jpg,20-29,Male,White
7501.jpg,20-29,Female,White
7502.jpg,30-39,Male,Indian
7504.jpg,20-29,Male,Indian
7505.jpg,20-29,Male,White
7509.jpg,30-39,Male,White
7510.jpg,20-29,Male,White
7511.jpg,20-29,Male,White
7516.jpg,20-29,Male,Others
7518.jpg,20-29,Female,White
7519.jpg,20-29,Female,White
7522.jpg,20-29,Male,White
7529.jpg,20-29,Male,Indian
7532.jpg,30-39,Male,Black
7533.jpg,20-29,Female,White
7540.jpg,30-39,Female,White
7542.jpg,20-29,Female,White
755.jpg,20-29,Female,White
7553.jpg,20-29,Male,White
7558.jpg,20-29,Female,Indian
7561.jpg,20-29,Male,White
7562.jpg,20-29,Male,Indian
7571.jpg,20-29,Female,White
7572.jpg,20-29,Female,Black
7578.jpg,20-29,Female,White
7579.jpg,20-29,Female,Black
7589.jpg,20-29,Female,Indian
759.jpg,20-29,Female,Black
7590.jpg,20-29,Female,Asian
7595.jpg,30-39,Female,Indian
7601.jpg,20-29,Male,White
7609.jpg,20-29,Female,Indian
7620.jpg,20-29,Male,Black
7624.jpg,30-39,Male,White
7625.jpg,30-39,Female,Indian
7630.jpg,20-29,Female,White
7633.jpg,20-29,Female,Others
7635.jpg,30-39,Female,White
7638.jpg,30-39,Male,Indian
7641.jpg,30-39,Male,White
7646.jpg,30-39,Female,Black
7649.jpg,30-39,Male,Black
7656.jpg,20-29,Male,White
7664.jpg,20-29,Female,Asian
7669.jpg,20-29,Female,Black
7676.jpg,20-29,Female,White
7680.jpg,30-39,Female,Black
7683.jpg,20-29,Male,Black
7687.jpg,20-29,Female,Black
7688.jpg,20-29,Male,White
7689.jpg,30-39,Male,Black
769.jpg,20-29,Female,White
7690.jpg,20-29,Male,Indian
7693.jpg,50-59,Male,Indian
7694.jpg,30-39,Female,White
7696.jpg,30-39,Female,Black
7699.jpg,30-39,Female,White
77.jpg,50-59,Male,Indian
7700.jpg,20-29,Female,White
7701.jpg,20-29,Male,Black
7703.jpg,20-29,Female,Others
7704.jpg,40-49,Female,White
7710.jpg,20-29,Male,Asian
7723.jpg,20-29,Female,Asian
7724.jpg,20-29,Female,White
7728.jpg,20-29,Female,White
773.jpg,20-29,Female,White
7736.jpg,10-19,Female,White
7738.jpg,30-39,Male,White
7741.jpg,30-39,Male,Indian
7743.jpg,20-29,Male,White
775.jpg,20-29,Male,White
7750.jpg,20-29,Male,White
7752.jpg,30-39,Male,Black
7755.jpg,20-29,Male,Black
7758.jpg,20-29,Male,Black
7759.jpg,40-49,Male,White
7760.jpg,20-29,Male,White
7763.jpg,20-29,Female,Black
7766.jpg,50-59,Male,Others
7771.jpg,20-29,Male,White
7772.jpg,30-39,Male,Black
7773.jpg,30-39,Female,Black
7776.jpg,30-39,Male,Black
7778.jpg,20-29,Male,Indian
7781.jpg,30-39,Male,White
7783.jpg,30-39,Female,White
7793.jpg,30-39,Female,White
7796.jpg,30-39,Female,Black
7809.jpg,30-39,Male,White
7811.jpg,20-29,Female,Asian
7814.jpg,20-29,Male,Indian
7819.jpg,20-29,Female,Black
7822.jpg,20-29,Female,White
7823.jpg,30-39,Male,Black
7824.jpg,20-29,Male,Black
7826.jpg,30-39,Female,Black
7835.jpg,20-29,Female,Black
7837.jpg,20-29,Female,Black
7839.jpg,20-29,Female,Black
7852.jpg,30-39,Male,Others
7853.jpg,20-29,Female,Indian
7858.jpg,20-29,Male,Black
7860.jpg,20-29,Male,White
7864.jpg,20-29,Male,Others
7872.jpg,20-29,Female,White
7881.jpg,30-39,Female,White
7882.jpg,20-29,Female,White
7886.jpg,30-39,Male,Indian
7888.jpg,20-29,Male,Black
789.jpg,30-39,Female,Black
7895.jpg,20-29,Male,Black
79.jpg,30-39,Male,Black
7903.jpg,30-39,Male,White
7905.jpg,20-29,Female,Indian
7907.jpg,20-29,Female,White
7912.jpg,20-29,Female,Indian
7913.jpg,20-29,Female,Indian
7914.jpg,30-39,Female,White
7919.jpg,20-29,Female,Indian
792.jpg,20-29,Male,Indian
7923.jpg,20-29,Male,Black
7925.jpg,20-29,Male,Indian
7927.jpg,20-29,Male,Black
7929.jpg,30-39,Male,Indian
7932.jpg,20-29,Male,Black
7939.jpg,20-29,Male,Indian
7940.jpg,20-29,Male,White
7950.jpg,20-29,Female,Black
7957.jpg,20-29,Male,White
7959.jpg,20-29,Female,White
7961.jpg,20-29,Male,Indian
798.jpg,20-29,Male,Black
7981.jpg,40-49,Male,White
7985.jpg,30-39,Male,White
7987.jpg,20-29,Male,Indian
7989.jpg,30-39,Male,Black
7991.jpg,20-29,Male,Black
7994.jpg,30-39,Female,White
7999.jpg,20-29,Male,White
8.jpg,60-69,Male,White
80.jpg,20-29,Male,Black
8003.jpg,20-29,Female,Indian
8012.jpg,30-39,Male,Others
8013.jpg,30-39,Female,White
8030.jpg,20-29,Female,White
8034.jpg,30-39,Male,White
8037.jpg,20-29,Male,Indian
8041.jpg,20-29,Female,Black
8043.jpg,20-29,Male,Black
8045.jpg,30-39,Male,White
8049.jpg,20-29,Female,Others
805.jpg,20-29,Male,Asian
8053.jpg,30-39,Male,White
8055.jpg,20-29,Male,White
8059.jpg,20-29,Female,Black
8061.jpg,30-39,Female,White
8069.jpg,30-39,Male,Black
8074.jpg,20-29,Male,White
8075.jpg,30-39,Male,Indian
8077.jpg,20-29,Female,Others
8081.jpg,20-29,Male,White
8099.jpg,30-39,Female,Black
81.jpg,30-39,Male,Others
8104.jpg,30-39,Female,Indian
8106.jpg,20-29,Male,White
8109.jpg,30-39,Male,White
8111.jpg,30-39,Male,Black
8116.jpg,20-29,Female,White
8117.jpg,20-29,Male,Indian
8119.jpg,20-29,Male,Indian
8127.jpg,20-29,Male,White
8133.jpg,20-29,Male,Black
8134.jpg,20-29,Female,Asian
8135.jpg,20-29,Male,Indian
8139.jpg,20-29,Male,Black
8146.jpg,30-39,Male,Black
8148.jpg,30-39,Male,Indian
8151.jpg,20-29,Female,White
8152.jpg,20-29,Male,White
8153.jpg,30-39,Male,Indian
8154.jpg,20-29,Male,Black
8157.jpg,30-39,Male,White
8163.jpg,20-29,Male,Indian
8164.jpg,30-39,Male,Black
8166.jpg,30-39,Female,White
8180.jpg,20-29,Male,Indian
8182.jpg,20-29,Female,Asian
82.jpg,20-29,Female,Indian
8206.jpg,20-29,Male,White
8209.jpg,30-39,Male,White
8210.jpg,30-39,Male,White
8214.jpg,20-29,Female,Asian
8217.jpg,30-39,Male,White
8227.jpg,20-29,Female,Others
8228.jpg,20-29,Male,Indian
823.jpg,30-39,Female,Black
8239.jpg,20-29,Male,Indian
8242.jpg,20-29,Male,Black
8246.jpg,20-29,Female,Indian
825.jpg,30-39,Male,Indian
8254.jpg,30-39,Female,Indian
8257.jpg,20-29,Male,White
8269.jpg,20-29,Male,Black
8274.jpg,30-39,Male,White
8276.jpg,30-39,Female,Indian
8278.jpg,20-29,Male,Others
828.jpg,20-29,Female,Black
8280.jpg,20-29,Male,Black
8282.jpg,20-29,Female,White
8283.jpg,20-29,Male,Indian
829.jpg,30-39,Male,White
83.jpg,20-29,Male,Others
8302.jpg,30-39,Male,Black
8303.jpg,20-29,Female,White
8306.jpg,30-39,Male,Indian
831.jpg,20-29,Male,Indian
8310.jpg,20-29,Female,Indian
8318.jpg,20-29,Female,Black
8319.jpg,20-29,Female,Indian
8332.jpg,30-39,Male,Black
8338.jpg,20-29,Female,Others
834.jpg,30-39,Female,White
8343.jpg,3-9,Female,White
8346.jpg,20-29,Female,White
8354.jpg,20-29,Male,Indian
8359.jpg,20-29,Female,Indian
8360.jpg,20-29,Male,White
8367.jpg,20-29,Male,Black
8369.jpg,30-39,Female,Indian
837.jpg,20-29,Male,Indian
8375.jpg,20-29,Female,Indian
8387.jpg,20-29,Female,White
8408.jpg,20-29,Female,Black
8409.jpg,20-29,Male,White
8414.jpg,3-9,Male,Asian
8419.jpg,50-59,Male,Indian
8420.jpg,20-29,Male,White
8427.jpg,30-39,Male,White
843.jpg,20-29,Male,Indian
8441.jpg,20-29,Male,Black
8443.jpg,20-29,Female,White
8445.jpg,20-29,Male,Black
8446.jpg,40-49,Male,Black
8447.jpg,30-39,Male,Black
8448.jpg,20-29,Female,White
8451.jpg,20-29,Female,Indian
846.jpg,50-59,Male,Indian
8460.jpg,30-39,Female,Others
8466.jpg,20-29,Male,Black
8469.jpg,20-29,Male,Indian
8472.jpg,30-39,Male,Black
8474.jpg,20-29,Male,Black
848.jpg,20-29,Female,White
8496.jpg,20-29,Male,Black
8503.jpg,20-29,Male,Indian
8506.jpg,20-29,Male,Indian
8508.jpg,20-29,Male,White
851.jpg,20-29,Female,White
8513.jpg,40-49,Male,White
8514.jpg,20-29,Female,Black
8515.jpg,20-29,Male,Others
8519.jpg,20-29,Male,Black
8525.jpg,30-39,Male,White
8528.jpg,20-29,Male,Black
8532.jpg,30-39,Female,White
8536.jpg,40-49,Male,Indian
854.jpg,20-29,Male,Indian
8540.jpg,30-39,Female,Asian
8541.jpg,20-29,Male,Black
8553.jpg,20-29,Female,Black
856.jpg,20-29,Male,Indian
8560.jpg,30-39,Female,White
8562.jpg,0-2,Female,Indian
8568.jpg,40-49,Male,Black
8572.jpg,50-59,Male,White
8574.jpg,20-29,Female,Black
8584.jpg,30-39,Male,Indian
8587.jpg,more than 70,Male,White
8591.jpg,30-39,Male,Indian
8593.jpg,0-2,Female,Others
8599.jpg,30-39,Female,Black
8600.jpg,20-29,Male,White
8602.jpg,30-39,Male,Black
8603.jpg,20-29,Male,Others
8616.jpg,30-39,Male,Asian
8626.jpg,30-39,Male,Indian
8630.jpg,20-29,Male,Indian
8631.jpg,30-39,Male,White
8638.jpg,more than 70,Female,White
864.jpg,20-29,Female,Asian
8646.jpg,20-29,Male,Black
8649.jpg,20-29,Male,Indian
865.jpg,30-39,Male,White
8652.jpg,20-29,Female,Indian
8655.jpg,30-39,Female,Black
8669.jpg,20-29,Male,Indian
867.jpg,20-29,Female,Indian
8673.jpg,20-29,Female,Indian
8675.jpg,30-39,Female,Indian
8676.jpg,20-29,Male,Black
8677.jpg,30-39,Female,Black
8679.jpg,30-39,Male,Black
8681.jpg,30-39,Male,Black
8684.jpg,50-59,Male,White
8689.jpg,30-39,Female,White
8690.jpg,20-29,Male,Indian
8698.jpg,20-29,Female,Others
8708.jpg,20-29,Male,Black
871.jpg,30-39,Male,Black
8711.jpg,30-39,Female,Black
8713.jpg,20-29,Female,Asian
8716.jpg,20-29,Male,Black
8717.jpg,20-29,Male,Black
8731.jpg,20-29,Female,Indian
8733.jpg,20-29,Female,White
8739.jpg,30-39,Male,White
874.jpg,20-29,Female,Black
8742.jpg,30-39,Male,White
8747.jpg,20-29,Male,Black
8748.jpg,30-39,Female,Asian
8751.jpg,20-29,Male,White
8761.jpg,30-39,Male,Black
8772.jpg,20-29,Female,Indian
8784.jpg,20-29,Female,White
8785.jpg,30-39,Female,Others
8790.jpg,20-29,Male,Black
8794.jpg,20-29,Female,Others
8799.jpg,20-29,Female,Black
88.jpg,20-29,Male,White
8802.jpg,20-29,Male,Black
8803.jpg,10-19,Male,White
8805.jpg,3-9,Male,Others
8819.jpg,20-29,Male,White
882.jpg,20-29,Female,Asian
8825.jpg,20-29,Female,Others
8827.jpg,40-49,Male,Indian
8828.jpg,30-39,Male,White
8835.jpg,20-29,Female,Others
8839.jpg,20-29,Female,Black
8840.jpg,20-29,Male,Indian
8842.jpg,20-29,Female,Indian
8846.jpg,30-39,Male,Indian
885.jpg,20-29,Male,Black
8859.jpg,30-39,Male,Indian
8870.jpg,20-29,Female,Black
8877.jpg,30-39,Female,Asian
888.jpg,20-29,Male,Black
8880.jpg,30-39,Male,Indian
8884.jpg,20-29,Male,Black
8885.jpg,20-29,Male,Indian
8889.jpg,20-29,Male,Black
889.jpg,20-29,Male,Indian
8896.jpg,20-29,Female,White
8901.jpg,20-29,Male,White
891.jpg,30-39,Female,White
8914.jpg,20-29,Male,Indian
8919.jpg,20-29,Male,Indian
892.jpg,20-29,Male,Indian
8920.jpg,20-29,Male,Black
893.jpg,20-29,Female,Indian
8935.jpg,20-29,Female,White
8938.jpg,20-29,Male,Black
8945.jpg,30-39,Male,Others
8948.jpg,40-49,Male,Black
895.jpg,30-39,Female,Others
8953.jpg,20-29,Female,Black
8956.jpg,30-39,Male,White
8958.jpg,30-39,Male,Black
8961.jpg,20-29,Female,White
8962.jpg,30-39,Female,Indian
8967.jpg,30-39,Male,Indian
8972.jpg,30-39,Male,White
8974.jpg,20-29,Female,White
898.jpg,20-29,Male,White
8982.jpg,60-69,Male,Indian
8985.jpg,20-29,Male,Others
8993.jpg,20-29,Female,Others
8998.jpg,20-29,Male,White
9002.jpg,20-29,Female,Indian
9004.jpg,30-39,Female,Others
9009.jpg,40-49,Female,White
9016.jpg,20-29,Male,Black
9018.jpg,30-39,Male,White
9019.jpg,20-29,Female,White
9021.jpg,20-29,Male,Black
9025.jpg,more than 70,Male,Indian
9028.jpg,30-39,Male,Black
9029.jpg,20-29,Male,Black
9030.jpg,30-39,Male,Black
9031.jpg,10-19,Female,Indian
9038.jpg,30-39,Male,Indian
9040.jpg,30-39,Male,Asian
9043.jpg,20-29,Female,White
9046.jpg,20-29,Female,White
9054.jpg,20-29,Female,Indian
9055.jpg,30-39,Female,Others
9058.jpg,20-29,Male,Black
9059.jpg,20-29,Female,Indian
906.jpg,20-29,Female,Indian
9064.jpg,20-29,Female,Others
9065.jpg,20-29,Female,White
9066.jpg,20-29,Female,Indian
9067.jpg,20-29,Female,Black
9071.jpg,20-29,Female,White
9072.jpg,30-39,Female,White
9075.jpg,30-39,Female,Indian
9076.jpg,20-29,Male,Black
9082.jpg,20-29,Male,Indian
9090.jpg,40-49,Male,White
9097.jpg,30-39,Male,Black
9099.jpg,20-29,Male,Indian
9102.jpg,20-29,Male,Black
9105.jpg,20-29,Male,Black
9107.jpg,20-29,Male,Indian
9110.jpg,20-29,Female,Others
9121.jpg,20-29,Female,White
9122.jpg,20-29,Male,Indian
9129.jpg,30-39,Female,Asian
9130.jpg,30-39,Female,Indian
9132.jpg,30-39,Male,Indian
9139.jpg,30-39,Female,Black
9143.jpg,20-29,Female,Indian
9154.jpg,20-29,Female,White
9161.jpg,20-29,Male,White
9163.jpg,30-39,Female,Others
9165.jpg,20-29,Female,White
9166.jpg,20-29,Female,Black
9167.jpg,30-39,Male,Black
9168.jpg,20-29,Male,Black
9171.jpg,20-29,Male,Black
9173.jpg,0-2,Female,Asian
919.jpg,20-29,Male,Indian
9196.jpg,20-29,Male,White
9197.jpg,20-29,Male,Others
9198.jpg,40-49,Female,Indian
9203.jpg,30-39,Male,White
921.jpg,20-29,Male,Indian
9213.jpg,30-39,Male,Black
9216.jpg,10-19,Male,Indian
9222.jpg,20-29,Male,White
9225.jpg,30-39,Male,Black
9228.jpg,20-29,Male,Others
923.jpg,20-29,Female,White
9237.jpg,30-39,Male,Black
9238.jpg,20-29,Female,Black
9249.jpg,20-29,Male,Black
9250.jpg,30-39,Male,White
9254.jpg,3-9,Female,Asian
9256.jpg,20-29,Male,Black
926.jpg,30-39,Male,White
9262.jpg,20-29,Female,Black
9264.jpg,20-29,Female,Black
9275.jpg,40-49,Male,White
9285.jpg,40-49,Male,Indian
9287.jpg,30-39,Male,Black
929.jpg,20-29,Male,Indian
9292.jpg,20-29,Male,White
93.jpg,20-29,Male,Indian
9301.jpg,20-29,Female,Black
9311.jpg,20-29,Male,Indian
9320.jpg,20-29,Male,White
9322.jpg,30-39,Male,Black
9326.jpg,30-39,Male,White
9328.jpg,3-9,Male,Black
933.jpg,20-29,Female,Others
9333.jpg,20-29,Male,Indian
9334.jpg,30-39,Male,Indian
9337.jpg,20-29,Male,Black
9339.jpg,30-39,Male,Others
9341.jpg,30-39,Male,White
9344.jpg,30-39,Male,White
9347.jpg,20-29,Female,White
9349.jpg,30-39,Male,Black
9354.jpg,20-29,Male,White
9356.jpg,30-39,Female,White
9369.jpg,20-29,Male,Others
9372.jpg,30-39,Female,White
9374.jpg,20-29,Male,White
9379.jpg,20-29,Female,Others
9382.jpg,20-29,Male,Black
9384.jpg,20-29,Female,Indian
9388.jpg,20-29,Female,White
9394.jpg,20-29,Female,White
9399.jpg,40-49,Male,Indian
9403.jpg,20-29,Female,White
941.jpg,30-39,Male,Indian
9416.jpg,20-29,Female,White
9420.jpg,30-39,Male,Asian
9432.jpg,20-29,Male,Black
9434.jpg,30-39,Male,White
9437.jpg,20-29,Female,Indian
944.jpg,40-49,Female,Indian
9443.jpg,20-29,Male,Indian
9449.jpg,20-29,Female,Asian
9459.jpg,0-2,Male,Asian
9469.jpg,20-29,Male,Indian
9482.jpg,20-29,Male,Indian
9484.jpg,30-39,Male,Black
9486.jpg,30-39,Female,White
9492.jpg,20-29,Male,Black
9498.jpg,40-49,Female,White
9499.jpg,20-29,Male,Indian
95.jpg,20-29,Male,Indian
9504.jpg,20-29,Female,Black
9506.jpg,20-29,Male,Black
9513.jpg,20-29,Male,Others
9514.jpg,50-59,Female,White
952.jpg,20-29,Female,Black
9522.jpg,20-29,Male,Black
9532.jpg,20-29,Female,Indian
9533.jpg,20-29,Female,White
9538.jpg,20-29,Male,Others
9544.jpg,30-39,Male,Indian
9551.jpg,20-29,Male,White
9557.jpg,20-29,Male,White
9565.jpg,20-29,Male,Black
9569.jpg,20-29,Female,White
9571.jpg,20-29,Female,Others
9577.jpg,30-39,Female,White
9578.jpg,20-29,Male,White
9583.jpg,20-29,Male,White
9585.jpg,20-29,Female,White
9586.jpg,20-29,Male,Indian
9596.jpg,more than 70,Male,Black
9598.jpg,20-29,Female,Others
9602.jpg,20-29,Male,White
9615.jpg,30-39,Male,Black
9617.jpg,20-29,Female,White
9628.jpg,20-29,Male,White
9629.jpg,20-29,Female,Indian
9635.jpg,20-29,Female,White
9636.jpg,20-29,Male,Indian
964.jpg,50-59,Male,Indian
9647.jpg,20-29,Male,Indian
9652.jpg,30-39,Male,Indian
966.jpg,30-39,Male,Black
9664.jpg,20-29,Female,Black
9666.jpg,20-29,Male,Others
9674.jpg,30-39,Male,White
9683.jpg,20-29,Male,Black
9685.jpg,30-39,Female,White
9687.jpg,20-29,Male,Black
969.jpg,20-29,Female,White
9692.jpg,30-39,Male,Black
9696.jpg,20-29,Male,Black
9698.jpg,20-29,Male,Asian
9703.jpg,50-59,Male,Indian
9705.jpg,20-29,Female,Asian
9709.jpg,30-39,Female,White
9711.jpg,20-29,Male,Indian
9716.jpg,50-59,Female,Indian
9725.jpg,20-29,Female,Indian
973.jpg,40-49,Male,White
9732.jpg,20-29,Male,Black
974.jpg,30-39,Female,Indian
9740.jpg,30-39,Female,White
9748.jpg,20-29,Female,Asian
9753.jpg,20-29,Female,White
9754.jpg,30-39,Male,White
9755.jpg,20-29,Male,Indian
9757.jpg,20-29,Female,Indian
9765.jpg,20-29,Male,Black
9769.jpg,30-39,Male,White
9771.jpg,20-29,Male,Indian
9772.jpg,20-29,Female,White
978.jpg,20-29,Male,Black
9780.jpg,30-39,Male,Indian
9793.jpg,20-29,Female,White
98.jpg,30-39,Male,Black
9803.jpg,30-39,Male,Black
9815.jpg,30-39,Male,Others
9816.jpg,20-29,Female,White
9817.jpg,30-39,Male,Black
982.jpg,30-39,Male,Black
9822.jpg,20-29,Male,White
9826.jpg,20-29,Male,Black
9828.jpg,20-29,Male,White
9831.jpg,20-29,Male,White
9835.jpg,30-39,Male,Black
9840.jpg,30-39,Male,Others
9842.jpg,50-59,Male,Black
9845.jpg,40-49,Male,Asian
9848.jpg,30-39,Male,White
9854.jpg,20-29,Male,Indian
9859.jpg,30-39,Male,White
9862.jpg,20-29,Male,Black
9863.jpg,20-29,Male,White
9864.jpg,20-29,Male,Others
9866.jpg,3-9,Male,White
9867.jpg,20-29,Male,White
9871.jpg,30-39,Male,White
9872.jpg,20-29,Male,Black
9873.jpg,20-29,Male,Indian
9874.jpg,20-29,Male,Indian
9875.jpg,30-39,Male,Black
9876.jpg,20-29,Male,Black
9882.jpg,10-19,Female,Black
9886.jpg,30-39,Male,Indian
9889.jpg,20-29,Male,Indian
989.jpg,20-29,Male,Black
9897.jpg,20-29,Male,White
9900.jpg,20-29,Male,Black
9914.jpg,20-29,Male,Black
9921.jpg,30-39,Male,Indian
9922.jpg,20-29,Male,Indian
9924.jpg,20-29,Male,Black
993.jpg,20-29,Female,White
9933.jpg,20-29,Female,White
9935.jpg,20-29,Male,White
9939.jpg,20-29,Male,Black
9941.jpg,20-29,Male,Black
9944.jpg,30-39,Female,White
9948.jpg,30-39,Male,White
9949.jpg,20-29,Female,Black
995.jpg,20-29,Male,White
9950.jpg,20-29,Male,Black
9966.jpg,20-29,Male,Black
9967.jpg,20-29,Female,White
9968.jpg,20-29,Male,Indian
335.jpg,20-29,Female,White
3354.jpg,40-49,Female,White
3355.jpg,20-29,Female,Black
3360.jpg,more than 70,Male,Black
3372.jpg,20-29,Male,Black
3377.jpg,20-29,Female,White
3378.jpg,20-29,Male,Black
3386.jpg,20-29,Male,Black
3388.jpg,20-29,Male,White
339.jpg,40-49,Male,Black
3393.jpg,20-29,Female,Black
3396.jpg,20-29,Male,Others
3404.jpg,20-29,Male,Black
3407.jpg,40-49,Female,White
3417.jpg,20-29,Male,Black
3418.jpg,20-29,Female,Indian
3419.jpg,30-39,Female,White
3420.jpg,20-29,Male,Indian
3423.jpg,40-49,Male,White
3425.jpg,20-29,Male,Asian
3432.jpg,30-39,Male,Indian
3437.jpg,30-39,Female,White
3438.jpg,20-29,Male,Black
3441.jpg,30-39,Male,Black
3447.jpg,20-29,Male,White
3449.jpg,40-49,Male,Indian
3450.jpg,30-39,Male,Black
3463.jpg,20-29,Male,White
3464.jpg,30-39,Female,White
3468.jpg,20-29,Male,White
3472.jpg,20-29,Male,Black
3477.jpg,20-29,Male,Black
3483.jpg,20-29,Female,Others
3488.jpg,30-39,Male,Indian
3489.jpg,20-29,Female,White
3496.jpg,20-29,Male,Indian
3503.jpg,30-39,Male,White
3507.jpg,20-29,Female,White
3509.jpg,20-29,Female,Black
3514.jpg,20-29,Male,Indian
3516.jpg,30-39,Male,White
3521.jpg,30-39,Female,White
3525.jpg,30-39,Male,White
3528.jpg,20-29,Male,Indian
3529.jpg,30-39,Male,Black
3530.jpg,10-19,Female,Indian
3531.jpg,30-39,Male,Indian
3553.jpg,30-39,Male,Black
3562.jpg,20-29,Female,White
357.jpg,20-29,Male,Indian
3577.jpg,40-49,Male,White
3591.jpg,20-29,Female,Indian
3596.jpg,20-29,Male,Black
3598.jpg,20-29,Female,White
3599.jpg,20-29,Male,Indian
3608.jpg,20-29,Female,White
3615.jpg,20-29,Male,Black
3617.jpg,20-29,Male,White
3626.jpg,20-29,Female,White
3628.jpg,20-29,Male,Indian
3637.jpg,20-29,Female,Indian
364.jpg,20-29,Male,White
3643.jpg,20-29,Male,White
3648.jpg,30-39,Male,Indian
3649.jpg,20-29,Female,White
365.jpg,30-39,Male,Black
3654.jpg,30-39,Female,Black
3656.jpg,30-39,Male,Indian
3657.jpg,20-29,Male,Indian
3666.jpg,20-29,Male,Others
3668.jpg,20-29,Female,Indian
3677.jpg,0-2,Male,White
3682.jpg,20-29,Male,White
3683.jpg,30-39,Female,Others
3687.jpg,30-39,Male,White
369.jpg,20-29,Female,White
3691.jpg,20-29,Female,White
3696.jpg,20-29,Male,Black
3699.jpg,20-29,Female,Black
3715.jpg,20-29,Male,Black
3716.jpg,20-29,Male,Indian
3719.jpg,30-39,Male,Indian
3721.jpg,20-29,Female,Black
3727.jpg,20-29,Male,Black
3737.jpg,20-29,Male,White
3742.jpg,20-29,Female,White
3746.jpg,50-59,Female,Indian
3747.jpg,20-29,Male,Asian
3751.jpg,60-69,Male,Indian
3766.jpg,20-29,Female,White
3770.jpg,30-39,Male,Indian
3772.jpg,20-29,Female,Black
3774.jpg,20-29,Male,White
3781.jpg,40-49,Male,White
3784.jpg,20-29,Male,Indian
3785.jpg,20-29,Male,Black
3795.jpg,20-29,Female,Indian
3798.jpg,30-39,Male,Black
3799.jpg,20-29,Female,Black
3803.jpg,20-29,Male,Indian
3812.jpg,30-39,Female,Others
3817.jpg,30-39,Male,White
382.jpg,20-29,Male,Asian
3820.jpg,20-29,Male,Indian
3822.jpg,30-39,Male,Indian
3826.jpg,20-29,Female,Black
3829.jpg,40-49,Male,White
3834.jpg,30-39,Female,White
385.jpg,20-29,Male,Black
3871.jpg,20-29,Female,White
3876.jpg,20-29,Female,Indian
3883.jpg,20-29,Female,Indian
3887.jpg,20-29,Male,Indian
3893.jpg,20-29,Male,Indian
3896.jpg,20-29,Female,Asian
390.jpg,20-29,Female,White
3910.jpg,30-39,Female,White
3915.jpg,20-29,Female,Asian
3916.jpg,40-49,Male,Indian
3922.jpg,20-29,Male,Black
3934.jpg,20-29,Female,Indian
3939.jpg,20-29,Female,Indian
3943.jpg,20-29,Male,White
3944.jpg,30-39,Male,White
3949.jpg,30-39,Female,White
3952.jpg,20-29,Male,Black
3953.jpg,30-39,Male,White
3958.jpg,20-29,Female,White
3966.jpg,20-29,Male,Black
3975.jpg,20-29,Male,Indian
3987.jpg,30-39,Female,White
3991.jpg,30-39,Female,Indian
3994.jpg,20-29,Female,Black
4009.jpg,20-29,Male,Indian
4017.jpg,20-29,Female,Indian
4019.jpg,30-39,Female,Indian
4024.jpg,50-59,Female,White
4032.jpg,50-59,Male,Indian
4033.jpg,20-29,Male,Indian
4038.jpg,30-39,Female,Indian
404.jpg,20-29,Male,Black
4042.jpg,40-49,Female,Black
4056.jpg,30-39,Male,White
4057.jpg,20-29,Female,Black
406.jpg,20-29,Male,Black
4063.jpg,30-39,Female,White
4080.jpg,30-39,Female,Indian
4081.jpg,20-29,Male,Black
4083.jpg,20-29,Male,Black
4087.jpg,40-49,Female,White
4104.jpg,40-49,Male,Black
4111.jpg,20-29,Female,Others
4113.jpg,30-39,Male,White
4118.jpg,20-29,Male,White
4122.jpg,30-39,Male,White
4123.jpg,30-39,Male,White
4125.jpg,20-29,Female,White
4135.jpg,20-29,Male,Black
4147.jpg,20-29,Male,Indian
4148.jpg,20-29,Female,White
4151.jpg,20-29,Female,Asian
4153.jpg,20-29,Female,Black
4162.jpg,3-9,Male,White
4166.jpg,30-39,Female,Indian
4170.jpg,30-39,Male,Indian
4176.jpg,30-39,Male,White
4184.jpg,20-29,Male,White
419.jpg,20-29,Female,Black
4192.jpg,30-39,Male,White
42.jpg,30-39,Male,Indian
4206.jpg,20-29,Male,White
4213.jpg,0-2,Female,Others
4214.jpg,20-29,Female,White
4218.jpg,3-9,Male,Asian
422.jpg,30-39,Female,White
4232.jpg,20-29,Male,White
4233.jpg,20-29,Female,Black
4234.jpg,20-29,Male,White
4235.jpg,20-29,Male,Black
4236.jpg,20-29,Female,White
425.jpg,20-29,Female,White
4252.jpg,20-29,Female,Black
4253.jpg,20-29,Male,Indian
4256.jpg,30-39,Female,Indian
4258.jpg,20-29,Male,White
4260.jpg,20-29,Female,White
4263.jpg,20-29,Male,Indian
4264.jpg,20-29,Male,Black
4273.jpg,20-29,Female,Indian
4275.jpg,30-39,Male,White
428.jpg,30-39,Male,Black
4280.jpg,20-29,Female,Asian
4287.jpg,30-39,Male,Asian
4293.jpg,20-29,Male,White
4299.jpg,20-29,Female,Indian
4301.jpg,40-49,Male,Black
4302.jpg,20-29,Male,Indian
4305.jpg,40-49,Male,Indian
4308.jpg,20-29,Female,White
4311.jpg,30-39,Male,Indian
4313.jpg,20-29,Female,Others
4320.jpg,20-29,Male,Indian
4322.jpg,40-49,Male,White
4323.jpg,20-29,Female,Indian
4324.jpg,30-39,Male,Black
4325.jpg,3-9,Female,White
4334.jpg,20-29,Male,Indian
4336.jpg,20-29,Male,Black
4337.jpg,30-39,Female,Indian
4339.jpg,20-29,Female,Black
4340.jpg,20-29,Female,White
4347.jpg,20-29,Male,Asian
435.jpg,20-29,Female,Indian
4351.jpg,30-39,Male,Black
4352.jpg,30-39,Female,White
4353.jpg,20-29,Female,Indian
4369.jpg,30-39,Male,Indian
4375.jpg,30-39,Male,Indian
4377.jpg,20-29,Male,White
4385.jpg,20-29,Male,White
4387.jpg,20-29,Male,Indian
4388.jpg,20-29,Female,Indian
4396.jpg,30-39,Female,White
4399.jpg,20-29,Male,Indian
44.jpg,20-29,Female,White
440.jpg,20-29,Male,Black
4400.jpg,30-39,Male,White
4402.jpg,20-29,Male,White
4409.jpg,20-29,Male,Indian
4411.jpg,30-39,Male,White
4412.jpg,20-29,Female,Asian
4414.jpg,20-29,Male,Black
4418.jpg,30-39,Male,Indian
4421.jpg,20-29,Female,Indian
443.jpg,20-29,Female,Indian
4432.jpg,20-29,Female,Asian
4435.jpg,20-29,Male,Black
4438.jpg,20-29,Female,Indian
4440.jpg,20-29,Male,Black
4448.jpg,30-39,Female,Black
445.jpg,20-29,Female,White
4451.jpg,20-29,Male,Indian
4452.jpg,20-29,Female,Black
4460.jpg,20-29,Male,Indian
4464.jpg,30-39,Male,Indian
4468.jpg,more than 70,Male,White
4470.jpg,20-29,Male,White
4471.jpg,30-39,Female,Others
4480.jpg,20-29,Male,White
4485.jpg,20-29,Female,Indian
4486.jpg,20-29,Female,White
4489.jpg,20-29,Male,White
4492.jpg,20-29,Male,Indian
4495.jpg,20-29,Female,White
4496.jpg,30-39,Male,Indian
450.jpg,20-29,Female,Indian
4501.jpg,20-29,Female,Others
4505.jpg,30-39,Male,Indian
4516.jpg,20-29,Female,White
4519.jpg,20-29,Female,White
4527.jpg,20-29,Male,White
4541.jpg,20-29,Female,Black
4553.jpg,20-29,Male,Indian
4554.jpg,20-29,Female,Asian
4556.jpg,20-29,Male,Indian
4558.jpg,30-39,Female,White
4562.jpg,20-29,Female,Others
4563.jpg,30-39,Male,Black
4564.jpg,20-29,Female,Black
457.jpg,20-29,Female,White
4575.jpg,20-29,Female,Black
4576.jpg,20-29,Female,Black
4582.jpg,30-39,Male,Black
4591.jpg,30-39,Female,Indian
4595.jpg,30-39,Female,Black
4605.jpg,20-29,Male,Black
461.jpg,30-39,Male,Black
4622.jpg,20-29,Male,White
4624.jpg,20-29,Male,White
4627.jpg,20-29,Female,Black
463.jpg,20-29,Female,White
4634.jpg,20-29,Male,Indian
4636.jpg,20-29,Male,Indian
4647.jpg,30-39,Female,Asian
4648.jpg,20-29,Female,White
4649.jpg,30-39,Male,Black
4651.jpg,20-29,Female,Black
4652.jpg,20-29,Female,Black
4653.jpg,20-29,Female,Black
4656.jpg,20-29,Male,Indian
4665.jpg,20-29,Male,White
4674.jpg,30-39,Male,Others
4675.jpg,20-29,Male,Indian
4681.jpg,30-39,Female,Indian
4689.jpg,50-59,Male,White
4690.jpg,30-39,Male,White
4693.jpg,30-39,Female,Black
4697.jpg,20-29,Male,White
4698.jpg,40-49,Male,Indian
4699.jpg,30-39,Male,Black
4700.jpg,3-9,Male,Asian
4708.jpg,30-39,Male,Indian
471.jpg,30-39,Female,Indian
4710.jpg,30-39,Male,Others
4712.jpg,20-29,Male,White
4719.jpg,30-39,Female,Indian
4725.jpg,20-29,Male,Indian
4738.jpg,20-29,Female,White
4741.jpg,50-59,Male,Indian
4745.jpg,20-29,Male,Black
4752.jpg,20-29,Male,Indian
4753.jpg,40-49,Male,White
4754.jpg,20-29,Female,White
4760.jpg,20-29,Male,Indian
4764.jpg,20-29,Male,Indian
4768.jpg,30-39,Male,Indian
4774.jpg,20-29,Female,Indian
4775.jpg,20-29,Female,Indian
4777.jpg,20-29,Male,White
4781.jpg,20-29,Female,Black
4784.jpg,40-49,Female,Black
4785.jpg,20-29,Male,White
4791.jpg,20-29,Female,Asian
4793.jpg,30-39,Female,White
4797.jpg,20-29,Male,Indian
480.jpg,30-39,Female,Indian
4802.jpg,30-39,Male,White
4814.jpg,20-29,Female,Others
4815.jpg,30-39,Male,Black
4820.jpg,20-29,Female,Indian
4827.jpg,30-39,Male,Black
4833.jpg,20-29,Male,White
4837.jpg,30-39,Male,White
4846.jpg,20-29,Female,Others
4847.jpg,20-29,Female,Black
485.jpg,20-29,Male,White
4852.jpg,20-29,Male,White
4855.jpg,20-29,Male,Indian
4856.jpg,20-29,Male,White
4858.jpg,30-39,Female,White
4863.jpg,30-39,Female,White
4866.jpg,30-39,Male,White
4873.jpg,20-29,Male,Black
4888.jpg,20-29,Male,Black
4889.jpg,20-29,Male,Black
4890.jpg,20-29,Male,Indian
4895.jpg,20-29,Male,White
4906.jpg,20-29,Female,Black
491.jpg,40-49,Male,Others
4910.jpg,20-29,Male,Black
4914.jpg,20-29,Female,Indian
4915.jpg,20-29,Male,Black
4918.jpg,20-29,Female,White
4920.jpg,10-19,Female,White
4921.jpg,20-29,Male,Black
4922.jpg,20-29,Female,Others
4923.jpg,30-39,Male,Black
4927.jpg,40-49,Female,Indian
4929.jpg,0-2,Female,White
4934.jpg,20-29,Female,White
4935.jpg,30-39,Male,Indian
4936.jpg,20-29,Male,Black
4938.jpg,20-29,Male,Black
4939.jpg,20-29,Female,Others
494.jpg,20-29,Female,Indian
4942.jpg,20-29,Female,White
4946.jpg,30-39,Male,White
4951.jpg,20-29,Male,White
4956.jpg,20-29,Male,Asian
4958.jpg,30-39,Male,Asian
4973.jpg,30-39,Male,White
4978.jpg,20-29,Female,White
4988.jpg,3-9,Female,Indian
499.jpg,20-29,Female,White
4991.jpg,20-29,Female,Indian
4992.jpg,10-19,Female,Indian
4994.jpg,20-29,Female,Others
4996.jpg,30-39,Male,White
4997.jpg,20-29,Male,Asian
5.jpg,30-39,Male,Asian
500.jpg,20-29,Male,Indian
5000.jpg,30-39,Female,Asian
5001.jpg,20-29,Male,White
5005.jpg,20-29,Male,White
5008.jpg,30-39,Male,White
501.jpg,30-39,Female,White
5014.jpg,20-29,Female,Black
5016.jpg,30-39,Male,White
5020.jpg,30-39,Male,Black
5022.jpg,30-39,Male,Black
5045.jpg,40-49,Male,Black
5047.jpg,20-29,Male,White
5049.jpg,20-29,Female,Indian
505.jpg,20-29,Male,Black
5052.jpg,20-29,Female,Indian
5054.jpg,20-29,Male,Indian
5057.jpg,20-29,Male,Black
506.jpg,20-29,Female,Others
5064.jpg,30-39,Male,Indian
5072.jpg,20-29,Male,Indian
5074.jpg,20-29,Female,Black
5085.jpg,20-29,Female,Black
5091.jpg,20-29,Male,Black
51.jpg,30-39,Male,White
5101.jpg,30-39,Male,White
5109.jpg,20-29,Male,Asian
511.jpg,40-49,Male,Others
5112.jpg,20-29,Male,White
5118.jpg,40-49,Male,Asian
5120.jpg,50-59,Female,White
5128.jpg,20-29,Male,White
5133.jpg,20-29,Female,Black
5136.jpg,20-29,Male,White
5138.jpg,30-39,Female,White
5146.jpg,20-29,Female,White
5148.jpg,30-39,Male,White
5159.jpg,30-39,Male,Indian
5163.jpg,20-29,Male,Black
5166.jpg,20-29,Male,Black
5181.jpg,30-39,Male,Indian
5182.jpg,30-39,Male,White
5188.jpg,20-29,Male,White
519.jpg,20-29,Female,Indian
5190.jpg,20-29,Female,White
5198.jpg,20-29,Male,Black
5199.jpg,20-29,Male,White
52.jpg,20-29,Female,White
5205.jpg,0-2,Female,Indian
5210.jpg,30-39,Female,Indian
5214.jpg,20-29,Female,White
5224.jpg,20-29,Female,Black
5228.jpg,20-29,Male,Indian
5239.jpg,20-29,Female,Indian
5240.jpg,20-29,Female,Indian
5242.jpg,20-29,Female,White
5246.jpg,30-39,Male,White
5249.jpg,20-29,Female,Black
525.jpg,30-39,Male,White
5253.jpg,20-29,Female,White
526.jpg,30-39,Male,Indian
5265.jpg,30-39,Male,White
5269.jpg,20-29,Female,White
5273.jpg,20-29,Male,Indian
5275.jpg,20-29,Male,Black
5279.jpg,30-39,Male,White
5281.jpg,20-29,Male,Black
5284.jpg,30-39,Female,White
5297.jpg,20-29,Male,Black
53.jpg,20-29,Male,Black
5300.jpg,20-29,Female,Black
5301.jpg,20-29,Female,White
5304.jpg,20-29,Male,Asian
5306.jpg,20-29,Female,Indian
5310.jpg,20-29,Male,Black
5315.jpg,20-29,Male,Black
5316.jpg,20-29,Male,Black
5319.jpg,50-59,Female,White
533.jpg,30-39,Female,White
5338.jpg,20-29,Female,White
5341.jpg,30-39,Male,Black
5343.jpg,30-39,Male,Indian
5344.jpg,20-29,Male,White
5347.jpg,20-29,Male,Asian
5351.jpg,40-49,Male,Indian
5357.jpg,50-59,Male,White
5359.jpg,30-39,Male,White
5374.jpg,20-29,Female,White
5376.jpg,20-29,Male,Indian
538.jpg,20-29,Male,White
5380.jpg,30-39,Female,Others
5383.jpg,20-29,Female,Asian
5384.jpg,20-29,Male,Indian
539.jpg,20-29,Male,White
5390.jpg,20-29,Male,Black
5391.jpg,20-29,Male,Indian
5394.jpg,30-39,Female,Indian
5400.jpg,30-39,Male,Others
5405.jpg,20-29,Female,Indian
5407.jpg,20-29,Male,Indian
5410.jpg,20-29,Female,White
5411.jpg,20-29,Female,Indian
5413.jpg,20-29,Male,Indian
5414.jpg,30-39,Female,White
5416.jpg,20-29,Male,Indian
5417.jpg,0-2,Female,Asian
5424.jpg,20-29,Female,Asian
5425.jpg,20-29,Male,Black
543.jpg,20-29,Male,Indian
5432.jpg,30-39,Female,White
5434.jpg,20-29,Male,Indian
5437.jpg,20-29,Female,Others
5439.jpg,30-39,Female,Asian
5441.jpg,20-29,Female,Others
5448.jpg,20-29,Male,Indian
5450.jpg,20-29,Male,Black
5453.jpg,20-29,Female,Black
5457.jpg,30-39,Female,Indian
5464.jpg,20-29,Female,Others
5465.jpg,20-29,Female,White
5472.jpg,20-29,Male,Black
548.jpg,20-29,Male,Indian
5480.jpg,20-29,Female,White
5483.jpg,20-29,Male,Black
5487.jpg,20-29,Male,Black
5490.jpg,20-29,Female,White
5495.jpg,20-29,Male,White
5500.jpg,20-29,Female,Black
5506.jpg,20-29,Female,Indian
5507.jpg,30-39,Female,Black
5521.jpg,50-59,Male,Indian
5527.jpg,30-39,Female,Indian
553.jpg,30-39,Male,Indian
5536.jpg,20-29,Female,Black
5537.jpg,20-29,Female,White
5538.jpg,20-29,Female,Indian
5547.jpg,20-29,Female,Indian
5556.jpg,20-29,Female,White
5557.jpg,30-39,Female,Indian
5559.jpg,30-39,Male,White
556.jpg,30-39,Male,White
5563.jpg,30-39,Female,Black
5569.jpg,30-39,Female,White
557.jpg,3-9,Female,Others
5574.jpg,20-29,Female,White
5579.jpg,20-29,Female,White
5593.jpg,30-39,Female,White
5594.jpg,20-29,Male,Black
5595.jpg,30-39,Female,Black
5597.jpg,20-29,Male,Black
56.jpg,20-29,Male,Black
560.jpg,20-29,Female,White
5601.jpg,30-39,Male,Black
5602.jpg,20-29,Male,White
5609.jpg,20-29,Male,Others
561.jpg,30-39,Male,Black
5615.jpg,30-39,Female,Black
5620.jpg,20-29,Female,Black
5629.jpg,30-39,Female,White
5640.jpg,20-29,Male,White
5642.jpg,30-39,Male,White
565.jpg,20-29,Male,Others
5650.jpg,30-39,Male,Indian
5657.jpg,20-29,Male,White
5662.jpg,10-19,Male,White
5665.jpg,40-49,Male,White
5666.jpg,40-49,Male,Indian
5668.jpg,20-29,Male,Black
5669.jpg,20-29,Male,Indian
5675.jpg,30-39,Female,White
5677.jpg,30-39,Male,Indian
5681.jpg,30-39,Male,White
5683.jpg,30-39,Female,Black
5686.jpg,20-29,Female,Indian
5689.jpg,20-29,Female,Black
5691.jpg,10-19,Male,White
5701.jpg,20-29,Female,Indian
5703.jpg,20-29,Female,Asian
5705.jpg,30-39,Male,White
5715.jpg,30-39,Male,Indian
5719.jpg,30-39,Female,Black
5723.jpg,20-29,Male,Black
5725.jpg,20-29,Female,White
5726.jpg,20-29,Female,Indian
5733.jpg,20-29,Female,Black
5734.jpg,30-39,Male,Indian
5740.jpg,20-29,Female,Black
5742.jpg,30-39,Male,Indian
5749.jpg,20-29,Male,White
5770.jpg,20-29,Female,White
5779.jpg,20-29,Male,Indian
5785.jpg,20-29,Female,Others
5796.jpg,20-29,Female,Indian
5797.jpg,20-29,Male,Indian
58.jpg,20-29,Female,Black
580.jpg,40-49,Male,White
5805.jpg,20-29,Male,Asian
5814.jpg,20-29,Female,Others
5816.jpg,20-29,Female,Indian
5819.jpg,30-39,Male,Indian
582.jpg,30-39,Female,Black
5822.jpg,20-29,Female,Asian
5825.jpg,30-39,Male,White
5829.jpg,20-29,Male,White
583.jpg,20-29,Female,White
5833.jpg,40-49,Female,Indian
5840.jpg,20-29,Male,Indian
5842.jpg,20-29,Female,Asian
5843.jpg,20-29,Male,Indian
5846.jpg,30-39,Male,Black
5847.jpg,30-39,Male,Indian
5855.jpg,3-9,Male,Indian
5857.jpg,20-29,Female,Black
5863.jpg,30-39,Male,White
5868.jpg,20-29,Male,Indian
5870.jpg,20-29,Male,Indian
5872.jpg,20-29,Male,White
5875.jpg,20-29,Male,White
5878.jpg,20-29,Female,Indian
588.jpg,20-29,Male,Indian
5882.jpg,20-29,Male,White
5884.jpg,20-29,Male,Indian
5886.jpg,20-29,Male,Indian
5893.jpg,30-39,Female,Others
5894.jpg,20-29,Male,White
5902.jpg,20-29,Male,Indian
5906.jpg,20-29,Female,White
5908.jpg,20-29,Male,White
591.jpg,30-39,Female,White
5916.jpg,20-29,Male,Black
5924.jpg,30-39,Female,Black
5934.jpg,20-29,Male,Others
5935.jpg,30-39,Female,Indian
5936.jpg,30-39,Female,White
5939.jpg,20-29,Male,Others
5944.jpg,30-39,Male,White
5948.jpg,40-49,Male,White
5952.jpg,20-29,Female,Black
5958.jpg,20-29,Female,Others
5959.jpg,20-29,Male,White
596.jpg,30-39,Female,White
5961.jpg,20-29,Female,Black
5967.jpg,20-29,Female,Indian
5969.jpg,30-39,Male,Black
5971.jpg,0-2,Male,Asian
5972.jpg,20-29,Male,Indian
5974.jpg,30-39,Male,Indian
5980.jpg,30-39,Male,White
5981.jpg,20-29,Male,Indian
5983.jpg,20-29,Male,Indian
5985.jpg,30-39,Male,White
5987.jpg,20-29,Male,White
5993.jpg,20-29,Male,White
5994.jpg,30-39,Male,Black
5999.jpg,20-29,Female,Asian
6000.jpg,20-29,Female,Indian
6001.jpg,20-29,Male,Black
6007.jpg,20-29,Female,Indian
6011.jpg,20-29,Male,Black
6014.jpg,20-29,Female,Indian
6017.jpg,20-29,Female,Black
602.jpg,30-39,Female,White
6024.jpg,20-29,Female,White
6033.jpg,30-39,Male,Indian
6036.jpg,20-29,Male,White
6044.jpg,30-39,Female,Black
605.jpg,20-29,Male,Black
6058.jpg,40-49,Male,White
6063.jpg,20-29,Female,Black
6072.jpg,30-39,Female,Indian
6073.jpg,30-39,Male,Indian
6074.jpg,30-39,Male,White
6077.jpg,20-29,Male,Indian
6080.jpg,20-29,Male,Indian
6082.jpg,20-29,Male,Indian
6084.jpg,20-29,Male,Indian
6085.jpg,30-39,Male,Indian
6086.jpg,30-39,Male,Indian
6095.jpg,20-29,Female,Black
6099.jpg,20-29,Male,Indian
611.jpg,20-29,Male,Indian
6113.jpg,30-39,Male,Black
612.jpg,20-29,Male,Black
6121.jpg,50-59,Male,White
6123.jpg,20-29,Male,White
6139.jpg,30-39,Male,White
6147.jpg,30-39,Male,Black
6148.jpg,20-29,Male,White
615.jpg,20-29,Female,Black
6150.jpg,20-29,Male,Indian
6151.jpg,30-39,Male,Indian
6160.jpg,40-49,Male,White
6163.jpg,20-29,Female,Others
6165.jpg,20-29,Male,Indian
6166.jpg,20-29,Male,White
6171.jpg,20-29,Female,Black
6172.jpg,20-29,Male,Indian
6174.jpg,30-39,Male,White
6176.jpg,20-29,Male,White
618.jpg,20-29,Male,Black
6180.jpg,30-39,Female,Indian
6182.jpg,20-29,Male,Black
6183.jpg,30-39,Male,Indian
619.jpg,20-29,Male,Asian
6190.jpg,20-29,Male,Black
6198.jpg,20-29,Female,Indian
6204.jpg,20-29,Male,Black
621.jpg,30-39,Female,White
6210.jpg,20-29,Female,Black
6212.jpg,20-29,Male,Black
6218.jpg,20-29,Female,Asian
6219.jpg,20-29,Male,Black
6223.jpg,30-39,Female,Black
6225.jpg,30-39,Male,Indian
6232.jpg,30-39,Male,Black
6237.jpg,20-29,Male,Indian
6242.jpg,30-39,Male,Black
6247.jpg,30-39,Male,Black
6248.jpg,30-39,Male,Indian
6251.jpg,20-29,Male,Indian
6258.jpg,20-29,Female,Indian
626.jpg,20-29,Male,White
6267.jpg,50-59,Female,Asian
6269.jpg,20-29,Male,Indian
6282.jpg,20-29,Female,White
6284.jpg,20-29,Female,Black
6287.jpg,30-39,Female,White
6290.jpg,30-39,Male,White
6293.jpg,20-29,Male,White
63.jpg,30-39,Male,Indian
6304.jpg,20-29,Male,White
6306.jpg,30-39,Female,Black
6313.jpg,20-29,Female,Black
6315.jpg,20-29,Female,Indian
6318.jpg,30-39,Male,Indian
6323.jpg,30-39,Female,Black
6325.jpg,30-39,Female,Black
6330.jpg,20-29,Female,Black
6333.jpg,20-29,Male,White
6334.jpg,30-39,Male,White
6337.jpg,20-29,Male,Black
6338.jpg,20-29,Male,White
6342.jpg,20-29,Female,Others
6347.jpg,30-39,Male,White
6349.jpg,50-59,Male,Black
6351.jpg,30-39,Male,Black
6356.jpg,40-49,Male,White
6359.jpg,20-29,Male,Indian
6362.jpg,20-29,Male,White
6365.jpg,20-29,Male,White
6366.jpg,20-29,Female,Indian
6375.jpg,20-29,Male,Asian
6378.jpg,20-29,Female,Indian
6379.jpg,20-29,Female,Black
6394.jpg,20-29,Female,Black
641.jpg,20-29,Female,Indian
6416.jpg,20-29,Male,Black
6419.jpg,20-29,Female,White
642.jpg,20-29,Female,Black
6420.jpg,20-29,Male,Indian
6424.jpg,30-39,Female,Black
6426.jpg,20-29,Female,White
6429.jpg,20-29,Female,Others
6430.jpg,50-59,Male,Black
6435.jpg,20-29,Female,White
6436.jpg,20-29,Male,Black
6438.jpg,20-29,Female,Indian
6442.jpg,30-39,Male,Black
645.jpg,30-39,Male,White
6450.jpg,20-29,Female,White
6453.jpg,20-29,Male,Others
6466.jpg,40-49,Female,White
6467.jpg,30-39,Male,White
6471.jpg,20-29,Male,White
6477.jpg,20-29,Male,White
6478.jpg,20-29,Male,White
6483.jpg,50-59,Female,White
6491.jpg,20-29,Female,Black
6498.jpg,20-29,Male,Others
65.jpg,20-29,Female,White
6500.jpg,30-39,Female,Asian
6505.jpg,20-29,Female,Others
6532.jpg,30-39,Female,Indian
6536.jpg,30-39,Male,White
6539.jpg,20-29,Male,White
654.jpg,40-49,Male,Indian
6542.jpg,20-29,Male,White
6543.jpg,20-29,Male,Asian
6546.jpg,40-49,Male,Black
6548.jpg,20-29,Male,White
657.jpg,20-29,Female,White
6574.jpg,50-59,Female,White
6575.jpg,20-29,Female,White
6580.jpg,20-29,Female,Asian
6581.jpg,20-29,Male,Indian
6582.jpg,30-39,Female,Indian
6583.jpg,30-39,Male,Black
6596.jpg,20-29,Male,Indian
6598.jpg,40-49,Male,Black
66.jpg,30-39,Female,White
6604.jpg,30-39,Male,Black
661.jpg,20-29,Male,Black
6628.jpg,20-29,Male,Others
6629.jpg,20-29,Male,White
663.jpg,20-29,Female,White
6631.jpg,20-29,Female,White
6632.jpg,20-29,Male,Black
6637.jpg,40-49,Male,White
6638.jpg,20-29,Female,Indian
6639.jpg,20-29,Female,Asian
6643.jpg,20-29,Male,Black
6644.jpg,30-39,Male,White
6647.jpg,20-29,Female,Indian
6649.jpg,20-29,Male,Black
665.jpg,30-39,Male,White
6663.jpg,20-29,Female,White
667.jpg,20-29,Male,White
6673.jpg,50-59,Male,Indian
668.jpg,30-39,Male,Black
6682.jpg,20-29,Female,White
6695.jpg,3-9,Female,White
6696.jpg,20-29,Female,White
6703.jpg,20-29,Male,Black
6704.jpg,20-29,Male,White
6705.jpg,20-29,Female,Indian
6708.jpg,40-49,Male,White
6710.jpg,30-39,Male,Black
6716.jpg,20-29,Female,White
6718.jpg,30-39,Male,Indian
6719.jpg,20-29,Male,Indian
100.jpg,20-29,Female,Black
10004.jpg,20-29,Male,White
10012.jpg,30-39,Male,Black
10018.jpg,20-29,Male,Indian
10019.jpg,20-29,Female,Black
10024.jpg,30-39,Male,Indian
10030.jpg,20-29,Male,White
10039.jpg,20-29,Male,White
10043.jpg,20-29,Male,Black
10044.jpg,20-29,Female,White
10053.jpg,30-39,Male,Black
10054.jpg,20-29,Male,White
10056.jpg,20-29,Male,White
10059.jpg,20-29,Female,White
10061.jpg,20-29,Female,White
10062.jpg,20-29,Male,Black
10064.jpg,20-29,Male,Black
10065.jpg,20-29,Female,Indian
10067.jpg,20-29,Female,Black
10079.jpg,40-49,Male,Indian
10081.jpg,20-29,Male,Black
10084.jpg,40-49,Male,Indian
10087.jpg,40-49,Male,White
10089.jpg,30-39,Male,Black
10100.jpg,20-29,Male,Asian
10106.jpg,30-39,Male,White
10108.jpg,20-29,Female,White
10109.jpg,30-39,Male,Indian
1011.jpg,20-29,Male,Indian
10116.jpg,20-29,Female,White
10118.jpg,30-39,Male,Asian
1012.jpg,20-29,Male,Black
10125.jpg,20-29,Male,Others
10129.jpg,30-39,Male,Indian
10135.jpg,30-39,Female,White
10140.jpg,3-9,Female,Asian
10146.jpg,20-29,Female,White
10147.jpg,40-49,Female,White
10153.jpg,20-29,Male,Black
10156.jpg,20-29,Female,Black
10167.jpg,30-39,Male,White
10172.jpg,20-29,Female,Asian
10173.jpg,20-29,Male,Indian
10178.jpg,30-39,Female,White
10180.jpg,20-29,Male,White
10194.jpg,20-29,Male,Black
10197.jpg,30-39,Male,Indian
1020.jpg,20-29,Male,Black
10200.jpg,50-59,Male,White
10202.jpg,30-39,Female,White
10203.jpg,20-29,Female,Indian
10205.jpg,30-39,Female,Indian
10206.jpg,20-29,Male,White
10214.jpg,20-29,Female,Black
10215.jpg,60-69,Male,Black
10216.jpg,30-39,Male,White
10217.jpg,20-29,Male,White
10226.jpg,20-29,Male,Indian
10228.jpg,20-29,Female,White
10231.jpg,20-29,Female,White
10240.jpg,20-29,Female,Indian
10241.jpg,20-29,Male,Black
10242.jpg,20-29,Male,Black
10243.jpg,30-39,Male,White
10248.jpg,40-49,Female,Indian
10255.jpg,20-29,Male,White
10284.jpg,20-29,Male,Indian
10285.jpg,30-39,Male,White
10289.jpg,30-39,Male,Black
1029.jpg,20-29,Male,White
10290.jpg,20-29,Female,Indian
10291.jpg,20-29,Male,Asian
10292.jpg,20-29,Male,White
10293.jpg,30-39,Male,Black
10296.jpg,20-29,Male,Black
10305.jpg,20-29,Female,White
10306.jpg,20-29,Female,Asian
10316.jpg,20-29,Male,Black
1032.jpg,20-29,Female,Black
10325.jpg,20-29,Male,White
10337.jpg,20-29,Female,Indian
10338.jpg,20-29,Female,Others
10343.jpg,20-29,Female,Black
10361.jpg,40-49,Female,Black
10363.jpg,20-29,Male,Asian
10384.jpg,30-39,Female,Asian
10389.jpg,20-29,Female,Indian
1039.jpg,20-29,Female,Indian
10395.jpg,40-49,Female,Black
1040.jpg,20-29,Male,Black
10402.jpg,20-29,Male,Black
10413.jpg,30-39,Male,White
1043.jpg,20-29,Male,Asian
10430.jpg,20-29,Male,Indian
10435.jpg,20-29,Male,Black
10436.jpg,20-29,Female,White
10437.jpg,40-49,Male,White
10440.jpg,20-29,Male,White
10442.jpg,30-39,Female,Indian
10445.jpg,20-29,Male,Black
10447.jpg,20-29,Male,Indian
10452.jpg,20-29,Male,Black
10463.jpg,30-39,Male,White
10473.jpg,20-29,Female,White
1048.jpg,50-59,Female,White
10481.jpg,20-29,Female,White
10484.jpg,20-29,Female,Others
10485.jpg,20-29,Female,Others
10487.jpg,20-29,Male,Black
10489.jpg,20-29,Male,White
1049.jpg,20-29,Male,Indian
10494.jpg,3-9,Male,Others
10497.jpg,20-29,Male,Indian
10500.jpg,20-29,Female,Black
10505.jpg,20-29,Female,White
10508.jpg,30-39,Male,White
10514.jpg,20-29,Female,White
10515.jpg,30-39,Male,Black
10518.jpg,20-29,Female,Others
10525.jpg,20-29,Male,Black
10527.jpg,30-39,Male,Asian
10530.jpg,50-59,Male,White
10531.jpg,30-39,Female,Indian
10534.jpg,20-29,Female,Black
10537.jpg,20-29,Female,Others
1054.jpg,20-29,Male,Indian
10542.jpg,40-49,Male,White
10543.jpg,30-39,Male,White
10545.jpg,30-39,Male,Indian
10546.jpg,20-29,Male,Black
10551.jpg,20-29,Female,Black
10554.jpg,40-49,Male,White
10557.jpg,20-29,Female,White
1056.jpg,10-19,Female,White
10560.jpg,20-29,Female,Black
10561.jpg,20-29,Male,Black
10564.jpg,20-29,Male,Black
10566.jpg,30-39,Male,Indian
10569.jpg,20-29,Female,Asian
10573.jpg,20-29,Female,White
10574.jpg,20-29,Male,Indian
10575.jpg,20-29,Male,Black
10576.jpg,20-29,Male,Black
10578.jpg,20-29,Male,White
10580.jpg,20-29,Female,White
10585.jpg,20-29,Female,White
10587.jpg,30-39,Female,White
10590.jpg,20-29,Female,White
10591.jpg,20-29,Female,Others
10592.jpg,20-29,Female,Black
10593.jpg,20-29,Male,Black
10597.jpg,50-59,Male,Asian
1060.jpg,20-29,Male,Indian
10603.jpg,30-39,Male,Black
10607.jpg,0-2,Female,Asian
10614.jpg,20-29,Female,White
10616.jpg,3-9,Female,Indian
10639.jpg,40-49,Male,Indian
10643.jpg,20-29,Female,White
10644.jpg,0-2,Male,Others
10650.jpg,20-29,Male,Black
10651.jpg,20-29,Female,Indian
10653.jpg,20-29,Female,Black
10654.jpg,30-39,Male,White
10655.jpg,20-29,Female,White
10657.jpg,3-9,Male,White
10658.jpg,20-29,Female,Black
1066.jpg,20-29,Male,Black
10662.jpg,20-29,Male,Indian
10667.jpg,20-29,Male,White
10671.jpg,30-39,Male,Black
10673.jpg,20-29,Female,White
10675.jpg,30-39,Male,White
10680.jpg,20-29,Female,White
10687.jpg,20-29,Female,Others
1069.jpg,20-29,Male,White
10692.jpg,30-39,Female,Black
10693.jpg,20-29,Male,Indian
10694.jpg,30-39,Female,Black
10696.jpg,20-29,Male,White
10700.jpg,30-39,Male,Black
10703.jpg,30-39,Male,White
10705.jpg,20-29,Male,Black
10711.jpg,20-29,Female,Indian
10713.jpg,30-39,Female,White
10715.jpg,20-29,Female,Indian
1072.jpg,20-29,Male,Indian
10722.jpg,20-29,Female,Indian
10724.jpg,50-59,Female,White
10728.jpg,0-2,Female,Indian
10732.jpg,20-29,Female,White
10736.jpg,20-29,Female,Indian
10741.jpg,20-29,Female,Others
10743.jpg,40-49,Female,Indian
10751.jpg,30-39,Male,White
10754.jpg,20-29,Female,White
10755.jpg,20-29,Male,White
1076.jpg,20-29,Male,White
10769.jpg,20-29,Female,Black
10771.jpg,20-29,Female,White
10773.jpg,20-29,Female,Black
10778.jpg,20-29,Male,Black
10779.jpg,20-29,Female,White
10785.jpg,30-39,Male,Black
10787.jpg,30-39,Female,Black
10791.jpg,30-39,Female,White
10799.jpg,20-29,Male,White
108.jpg,20-29,Female,Indian
10802.jpg,20-29,Female,Indian
10804.jpg,20-29,Male,White
10806.jpg,20-29,Female,Indian
10808.jpg,20-29,Male,Black
1081.jpg,50-59,Male,Black
10812.jpg,50-59,Male,Black
10813.jpg,20-29,Female,White
10816.jpg,20-29,Female,Asian
1082.jpg,20-29,Male,Indian
10821.jpg,30-39,Female,Indian
10823.jpg,20-29,Male,Black
10827.jpg,30-39,Female,White
10830.jpg,30-39,Female,Black
10832.jpg,20-29,Female,White
10834.jpg,20-29,Male,Indian
1084.jpg,20-29,Female,White
10842.jpg,30-39,Female,White
1085.jpg,20-29,Male,Black
10851.jpg,20-29,Female,Indian
10857.jpg,20-29,Male,White
10861.jpg,30-39,Male,Black
10867.jpg,20-29,Male,White
10868.jpg,20-29,Male,Black
10873.jpg,30-39,Male,White
10879.jpg,30-39,Male,White
10887.jpg,30-39,Female,Indian
10888.jpg,20-29,Male,Black
10889.jpg,20-29,Male,White
1089.jpg,20-29,Male,White
10891.jpg,30-39,Male,Black
10897.jpg,20-29,Male,Indian
1090.jpg,20-29,Female,Black
10901.jpg,20-29,Male,Indian
10907.jpg,30-39,Male,White
10908.jpg,20-29,Female,Indian
10910.jpg,20-29,Male,Black
10912.jpg,20-29,Male,White
10919.jpg,40-49,Female,Others
10923.jpg,20-29,Male,Asian
10925.jpg,30-39,Male,White
10946.jpg,30-39,Female,Others
10947.jpg,30-39,Male,Asian
10954.jpg,20-29,Male,Black
1096.jpg,20-29,Male,Indian
110.jpg,20-29,Male,White
1100.jpg,30-39,Female,Black
1102.jpg,20-29,Female,Black
1107.jpg,20-29,Female,Black
1108.jpg,20-29,Male,Black
1111.jpg,20-29,Male,Black
1117.jpg,30-39,Female,Black
1123.jpg,30-39,Male,White
1126.jpg,30-39,Male,White
1127.jpg,40-49,Female,Indian
1129.jpg,30-39,Male,White
1130.jpg,20-29,Female,Indian
1135.jpg,20-29,Female,Black
1156.jpg,30-39,Female,Indian
1158.jpg,30-39,Male,Indian
1160.jpg,20-29,Female,White
1162.jpg,20-29,Female,White
1163.jpg,30-39,Male,Others
1169.jpg,30-39,Male,White
1184.jpg,30-39,Male,White
1186.jpg,20-29,Female,Indian
1189.jpg,20-29,Female,Indian
1191.jpg,20-29,Female,White
1194.jpg,20-29,Male,Black
1196.jpg,60-69,Male,White
120.jpg,30-39,Female,White
1204.jpg,20-29,Male,Indian
1213.jpg,20-29,Male,Black
122.jpg,30-39,Male,White
1224.jpg,20-29,Female,Asian
1225.jpg,20-29,Female,Indian
1228.jpg,20-29,Male,Indian
1240.jpg,10-19,Female,White
1250.jpg,20-29,Male,Black
1255.jpg,20-29,Male,Black
1257.jpg,20-29,Female,Indian
1276.jpg,30-39,Male,Black
1277.jpg,20-29,Female,Indian
1286.jpg,20-29,Male,Others
129.jpg,20-29,Male,Indian
1297.jpg,20-29,Male,White
1302.jpg,20-29,Female,White
1304.jpg,20-29,Female,White
1305.jpg,30-39,Male,White
1312.jpg,20-29,Female,White
132.jpg,20-29,Male,Black
1321.jpg,20-29,Male,Indian
1322.jpg,20-29,Female,Indian
1329.jpg,20-29,Male,Others
1340.jpg,20-29,Male,White
1341.jpg,10-19,Female,Black
1347.jpg,20-29,Male,Black
1353.jpg,20-29,Male,Indian
1357.jpg,20-29,Male,Black
1361.jpg,20-29,Male,White
1363.jpg,30-39,Male,Asian
1372.jpg,20-29,Male,Indian
1374.jpg,20-29,Female,White
139.jpg,20-29,Male,Black
1392.jpg,3-9,Female,Others
1394.jpg,20-29,Female,White
1404.jpg,40-49,Male,Black
1409.jpg,20-29,Male,White
1422.jpg,20-29,Female,Indian
1423.jpg,30-39,Male,Black
1424.jpg,30-39,Female,White
1435.jpg,20-29,Female,White
1437.jpg,20-29,Female,Asian
1443.jpg,30-39,Male,Black
1445.jpg,3-9,Female,Asian
1456.jpg,20-29,Female,Black
1457.jpg,20-29,Female,Black
1460.jpg,20-29,Female,White
1462.jpg,20-29,Male,White
1464.jpg,30-39,Male,White
1477.jpg,30-39,Male,Indian
1488.jpg,20-29,Male,Black
1491.jpg,20-29,Male,White
1495.jpg,20-29,Male,Indian
1501.jpg,30-39,Female,Indian
1502.jpg,20-29,Male,Indian
1512.jpg,30-39,Male,Indian
1514.jpg,20-29,Male,Indian
1518.jpg,30-39,Male,Black
1520.jpg,20-29,Female,White
1531.jpg,30-39,Male,White
1532.jpg,20-29,Female,Indian
1534.jpg,20-29,Female,Indian
1537.jpg,20-29,Female,White
1538.jpg,20-29,Female,White
1542.jpg,20-29,Female,White
1548.jpg,20-29,Female,White
155.jpg,40-49,Male,White
1554.jpg,20-29,Female,Black
1555.jpg,20-29,Female,White
1559.jpg,20-29,Male,White
1566.jpg,30-39,Male,White
157.jpg,20-29,Male,White
1572.jpg,30-39,Male,Indian
1579.jpg,20-29,Male,Indian
1580.jpg,20-29,Female,White
1583.jpg,20-29,Female,Black
1588.jpg,40-49,Male,Indian
1591.jpg,30-39,Male,Others
1592.jpg,20-29,Female,White
1594.jpg,20-29,Female,White
160.jpg,20-29,Female,Indian
161.jpg,20-29,Male,White
1613.jpg,20-29,Male,Black
1614.jpg,20-29,Female,White
1617.jpg,20-29,Female,Indian
1626.jpg,20-29,Male,Black
1632.jpg,30-39,Male,Indian
1635.jpg,20-29,Male,White
1639.jpg,20-29,Male,Indian
1649.jpg,10-19,Female,White
165.jpg,50-59,Male,Black
1653.jpg,20-29,Female,White
1654.jpg,20-29,Female,Indian
1655.jpg,20-29,Female,Black
1658.jpg,20-29,Male,Others
1659.jpg,20-29,Male,Black
1660.jpg,20-29,Male,Black
1663.jpg,20-29,Female,Indian
1665.jpg,20-29,Female,White
167.jpg,30-39,Female,Black
1670.jpg,20-29,Male,Black
1672.jpg,20-29,Female,Black
1674.jpg,20-29,Male,White
1677.jpg,30-39,Female,White
168.jpg,20-29,Female,Indian
1687.jpg,20-29,Female,White
1690.jpg,30-39,Male,Indian
1693.jpg,20-29,Male,Black
170.jpg,10-19,Male,White
1701.jpg,20-29,Female,White
1705.jpg,20-29,Male,Black
171.jpg,20-29,Female,Indian
1711.jpg,30-39,Male,Black
1715.jpg,30-39,Male,Indian
1723.jpg,20-29,Male,Black
1726.jpg,20-29,Female,White
1730.jpg,20-29,Male,Black
1736.jpg,20-29,Female,Asian
1738.jpg,30-39,Male,Indian
1743.jpg,10-19,Male,Indian
1745.jpg,20-29,Male,White
1751.jpg,20-29,Male,White
1753.jpg,20-29,Female,White
1754.jpg,30-39,Male,White
1757.jpg,30-39,Female,Indian
1761.jpg,20-29,Female,White
1768.jpg,20-29,Male,Indian
1769.jpg,20-29,Male,Indian
1771.jpg,20-29,Female,White
1772.jpg,30-39,Female,Others
1773.jpg,20-29,Female,Black
1779.jpg,20-29,Male,Indian
178.jpg,20-29,Male,White
1785.jpg,20-29,Male,Asian
1795.jpg,30-39,Male,Black
1798.jpg,20-29,Male,White
1806.jpg,20-29,Female,Indian
1807.jpg,20-29,Male,Black
1809.jpg,20-29,Female,White
1818.jpg,20-29,Male,Indian
1819.jpg,20-29,Male,White
1820.jpg,30-39,Male,Indian
1831.jpg,20-29,Male,White
1839.jpg,20-29,Female,Indian
1849.jpg,20-29,Male,Indian
1850.jpg,20-29,Female,Others
1851.jpg,20-29,Female,White
1853.jpg,20-29,Male,White
1858.jpg,30-39,Female,Others
1867.jpg,30-39,Male,White
1877.jpg,20-29,Female,White
1880.jpg,20-29,Male,Black
1883.jpg,30-39,Female,Black
1884.jpg,20-29,Male,Indian
1899.jpg,40-49,Male,Black
1907.jpg,20-29,Male,Others
1908.jpg,20-29,Female,Black
191.jpg,20-29,Male,Asian
1913.jpg,20-29,Male,Indian
1914.jpg,20-29,Female,Black
1918.jpg,20-29,Female,Indian
1921.jpg,20-29,Female,Indian
1922.jpg,20-29,Female,Black
1927.jpg,20-29,Female,White
1928.jpg,20-29,Male,White
1930.jpg,20-29,Male,Black
1936.jpg,20-29,Male,White
1942.jpg,20-29,Male,White
1944.jpg,20-29,Male,Black
1946.jpg,20-29,Male,Indian
1947.jpg,20-29,Female,Indian
1948.jpg,30-39,Male,Indian
1950.jpg,20-29,Male,Indian
1957.jpg,30-39,Female,White
196.jpg,20-29,Female,Asian
1964.jpg,20-29,Male,White
1966.jpg,20-29,Male,Black
197.jpg,30-39,Male,Black
1977.jpg,30-39,Male,Black
1987.jpg,20-29,Female,Indian
1988.jpg,20-29,Female,Asian
1989.jpg,20-29,Male,Black
1992.jpg,30-39,Male,Black
1998.jpg,20-29,Female,Indian
2.jpg,30-39,Female,White
2005.jpg,30-39,Female,Black
2006.jpg,30-39,Male,White
2008.jpg,20-29,Male,Black
2012.jpg,30-39,Female,Asian
2013.jpg,20-29,Male,Indian
2015.jpg,20-29,Male,White
2016.jpg,20-29,Female,White
2025.jpg,20-29,Female,White
2036.jpg,20-29,Male,Indian
2038.jpg,20-29,Female,White
2048.jpg,50-59,Male,Indian
205.jpg,20-29,Female,Black
2054.jpg,20-29,Male,Asian
2056.jpg,20-29,Male,Indian
2066.jpg,20-29,Female,Indian
2068.jpg,20-29,Male,White
2069.jpg,20-29,Female,White
207.jpg,20-29,Male,Asian
2074.jpg,20-29,Male,Black
2082.jpg,20-29,Male,White
2087.jpg,20-29,Male,Black
2089.jpg,20-29,Female,Others
2093.jpg,20-29,Male,Indian
2097.jpg,30-39,Male,White
2099.jpg,50-59,Male,White
2100.jpg,30-39,Female,Black
2101.jpg,20-29,Male,White
2106.jpg,20-29,Female,White
2107.jpg,20-29,Male,White
2109.jpg,40-49,Male,Indian
211.jpg,50-59,Male,Black
2115.jpg,30-39,Male,Black
2117.jpg,30-39,Male,Indian
2120.jpg,30-39,Male,Indian
2126.jpg,40-49,Male,Black
213.jpg,20-29,Female,White
2130.jpg,30-39,Female,White
2133.jpg,20-29,Female,Others
2134.jpg,30-39,Male,Black
2137.jpg,20-29,Female,Asian
2140.jpg,30-39,Male,Black
2141.jpg,20-29,Female,Others
2146.jpg,20-29,Male,White
2147.jpg,20-29,Male,Asian
2149.jpg,20-29,Female,White
2153.jpg,20-29,Female,Others
2162.jpg,20-29,Female,White
2167.jpg,30-39,Female,Indian
2175.jpg,20-29,Male,White
2177.jpg,30-39,Male,Black
2186.jpg,40-49,Male,Indian
2189.jpg,20-29,Female,Indian
2193.jpg,20-29,Male,White
2194.jpg,20-29,Male,Indian
2197.jpg,30-39,Male,White
220.jpg,20-29,Female,Indian
2201.jpg,30-39,Male,Black
2202.jpg,more than 70,Male,Black
2205.jpg,20-29,Female,White
2208.jpg,20-29,Female,White
221.jpg,30-39,Male,Black
2212.jpg,30-39,Male,Black
2214.jpg,more than 70,Male,Black
2222.jpg,20-29,Female,White
2236.jpg,20-29,Female,Black
2243.jpg,20-29,Female,White
2252.jpg,20-29,Male,Indian
2256.jpg,20-29,Female,White
2257.jpg,30-39,Male,White
2258.jpg,20-29,Female,Indian
2259.jpg,20-29,Male,Indian
2262.jpg,40-49,Male,Black
2263.jpg,20-29,Male,Black
2266.jpg,30-39,Male,Asian
2268.jpg,30-39,Male,Black
2278.jpg,30-39,Female,White
2279.jpg,20-29,Male,Black
2288.jpg,20-29,Male,Indian
2303.jpg,20-29,Female,Indian
2306.jpg,20-29,Male,White
2310.jpg,20-29,Female,Indian
2312.jpg,20-29,Female,Indian
2313.jpg,20-29,Male,Indian
232.jpg,40-49,Female,Black
2320.jpg,40-49,Male,Asian
2324.jpg,30-39,Male,White
2327.jpg,20-29,Female,Indian
2328.jpg,20-29,Male,Black
2339.jpg,20-29,Male,Asian
2342.jpg,40-49,Male,White
2350.jpg,20-29,Male,Indian
236.jpg,30-39,Female,Black
2366.jpg,40-49,Male,Indian
2367.jpg,20-29,Female,White
2371.jpg,20-29,Female,Black
2372.jpg,3-9,Male,White
2378.jpg,3-9,Female,Asian
2380.jpg,20-29,Female,Black
2384.jpg,40-49,Male,White
2388.jpg,20-29,Male,White
24.jpg,20-29,Male,White
2404.jpg,20-29,Male,Indian
2411.jpg,20-29,Female,White
2412.jpg,20-29,Female,White
2420.jpg,30-39,Male,White
2421.jpg,20-29,Male,White
2426.jpg,20-29,Female,White
2435.jpg,20-29,Male,Black
2441.jpg,30-39,Male,Indian
2466.jpg,20-29,Male,Indian
2471.jpg,20-29,Male,Indian
2478.jpg,30-39,Male,Indian
2482.jpg,50-59,Male,Indian
2485.jpg,20-29,Female,Black
2486.jpg,30-39,Female,Black
251.jpg,20-29,Female,Black
2517.jpg,20-29,Male,White
2518.jpg,20-29,Male,White
2520.jpg,20-29,Female,White
2521.jpg,20-29,Male,White
2524.jpg,20-29,Female,White
2527.jpg,20-29,Male,White
2528.jpg,20-29,Male,Indian
2535.jpg,20-29,Male,Indian
254.jpg,20-29,Female,Asian
2543.jpg,20-29,Male,White
2551.jpg,20-29,Female,Others
2552.jpg,20-29,Male,White
2556.jpg,20-29,Male,Indian
2557.jpg,20-29,Male,Others
2558.jpg,20-29,Male,Indian
2562.jpg,20-29,Male,Indian
2566.jpg,20-29,Female,Black
2572.jpg,20-29,Male,Indian
2579.jpg,30-39,Male,Black
2581.jpg,20-29,Male,Black
2583.jpg,30-39,Female,Indian
2586.jpg,20-29,Male,White
2588.jpg,20-29,Female,Indian
2591.jpg,30-39,Male,Indian
2592.jpg,30-39,Male,Indian
2595.jpg,30-39,Male,Black
26.jpg,30-39,Female,White
260.jpg,30-39,Male,Black
2605.jpg,30-39,Female,Black
2607.jpg,30-39,Male,Black
2609.jpg,20-29,Male,Black
261.jpg,20-29,Male,Black
2610.jpg,20-29,Male,Indian
2613.jpg,20-29,Female,Black
2614.jpg,20-29,Female,Others
2616.jpg,30-39,Male,White
2617.jpg,30-39,Female,Indian
2618.jpg,30-39,Male,Asian
2623.jpg,20-29,Female,White
2630.jpg,30-39,Male,White
2634.jpg,20-29,Male,White
2635.jpg,40-49,Female,White
264.jpg,20-29,Female,Indian
2642.jpg,20-29,Male,Black
2644.jpg,30-39,Male,White
2646.jpg,20-29,Female,Black
2647.jpg,30-39,Female,Others
2648.jpg,20-29,Female,Indian
2652.jpg,20-29,Female,Others
2653.jpg,20-29,Male,Indian
2660.jpg,20-29,Female,Indian
2665.jpg,20-29,Female,Asian
2666.jpg,20-29,Female,Indian
2667.jpg,20-29,Male,White
2668.jpg,30-39,Male,Black
2669.jpg,20-29,Male,Indian
2670.jpg,50-59,Female,Black
2675.jpg,30-39,Male,White
2678.jpg,20-29,Female,White
268.jpg,20-29,Male,Indian
2681.jpg,20-29,Male,Black
2683.jpg,30-39,Male,Black
2685.jpg,20-29,Male,White
2687.jpg,20-29,Female,Others
2689.jpg,20-29,Male,Indian
2697.jpg,30-39,Male,Indian
27.jpg,30-39,Female,White
2701.jpg,20-29,Male,Black
2703.jpg,20-29,Female,White
2708.jpg,20-29,Female,Black
2712.jpg,20-29,Female,Indian
2721.jpg,20-29,Male,White
2724.jpg,30-39,Male,Indian
2725.jpg,20-29,Male,Black
2726.jpg,20-29,Female,Indian
2729.jpg,20-29,Male,Black
273.jpg,20-29,Female,Asian
2730.jpg,30-39,Female,Others
2740.jpg,40-49,Female,White
2749.jpg,30-39,Male,Black
275.jpg,20-29,Male,Indian
2754.jpg,20-29,Male,Indian
2755.jpg,20-29,Male,Asian
2759.jpg,30-39,Male,Black
2774.jpg,20-29,Male,Black
2775.jpg,20-29,Female,White
2776.jpg,20-29,Female,Asian
2781.jpg,20-29,Male,Indian
2788.jpg,20-29,Male,Black
2791.jpg,20-29,Male,Indian
28.jpg,20-29,Female,Indian
2803.jpg,20-29,Male,Black
2807.jpg,20-29,Male,Indian
2808.jpg,20-29,Male,Indian
281.jpg,30-39,Male,White
2811.jpg,20-29,Female,Asian
2817.jpg,20-29,Female,White
2818.jpg,30-39,Male,White
2847.jpg,20-29,Male,White
2851.jpg,20-29,Female,Others
2858.jpg,20-29,Male,Asian
2863.jpg,30-39,Male,White
2872.jpg,30-39,Male,White
2874.jpg,20-29,Female,Indian
2876.jpg,20-29,Female,White
288.jpg,20-29,Male,Indian
2886.jpg,20-29,Female,Others
289.jpg,20-29,Female,White
2892.jpg,30-39,Male,Black
2893.jpg,20-29,Male,Indian
2897.jpg,20-29,Female,Indian
290.jpg,20-29,Male,Indian
2906.jpg,30-39,Male,White
2907.jpg,20-29,Female,White
2922.jpg,20-29,Female,Indian
2925.jpg,30-39,Female,Others
2928.jpg,3-9,Female,White
2930.jpg,40-49,Male,Black
2932.jpg,20-29,Male,White
2933.jpg,30-39,Female,White
2934.jpg,20-29,Male,Black
2939.jpg,30-39,Female,Indian
2946.jpg,30-39,Male,White
2958.jpg,20-29,Male,Indian
2961.jpg,20-29,Female,Black
2962.jpg,30-39,Male,Black
2965.jpg,20-29,Female,White
2967.jpg,20-29,Male,Black
2968.jpg,20-29,Male,Indian
2982.jpg,20-29,Male,Black
2984.jpg,30-39,Male,White
2985.jpg,20-29,Female,Indian
2987.jpg,30-39,Male,Asian
299.jpg,20-29,Male,White
2990.jpg,30-39,Male,Black
2991.jpg,20-29,Female,Black
2992.jpg,20-29,Female,White
2996.jpg,20-29,Male,Black
2997.jpg,30-39,Male,Black
2998.jpg,20-29,Male,Black
3.jpg,20-29,Male,White
3000.jpg,30-39,Female,White
3004.jpg,20-29,Male,White
3009.jpg,30-39,Male,White
3021.jpg,50-59,Male,White
3022.jpg,20-29,Female,Others
3023.jpg,30-39,Male,White
3024.jpg,20-29,Female,White
3029.jpg,20-29,Male,White
303.jpg,20-29,Male,White
3033.jpg,20-29,Male,Indian
3038.jpg,20-29,Female,Indian
3039.jpg,20-29,Female,Others
3043.jpg,20-29,Female,Indian
3045.jpg,20-29,Male,Black
3046.jpg,30-39,Male,Black
3050.jpg,30-39,Female,White
3051.jpg,20-29,Female,Black
3064.jpg,20-29,Female,Others
3069.jpg,20-29,Male,Indian
3070.jpg,20-29,Female,Asian
3071.jpg,20-29,Male,Black
3072.jpg,20-29,Male,White
3074.jpg,30-39,Male,Others
3075.jpg,20-29,Male,White
3077.jpg,20-29,Female,White
3078.jpg,30-39,Male,White
3080.jpg,20-29,Female,Indian
3081.jpg,20-29,Female,White
3082.jpg,20-29,Female,White
3086.jpg,10-19,Male,White
3089.jpg,20-29,Male,Indian
3101.jpg,20-29,Male,Indian
3102.jpg,20-29,Male,Indian
3106.jpg,30-39,Male,Indian
3107.jpg,20-29,Female,Others
3111.jpg,20-29,Male,Indian
3120.jpg,20-29,Male,Asian
3123.jpg,50-59,Female,White
3126.jpg,20-29,Male,Asian
3128.jpg,20-29,Male,Asian
3130.jpg,20-29,Male,White
3137.jpg,50-59,Male,White
3143.jpg,20-29,Male,White
3150.jpg,30-39,Male,Asian
3151.jpg,20-29,Male,Indian
3152.jpg,20-29,Female,Indian
3154.jpg,20-29,Female,Black
3161.jpg,30-39,Male,White
3166.jpg,20-29,Female,Black
3171.jpg,20-29,Female,White
3172.jpg,20-29,Male,Black
318.jpg,40-49,Male,Black
3182.jpg,20-29,Male,Indian
3196.jpg,30-39,Male,Black
320.jpg,30-39,Male,Indian
3201.jpg,20-29,Male,Black
3206.jpg,20-29,Female,Asian
3208.jpg,20-29,Male,White
3209.jpg,30-39,Male,Indian
3211.jpg,30-39,Female,Others
3219.jpg,20-29,Female,White
3228.jpg,20-29,Male,Black
3230.jpg,20-29,Female,White
3232.jpg,20-29,Male,White
3238.jpg,20-29,Female,White
324.jpg,20-29,Male,White
3240.jpg,20-29,Female,Indian
3242.jpg,30-39,Male,Indian
3246.jpg,20-29,Male,Black
3253.jpg,20-29,Male,Black
3254.jpg,20-29,Male,Indian
3257.jpg,30-39,Male,Indian
3259.jpg,20-29,Male,Indian
3262.jpg,20-29,Female,White
3268.jpg,30-39,Male,Black
3275.jpg,20-29,Male,Indian
3280.jpg,30-39,Male,Indian
3283.jpg,20-29,Female,Black
3284.jpg,30-39,Male,White
3285.jpg,20-29,Male,Indian
3289.jpg,20-29,Female,Others
329.jpg,10-19,Female,Others
3293.jpg,20-29,Male,White
3298.jpg,30-39,Female,Asian
3301.jpg,20-29,Female,Asian
3304.jpg,30-39,Male,Black
3305.jpg,20-29,Male,Black
3307.jpg,20-29,Male,White
331.jpg,50-59,Male,White
3312.jpg,30-39,Female,White
333.jpg,20-29,Female,Black
3337.jpg,20-29,Male,White
3341.jpg,30-39,Male,Black
3343.jpg,20-29,Male,White
