100.jpg,20-29,Female,East Asian
10004.jpg,20-29,Male,Southeast Asian
10012.jpg,30-39,Female,White
10018.jpg,20-29,Female,Middle Eastern
10019.jpg,20-29,Female,Southeast Asian
10024.jpg,20-29,Male,Black
10030.jpg,20-29,Female,White
10039.jpg,20-29,Male,Latino Hispanic
10043.jpg,3-9,Female,East Asian
10044.jpg,20-29,Male,White
10053.jpg,3-9,Male,White
10054.jpg,10-19,Female,White
10056.jpg,3-9,Male,Latino Hispanic
10059.jpg,20-29,Female,Latino Hispanic
10061.jpg,50-59,Female,Southeast Asian
10062.jpg,40-49,Male,East Asian
10064.jpg,3-9,Female,White
10065.jpg,3-9,Female,East Asian
10067.jpg,20-29,Male,Latino Hispanic
10079.jpg,30-39,Female,East Asian
10081.jpg,20-29,Male,White
10084.jpg,30-39,Male,Indian
10087.jpg,0-2,Male,East Asian
10089.jpg,20-29,Female,Middle Eastern
10100.jpg,20-29,Female,Middle Eastern
10106.jpg,3-9,Male,Southeast Asian
10108.jpg,30-39,Female,Latino Hispanic
10109.jpg,20-29,Female,Latino Hispanic
1011.jpg,40-49,Male,White
10116.jpg,20-29,Female,Southeast Asian
10118.jpg,40-49,Female,White
1012.jpg,20-29,Male,East Asian
10125.jpg,20-29,Male,Latino Hispanic
10129.jpg,20-29,Male,White
10135.jpg,20-29,Male,East Asian
10140.jpg,20-29,Female,Southeast Asian
10146.jpg,0-2,Male,Middle Eastern
10147.jpg,30-39,Male,Latino Hispanic
10153.jpg,20-29,Female,East Asian
10156.jpg,20-29,Male,White
10167.jpg,3-9,Male,White
10172.jpg,3-9,Female,East Asian
10173.jpg,30-39,Female,East Asian
10178.jpg,3-9,Female,East Asian
10180.jpg,20-29,Female,Black
10194.jpg,20-29,Female,White
10197.jpg,30-39,Female,White
1020.jpg,20-29,Female,Black
10200.jpg,50-59,Male,Indian
10202.jpg,20-29,Female,Middle Eastern
10203.jpg,10-19,Female,Indian
10205.jpg,40-49,Female,Southeast Asian
10206.jpg,20-29,Female,Indian
10214.jpg,20-29,Female,Middle Eastern
10215.jpg,30-39,Male,Indian
10216.jpg,20-29,Female,East Asian
10217.jpg,3-9,Male,White
10226.jpg,10-19,Female,Latino Hispanic
10228.jpg,10-19,Female,Middle Eastern
10231.jpg,40-49,Female,Latino Hispanic
10240.jpg,3-9,Male,White
10241.jpg,40-49,Male,Middle Eastern
10242.jpg,40-49,Female,Middle Eastern
10243.jpg,40-49,Female,Indian
10248.jpg,0-2,Male,Southeast Asian
10255.jpg,30-39,Male,Latino Hispanic
10284.jpg,40-49,Male,Latino Hispanic
10285.jpg,40-49,Female,Latino Hispanic
10289.jpg,40-49,Male,Black
1029.jpg,20-29,Female,White
10290.jpg,50-59,Female,Southeast Asian
10291.jpg,10-19,Female,White
10292.jpg,50-59,Male,Black
10293.jpg,30-39,Male,Southeast Asian
10296.jpg,30-39,Male,Indian
10305.jpg,more than 70,Male,White
10306.jpg,40-49,Male,Latino Hispanic
10316.jpg,30-39,Male,Middle Eastern
1032.jpg,30-39,Male,White
10325.jpg,40-49,Female,Indian
10337.jpg,3-9,Male,Southeast Asian
10338.jpg,30-39,Female,White
10343.jpg,30-39,Female,Middle Eastern
10361.jpg,30-39,Female,White
10363.jpg,10-19,Male,Southeast Asian
10384.jpg,30-39,Female,East Asian
10389.jpg,50-59,Male,Middle Eastern
1039.jpg,20-29,Female,Latino Hispanic
10395.jpg,30-39,Female,East Asian
1040.jpg,20-29,Male,Southeast Asian
10402.jpg,30-39,Male,Latino Hispanic
10413.jpg,10-19,Female,East Asian
1043.jpg,30-39,Female,Middle Eastern
10430.jpg,20-29,Male,Southeast Asian
10435.jpg,3-9,Male,Black
10436.jpg,3-9,Male,East Asian
10437.jpg,20-29,Female,White
10440.jpg,30-39,Female,Black
10442.jpg,30-39,Female,Indian
10445.jpg,3-9,Female,Indian
10447.jpg,30-39,Male,Middle Eastern
10452.jpg,20-29,Female,Black
10463.jpg,20-29,Female,White
10473.jpg,10-19,Female,Latino Hispanic
1048.jpg,50-59,Male,White
10481.jpg,20-29,Female,East Asian
10484.jpg,30-39,Male,Middle Eastern
10485.jpg,20-29,Female,White
10487.jpg,60-69,Male,Black
10489.jpg,40-49,Male,Southeast Asian
1049.jpg,40-49,Male,Black
10494.jpg,30-39,Female,Latino Hispanic
10497.jpg,30-39,Male,Middle Eastern
10500.jpg,10-19,Male,Middle Eastern
10505.jpg,3-9,Female,Latino Hispanic
10508.jpg,20-29,Male,Middle Eastern
10514.jpg,3-9,Male,Latino Hispanic
10515.jpg,40-49,Female,Indian
10518.jpg,20-29,Female,White
10525.jpg,30-39,Male,Indian
10527.jpg,3-9,Male,East Asian
10530.jpg,30-39,Female,Southeast Asian
10531.jpg,3-9,Female,Black
10534.jpg,30-39,Female,Black
10537.jpg,20-29,Female,Indian
1054.jpg,20-29,Male,Indian
10542.jpg,30-39,Female,Latino Hispanic
10543.jpg,3-9,Male,Middle Eastern
10545.jpg,3-9,Female,White
10546.jpg,20-29,Female,Indian
10551.jpg,30-39,Male,Black
10554.jpg,30-39,Male,White
10557.jpg,10-19,Female,Black
1056.jpg,3-9,Female,White
10560.jpg,40-49,Male,Black
10561.jpg,30-39,Female,Southeast Asian
10564.jpg,20-29,Male,White
10566.jpg,20-29,Male,Southeast Asian
10569.jpg,20-29,Female,White
10573.jpg,20-29,Male,Southeast Asian
10574.jpg,20-29,Male,Middle Eastern
10575.jpg,20-29,Male,White
10576.jpg,40-49,Male,Middle Eastern
10578.jpg,30-39,Male,Middle Eastern
10580.jpg,60-69,Female,Indian
10585.jpg,20-29,Female,East Asian
10587.jpg,10-19,Male,Black
10590.jpg,50-59,Female,Middle Eastern
10591.jpg,20-29,Male,East Asian
10592.jpg,20-29,Male,White
10593.jpg,20-29,Male,East Asian
10597.jpg,40-49,Female,Latino Hispanic
1060.jpg,50-59,Male,East Asian
10603.jpg,3-9,Male,Southeast Asian
10607.jpg,10-19,Male,Southeast Asian
10614.jpg,3-9,Female,White
10616.jpg,3-9,Male,White
10639.jpg,3-9,Male,Southeast Asian
10643.jpg,30-39,Female,East Asian
10644.jpg,10-19,Male,Latino Hispanic
10650.jpg,40-49,Female,Black
10651.jpg,20-29,Female,Indian
10653.jpg,30-39,Female,Black
10654.jpg,3-9,Female,Black
10655.jpg,20-29,Female,White
10657.jpg,20-29,Female,White
10658.jpg,20-29,Female,East Asian
1066.jpg,40-49,Male,Black
10662.jpg,30-39,Male,Indian
10667.jpg,3-9,Male,Latino Hispanic
10671.jpg,3-9,Male,Middle Eastern
10673.jpg,20-29,Female,East Asian
10675.jpg,3-9,Male,Latino Hispanic
10680.jpg,20-29,Male,White
10687.jpg,40-49,Female,White
1069.jpg,40-49,Male,Middle Eastern
10692.jpg,20-29,Female,White
10693.jpg,20-29,Female,White
10694.jpg,3-9,Male,Latino Hispanic
10696.jpg,3-9,Female,Latino Hispanic
10700.jpg,40-49,Male,Latino Hispanic
10703.jpg,30-39,Male,Southeast Asian
10705.jpg,50-59,Male,Middle Eastern
10711.jpg,40-49,Female,Latino Hispanic
10713.jpg,40-49,Male,White
10715.jpg,20-29,Female,Indian
1072.jpg,20-29,Female,White
10722.jpg,20-29,Female,Indian
10724.jpg,40-49,Male,White
10728.jpg,20-29,Male,Southeast Asian
10732.jpg,10-19,Female,Black
10736.jpg,3-9,Male,Latino Hispanic
10741.jpg,20-29,Female,East Asian
10743.jpg,10-19,Male,Black
10751.jpg,20-29,Male,Black
10754.jpg,3-9,Male,Black
10755.jpg,3-9,Male,Latino Hispanic
1076.jpg,20-29,Female,White
10769.jpg,30-39,Male,Indian
10771.jpg,30-39,Male,Indian
10773.jpg,3-9,Male,Indian
10778.jpg,20-29,Female,East Asian
10779.jpg,20-29,Male,Latino Hispanic
10785.jpg,50-59,Male,Indian
10787.jpg,40-49,Male,White
10791.jpg,30-39,Female,Latino Hispanic
10799.jpg,40-49,Male,Black
108.jpg,10-19,Female,White
10802.jpg,20-29,Female,Middle Eastern
10804.jpg,20-29,Male,Middle Eastern
10806.jpg,3-9,Male,East Asian
10808.jpg,20-29,Male,Indian
1081.jpg,0-2,Female,Latino Hispanic
10812.jpg,3-9,Male,Black
10813.jpg,20-29,Female,White
10816.jpg,30-39,Male,Indian
1082.jpg,30-39,Male,Indian
10821.jpg,40-49,Female,Southeast Asian
10823.jpg,50-59,Male,Indian
10827.jpg,20-29,Female,Latino Hispanic
10830.jpg,20-29,Female,Indian
10832.jpg,30-39,Male,Black
10834.jpg,20-29,Male,Indian
1084.jpg,3-9,Female,White
10842.jpg,20-29,Female,East Asian
1085.jpg,30-39,Female,Latino Hispanic
10851.jpg,20-29,Female,Indian
10857.jpg,40-49,Male,Middle Eastern
10861.jpg,40-49,Male,Latino Hispanic
10867.jpg,3-9,Female,Latino Hispanic
10868.jpg,20-29,Female,Latino Hispanic
10873.jpg,more than 70,Male,Southeast Asian
10879.jpg,40-49,Male,Latino Hispanic
10887.jpg,3-9,Male,Indian
10888.jpg,3-9,Male,Middle Eastern
10889.jpg,3-9,Female,Black
1089.jpg,40-49,Male,Middle Eastern
10891.jpg,30-39,Male,Indian
10897.jpg,20-29,Male,Latino Hispanic
1090.jpg,50-59,Male,Indian
10901.jpg,30-39,Male,Black
10907.jpg,60-69,Male,Middle Eastern
10908.jpg,20-29,Female,Southeast Asian
10910.jpg,20-29,Male,Middle Eastern
10912.jpg,20-29,Male,Middle Eastern
10919.jpg,3-9,Male,Southeast Asian
10923.jpg,0-2,Male,East Asian
10925.jpg,3-9,Male,Indian
10946.jpg,30-39,Female,East Asian
10947.jpg,30-39,Male,East Asian
10954.jpg,50-59,Male,Latino Hispanic
1096.jpg,3-9,Male,Southeast Asian
110.jpg,30-39,Male,Indian
1100.jpg,20-29,Male,Black
1102.jpg,20-29,Female,Middle Eastern
1107.jpg,3-9,Male,Black
1108.jpg,3-9,Female,Southeast Asian
1111.jpg,40-49,Male,Latino Hispanic
1117.jpg,30-39,Female,East Asian
1123.jpg,20-29,Female,Black
1126.jpg,30-39,Male,Middle Eastern
1127.jpg,20-29,Female,White
1129.jpg,3-9,Male,Black
1130.jpg,50-59,Male,White
1135.jpg,20-29,Male,Black
1156.jpg,20-29,Female,White
1158.jpg,20-29,Male,Middle Eastern
1160.jpg,30-39,Male,Middle Eastern
1162.jpg,0-2,Male,East Asian
1163.jpg,10-19,Male,Indian
1169.jpg,40-49,Male,East Asian
1184.jpg,40-49,Female,Indian
1186.jpg,50-59,Male,Middle Eastern
1189.jpg,20-29,Male,Latino Hispanic
1191.jpg,3-9,Female,East Asian
1194.jpg,20-29,Male,East Asian
1196.jpg,30-39,Male,White
120.jpg,20-29,Female,Latino Hispanic
1204.jpg,20-29,Female,East Asian
1213.jpg,20-29,Male,Black
122.jpg,20-29,Male,Black
1224.jpg,20-29,Female,East Asian
1225.jpg,40-49,Male,Latino Hispanic
1228.jpg,20-29,Male,Latino Hispanic
1240.jpg,20-29,Female,Middle Eastern
1250.jpg,30-39,Female,Southeast Asian
1255.jpg,40-49,Male,White
1257.jpg,20-29,Female,East Asian
1276.jpg,10-19,Female,Southeast Asian
1277.jpg,40-49,Male,Latino Hispanic
1286.jpg,20-29,Female,East Asian
129.jpg,20-29,Male,East Asian
1297.jpg,20-29,Male,White
1302.jpg,20-29,Female,Black
1304.jpg,20-29,Female,East Asian
1305.jpg,50-59,Male,Indian
1312.jpg,20-29,Female,Indian
132.jpg,30-39,Male,Black
1321.jpg,30-39,Female,Black
1322.jpg,30-39,Male,White
1329.jpg,20-29,Female,White
1340.jpg,3-9,Female,Latino Hispanic
1341.jpg,10-19,Male,Black
1347.jpg,20-29,Female,Black
1353.jpg,3-9,Male,Middle Eastern
1357.jpg,3-9,Male,Black
1361.jpg,30-39,Male,Southeast Asian
1363.jpg,20-29,Male,East Asian
1372.jpg,20-29,Female,Latino Hispanic
1374.jpg,3-9,Female,Latino Hispanic
139.jpg,30-39,Female,Latino Hispanic
1392.jpg,30-39,Male,Indian
1394.jpg,50-59,Male,White
1404.jpg,30-39,Male,Middle Eastern
1409.jpg,50-59,Male,Latino Hispanic
1422.jpg,20-29,Male,East Asian
1423.jpg,20-29,Female,Black
1424.jpg,20-29,Female,Southeast Asian
1435.jpg,50-59,Male,Middle Eastern
1437.jpg,0-2,Male,Indian
1443.jpg,30-39,Male,Black
1445.jpg,20-29,Female,East Asian
1456.jpg,20-29,Female,Latino Hispanic
1457.jpg,20-29,Male,Black
1460.jpg,40-49,Male,Latino Hispanic
1462.jpg,50-59,Male,East Asian
1464.jpg,30-39,Male,White
1477.jpg,30-39,Male,White
1488.jpg,40-49,Male,Black
1491.jpg,3-9,Male,White
1495.jpg,30-39,Male,Southeast Asian
1501.jpg,50-59,Male,Southeast Asian
1502.jpg,20-29,Female,East Asian
1512.jpg,30-39,Male,Black
1514.jpg,50-59,Male,East Asian
1518.jpg,10-19,Female,Black
1520.jpg,30-39,Male,Middle Eastern
1531.jpg,20-29,Female,East Asian
1532.jpg,20-29,Male,White
1534.jpg,50-59,Male,White
1537.jpg,3-9,Female,Southeast Asian
1538.jpg,20-29,Female,White
1542.jpg,3-9,Male,White
1548.jpg,20-29,Female,Latino Hispanic
155.jpg,10-19,Male,Black
1554.jpg,10-19,Female,Latino Hispanic
1555.jpg,3-9,Female,Indian
1559.jpg,60-69,Male,White
1566.jpg,50-59,Female,Latino Hispanic
157.jpg,40-49,Male,Middle Eastern
1572.jpg,20-29,Male,East Asian
1579.jpg,30-39,Male,Latino Hispanic
1580.jpg,20-29,Male,East Asian
1583.jpg,50-59,Male,Indian
1588.jpg,3-9,Male,Middle Eastern
1591.jpg,more than 70,Female,Indian
1592.jpg,20-29,Female,East Asian
1594.jpg,20-29,Female,Indian
160.jpg,30-39,Male,Middle Eastern
161.jpg,30-39,Female,Latino Hispanic
1613.jpg,30-39,Male,Southeast Asian
1614.jpg,20-29,Female,East Asian
1617.jpg,20-29,Male,Middle Eastern
1626.jpg,30-39,Male,White
1632.jpg,20-29,Male,Latino Hispanic
1635.jpg,3-9,Male,Latino Hispanic
1639.jpg,20-29,Male,White
1649.jpg,20-29,Male,East Asian
165.jpg,3-9,Male,Black
1653.jpg,30-39,Male,Southeast Asian
1654.jpg,20-29,Female,East Asian
1655.jpg,20-29,Male,East Asian
1658.jpg,20-29,Male,White
1659.jpg,40-49,Male,Latino Hispanic
1660.jpg,50-59,Male,Middle Eastern
1663.jpg,20-29,Female,Latino Hispanic
1665.jpg,10-19,Female,Latino Hispanic
167.jpg,10-19,Female,Black
1670.jpg,3-9,Male,Indian
1672.jpg,30-39,Female,Indian
1674.jpg,40-49,Female,White
1677.jpg,20-29,Female,East Asian
168.jpg,20-29,Female,White
1687.jpg,0-2,Male,East Asian
1690.jpg,10-19,Female,White
1693.jpg,30-39,Male,Middle Eastern
170.jpg,20-29,Female,East Asian
1701.jpg,40-49,Male,White
1705.jpg,40-49,Male,Latino Hispanic
171.jpg,30-39,Female,Black
1711.jpg,20-29,Female,Black
1715.jpg,40-49,Male,White
1723.jpg,20-29,Female,East Asian
1726.jpg,20-29,Female,White
1730.jpg,40-49,Female,Black
1736.jpg,20-29,Female,Latino Hispanic
1738.jpg,20-29,Female,Black
1743.jpg,3-9,Male,Indian
1745.jpg,20-29,Female,Black
1751.jpg,20-29,Male,Middle Eastern
1753.jpg,3-9,Male,Southeast Asian
1754.jpg,30-39,Male,Middle Eastern
1757.jpg,30-39,Female,Indian
1761.jpg,3-9,Male,Middle Eastern
1768.jpg,40-49,Male,Indian
1769.jpg,20-29,Male,Southeast Asian
1771.jpg,20-29,Female,Southeast Asian
1772.jpg,30-39,Male,Middle Eastern
1773.jpg,3-9,Male,Black
1779.jpg,50-59,Female,Latino Hispanic
178.jpg,30-39,Male,Middle Eastern
1785.jpg,30-39,Female,Black
1795.jpg,20-29,Male,Latino Hispanic
1798.jpg,3-9,Male,East Asian
1806.jpg,10-19,Female,Southeast Asian
1807.jpg,30-39,Male,Southeast Asian
1809.jpg,20-29,Female,White
1818.jpg,30-39,Male,White
1819.jpg,10-19,Female,Black
1820.jpg,20-29,Female,East Asian
1831.jpg,10-19,Female,Black
1839.jpg,20-29,Female,East Asian
1849.jpg,3-9,Female,Southeast Asian
1850.jpg,20-29,Female,East Asian
1851.jpg,20-29,Male,White
1853.jpg,20-29,Male,East Asian
1858.jpg,20-29,Male,White
1867.jpg,60-69,Male,White
1877.jpg,20-29,Male,Middle Eastern
1880.jpg,50-59,Female,Middle Eastern
1883.jpg,20-29,Male,Middle Eastern
1884.jpg,20-29,Female,East Asian
1899.jpg,20-29,Female,Black
1907.jpg,3-9,Female,Latino Hispanic
1908.jpg,20-29,Male,East Asian
191.jpg,50-59,Male,Latino Hispanic
1913.jpg,10-19,Male,East Asian
1914.jpg,10-19,Male,Black
1918.jpg,30-39,Male,East Asian
1921.jpg,3-9,Male,White
1922.jpg,30-39,Female,Black
1927.jpg,20-29,Male,Southeast Asian
1928.jpg,30-39,Male,White
1930.jpg,30-39,Female,East Asian
1936.jpg,20-29,Male,Black
1942.jpg,10-19,Female,White
1944.jpg,60-69,Male,Middle Eastern
1946.jpg,3-9,Female,Southeast Asian
1947.jpg,30-39,Male,Black
1948.jpg,20-29,Male,East Asian
1950.jpg,60-69,Male,White
1957.jpg,20-29,Female,Latino Hispanic
196.jpg,3-9,Male,Middle Eastern
1964.jpg,40-49,Female,Indian
1966.jpg,40-49,Female,Indian
197.jpg,20-29,Male,Black
1977.jpg,30-39,Female,Black
1987.jpg,30-39,Male,East Asian
1988.jpg,3-9,Female,White
1989.jpg,60-69,Male,Black
1992.jpg,60-69,Female,Indian
1998.jpg,20-29,Male,Middle Eastern
2.jpg,40-49,Female,East Asian
2005.jpg,30-39,Male,East Asian
2006.jpg,20-29,Male,Southeast Asian
2008.jpg,20-29,Female,Middle Eastern
2012.jpg,20-29,Female,Southeast Asian
2013.jpg,20-29,Male,East Asian
2015.jpg,3-9,Male,Latino Hispanic
2016.jpg,20-29,Female,White
2025.jpg,40-49,Male,Middle Eastern
2036.jpg,30-39,Male,White
2038.jpg,30-39,Male,East Asian
2048.jpg,20-29,Male,Black
205.jpg,20-29,Female,East Asian
2054.jpg,20-29,Female,East Asian
2056.jpg,40-49,Female,White
2066.jpg,20-29,Female,Latino Hispanic
2068.jpg,50-59,Male,Middle Eastern
2069.jpg,30-39,Female,White
207.jpg,30-39,Male,White
2074.jpg,40-49,Male,Southeast Asian
2082.jpg,50-59,Male,Indian
2087.jpg,20-29,Female,Middle Eastern
2089.jpg,20-29,Male,East Asian
2093.jpg,20-29,Female,Latino Hispanic
2097.jpg,3-9,Male,East Asian
2099.jpg,20-29,Male,Indian
2100.jpg,20-29,Female,Southeast Asian
2101.jpg,50-59,Female,White
2106.jpg,3-9,Female,Indian
2107.jpg,60-69,Male,White
2109.jpg,20-29,Female,Middle Eastern
211.jpg,60-69,Male,Black
2115.jpg,20-29,Male,Black
2117.jpg,40-49,Male,Middle Eastern
2120.jpg,40-49,Male,Middle Eastern
2126.jpg,50-59,Female,Indian
213.jpg,20-29,Female,Southeast Asian
2130.jpg,10-19,Male,Black
2133.jpg,3-9,Male,East Asian
2134.jpg,40-49,Male,Black
2137.jpg,30-39,Female,Latino Hispanic
2140.jpg,10-19,Female,Latino Hispanic
2141.jpg,20-29,Female,East Asian
2146.jpg,0-2,Male,White
2147.jpg,0-2,Male,Latino Hispanic
2149.jpg,more than 70,Female,Indian
2153.jpg,3-9,Male,Latino Hispanic
2162.jpg,20-29,Female,East Asian
2167.jpg,40-49,Male,East Asian
2175.jpg,3-9,Male,Southeast Asian
2177.jpg,20-29,Male,Indian
2186.jpg,30-39,Male,Indian
2189.jpg,3-9,Male,Latino Hispanic
2193.jpg,20-29,Male,Middle Eastern
2194.jpg,0-2,Male,East Asian
2197.jpg,30-39,Male,Middle Eastern
220.jpg,40-49,Male,Middle Eastern
2201.jpg,3-9,Female,White
2202.jpg,3-9,Male,Indian
2205.jpg,20-29,Male,Indian
2208.jpg,60-69,Male,White
221.jpg,60-69,Female,Black
2212.jpg,3-9,Female,Black
2214.jpg,20-29,Female,East Asian
2222.jpg,50-59,Male,Middle Eastern
2236.jpg,10-19,Female,Indian
2243.jpg,20-29,Male,Latino Hispanic
2252.jpg,0-2,Female,Latino Hispanic
2256.jpg,20-29,Female,Latino Hispanic
2257.jpg,40-49,Male,East Asian
2258.jpg,20-29,Male,White
2259.jpg,20-29,Female,Middle Eastern
2262.jpg,20-29,Female,Indian
2263.jpg,20-29,Male,East Asian
2266.jpg,3-9,Male,Middle Eastern
2268.jpg,50-59,Male,Latino Hispanic
2278.jpg,20-29,Female,East Asian
2279.jpg,40-49,Male,Southeast Asian
2288.jpg,20-29,Female,Latino Hispanic
2303.jpg,20-29,Female,Middle Eastern
2306.jpg,40-49,Male,Indian
2310.jpg,20-29,Female,Middle Eastern
2312.jpg,20-29,Female,White
2313.jpg,20-29,Female,East Asian
232.jpg,40-49,Female,Latino Hispanic
2320.jpg,60-69,Female,Southeast Asian
2324.jpg,10-19,Female,Middle Eastern
2327.jpg,30-39,Male,Latino Hispanic
2328.jpg,20-29,Female,White
2339.jpg,40-49,Male,East Asian
2342.jpg,20-29,Male,Middle Eastern
2350.jpg,3-9,Male,Black
236.jpg,20-29,Female,Southeast Asian
2366.jpg,20-29,Male,Middle Eastern
2367.jpg,30-39,Female,Latino Hispanic
2371.jpg,30-39,Female,White
2372.jpg,10-19,Male,White
2378.jpg,20-29,Female,Middle Eastern
2380.jpg,30-39,Female,Black
2384.jpg,30-39,Female,East Asian
2388.jpg,50-59,Male,White
24.jpg,20-29,Female,Southeast Asian
2404.jpg,30-39,Male,East Asian
2411.jpg,10-19,Female,Southeast Asian
2412.jpg,40-49,Female,White
2420.jpg,60-69,Male,East Asian
2421.jpg,20-29,Female,Latino Hispanic
2426.jpg,20-29,Male,Southeast Asian
2435.jpg,20-29,Female,Middle Eastern
2441.jpg,3-9,Male,East Asian
2466.jpg,3-9,Male,White
2471.jpg,30-39,Male,Southeast Asian
2478.jpg,20-29,Male,Indian
2482.jpg,3-9,Male,Southeast Asian
2485.jpg,20-29,Male,Southeast Asian
2486.jpg,30-39,Male,Southeast Asian
251.jpg,20-29,Male,White
2517.jpg,20-29,Male,Indian
2518.jpg,20-29,Male,White
2520.jpg,20-29,Female,Middle Eastern
2521.jpg,50-59,Male,Middle Eastern
2524.jpg,20-29,Male,Middle Eastern
2527.jpg,20-29,Male,Indian
2528.jpg,30-39,Male,Indian
2535.jpg,3-9,Male,Black
254.jpg,30-39,Female,White
2543.jpg,30-39,Female,Middle Eastern
2551.jpg,20-29,Male,White
2552.jpg,60-69,Female,Indian
2556.jpg,30-39,Male,East Asian
2557.jpg,3-9,Male,Latino Hispanic
2558.jpg,3-9,Female,Middle Eastern
2562.jpg,20-29,Female,Indian
2566.jpg,20-29,Female,Latino Hispanic
2572.jpg,20-29,Male,Southeast Asian
2579.jpg,40-49,Male,Middle Eastern
2581.jpg,40-49,Female,Black
2583.jpg,10-19,Female,Middle Eastern
2586.jpg,20-29,Male,East Asian
2588.jpg,more than 70,Male,Southeast Asian
2591.jpg,20-29,Female,Southeast Asian
2592.jpg,20-29,Female,Middle Eastern
2595.jpg,20-29,Male,Middle Eastern
26.jpg,20-29,Female,Latino Hispanic
260.jpg,40-49,Female,Black
2605.jpg,more than 70,Male,Latino Hispanic
2607.jpg,50-59,Male,East Asian
2609.jpg,30-39,Male,East Asian
261.jpg,40-49,Female,Latino Hispanic
2610.jpg,30-39,Male,Indian
2613.jpg,10-19,Male,Indian
2614.jpg,20-29,Female,Black
2616.jpg,40-49,Male,Middle Eastern
2617.jpg,20-29,Female,Southeast Asian
2618.jpg,20-29,Male,East Asian
2623.jpg,20-29,Female,White
2630.jpg,20-29,Male,Middle Eastern
2634.jpg,30-39,Male,Latino Hispanic
2635.jpg,30-39,Male,White
264.jpg,20-29,Female,East Asian
2642.jpg,3-9,Male,Indian
2644.jpg,40-49,Male,Middle Eastern
2646.jpg,20-29,Female,Black
2647.jpg,30-39,Male,Latino Hispanic
2648.jpg,50-59,Female,Southeast Asian
2652.jpg,40-49,Female,Latino Hispanic
2653.jpg,40-49,Male,White
2660.jpg,40-49,Male,East Asian
2665.jpg,20-29,Female,East Asian
2666.jpg,20-29,Female,East Asian
2667.jpg,20-29,Male,East Asian
2668.jpg,40-49,Female,Black
2669.jpg,40-49,Male,Indian
2670.jpg,30-39,Male,Latino Hispanic
2675.jpg,10-19,Female,Indian
2678.jpg,3-9,Male,Black
268.jpg,10-19,Female,Latino Hispanic
2681.jpg,3-9,Male,Black
2683.jpg,20-29,Male,Black
2685.jpg,3-9,Female,Southeast Asian
2687.jpg,50-59,Male,Indian
2689.jpg,30-39,Male,White
2697.jpg,30-39,Male,White
27.jpg,30-39,Female,White
2701.jpg,0-2,Male,Southeast Asian
2703.jpg,50-59,Male,Indian
2708.jpg,3-9,Male,Black
2712.jpg,20-29,Female,Indian
2721.jpg,30-39,Female,Southeast Asian
2724.jpg,20-29,Female,Indian
2725.jpg,30-39,Male,Indian
2726.jpg,10-19,Male,Black
2729.jpg,20-29,Male,White
273.jpg,20-29,Female,Middle Eastern
2730.jpg,30-39,Male,White
2740.jpg,40-49,Female,White
2749.jpg,40-49,Male,Black
275.jpg,30-39,Male,Southeast Asian
2754.jpg,20-29,Male,East Asian
2755.jpg,30-39,Male,Southeast Asian
2759.jpg,20-29,Male,White
2774.jpg,20-29,Male,Black
2775.jpg,3-9,Male,East Asian
2776.jpg,20-29,Female,Latino Hispanic
2781.jpg,10-19,Female,Southeast Asian
2788.jpg,3-9,Male,Black
2791.jpg,30-39,Male,East Asian
28.jpg,20-29,Female,Southeast Asian
2803.jpg,40-49,Male,Black
2807.jpg,40-49,Female,Indian
2808.jpg,0-2,Male,White
281.jpg,20-29,Female,Black
2811.jpg,20-29,Female,White
2817.jpg,40-49,Female,East Asian
2818.jpg,20-29,Female,Latino Hispanic
2847.jpg,10-19,Male,Middle Eastern
2851.jpg,30-39,Female,White
2858.jpg,20-29,Female,Southeast Asian
2863.jpg,0-2,Male,Black
2872.jpg,60-69,Male,White
2874.jpg,3-9,Male,Indian
2876.jpg,20-29,Female,East Asian
288.jpg,60-69,Female,East Asian
2886.jpg,20-29,Female,White
289.jpg,20-29,Female,White
2892.jpg,30-39,Male,Middle Eastern
2893.jpg,20-29,Female,Indian
2897.jpg,10-19,Female,Black
290.jpg,40-49,Male,East Asian
2906.jpg,20-29,Female,Indian
2907.jpg,20-29,Female,Latino Hispanic
2922.jpg,20-29,Female,Black
2925.jpg,20-29,Male,White
2928.jpg,30-39,Male,Latino Hispanic
2930.jpg,60-69,Male,East Asian
2932.jpg,30-39,Male,Black
2933.jpg,20-29,Female,Indian
2934.jpg,30-39,Male,Southeast Asian
2939.jpg,30-39,Male,Southeast Asian
2946.jpg,40-49,Male,East Asian
2958.jpg,20-29,Male,White
2961.jpg,60-69,Female,Indian
2962.jpg,30-39,Male,Indian
2965.jpg,20-29,Female,White
2967.jpg,50-59,Male,Black
2968.jpg,3-9,Male,Black
2982.jpg,30-39,Female,Indian
2984.jpg,50-59,Male,White
2985.jpg,10-19,Male,White
2987.jpg,0-2,Male,Middle Eastern
299.jpg,60-69,Male,Southeast Asian
2990.jpg,3-9,Female,White
2991.jpg,10-19,Male,Black
2992.jpg,40-49,Female,Middle Eastern
2996.jpg,40-49,Male,Black
2997.jpg,20-29,Male,East Asian
2998.jpg,3-9,Male,Southeast Asian
3.jpg,40-49,Male,White
3000.jpg,20-29,Female,Indian
3004.jpg,3-9,Male,East Asian
3009.jpg,20-29,Female,Middle Eastern
3021.jpg,20-29,Female,East Asian
3022.jpg,30-39,Male,White
3023.jpg,30-39,Male,Black
3024.jpg,20-29,Male,East Asian
3029.jpg,50-59,Female,Black
303.jpg,30-39,Male,Latino Hispanic
3033.jpg,50-59,Male,Southeast Asian
3038.jpg,20-29,Female,Black
3039.jpg,20-29,Male,White
3043.jpg,20-29,Male,Black
3045.jpg,20-29,Female,White
3046.jpg,30-39,Male,Middle Eastern
3050.jpg,20-29,Female,East Asian
3051.jpg,10-19,Male,White
3064.jpg,40-49,Male,Latino Hispanic
3069.jpg,20-29,Male,Middle Eastern
3070.jpg,40-49,Male,White
3071.jpg,30-39,Female,East Asian
3072.jpg,20-29,Male,Latino Hispanic
3074.jpg,40-49,Male,Indian
3075.jpg,3-9,Male,Latino Hispanic
3077.jpg,20-29,Male,East Asian
3078.jpg,20-29,Male,East Asian
3080.jpg,20-29,Female,East Asian
3081.jpg,20-29,Male,White
3082.jpg,20-29,Male,Southeast Asian
3086.jpg,3-9,Male,White
3089.jpg,20-29,Male,Black
3101.jpg,20-29,Female,Middle Eastern
3102.jpg,3-9,Male,Southeast Asian
3106.jpg,50-59,Male,Southeast Asian
3107.jpg,20-29,Male,White
3111.jpg,20-29,Female,Black
3120.jpg,3-9,Female,Indian
3123.jpg,20-29,Female,White
3126.jpg,20-29,Female,East Asian
3128.jpg,40-49,Male,Middle Eastern
3130.jpg,40-49,Male,East Asian
3137.jpg,50-59,Male,Black
3143.jpg,40-49,Female,Indian
3150.jpg,20-29,Female,East Asian
3151.jpg,40-49,Male,Latino Hispanic
3152.jpg,10-19,Female,Southeast Asian
3154.jpg,3-9,Male,East Asian
3161.jpg,30-39,Female,Indian
3166.jpg,20-29,Female,Black
3171.jpg,40-49,Male,Southeast Asian
3172.jpg,20-29,Male,Middle Eastern
318.jpg,20-29,Female,Indian
3182.jpg,20-29,Male,Southeast Asian
3196.jpg,30-39,Male,White
320.jpg,3-9,Male,Black
3201.jpg,3-9,Male,Southeast Asian
3206.jpg,3-9,Male,White
3208.jpg,50-59,Male,Latino Hispanic
3209.jpg,10-19,Male,Southeast Asian
3211.jpg,10-19,Female,East Asian
3219.jpg,50-59,Female,Southeast Asian
3228.jpg,20-29,Female,East Asian
3230.jpg,50-59,Female,Middle Eastern
3232.jpg,20-29,Female,East Asian
3238.jpg,20-29,Male,Southeast Asian
324.jpg,3-9,Male,East Asian
3240.jpg,30-39,Female,Latino Hispanic
3242.jpg,40-49,Male,Middle Eastern
3246.jpg,0-2,Male,East Asian
3253.jpg,50-59,Male,East Asian
3254.jpg,10-19,Female,Middle Eastern
3257.jpg,20-29,Female,Latino Hispanic
3259.jpg,50-59,Male,Middle Eastern
3262.jpg,30-39,Female,Latino Hispanic
3268.jpg,40-49,Male,Southeast Asian
3275.jpg,3-9,Male,East Asian
3280.jpg,0-2,Male,White
3283.jpg,10-19,Female,Indian
3284.jpg,20-29,Male,Middle Eastern
3285.jpg,20-29,Male,East Asian
3289.jpg,20-29,Female,Black
329.jpg,20-29,Female,East Asian
3293.jpg,0-2,Male,East Asian
3298.jpg,50-59,Male,Middle Eastern
3301.jpg,3-9,Male,East Asian
3304.jpg,20-29,Female,East Asian
3305.jpg,20-29,Female,White
3307.jpg,30-39,Female,Southeast Asian
331.jpg,40-49,Male,White
3312.jpg,40-49,Male,White
333.jpg,50-59,Female,East Asian
3337.jpg,30-39,Female,White
3341.jpg,3-9,Male,Black
3343.jpg,30-39,Male,Middle Eastern
335.jpg,20-29,Male,Southeast Asian
3354.jpg,30-39,Male,Black
3355.jpg,20-29,Male,Indian
3360.jpg,3-9,Female,Black
3372.jpg,50-59,Male,Latino Hispanic
3377.jpg,50-59,Female,East Asian
3378.jpg,30-39,Female,Middle Eastern
3386.jpg,30-39,Male,Middle Eastern
3388.jpg,20-29,Female,East Asian
339.jpg,20-29,Male,Black
3393.jpg,0-2,Female,White
3396.jpg,3-9,Male,Latino Hispanic
3404.jpg,50-59,Female,Latino Hispanic
3407.jpg,20-29,Male,Latino Hispanic
3417.jpg,50-59,Female,Southeast Asian
3418.jpg,50-59,Female,White
3419.jpg,10-19,Female,White
3420.jpg,50-59,Female,Southeast Asian
3423.jpg,3-9,Female,Middle Eastern
3425.jpg,20-29,Female,Latino Hispanic
3432.jpg,50-59,Female,Indian
3437.jpg,20-29,Male,White
3438.jpg,20-29,Male,Indian
3441.jpg,3-9,Female,Latino Hispanic
3447.jpg,20-29,Female,Southeast Asian
3449.jpg,20-29,Female,Middle Eastern
3450.jpg,40-49,Male,East Asian
3463.jpg,20-29,Male,Indian
3464.jpg,20-29,Male,East Asian
3468.jpg,30-39,Female,White
3472.jpg,3-9,Female,Middle Eastern
3477.jpg,10-19,Male,Indian
3483.jpg,20-29,Female,Southeast Asian
3488.jpg,30-39,Male,White
3489.jpg,50-59,Male,Latino Hispanic
3496.jpg,40-49,Male,Southeast Asian
3503.jpg,20-29,Female,Southeast Asian
3507.jpg,10-19,Male,Black
3509.jpg,20-29,Female,White
3514.jpg,20-29,Male,Black
3516.jpg,20-29,Male,White
3521.jpg,10-19,Female,Middle Eastern
3525.jpg,30-39,Male,Indian
3528.jpg,20-29,Male,Southeast Asian
3529.jpg,20-29,Male,Southeast Asian
3530.jpg,40-49,Female,Latino Hispanic
3531.jpg,3-9,Male,Latino Hispanic
3553.jpg,20-29,Female,Middle Eastern
3562.jpg,30-39,Female,White
357.jpg,20-29,Male,Black
3577.jpg,20-29,Female,East Asian
3591.jpg,20-29,Male,Indian
3596.jpg,3-9,Female,Middle Eastern
3598.jpg,20-29,Female,Southeast Asian
3599.jpg,20-29,Male,East Asian
3608.jpg,30-39,Male,White
3615.jpg,30-39,Male,Black
3617.jpg,20-29,Female,Latino Hispanic
3626.jpg,3-9,Male,Southeast Asian
3628.jpg,10-19,Male,Latino Hispanic
3637.jpg,20-29,Female,Southeast Asian
364.jpg,40-49,Female,Latino Hispanic
3643.jpg,30-39,Female,Southeast Asian
3648.jpg,3-9,Female,Indian
3649.jpg,50-59,Male,Middle Eastern
365.jpg,20-29,Female,Southeast Asian
3654.jpg,30-39,Male,Indian
3656.jpg,60-69,Female,Indian
3657.jpg,20-29,Female,East Asian
3666.jpg,30-39,Female,Latino Hispanic
3668.jpg,20-29,Female,White
3677.jpg,30-39,Male,Middle Eastern
3682.jpg,40-49,Female,White
3683.jpg,10-19,Female,White
3687.jpg,20-29,Female,White
369.jpg,3-9,Female,Southeast Asian
3691.jpg,20-29,Female,East Asian
3696.jpg,3-9,Male,Black
3699.jpg,40-49,Male,Latino Hispanic
3715.jpg,20-29,Female,Black
3716.jpg,30-39,Male,Southeast Asian
3719.jpg,10-19,Female,Southeast Asian
3721.jpg,3-9,Male,Latino Hispanic
3727.jpg,0-2,Male,East Asian
3737.jpg,30-39,Male,Middle Eastern
3742.jpg,20-29,Female,East Asian
3746.jpg,20-29,Male,Middle Eastern
3747.jpg,20-29,Female,Indian
3751.jpg,20-29,Female,White
3766.jpg,3-9,Male,White
3770.jpg,20-29,Male,Southeast Asian
3772.jpg,30-39,Male,Latino Hispanic
3774.jpg,30-39,Female,Southeast Asian
3781.jpg,3-9,Male,Indian
3784.jpg,30-39,Male,White
3785.jpg,20-29,Female,Latino Hispanic
3795.jpg,20-29,Male,White
3798.jpg,20-29,Female,Black
3799.jpg,10-19,Female,Black
3803.jpg,40-49,Female,White
3812.jpg,20-29,Male,East Asian
3817.jpg,20-29,Male,East Asian
382.jpg,3-9,Male,Black
3820.jpg,3-9,Male,White
3822.jpg,20-29,Male,Southeast Asian
3826.jpg,30-39,Male,East Asian
3829.jpg,20-29,Male,East Asian
3834.jpg,20-29,Female,White
385.jpg,20-29,Female,East Asian
3871.jpg,20-29,Female,Black
3876.jpg,20-29,Male,East Asian
3883.jpg,20-29,Male,Indian
3887.jpg,3-9,Male,White
3893.jpg,10-19,Male,East Asian
3896.jpg,3-9,Female,Latino Hispanic
390.jpg,0-2,Male,Middle Eastern
3910.jpg,20-29,Female,East Asian
3915.jpg,3-9,Male,Middle Eastern
3916.jpg,60-69,Male,Middle Eastern
3922.jpg,20-29,Male,East Asian
3934.jpg,30-39,Female,Black
3939.jpg,40-49,Male,East Asian
3943.jpg,40-49,Male,Middle Eastern
3944.jpg,40-49,Female,Indian
3949.jpg,30-39,Male,Latino Hispanic
3952.jpg,30-39,Male,Latino Hispanic
3953.jpg,30-39,Male,Indian
3958.jpg,0-2,Male,East Asian
3966.jpg,more than 70,Male,Southeast Asian
3975.jpg,20-29,Male,East Asian
3987.jpg,50-59,Male,White
3991.jpg,40-49,Female,Latino Hispanic
3994.jpg,30-39,Male,White
4009.jpg,20-29,Female,Black
4017.jpg,20-29,Female,Southeast Asian
4019.jpg,40-49,Male,Southeast Asian
4024.jpg,50-59,Female,Indian
4032.jpg,30-39,Female,Latino Hispanic
4033.jpg,40-49,Male,Middle Eastern
4038.jpg,20-29,Male,Latino Hispanic
404.jpg,10-19,Male,Black
4042.jpg,30-39,Female,Black
4056.jpg,20-29,Female,Southeast Asian
4057.jpg,40-49,Male,White
406.jpg,20-29,Male,Latino Hispanic
4063.jpg,3-9,Female,Indian
4080.jpg,30-39,Male,Latino Hispanic
4081.jpg,30-39,Male,Latino Hispanic
4083.jpg,30-39,Male,Middle Eastern
4087.jpg,20-29,Female,Latino Hispanic
4104.jpg,20-29,Female,Indian
4111.jpg,40-49,Male,Black
4113.jpg,20-29,Male,East Asian
4118.jpg,40-49,Male,White
4122.jpg,40-49,Male,White
4123.jpg,20-29,Male,Latino Hispanic
4125.jpg,more than 70,Female,Middle Eastern
4135.jpg,20-29,Male,East Asian
4147.jpg,20-29,Female,Southeast Asian
4148.jpg,20-29,Male,Southeast Asian
4151.jpg,20-29,Female,Latino Hispanic
4153.jpg,3-9,Male,Indian
4162.jpg,50-59,Male,White
4166.jpg,60-69,Female,White
4170.jpg,40-49,Male,Middle Eastern
4176.jpg,10-19,Male,Latino Hispanic
4184.jpg,40-49,Male,Middle Eastern
419.jpg,30-39,Female,Latino Hispanic
4192.jpg,20-29,Male,Indian
42.jpg,20-29,Female,Southeast Asian
4206.jpg,30-39,Male,East Asian
4213.jpg,30-39,Female,Middle Eastern
4214.jpg,20-29,Female,Middle Eastern
4218.jpg,30-39,Female,Middle Eastern
422.jpg,10-19,Male,Latino Hispanic
4232.jpg,30-39,Female,Middle Eastern
4233.jpg,60-69,Male,Middle Eastern
4234.jpg,3-9,Male,Southeast Asian
4235.jpg,10-19,Female,Latino Hispanic
4236.jpg,20-29,Female,East Asian
425.jpg,3-9,Female,White
4252.jpg,30-39,Female,East Asian
4253.jpg,40-49,Male,Middle Eastern
4256.jpg,30-39,Male,Indian
4258.jpg,0-2,Male,White
4260.jpg,3-9,Female,Latino Hispanic
4263.jpg,20-29,Female,Southeast Asian
4264.jpg,10-19,Male,Southeast Asian
4273.jpg,50-59,Female,Middle Eastern
4275.jpg,40-49,Female,Indian
428.jpg,3-9,Male,Indian
4280.jpg,20-29,Male,Latino Hispanic
4287.jpg,more than 70,Female,Indian
4293.jpg,30-39,Female,East Asian
4299.jpg,3-9,Male,East Asian
4301.jpg,10-19,Male,Black
4302.jpg,10-19,Male,Southeast Asian
4305.jpg,10-19,Female,Latino Hispanic
4308.jpg,20-29,Male,East Asian
4311.jpg,3-9,Male,Latino Hispanic
4313.jpg,20-29,Female,East Asian
4320.jpg,30-39,Male,White
4322.jpg,40-49,Female,Latino Hispanic
4323.jpg,20-29,Male,Middle Eastern
4324.jpg,20-29,Female,East Asian
4325.jpg,20-29,Male,White
4334.jpg,50-59,Female,East Asian
4336.jpg,30-39,Male,Southeast Asian
4337.jpg,20-29,Female,East Asian
4339.jpg,20-29,Male,Middle Eastern
4340.jpg,30-39,Male,Middle Eastern
4347.jpg,30-39,Female,Latino Hispanic
435.jpg,20-29,Female,Middle Eastern
4351.jpg,50-59,Female,Black
4352.jpg,20-29,Female,Indian
4353.jpg,20-29,Female,Latino Hispanic
4369.jpg,10-19,Male,Middle Eastern
4375.jpg,30-39,Female,Latino Hispanic
4377.jpg,10-19,Female,Black
4385.jpg,50-59,Male,Black
4387.jpg,40-49,Male,East Asian
4388.jpg,10-19,Male,East Asian
4396.jpg,30-39,Male,White
4399.jpg,10-19,Male,White
44.jpg,30-39,Female,White
440.jpg,30-39,Female,Southeast Asian
4400.jpg,20-29,Male,Latino Hispanic
4402.jpg,20-29,Male,Southeast Asian
4409.jpg,3-9,Female,Latino Hispanic
4411.jpg,20-29,Male,White
4412.jpg,30-39,Female,East Asian
4414.jpg,10-19,Male,Indian
4418.jpg,20-29,Male,East Asian
4421.jpg,20-29,Male,East Asian
443.jpg,20-29,Female,Southeast Asian
4432.jpg,20-29,Female,East Asian
4435.jpg,40-49,Female,Latino Hispanic
4438.jpg,20-29,Female,Latino Hispanic
4440.jpg,3-9,Female,Indian
4448.jpg,40-49,Male,Indian
445.jpg,10-19,Female,East Asian
4451.jpg,10-19,Female,Black
4452.jpg,more than 70,Female,Southeast Asian
4460.jpg,20-29,Female,Southeast Asian
4464.jpg,30-39,Male,White
4468.jpg,40-49,Male,Middle Eastern
4470.jpg,3-9,Female,White
4471.jpg,20-29,Male,East Asian
4480.jpg,20-29,Female,White
4485.jpg,20-29,Female,Southeast Asian
4486.jpg,20-29,Female,White
4489.jpg,10-19,Male,Latino Hispanic
4492.jpg,20-29,Female,Black
4495.jpg,10-19,Male,White
4496.jpg,3-9,Male,White
450.jpg,40-49,Male,Middle Eastern
4501.jpg,20-29,Female,Latino Hispanic
4505.jpg,30-39,Male,Southeast Asian
4516.jpg,3-9,Female,East Asian
4519.jpg,50-59,Female,Indian
4527.jpg,40-49,Female,Indian
4541.jpg,20-29,Female,Latino Hispanic
4553.jpg,30-39,Male,Latino Hispanic
4554.jpg,40-49,Male,Middle Eastern
4556.jpg,20-29,Female,Indian
4558.jpg,20-29,Female,Middle Eastern
4562.jpg,50-59,Female,Black
4563.jpg,40-49,Female,East Asian
4564.jpg,20-29,Female,East Asian
457.jpg,30-39,Male,East Asian
4575.jpg,3-9,Male,Black
4576.jpg,20-29,Female,Black
4582.jpg,50-59,Male,Southeast Asian
4591.jpg,10-19,Female,Latino Hispanic
4595.jpg,10-19,Female,Black
4605.jpg,20-29,Female,East Asian
461.jpg,10-19,Male,Southeast Asian
4622.jpg,3-9,Female,Southeast Asian
4624.jpg,40-49,Male,Black
4627.jpg,40-49,Female,Indian
463.jpg,40-49,Male,White
4634.jpg,20-29,Female,Indian
4636.jpg,20-29,Female,Indian
4647.jpg,20-29,Female,East Asian
4648.jpg,3-9,Male,Latino Hispanic
4649.jpg,30-39,Female,Latino Hispanic
4651.jpg,20-29,Female,Middle Eastern
4652.jpg,20-29,Female,Black
4653.jpg,30-39,Male,Middle Eastern
4656.jpg,40-49,Female,Middle Eastern
4665.jpg,20-29,Female,White
4674.jpg,20-29,Female,Middle Eastern
4675.jpg,20-29,Male,Southeast Asian
4681.jpg,40-49,Female,Southeast Asian
4689.jpg,20-29,Female,White
4690.jpg,20-29,Male,Middle Eastern
4693.jpg,20-29,Female,Latino Hispanic
4697.jpg,20-29,Male,Southeast Asian
4698.jpg,20-29,Male,White
4699.jpg,20-29,Male,White
4700.jpg,20-29,Female,Latino Hispanic
4708.jpg,20-29,Female,Southeast Asian
471.jpg,20-29,Female,Black
4710.jpg,20-29,Female,Indian
4712.jpg,20-29,Female,Black
4719.jpg,30-39,Female,Southeast Asian
4725.jpg,30-39,Male,Latino Hispanic
4738.jpg,3-9,Female,Southeast Asian
4741.jpg,3-9,Female,Latino Hispanic
4745.jpg,3-9,Male,Middle Eastern
4752.jpg,40-49,Male,Middle Eastern
4753.jpg,40-49,Male,White
4754.jpg,30-39,Female,Southeast Asian
4760.jpg,20-29,Male,Indian
4764.jpg,40-49,Male,Southeast Asian
4768.jpg,50-59,Male,Latino Hispanic
4774.jpg,3-9,Male,White
4775.jpg,30-39,Male,East Asian
4777.jpg,50-59,Male,White
4781.jpg,30-39,Male,Middle Eastern
4784.jpg,60-69,Female,Middle Eastern
4785.jpg,20-29,Male,East Asian
4791.jpg,40-49,Female,Latino Hispanic
4793.jpg,20-29,Male,East Asian
4797.jpg,20-29,Male,Black
480.jpg,20-29,Female,White
4802.jpg,30-39,Male,Indian
4814.jpg,10-19,Female,Latino Hispanic
4815.jpg,3-9,Female,Southeast Asian
4820.jpg,3-9,Female,Latino Hispanic
4827.jpg,40-49,Male,Middle Eastern
4833.jpg,40-49,Male,White
4837.jpg,3-9,Female,Southeast Asian
4846.jpg,20-29,Female,White
4847.jpg,30-39,Female,Latino Hispanic
485.jpg,0-2,Male,Black
4852.jpg,40-49,Male,East Asian
4855.jpg,3-9,Female,Latino Hispanic
4856.jpg,40-49,Male,Latino Hispanic
4858.jpg,10-19,Male,Latino Hispanic
4863.jpg,50-59,Female,East Asian
4866.jpg,20-29,Female,East Asian
4873.jpg,30-39,Female,Black
4888.jpg,50-59,Male,Middle Eastern
4889.jpg,10-19,Female,Middle Eastern
4890.jpg,30-39,Female,Southeast Asian
4895.jpg,3-9,Male,Southeast Asian
4906.jpg,30-39,Male,Middle Eastern
491.jpg,3-9,Female,Black
4910.jpg,3-9,Female,Latino Hispanic
4914.jpg,10-19,Male,East Asian
4915.jpg,40-49,Female,White
4918.jpg,10-19,Female,Southeast Asian
4920.jpg,20-29,Male,White
4921.jpg,40-49,Male,Black
4922.jpg,30-39,Male,Black
4923.jpg,30-39,Male,Southeast Asian
4927.jpg,3-9,Male,Middle Eastern
4929.jpg,30-39,Male,Middle Eastern
4934.jpg,0-2,Female,East Asian
4935.jpg,50-59,Male,Middle Eastern
4936.jpg,10-19,Female,Black
4938.jpg,30-39,Male,Middle Eastern
4939.jpg,20-29,Female,East Asian
494.jpg,60-69,Female,Latino Hispanic
4942.jpg,50-59,Male,Middle Eastern
4946.jpg,20-29,Male,Latino Hispanic
4951.jpg,3-9,Female,East Asian
4956.jpg,3-9,Male,Latino Hispanic
4958.jpg,30-39,Male,Latino Hispanic
4973.jpg,50-59,Male,Latino Hispanic
4978.jpg,60-69,Male,White
4988.jpg,40-49,Male,Indian
499.jpg,20-29,Male,Middle Eastern
4991.jpg,20-29,Female,White
4992.jpg,50-59,Male,Latino Hispanic
4994.jpg,20-29,Female,Southeast Asian
4996.jpg,30-39,Male,East Asian
4997.jpg,40-49,Male,White
5.jpg,20-29,Male,Southeast Asian
500.jpg,3-9,Male,Black
5000.jpg,20-29,Female,White
5001.jpg,20-29,Male,Latino Hispanic
5005.jpg,3-9,Male,Latino Hispanic
5008.jpg,60-69,Female,Middle Eastern
501.jpg,0-2,Male,White
5014.jpg,30-39,Female,Indian
5016.jpg,40-49,Male,Black
5020.jpg,3-9,Male,Southeast Asian
5022.jpg,20-29,Female,Southeast Asian
5045.jpg,20-29,Female,Black
5047.jpg,10-19,Female,White
5049.jpg,40-49,Male,Middle Eastern
505.jpg,40-49,Male,Southeast Asian
5052.jpg,40-49,Male,Middle Eastern
5054.jpg,20-29,Male,Black
5057.jpg,30-39,Male,Black
506.jpg,40-49,Male,Middle Eastern
5064.jpg,30-39,Male,Southeast Asian
5072.jpg,3-9,Female,Black
5074.jpg,40-49,Male,Southeast Asian
5085.jpg,20-29,Female,Black
5091.jpg,50-59,Male,East Asian
51.jpg,30-39,Male,Middle Eastern
5101.jpg,40-49,Male,Indian
5109.jpg,20-29,Female,East Asian
511.jpg,30-39,Male,Middle Eastern
5112.jpg,30-39,Male,Middle Eastern
5118.jpg,3-9,Male,Black
5120.jpg,20-29,Female,Southeast Asian
5128.jpg,10-19,Male,Southeast Asian
5133.jpg,20-29,Male,White
5136.jpg,10-19,Female,Black
5138.jpg,50-59,Male,White
5146.jpg,20-29,Male,East Asian
5148.jpg,20-29,Male,East Asian
5159.jpg,60-69,Female,Middle Eastern
5163.jpg,20-29,Female,Latino Hispanic
5166.jpg,30-39,Male,White
5181.jpg,20-29,Male,Southeast Asian
5182.jpg,30-39,Female,White
5188.jpg,20-29,Female,Latino Hispanic
519.jpg,20-29,Female,Latino Hispanic
5190.jpg,3-9,Female,East Asian
5198.jpg,20-29,Female,East Asian
5199.jpg,3-9,Male,Black
52.jpg,0-2,Male,Middle Eastern
5205.jpg,40-49,Male,Middle Eastern
5210.jpg,10-19,Male,Black
5214.jpg,40-49,Male,White
5224.jpg,40-49,Male,Middle Eastern
5228.jpg,20-29,Female,Black
5239.jpg,20-29,Female,East Asian
5240.jpg,3-9,Male,White
5242.jpg,50-59,Female,White
5246.jpg,30-39,Male,Black
5249.jpg,20-29,Female,East Asian
525.jpg,3-9,Male,East Asian
5253.jpg,20-29,Male,Latino Hispanic
526.jpg,20-29,Female,Latino Hispanic
5265.jpg,more than 70,Female,White
5269.jpg,30-39,Male,White
5273.jpg,50-59,Male,Indian
5275.jpg,3-9,Male,Latino Hispanic
5279.jpg,20-29,Male,Indian
5281.jpg,40-49,Female,Black
5284.jpg,30-39,Female,Black
5297.jpg,20-29,Female,Southeast Asian
53.jpg,50-59,Male,Latino Hispanic
5300.jpg,3-9,Male,East Asian
5301.jpg,more than 70,Female,Middle Eastern
5304.jpg,20-29,Male,East Asian
5306.jpg,20-29,Male,White
5310.jpg,40-49,Male,Southeast Asian
5315.jpg,3-9,Male,Southeast Asian
5316.jpg,20-29,Female,Latino Hispanic
5319.jpg,30-39,Female,White
533.jpg,50-59,Male,White
5338.jpg,more than 70,Female,Southeast Asian
5341.jpg,10-19,Female,Indian
5343.jpg,3-9,Male,White
5344.jpg,40-49,Male,Middle Eastern
5347.jpg,30-39,Male,Black
5351.jpg,40-49,Female,Southeast Asian
5357.jpg,40-49,Male,Latino Hispanic
5359.jpg,30-39,Male,Latino Hispanic
5374.jpg,50-59,Male,Southeast Asian
5376.jpg,20-29,Male,East Asian
538.jpg,20-29,Female,Black
5380.jpg,20-29,Female,Latino Hispanic
5383.jpg,0-2,Female,Southeast Asian
5384.jpg,3-9,Female,Latino Hispanic
539.jpg,30-39,Male,Middle Eastern
5390.jpg,30-39,Male,Indian
5391.jpg,20-29,Male,East Asian
5394.jpg,20-29,Female,Black
5400.jpg,30-39,Male,White
5405.jpg,40-49,Female,White
5407.jpg,30-39,Male,White
5410.jpg,40-49,Male,Latino Hispanic
5411.jpg,20-29,Female,White
5413.jpg,30-39,Male,Latino Hispanic
5414.jpg,10-19,Male,Black
5416.jpg,0-2,Male,East Asian
5417.jpg,20-29,Female,East Asian
5424.jpg,20-29,Female,White
5425.jpg,20-29,Female,East Asian
543.jpg,20-29,Male,White
5432.jpg,30-39,Male,Southeast Asian
5434.jpg,30-39,Male,White
5437.jpg,50-59,Female,Middle Eastern
5439.jpg,20-29,Female,Middle Eastern
5441.jpg,20-29,Female,East Asian
5448.jpg,30-39,Male,East Asian
5450.jpg,30-39,Female,White
5453.jpg,20-29,Female,White
5457.jpg,20-29,Male,Middle Eastern
5464.jpg,20-29,Male,White
5465.jpg,10-19,Male,Black
5472.jpg,30-39,Female,White
548.jpg,20-29,Male,Middle Eastern
5480.jpg,30-39,Female,White
5483.jpg,30-39,Female,Black
5487.jpg,3-9,Female,Black
5490.jpg,10-19,Male,East Asian
5495.jpg,40-49,Male,Middle Eastern
5500.jpg,40-49,Male,Black
5506.jpg,20-29,Male,White
5507.jpg,30-39,Male,Middle Eastern
5521.jpg,3-9,Male,Black
5527.jpg,40-49,Male,East Asian
553.jpg,60-69,Female,Black
5536.jpg,60-69,Male,Middle Eastern
5537.jpg,20-29,Female,Southeast Asian
5538.jpg,30-39,Male,East Asian
5547.jpg,3-9,Female,Southeast Asian
5556.jpg,3-9,Female,Latino Hispanic
5557.jpg,60-69,Male,Middle Eastern
5559.jpg,20-29,Female,Latino Hispanic
556.jpg,40-49,Male,Indian
5563.jpg,50-59,Male,Black
5569.jpg,0-2,Male,Middle Eastern
557.jpg,40-49,Male,Southeast Asian
5574.jpg,3-9,Male,White
5579.jpg,30-39,Male,Black
5593.jpg,20-29,Female,East Asian
5594.jpg,20-29,Male,Indian
5595.jpg,30-39,Female,Indian
5597.jpg,3-9,Male,Middle Eastern
56.jpg,40-49,Male,White
560.jpg,30-39,Female,Black
5601.jpg,3-9,Male,Southeast Asian
5602.jpg,30-39,Female,White
5609.jpg,3-9,Male,Southeast Asian
561.jpg,3-9,Male,Black
5615.jpg,40-49,Male,East Asian
5620.jpg,50-59,Male,Middle Eastern
5629.jpg,10-19,Male,Southeast Asian
5640.jpg,30-39,Female,Middle Eastern
5642.jpg,40-49,Male,Middle Eastern
565.jpg,20-29,Female,Indian
5650.jpg,30-39,Male,Middle Eastern
5657.jpg,3-9,Male,East Asian
5662.jpg,20-29,Female,Latino Hispanic
5665.jpg,0-2,Male,White
5666.jpg,10-19,Male,Black
5668.jpg,30-39,Female,Latino Hispanic
5669.jpg,30-39,Female,White
5675.jpg,3-9,Male,East Asian
5677.jpg,20-29,Female,Black
5681.jpg,20-29,Female,White
5683.jpg,50-59,Male,Black
5686.jpg,20-29,Male,Southeast Asian
5689.jpg,20-29,Male,Latino Hispanic
5691.jpg,30-39,Female,Black
5701.jpg,20-29,Female,Black
5703.jpg,20-29,Female,East Asian
5705.jpg,20-29,Female,Latino Hispanic
5715.jpg,50-59,Female,Latino Hispanic
5719.jpg,10-19,Female,East Asian
5723.jpg,40-49,Male,White
5725.jpg,10-19,Female,Latino Hispanic
5726.jpg,50-59,Male,Middle Eastern
5733.jpg,3-9,Male,Black
5734.jpg,30-39,Female,Black
5740.jpg,10-19,Female,Latino Hispanic
5742.jpg,3-9,Male,Middle Eastern
5749.jpg,40-49,Male,Middle Eastern
5770.jpg,30-39,Male,Middle Eastern
5779.jpg,40-49,Female,Indian
5785.jpg,30-39,Male,Latino Hispanic
5796.jpg,10-19,Male,Middle Eastern
5797.jpg,3-9,Male,East Asian
58.jpg,3-9,Male,Black
580.jpg,40-49,Male,Indian
5805.jpg,20-29,Female,White
5814.jpg,60-69,Male,Middle Eastern
5816.jpg,10-19,Male,Indian
5819.jpg,50-59,Female,Indian
582.jpg,60-69,Male,Black
5822.jpg,20-29,Female,East Asian
5825.jpg,20-29,Female,Middle Eastern
5829.jpg,10-19,Female,Indian
583.jpg,20-29,Male,Indian
5833.jpg,30-39,Male,Latino Hispanic
5840.jpg,20-29,Female,Southeast Asian
5842.jpg,20-29,Male,Southeast Asian
5843.jpg,20-29,Female,East Asian
5846.jpg,20-29,Male,White
5847.jpg,20-29,Male,Black
5855.jpg,30-39,Male,Middle Eastern
5857.jpg,3-9,Female,Indian
5863.jpg,20-29,Female,East Asian
5868.jpg,30-39,Male,Southeast Asian
5870.jpg,30-39,Male,Middle Eastern
5872.jpg,10-19,Female,Latino Hispanic
5875.jpg,20-29,Female,Southeast Asian
5878.jpg,20-29,Male,Latino Hispanic
588.jpg,40-49,Female,Southeast Asian
5882.jpg,50-59,Male,White
5884.jpg,50-59,Female,White
5886.jpg,40-49,Male,White
5893.jpg,30-39,Female,Black
5894.jpg,30-39,Male,White
5902.jpg,20-29,Male,Southeast Asian
5906.jpg,50-59,Male,Black
5908.jpg,40-49,Female,Southeast Asian
591.jpg,20-29,Male,Southeast Asian
5916.jpg,30-39,Male,Southeast Asian
5924.jpg,40-49,Female,Indian
5934.jpg,20-29,Male,East Asian
5935.jpg,20-29,Female,White
5936.jpg,60-69,Female,Indian
5939.jpg,30-39,Female,Latino Hispanic
5944.jpg,40-49,Male,Southeast Asian
5948.jpg,30-39,Female,White
5952.jpg,20-29,Female,White
5958.jpg,20-29,Female,Southeast Asian
5959.jpg,40-49,Female,Middle Eastern
596.jpg,20-29,Female,East Asian
5961.jpg,20-29,Male,Middle Eastern
5967.jpg,30-39,Female,Latino Hispanic
5969.jpg,3-9,Female,Middle Eastern
5971.jpg,40-49,Male,Middle Eastern
5972.jpg,0-2,Male,East Asian
5974.jpg,3-9,Male,Black
5980.jpg,20-29,Male,Southeast Asian
5981.jpg,30-39,Male,East Asian
5983.jpg,30-39,Female,White
5985.jpg,40-49,Male,Indian
5987.jpg,3-9,Male,East Asian
5993.jpg,50-59,Female,Middle Eastern
5994.jpg,20-29,Male,Indian
5999.jpg,10-19,Female,Southeast Asian
6000.jpg,30-39,Male,Southeast Asian
6001.jpg,40-49,Male,East Asian
6007.jpg,40-49,Male,Southeast Asian
6011.jpg,20-29,Female,Black
6014.jpg,0-2,Female,White
6017.jpg,3-9,Male,East Asian
602.jpg,20-29,Male,Southeast Asian
6024.jpg,20-29,Male,East Asian
6033.jpg,20-29,Male,East Asian
6036.jpg,20-29,Male,Southeast Asian
6044.jpg,60-69,Female,Middle Eastern
605.jpg,3-9,Male,White
6058.jpg,50-59,Male,Middle Eastern
6063.jpg,20-29,Male,Latino Hispanic
6072.jpg,3-9,Female,Indian
6073.jpg,50-59,Male,Indian
6074.jpg,50-59,Female,Southeast Asian
6077.jpg,40-49,Male,Southeast Asian
6080.jpg,20-29,Male,East Asian
6082.jpg,30-39,Male,Southeast Asian
6084.jpg,20-29,Male,Latino Hispanic
6085.jpg,30-39,Female,Latino Hispanic
6086.jpg,3-9,Male,Southeast Asian
6095.jpg,20-29,Female,White
6099.jpg,30-39,Male,Latino Hispanic
611.jpg,30-39,Male,East Asian
6113.jpg,40-49,Female,Black
612.jpg,20-29,Male,Southeast Asian
6121.jpg,50-59,Female,Latino Hispanic
6123.jpg,10-19,Female,Latino Hispanic
6139.jpg,30-39,Male,Latino Hispanic
6147.jpg,10-19,Female,White
6148.jpg,30-39,Female,Middle Eastern
615.jpg,30-39,Female,White
6150.jpg,3-9,Male,Middle Eastern
6151.jpg,20-29,Male,Black
6160.jpg,20-29,Male,Black
6163.jpg,20-29,Female,East Asian
6165.jpg,30-39,Female,White
6166.jpg,60-69,Female,East Asian
6171.jpg,30-39,Female,Indian
6172.jpg,30-39,Male,Indian
6174.jpg,20-29,Male,East Asian
6176.jpg,10-19,Female,Southeast Asian
618.jpg,more than 70,Male,Southeast Asian
6180.jpg,20-29,Female,Indian
6182.jpg,30-39,Female,Indian
6183.jpg,20-29,Female,East Asian
619.jpg,50-59,Female,Black
6190.jpg,20-29,Male,Latino Hispanic
6198.jpg,40-49,Male,Middle Eastern
6204.jpg,30-39,Male,White
621.jpg,50-59,Male,Southeast Asian
6210.jpg,20-29,Female,Indian
6212.jpg,30-39,Male,Southeast Asian
6218.jpg,30-39,Male,White
6219.jpg,30-39,Female,White
6223.jpg,20-29,Female,Indian
6225.jpg,40-49,Male,Indian
6232.jpg,40-49,Male,White
6237.jpg,20-29,Female,White
6242.jpg,40-49,Male,Middle Eastern
6247.jpg,20-29,Male,Southeast Asian
6248.jpg,20-29,Female,White
6251.jpg,20-29,Female,Southeast Asian
6258.jpg,40-49,Female,Middle Eastern
626.jpg,20-29,Female,East Asian
6267.jpg,40-49,Female,Latino Hispanic
6269.jpg,20-29,Male,Indian
6282.jpg,20-29,Male,East Asian
6284.jpg,20-29,Female,Middle Eastern
6287.jpg,10-19,Female,Southeast Asian
6290.jpg,3-9,Male,East Asian
6293.jpg,40-49,Female,White
63.jpg,3-9,Male,White
6304.jpg,40-49,Female,Middle Eastern
6306.jpg,30-39,Male,Middle Eastern
6313.jpg,40-49,Male,Southeast Asian
6315.jpg,30-39,Male,Latino Hispanic
6318.jpg,20-29,Female,Black
6323.jpg,3-9,Female,Indian
6325.jpg,20-29,Male,Middle Eastern
6330.jpg,3-9,Male,Southeast Asian
6333.jpg,30-39,Female,Latino Hispanic
6334.jpg,0-2,Male,Southeast Asian
6337.jpg,20-29,Male,White
6338.jpg,40-49,Male,Black
6342.jpg,10-19,Female,Middle Eastern
6347.jpg,30-39,Female,Indian
6349.jpg,3-9,Male,East Asian
6351.jpg,20-29,Female,Black
6356.jpg,50-59,Male,Middle Eastern
6359.jpg,20-29,Male,Latino Hispanic
6362.jpg,30-39,Male,Middle Eastern
6365.jpg,40-49,Male,White
6366.jpg,10-19,Male,White
6375.jpg,50-59,Female,Latino Hispanic
6378.jpg,10-19,Female,Latino Hispanic
6379.jpg,20-29,Female,East Asian
6394.jpg,30-39,Female,White
641.jpg,20-29,Female,Latino Hispanic
6416.jpg,30-39,Male,East Asian
6419.jpg,3-9,Male,Middle Eastern
642.jpg,3-9,Male,Southeast Asian
6420.jpg,30-39,Male,East Asian
6424.jpg,40-49,Female,White
6426.jpg,20-29,Male,Middle Eastern
6429.jpg,3-9,Male,White
6430.jpg,40-49,Male,East Asian
6435.jpg,30-39,Male,White
6436.jpg,20-29,Male,East Asian
6438.jpg,30-39,Female,Black
6442.jpg,3-9,Female,Indian
645.jpg,20-29,Female,Middle Eastern
6450.jpg,20-29,Female,East Asian
6453.jpg,30-39,Male,Black
6466.jpg,30-39,Female,Latino Hispanic
6467.jpg,20-29,Male,Latino Hispanic
6471.jpg,20-29,Male,White
6477.jpg,30-39,Male,Middle Eastern
6478.jpg,20-29,Female,White
6483.jpg,20-29,Female,East Asian
6491.jpg,30-39,Male,Middle Eastern
6498.jpg,30-39,Female,White
65.jpg,50-59,Male,Latino Hispanic
6500.jpg,20-29,Female,Middle Eastern
6505.jpg,20-29,Female,White
6532.jpg,40-49,Male,Middle Eastern
6536.jpg,30-39,Male,Black
6539.jpg,20-29,Male,Latino Hispanic
654.jpg,40-49,Male,White
6542.jpg,3-9,Male,Latino Hispanic
6543.jpg,30-39,Male,East Asian
6546.jpg,3-9,Male,Southeast Asian
6548.jpg,40-49,Male,Middle Eastern
657.jpg,40-49,Male,Middle Eastern
6574.jpg,40-49,Female,East Asian
6575.jpg,20-29,Female,Latino Hispanic
6580.jpg,30-39,Male,Middle Eastern
6581.jpg,10-19,Male,Black
6582.jpg,20-29,Female,East Asian
6583.jpg,20-29,Male,Black
6596.jpg,50-59,Male,Southeast Asian
6598.jpg,30-39,Male,White
66.jpg,30-39,Female,Middle Eastern
6604.jpg,3-9,Male,Latino Hispanic
661.jpg,30-39,Male,Black
6628.jpg,3-9,Female,Latino Hispanic
6629.jpg,50-59,Male,Latino Hispanic
663.jpg,30-39,Female,White
6631.jpg,30-39,Female,East Asian
6632.jpg,20-29,Male,Black
6637.jpg,30-39,Male,Black
6638.jpg,20-29,Female,Indian
6639.jpg,20-29,Female,Latino Hispanic
6643.jpg,40-49,Male,Indian
6644.jpg,40-49,Male,Middle Eastern
6647.jpg,20-29,Female,East Asian
6649.jpg,3-9,Male,Latino Hispanic
665.jpg,40-49,Female,Indian
6663.jpg,20-29,Male,East Asian
667.jpg,more than 70,Male,Middle Eastern
6673.jpg,40-49,Female,East Asian
668.jpg,20-29,Female,Latino Hispanic
6682.jpg,10-19,Male,Southeast Asian
6695.jpg,20-29,Male,Middle Eastern
6696.jpg,3-9,Female,Black
6703.jpg,10-19,Female,Black
6704.jpg,50-59,Female,Southeast Asian
6705.jpg,3-9,Male,Southeast Asian
6708.jpg,30-39,Male,Middle Eastern
6710.jpg,3-9,Male,Black
6716.jpg,20-29,Female,White
6718.jpg,30-39,Male,White
6719.jpg,20-29,Male,White
6722.jpg,20-29,Female,Latino Hispanic
6723.jpg,40-49,Male,White
6724.jpg,3-9,Male,Indian
6727.jpg,20-29,Male,East Asian
6733.jpg,20-29,Female,East Asian
6737.jpg,30-39,Male,Black
6741.jpg,20-29,Male,Latino Hispanic
6744.jpg,50-59,Male,White
6747.jpg,30-39,Male,Latino Hispanic
6749.jpg,30-39,Female,Black
6752.jpg,20-29,Female,East Asian
6754.jpg,40-49,Male,Southeast Asian
6755.jpg,40-49,Male,White
6763.jpg,3-9,Male,Southeast Asian
6764.jpg,20-29,Male,Black
6765.jpg,20-29,Male,White
6769.jpg,10-19,Female,White
6771.jpg,20-29,Male,Latino Hispanic
6777.jpg,40-49,Female,Southeast Asian
678.jpg,10-19,Female,Black
6780.jpg,50-59,Female,Black
6786.jpg,20-29,Male,Middle Eastern
6787.jpg,0-2,Male,Indian
6791.jpg,50-59,Male,White
6798.jpg,3-9,Male,White
6799.jpg,20-29,Female,White
68.jpg,3-9,Male,East Asian
680.jpg,50-59,Female,Black
6804.jpg,3-9,Female,East Asian
6807.jpg,40-49,Male,Black
6809.jpg,30-39,Male,White
6810.jpg,20-29,Female,Southeast Asian
6815.jpg,40-49,Male,Middle Eastern
6820.jpg,20-29,Female,White
6827.jpg,20-29,Male,White
6831.jpg,50-59,Male,Black
6833.jpg,20-29,Male,Middle Eastern
6835.jpg,30-39,Male,Black
6839.jpg,30-39,Male,East Asian
6841.jpg,30-39,Female,White
6851.jpg,50-59,Male,Black
6852.jpg,20-29,Female,Black
6853.jpg,3-9,Female,White
6856.jpg,30-39,Male,Latino Hispanic
6857.jpg,60-69,Male,White
6862.jpg,3-9,Female,White
6881.jpg,20-29,Female,East Asian
6883.jpg,30-39,Male,Black
6896.jpg,20-29,Male,Latino Hispanic
6898.jpg,50-59,Female,Black
6903.jpg,20-29,Female,White
6904.jpg,30-39,Female,East Asian
6908.jpg,30-39,Male,White
6926.jpg,50-59,Female,Southeast Asian
6928.jpg,60-69,Male,White
6929.jpg,50-59,Male,Latino Hispanic
6930.jpg,20-29,Male,Middle Eastern
6931.jpg,30-39,Male,East Asian
6935.jpg,40-49,Female,Black
6936.jpg,40-49,Male,Southeast Asian
6943.jpg,20-29,Male,Latino Hispanic
6958.jpg,20-29,Male,East Asian
6959.jpg,20-29,Female,Latino Hispanic
6960.jpg,20-29,Male,White
6961.jpg,40-49,Male,Black
6966.jpg,10-19,Male,Black
6969.jpg,40-49,Male,Middle Eastern
6976.jpg,50-59,Female,East Asian
6978.jpg,40-49,Male,White
6990.jpg,10-19,Male,Southeast Asian
6991.jpg,30-39,Male,Middle Eastern
6995.jpg,20-29,Female,Middle Eastern
6998.jpg,20-29,Male,Southeast Asian
7007.jpg,3-9,Female,Indian
7008.jpg,40-49,Male,White
7010.jpg,20-29,Male,East Asian
7016.jpg,30-39,Male,Middle Eastern
7018.jpg,20-29,Female,East Asian
702.jpg,20-29,Female,East Asian
7022.jpg,20-29,Female,Southeast Asian
7024.jpg,30-39,Male,Black
7025.jpg,30-39,Male,Middle Eastern
7027.jpg,30-39,Male,Latino Hispanic
7031.jpg,60-69,Male,East Asian
704.jpg,50-59,Male,Latino Hispanic
7042.jpg,30-39,Male,Latino Hispanic
7047.jpg,20-29,Female,Middle Eastern
7048.jpg,40-49,Male,Latino Hispanic
7059.jpg,20-29,Female,White
7066.jpg,30-39,Male,White
7071.jpg,30-39,Male,Middle Eastern
7075.jpg,20-29,Female,Middle Eastern
7076.jpg,50-59,Female,White
7081.jpg,30-39,Male,Black
7089.jpg,20-29,Male,White
7091.jpg,60-69,Male,Indian
7092.jpg,30-39,Female,Middle Eastern
7095.jpg,3-9,Male,Middle Eastern
7097.jpg,30-39,Male,Middle Eastern
7108.jpg,50-59,Female,Latino Hispanic
7115.jpg,20-29,Female,Black
7117.jpg,20-29,Female,Black
7127.jpg,30-39,Female,White
7131.jpg,40-49,Female,White
7138.jpg,20-29,Male,East Asian
7141.jpg,50-59,Male,Southeast Asian
7153.jpg,40-49,Male,Black
7157.jpg,3-9,Male,Black
7158.jpg,20-29,Female,East Asian
7159.jpg,30-39,Male,Middle Eastern
7164.jpg,3-9,Male,Black
7165.jpg,10-19,Female,Indian
7168.jpg,50-59,Female,Black
7169.jpg,20-29,Male,Middle Eastern
7173.jpg,50-59,Female,Middle Eastern
7176.jpg,40-49,Female,Latino Hispanic
7182.jpg,3-9,Male,Black
7192.jpg,3-9,Male,Middle Eastern
7209.jpg,40-49,Female,Latino Hispanic
7216.jpg,40-49,Male,East Asian
722.jpg,20-29,Male,Latino Hispanic
7220.jpg,30-39,Male,White
7223.jpg,30-39,Male,East Asian
7227.jpg,20-29,Male,Southeast Asian
7229.jpg,20-29,Female,Middle Eastern
7233.jpg,30-39,Male,East Asian
7242.jpg,20-29,Female,White
7244.jpg,20-29,Male,Middle Eastern
7245.jpg,40-49,Male,Black
7253.jpg,30-39,Female,White
7254.jpg,30-39,Male,Middle Eastern
7259.jpg,20-29,Female,Southeast Asian
7270.jpg,30-39,Female,Black
7281.jpg,3-9,Female,Middle Eastern
7288.jpg,30-39,Male,White
7291.jpg,30-39,Female,Black
7295.jpg,40-49,Male,Indian
73.jpg,20-29,Female,White
7303.jpg,20-29,Female,Latino Hispanic
7307.jpg,60-69,Male,White
7308.jpg,50-59,Female,Black
731.jpg,30-39,Female,Indian
7315.jpg,10-19,Female,Black
7317.jpg,20-29,Female,Middle Eastern
7330.jpg,40-49,Male,Latino Hispanic
7331.jpg,20-29,Female,Southeast Asian
7337.jpg,3-9,Male,Black
7340.jpg,20-29,Female,Latino Hispanic
7346.jpg,30-39,Male,Middle Eastern
7347.jpg,30-39,Female,East Asian
735.jpg,50-59,Female,Middle Eastern
7350.jpg,3-9,Female,East Asian
7351.jpg,20-29,Male,White
7356.jpg,20-29,Female,Black
7364.jpg,20-29,Female,East Asian
7373.jpg,0-2,Male,Middle Eastern
7378.jpg,40-49,Female,Latino Hispanic
7382.jpg,3-9,Female,White
7383.jpg,3-9,Female,East Asian
740.jpg,20-29,Male,White
7408.jpg,3-9,Male,Black
741.jpg,20-29,Male,Southeast Asian
7411.jpg,50-59,Female,White
7414.jpg,10-19,Male,Indian
7417.jpg,20-29,Female,Southeast Asian
743.jpg,10-19,Female,White
7433.jpg,20-29,Male,Indian
7437.jpg,10-19,Female,Black
7447.jpg,3-9,Male,Black
7448.jpg,20-29,Female,Southeast Asian
745.jpg,30-39,Male,White
7451.jpg,20-29,Female,East Asian
7458.jpg,40-49,Female,East Asian
7463.jpg,30-39,Male,Middle Eastern
7466.jpg,20-29,Male,Southeast Asian
7467.jpg,3-9,Female,Southeast Asian
7475.jpg,20-29,Female,Black
7478.jpg,20-29,Male,East Asian
7479.jpg,3-9,Male,Latino Hispanic
7481.jpg,30-39,Female,Latino Hispanic
7483.jpg,20-29,Female,Middle Eastern
7488.jpg,20-29,Female,Southeast Asian
7492.jpg,20-29,Male,Southeast Asian
7494.jpg,50-59,Male,Middle Eastern
7496.jpg,10-19,Female,Southeast Asian
7499.jpg,50-59,Male,Black
7501.jpg,30-39,Female,Latino Hispanic
7502.jpg,20-29,Male,Indian
7504.jpg,20-29,Male,White
7505.jpg,3-9,Female,Middle Eastern
7509.jpg,30-39,Male,Middle Eastern
7510.jpg,40-49,Male,Latino Hispanic
7511.jpg,20-29,Male,East Asian
7516.jpg,60-69,Female,Southeast Asian
7518.jpg,3-9,Male,Latino Hispanic
7519.jpg,20-29,Female,Middle Eastern
7522.jpg,20-29,Male,Middle Eastern
7529.jpg,20-29,Male,Latino Hispanic
7532.jpg,50-59,Female,Latino Hispanic
7533.jpg,20-29,Female,Latino Hispanic
7540.jpg,40-49,Female,White
7542.jpg,40-49,Male,White
755.jpg,40-49,Female,East Asian
7553.jpg,3-9,Male,Southeast Asian
7558.jpg,20-29,Female,East Asian
7561.jpg,20-29,Female,Southeast Asian
7562.jpg,10-19,Female,Indian
7571.jpg,40-49,Male,Indian
7572.jpg,40-49,Female,Latino Hispanic
7578.jpg,10-19,Male,Southeast Asian
7579.jpg,20-29,Female,East Asian
7589.jpg,40-49,Female,White
759.jpg,20-29,Female,White
7590.jpg,10-19,Female,East Asian
7595.jpg,40-49,Male,East Asian
7601.jpg,10-19,Male,Southeast Asian
7609.jpg,3-9,Male,East Asian
7620.jpg,20-29,Male,Black
7624.jpg,40-49,Male,East Asian
7625.jpg,20-29,Female,Latino Hispanic
7630.jpg,20-29,Female,Southeast Asian
7633.jpg,20-29,Female,East Asian
7635.jpg,10-19,Male,Middle Eastern
7638.jpg,50-59,Male,Indian
7641.jpg,20-29,Male,Indian
7646.jpg,3-9,Female,Black
7649.jpg,30-39,Male,Latino Hispanic
7656.jpg,30-39,Male,East Asian
7664.jpg,3-9,Male,East Asian
7669.jpg,40-49,Male,Middle Eastern
7676.jpg,50-59,Male,Middle Eastern
7680.jpg,20-29,Male,Indian
7683.jpg,30-39,Male,Middle Eastern
7687.jpg,10-19,Male,Latino Hispanic
7688.jpg,20-29,Female,White
7689.jpg,3-9,Female,Black
769.jpg,3-9,Male,Indian
7690.jpg,50-59,Male,East Asian
7693.jpg,50-59,Female,Middle Eastern
7694.jpg,3-9,Male,Black
7696.jpg,40-49,Male,Southeast Asian
7699.jpg,20-29,Female,Southeast Asian
77.jpg,40-49,Female,Latino Hispanic
7700.jpg,10-19,Female,East Asian
7701.jpg,20-29,Male,Middle Eastern
7703.jpg,40-49,Male,White
7704.jpg,30-39,Male,Middle Eastern
7710.jpg,30-39,Male,Southeast Asian
7723.jpg,20-29,Female,Middle Eastern
7724.jpg,40-49,Male,Latino Hispanic
7728.jpg,3-9,Female,East Asian
773.jpg,30-39,Male,Middle Eastern
7736.jpg,30-39,Female,East Asian
7738.jpg,10-19,Female,Southeast Asian
7741.jpg,3-9,Female,White
7743.jpg,30-39,Female,East Asian
775.jpg,30-39,Female,White
7750.jpg,30-39,Male,Black
7752.jpg,30-39,Male,Latino Hispanic
7755.jpg,10-19,Female,Black
7758.jpg,30-39,Male,White
7759.jpg,30-39,Female,White
7760.jpg,3-9,Female,East Asian
7763.jpg,40-49,Male,Middle Eastern
7766.jpg,40-49,Male,Indian
7771.jpg,40-49,Male,White
7772.jpg,20-29,Male,Middle Eastern
7773.jpg,20-29,Female,East Asian
7776.jpg,20-29,Female,Middle Eastern
7778.jpg,20-29,Female,White
7781.jpg,3-9,Female,Latino Hispanic
7783.jpg,3-9,Female,Latino Hispanic
7793.jpg,30-39,Female,Indian
7796.jpg,40-49,Female,White
7809.jpg,60-69,Male,East Asian
7811.jpg,20-29,Male,White
7814.jpg,20-29,Female,White
7819.jpg,20-29,Female,Middle Eastern
7822.jpg,20-29,Female,Middle Eastern
7823.jpg,40-49,Male,White
7824.jpg,40-49,Male,Middle Eastern
7826.jpg,20-29,Female,East Asian
7835.jpg,30-39,Female,East Asian
7837.jpg,10-19,Female,Middle Eastern
7839.jpg,40-49,Male,Middle Eastern
7852.jpg,40-49,Female,Black
7853.jpg,40-49,Female,Latino Hispanic
7858.jpg,20-29,Female,Black
7860.jpg,3-9,Male,Middle Eastern
7864.jpg,20-29,Male,Middle Eastern
7872.jpg,3-9,Female,Indian
7881.jpg,30-39,Male,Middle Eastern
7882.jpg,20-29,Male,East Asian
7886.jpg,3-9,Male,East Asian
7888.jpg,0-2,Male,Southeast Asian
789.jpg,30-39,Female,White
7895.jpg,3-9,Male,Black
79.jpg,10-19,Female,Middle Eastern
7903.jpg,40-49,Male,Middle Eastern
7905.jpg,20-29,Female,White
7907.jpg,20-29,Female,East Asian
7912.jpg,60-69,Male,Southeast Asian
7913.jpg,3-9,Female,Black
7914.jpg,30-39,Female,White
7919.jpg,20-29,Female,Middle Eastern
792.jpg,30-39,Male,Latino Hispanic
7923.jpg,40-49,Male,Latino Hispanic
7925.jpg,40-49,Female,Indian
7927.jpg,10-19,Female,Latino Hispanic
7929.jpg,20-29,Female,Middle Eastern
7932.jpg,40-49,Male,White
7939.jpg,30-39,Male,White
7940.jpg,40-49,Female,White
7950.jpg,10-19,Male,Middle Eastern
7957.jpg,30-39,Male,Middle Eastern
7959.jpg,20-29,Male,White
7961.jpg,20-29,Female,Southeast Asian
798.jpg,10-19,Female,Middle Eastern
7981.jpg,20-29,Male,Middle Eastern
7985.jpg,more than 70,Female,Southeast Asian
7987.jpg,10-19,Male,Middle Eastern
7989.jpg,20-29,Male,East Asian
7991.jpg,30-39,Male,Black
7994.jpg,20-29,Male,East Asian
7999.jpg,10-19,Male,Southeast Asian
8.jpg,3-9,Male,East Asian
80.jpg,20-29,Female,Indian
8003.jpg,20-29,Female,East Asian
8012.jpg,20-29,Female,Southeast Asian
8013.jpg,60-69,Male,White
8030.jpg,30-39,Male,Latino Hispanic
8034.jpg,30-39,Male,White
8037.jpg,3-9,Female,East Asian
8041.jpg,30-39,Male,White
8043.jpg,20-29,Male,Southeast Asian
8045.jpg,30-39,Male,Black
8049.jpg,20-29,Male,Southeast Asian
805.jpg,60-69,Male,Middle Eastern
8053.jpg,20-29,Male,Middle Eastern
8055.jpg,20-29,Male,East Asian
8059.jpg,3-9,Female,Middle Eastern
8061.jpg,20-29,Male,Southeast Asian
8069.jpg,20-29,Male,Southeast Asian
8074.jpg,50-59,Male,White
8075.jpg,20-29,Male,White
8077.jpg,20-29,Male,White
8081.jpg,30-39,Male,Middle Eastern
8099.jpg,3-9,Male,Southeast Asian
81.jpg,30-39,Male,Black
8104.jpg,3-9,Female,East Asian
8106.jpg,30-39,Male,Southeast Asian
8109.jpg,10-19,Male,Black
8111.jpg,20-29,Male,Indian
8116.jpg,20-29,Female,East Asian
8117.jpg,30-39,Female,Southeast Asian
8119.jpg,20-29,Female,Indian
8127.jpg,20-29,Female,White
8133.jpg,20-29,Female,Latino Hispanic
8134.jpg,60-69,Female,Indian
8135.jpg,30-39,Female,White
8139.jpg,60-69,Male,Black
8146.jpg,20-29,Male,East Asian
8148.jpg,50-59,Female,Latino Hispanic
8151.jpg,20-29,Female,White
8152.jpg,3-9,Female,Latino Hispanic
8153.jpg,3-9,Female,Black
8154.jpg,40-49,Female,Black
8157.jpg,20-29,Female,White
8163.jpg,40-49,Male,East Asian
8164.jpg,20-29,Female,Black
8166.jpg,20-29,Female,East Asian
8180.jpg,60-69,Female,Middle Eastern
8182.jpg,50-59,Female,White
82.jpg,3-9,Male,East Asian
8206.jpg,3-9,Male,East Asian
8209.jpg,50-59,Male,Middle Eastern
8210.jpg,50-59,Male,Indian
8214.jpg,40-49,Male,Indian
8217.jpg,3-9,Female,East Asian
8227.jpg,20-29,Female,Indian
8228.jpg,40-49,Male,East Asian
823.jpg,30-39,Male,White
8239.jpg,30-39,Male,East Asian
8242.jpg,30-39,Male,Black
8246.jpg,50-59,Male,Black
825.jpg,3-9,Male,Indian
8254.jpg,20-29,Female,White
8257.jpg,20-29,Female,White
8269.jpg,20-29,Male,Black
8274.jpg,20-29,Female,Southeast Asian
8276.jpg,20-29,Female,Middle Eastern
8278.jpg,3-9,Male,Middle Eastern
828.jpg,50-59,Male,White
8280.jpg,3-9,Male,Black
8282.jpg,20-29,Male,Middle Eastern
8283.jpg,30-39,Male,Middle Eastern
829.jpg,20-29,Male,Southeast Asian
83.jpg,30-39,Female,White
8302.jpg,40-49,Female,White
8303.jpg,20-29,Female,White
8306.jpg,20-29,Female,Middle Eastern
831.jpg,20-29,Male,White
8310.jpg,40-49,Male,Black
8318.jpg,30-39,Male,Middle Eastern
8319.jpg,10-19,Male,Latino Hispanic
8332.jpg,20-29,Male,East Asian
8338.jpg,60-69,Male,White
834.jpg,3-9,Male,East Asian
8343.jpg,0-2,Male,East Asian
8346.jpg,30-39,Male,Latino Hispanic
8354.jpg,20-29,Male,Southeast Asian
8359.jpg,30-39,Female,Middle Eastern
8360.jpg,20-29,Female,Latino Hispanic
8367.jpg,10-19,Male,Indian
8369.jpg,20-29,Female,Latino Hispanic
837.jpg,0-2,Male,Southeast Asian
8375.jpg,30-39,Female,Southeast Asian
8387.jpg,30-39,Female,Indian
8408.jpg,20-29,Female,Indian
8409.jpg,3-9,Male,Black
8414.jpg,20-29,Male,East Asian
8419.jpg,30-39,Male,White
8420.jpg,20-29,Female,White
8427.jpg,20-29,Male,Southeast Asian
843.jpg,3-9,Male,East Asian
8441.jpg,50-59,Male,Latino Hispanic
8443.jpg,20-29,Female,Middle Eastern
8445.jpg,20-29,Male,East Asian
8446.jpg,20-29,Female,East Asian
8447.jpg,30-39,Male,Middle Eastern
8448.jpg,40-49,Male,Middle Eastern
8451.jpg,30-39,Male,Middle Eastern
846.jpg,20-29,Male,Indian
8460.jpg,0-2,Male,Middle Eastern
8466.jpg,20-29,Female,White
8469.jpg,40-49,Female,Latino Hispanic
8472.jpg,3-9,Male,Black
8474.jpg,0-2,Male,White
848.jpg,20-29,Female,Middle Eastern
8496.jpg,40-49,Female,Latino Hispanic
8503.jpg,40-49,Female,Latino Hispanic
8506.jpg,20-29,Female,Indian
8508.jpg,3-9,Female,East Asian
851.jpg,3-9,Female,East Asian
8513.jpg,20-29,Male,Indian
8514.jpg,20-29,Female,Middle Eastern
8515.jpg,40-49,Female,White
8519.jpg,20-29,Male,Black
8525.jpg,10-19,Female,Indian
8528.jpg,30-39,Male,East Asian
8532.jpg,30-39,Female,Latino Hispanic
8536.jpg,40-49,Female,Black
854.jpg,20-29,Male,Indian
8540.jpg,20-29,Female,White
8541.jpg,3-9,Male,Black
8553.jpg,20-29,Female,Southeast Asian
856.jpg,3-9,Female,Latino Hispanic
8560.jpg,20-29,Female,East Asian
8562.jpg,20-29,Male,White
8568.jpg,20-29,Male,White
8572.jpg,3-9,Female,East Asian
8574.jpg,20-29,Female,Latino Hispanic
8584.jpg,10-19,Female,Indian
8587.jpg,20-29,Female,White
8591.jpg,30-39,Male,Middle Eastern
8593.jpg,3-9,Male,White
8599.jpg,20-29,Female,Black
8600.jpg,3-9,Male,East Asian
8602.jpg,40-49,Male,Latino Hispanic
8603.jpg,10-19,Female,Latino Hispanic
8616.jpg,30-39,Male,Black
8626.jpg,3-9,Female,Middle Eastern
8630.jpg,50-59,Female,Latino Hispanic
8631.jpg,30-39,Male,Middle Eastern
8638.jpg,40-49,Male,Middle Eastern
864.jpg,20-29,Male,Latino Hispanic
8646.jpg,20-29,Male,East Asian
8649.jpg,40-49,Female,Middle Eastern
865.jpg,30-39,Male,White
8652.jpg,30-39,Male,White
8655.jpg,30-39,Female,Black
8669.jpg,30-39,Female,Indian
867.jpg,20-29,Female,White
8673.jpg,10-19,Female,Latino Hispanic
8675.jpg,20-29,Male,East Asian
8676.jpg,20-29,Female,White
8677.jpg,30-39,Female,East Asian
8679.jpg,40-49,Male,Southeast Asian
8681.jpg,20-29,Male,White
8684.jpg,20-29,Female,White
8689.jpg,30-39,Female,Middle Eastern
8690.jpg,20-29,Female,East Asian
8698.jpg,10-19,Female,Latino Hispanic
8708.jpg,3-9,Female,Southeast Asian
871.jpg,20-29,Male,East Asian
8711.jpg,40-49,Female,Black
8713.jpg,40-49,Male,White
8716.jpg,20-29,Female,Latino Hispanic
8717.jpg,20-29,Female,East Asian
8731.jpg,3-9,Female,Indian
8733.jpg,10-19,Male,White
8739.jpg,60-69,Male,East Asian
874.jpg,30-39,Male,Latino Hispanic
8742.jpg,10-19,Female,Southeast Asian
8747.jpg,20-29,Female,Black
8748.jpg,0-2,Male,Southeast Asian
8751.jpg,30-39,Male,White
8761.jpg,3-9,Female,Black
8772.jpg,20-29,Female,Black
8784.jpg,20-29,Female,White
8785.jpg,30-39,Female,Southeast Asian
8790.jpg,3-9,Female,Latino Hispanic
8794.jpg,20-29,Female,Middle Eastern
8799.jpg,40-49,Female,Latino Hispanic
88.jpg,20-29,Male,Southeast Asian
8802.jpg,20-29,Male,East Asian
8803.jpg,20-29,Female,Black
8805.jpg,more than 70,Male,Middle Eastern
8819.jpg,30-39,Female,Indian
882.jpg,3-9,Female,White
8825.jpg,20-29,Female,Latino Hispanic
8827.jpg,40-49,Female,Latino Hispanic
8828.jpg,60-69,Male,White
8835.jpg,20-29,Male,White
8839.jpg,20-29,Female,East Asian
8840.jpg,3-9,Female,Latino Hispanic
8842.jpg,3-9,Male,East Asian
8846.jpg,more than 70,Male,White
885.jpg,50-59,Female,Black
8859.jpg,3-9,Male,Southeast Asian
8870.jpg,30-39,Female,Latino Hispanic
8877.jpg,20-29,Female,East Asian
888.jpg,10-19,Female,Middle Eastern
8880.jpg,30-39,Male,Indian
8884.jpg,20-29,Female,White
8885.jpg,20-29,Male,East Asian
8889.jpg,40-49,Female,White
889.jpg,3-9,Male,Black
8896.jpg,10-19,Female,Indian
8901.jpg,20-29,Male,East Asian
891.jpg,30-39,Female,Latino Hispanic
8914.jpg,40-49,Female,Indian
8919.jpg,10-19,Male,East Asian
892.jpg,30-39,Male,Southeast Asian
8920.jpg,30-39,Male,Black
893.jpg,10-19,Male,East Asian
8935.jpg,10-19,Female,Latino Hispanic
8938.jpg,50-59,Female,Black
8945.jpg,20-29,Female,Indian
8948.jpg,40-49,Male,Black
895.jpg,40-49,Female,Middle Eastern
8953.jpg,30-39,Female,Middle Eastern
8956.jpg,30-39,Male,Middle Eastern
8958.jpg,50-59,Male,Indian
8961.jpg,40-49,Female,White
8962.jpg,10-19,Male,Southeast Asian
8967.jpg,10-19,Male,Black
8972.jpg,50-59,Female,Indian
8974.jpg,20-29,Female,White
898.jpg,40-49,Female,Indian
8982.jpg,50-59,Male,Middle Eastern
8985.jpg,20-29,Female,East Asian
8993.jpg,20-29,Male,East Asian
8998.jpg,3-9,Male,Middle Eastern
9002.jpg,20-29,Female,Middle Eastern
9004.jpg,10-19,Male,Latino Hispanic
9009.jpg,30-39,Male,White
9016.jpg,30-39,Male,Black
9018.jpg,3-9,Female,Latino Hispanic
9019.jpg,20-29,Female,Black
9021.jpg,3-9,Female,East Asian
9025.jpg,20-29,Male,Southeast Asian
9028.jpg,40-49,Female,Middle Eastern
9029.jpg,30-39,Female,Black
9030.jpg,40-49,Male,Middle Eastern
9031.jpg,30-39,Female,White
9038.jpg,10-19,Female,Black
9040.jpg,40-49,Male,East Asian
9043.jpg,20-29,Female,White
9046.jpg,20-29,Female,Black
9054.jpg,50-59,Female,East Asian
9055.jpg,20-29,Male,East Asian
9058.jpg,10-19,Female,White
9059.jpg,20-29,Female,Latino Hispanic
906.jpg,10-19,Male,Southeast Asian
9064.jpg,40-49,Male,White
9065.jpg,20-29,Male,Indian
9066.jpg,3-9,Female,Middle Eastern
9067.jpg,30-39,Male,Latino Hispanic
9071.jpg,20-29,Male,Southeast Asian
9072.jpg,40-49,Male,Indian
9075.jpg,0-2,Female,Latino Hispanic
9076.jpg,30-39,Male,East Asian
9082.jpg,10-19,Male,Latino Hispanic
9090.jpg,30-39,Female,White
9097.jpg,30-39,Male,Indian
9099.jpg,30-39,Male,Black
9102.jpg,30-39,Male,Middle Eastern
9105.jpg,10-19,Female,Middle Eastern
9107.jpg,10-19,Male,Southeast Asian
9110.jpg,60-69,Male,Southeast Asian
9121.jpg,more than 70,Female,White
9122.jpg,20-29,Female,Indian
9129.jpg,40-49,Female,East Asian
9130.jpg,20-29,Female,Latino Hispanic
9132.jpg,60-69,Male,White
9139.jpg,30-39,Male,Southeast Asian
9143.jpg,20-29,Male,Middle Eastern
9154.jpg,3-9,Male,Latino Hispanic
9161.jpg,40-49,Male,Latino Hispanic
9163.jpg,3-9,Male,White
9165.jpg,30-39,Male,Southeast Asian
9166.jpg,20-29,Male,Black
9167.jpg,60-69,Female,White
9168.jpg,30-39,Male,Black
9171.jpg,20-29,Female,Latino Hispanic
9173.jpg,20-29,Male,Southeast Asian
919.jpg,20-29,Female,Black
9196.jpg,3-9,Male,Black
9197.jpg,60-69,Male,Indian
9198.jpg,40-49,Female,Black
9203.jpg,3-9,Female,Indian
921.jpg,20-29,Male,Middle Eastern
9213.jpg,20-29,Female,Southeast Asian
9216.jpg,10-19,Female,Latino Hispanic
9222.jpg,20-29,Female,Latino Hispanic
9225.jpg,20-29,Male,White
9228.jpg,40-49,Male,Black
923.jpg,30-39,Male,White
9237.jpg,30-39,Male,White
9238.jpg,50-59,Male,Middle Eastern
9249.jpg,40-49,Female,East Asian
9250.jpg,40-49,Male,White
9254.jpg,20-29,Male,Black
9256.jpg,20-29,Male,Southeast Asian
926.jpg,30-39,Female,Southeast Asian
9262.jpg,20-29,Female,Southeast Asian
9264.jpg,20-29,Female,White
9275.jpg,20-29,Male,Middle Eastern
9285.jpg,20-29,Female,White
9287.jpg,40-49,Male,White
929.jpg,10-19,Female,Black
9292.jpg,3-9,Male,Black
93.jpg,20-29,Female,Southeast Asian
9301.jpg,30-39,Female,Latino Hispanic
9311.jpg,20-29,Male,Middle Eastern
9320.jpg,10-19,Male,White
9322.jpg,20-29,Female,Southeast Asian
9326.jpg,20-29,Male,Black
9328.jpg,20-29,Female,Middle Eastern
933.jpg,20-29,Female,Latino Hispanic
9333.jpg,20-29,Male,East Asian
9334.jpg,20-29,Female,East Asian
9337.jpg,10-19,Male,Black
9339.jpg,20-29,Female,Black
9341.jpg,20-29,Female,East Asian
9344.jpg,20-29,Female,East Asian
9347.jpg,20-29,Female,Middle Eastern
9349.jpg,3-9,Female,Black
9354.jpg,20-29,Male,East Asian
9356.jpg,3-9,Female,Southeast Asian
9369.jpg,20-29,Female,Middle Eastern
9372.jpg,20-29,Male,Black
9374.jpg,30-39,Male,White
9379.jpg,20-29,Female,White
9382.jpg,20-29,Female,Southeast Asian
9384.jpg,50-59,Female,Latino Hispanic
9388.jpg,20-29,Female,East Asian
9394.jpg,20-29,Female,East Asian
9399.jpg,30-39,Male,Middle Eastern
9403.jpg,60-69,Male,East Asian
941.jpg,30-39,Male,East Asian
9416.jpg,20-29,Male,Latino Hispanic
9420.jpg,20-29,Male,East Asian
9432.jpg,20-29,Female,White
9434.jpg,20-29,Male,Black
9437.jpg,20-29,Female,Middle Eastern
944.jpg,20-29,Female,East Asian
9443.jpg,20-29,Female,Southeast Asian
9449.jpg,20-29,Male,Middle Eastern
9459.jpg,50-59,Female,Southeast Asian
9469.jpg,20-29,Male,East Asian
9482.jpg,20-29,Male,Latino Hispanic
9484.jpg,3-9,Female,Black
9486.jpg,10-19,Male,White
9492.jpg,3-9,Male,Black
9498.jpg,40-49,Male,Middle Eastern
9499.jpg,30-39,Female,Indian
95.jpg,30-39,Male,East Asian
9504.jpg,50-59,Male,White
9506.jpg,20-29,Female,Middle Eastern
9513.jpg,40-49,Female,Southeast Asian
9514.jpg,10-19,Female,Southeast Asian
952.jpg,20-29,Female,White
9522.jpg,40-49,Male,Latino Hispanic
9532.jpg,20-29,Male,East Asian
9533.jpg,10-19,Female,Black
9538.jpg,20-29,Female,East Asian
9544.jpg,40-49,Male,White
9551.jpg,30-39,Female,Middle Eastern
9557.jpg,10-19,Male,Latino Hispanic
9565.jpg,20-29,Female,Southeast Asian
9569.jpg,20-29,Male,Middle Eastern
9571.jpg,20-29,Male,Southeast Asian
9577.jpg,40-49,Female,White
9578.jpg,20-29,Female,Indian
9583.jpg,30-39,Male,Middle Eastern
9585.jpg,3-9,Male,White
9586.jpg,20-29,Male,East Asian
9596.jpg,50-59,Male,White
9598.jpg,30-39,Male,Indian
9602.jpg,30-39,Female,Black
9615.jpg,20-29,Male,White
9617.jpg,20-29,Female,East Asian
9628.jpg,20-29,Female,East Asian
9629.jpg,20-29,Female,Indian
9635.jpg,3-9,Female,Indian
9636.jpg,30-39,Female,White
964.jpg,50-59,Male,East Asian
9647.jpg,3-9,Female,Middle Eastern
9652.jpg,50-59,Female,Southeast Asian
966.jpg,40-49,Male,White
9664.jpg,40-49,Male,Southeast Asian
9666.jpg,40-49,Male,Southeast Asian
9674.jpg,30-39,Female,Indian
9683.jpg,20-29,Female,White
9685.jpg,40-49,Female,White
9687.jpg,30-39,Male,White
969.jpg,30-39,Male,Middle Eastern
9692.jpg,50-59,Male,Middle Eastern
9696.jpg,40-49,Male,Southeast Asian
9698.jpg,20-29,Male,Latino Hispanic
9703.jpg,10-19,Female,Latino Hispanic
9705.jpg,10-19,Female,Middle Eastern
9709.jpg,20-29,Male,East Asian
9711.jpg,20-29,Male,Black
9716.jpg,10-19,Male,Middle Eastern
9725.jpg,40-49,Male,White
973.jpg,30-39,Male,Middle Eastern
9732.jpg,3-9,Male,Black
974.jpg,20-29,Male,East Asian
9740.jpg,20-29,Female,White
9748.jpg,20-29,Female,White
9753.jpg,40-49,Male,Middle Eastern
9754.jpg,20-29,Female,East Asian
9755.jpg,40-49,Female,White
9757.jpg,3-9,Male,Latino Hispanic
9765.jpg,10-19,Male,Indian
9769.jpg,40-49,Male,Black
9771.jpg,20-29,Female,White
9772.jpg,30-39,Female,White
978.jpg,20-29,Female,Indian
9780.jpg,30-39,Male,Middle Eastern
9793.jpg,20-29,Female,Middle Eastern
98.jpg,20-29,Male,East Asian
9803.jpg,20-29,Male,White
9815.jpg,20-29,Female,East Asian
9816.jpg,20-29,Female,White
9817.jpg,20-29,Male,Black
982.jpg,20-29,Male,White
9822.jpg,3-9,Male,Latino Hispanic
9826.jpg,20-29,Female,East Asian
9828.jpg,60-69,Male,White
9831.jpg,10-19,Male,Middle Eastern
9835.jpg,30-39,Female,Black
9840.jpg,30-39,Female,Southeast Asian
9842.jpg,10-19,Female,Black
9845.jpg,20-29,Female,Indian
9848.jpg,50-59,Male,White
9854.jpg,30-39,Female,White
9859.jpg,10-19,Male,Indian
9862.jpg,20-29,Male,East Asian
9863.jpg,20-29,Female,Indian
9864.jpg,50-59,Male,White
9866.jpg,20-29,Female,Black
9867.jpg,20-29,Male,East Asian
9871.jpg,30-39,Male,Black
9872.jpg,30-39,Female,White
9873.jpg,3-9,Male,Southeast Asian
9874.jpg,3-9,Female,Indian
9875.jpg,20-29,Female,East Asian
9876.jpg,30-39,Female,White
9882.jpg,40-49,Male,White
9886.jpg,20-29,Female,Latino Hispanic
9889.jpg,20-29,Male,Black
989.jpg,20-29,Male,White
9897.jpg,20-29,Male,Middle Eastern
9900.jpg,20-29,Male,Southeast Asian
9914.jpg,3-9,Male,White
9921.jpg,20-29,Female,Middle Eastern
9922.jpg,20-29,Female,Southeast Asian
9924.jpg,3-9,Male,Southeast Asian
993.jpg,20-29,Female,Latino Hispanic
9933.jpg,20-29,Male,Southeast Asian
9935.jpg,30-39,Male,White
9939.jpg,50-59,Male,Black
9941.jpg,30-39,Male,Indian
9944.jpg,30-39,Female,Middle Eastern
9948.jpg,20-29,Male,Black
9949.jpg,3-9,Female,Black
995.jpg,40-49,Male,White
9950.jpg,30-39,Female,White
9966.jpg,40-49,Male,Black
9967.jpg,50-59,Male,White
9968.jpg,20-29,Female,Southeast Asian
