100.jpg,20-29,Male,White
10004.jpg,20-29,Male,White
10012.jpg,20-29,Male,White
10013.jpg,30-39,Male,White
10018.jpg,20-29,Male,Indian
10019.jpg,30-39,Male,Indian
10024.jpg,20-29,Male,White
10025.jpg,20-29,Male,Asian
10030.jpg,20-29,Male,White
10043.jpg,20-29,Male,Indian
10044.jpg,20-29,Male,White
10053.jpg,20-29,Male,White
10054.jpg,20-29,Female,White
10056.jpg,20-29,Female,White
10059.jpg,20-29,Male,White
10061.jpg,20-29,Male,White
10062.jpg,30-39,Female,White
10064.jpg,below 20,Male,White
10067.jpg,20-29,Male,White
10069.jpg,below 20,Female,Black
10079.jpg,below 20,Female,Asian
10081.jpg,20-29,Male,White
10084.jpg,30-39,Male,Indian
10087.jpg,20-29,Male,Indian
10088.jpg,20-29,Female,White
10089.jpg,20-29,Male,White
10094.jpg,20-29,Male,White
10100.jpg,30-39,Male,White
10106.jpg,20-29,Male,Indian
10108.jpg,20-29,Male,White
10109.jpg,20-29,Male,White
1011.jpg,20-29,Male,White
10115.jpg,30-39,Female,White
10116.jpg,20-29,Male,White
10118.jpg,20-29,Male,White
1012.jpg,30-39,Male,White
10125.jpg,30-39,Male,White
10129.jpg,20-29,Male,White
10132.jpg,20-29,Male,White
10135.jpg,20-29,Male,White
10140.jpg,20-29,Male,White
10146.jpg,20-29,Male,White
10147.jpg,20-29,Male,Indian
10153.jpg,20-29,Female,White
10172.jpg,30-39,Male,White
10173.jpg,20-29,Male,Indian
10178.jpg,30-39,Male,White
10180.jpg,20-29,Male,White
10194.jpg,20-29,Male,White
10197.jpg,30-39,Male,Indian
1020.jpg,20-29,Male,Indian
10202.jpg,20-29,Male,White
10203.jpg,20-29,Male,White
10205.jpg,30-39,Male,Indian
10206.jpg,below 20,Male,White
10214.jpg,20-29,Female,White
10215.jpg,20-29,Male,White
10216.jpg,20-29,Female,White
10217.jpg,20-29,Female,White
10226.jpg,20-29,Male,White
10228.jpg,20-29,Male,White
1023.jpg,below 20,Female,Black
10231.jpg,20-29,Male,Black
10240.jpg,20-29,Male,White
10242.jpg,20-29,Male,White
10243.jpg,20-29,Male,White
10248.jpg,20-29,Male,Indian
10255.jpg,20-29,Male,White
10258.jpg,30-39,Female,Black
10264.jpg,20-29,Male,Indian
10266.jpg,20-29,Male,Asian
10284.jpg,30-39,Female,White
10285.jpg,30-39,Male,White
10289.jpg,20-29,Male,White
1029.jpg,30-39,Male,White
10290.jpg,below 20,Female,White
10291.jpg,20-29,Male,White
10292.jpg,20-29,Male,White
10293.jpg,20-29,Male,Indian
10294.jpg,20-29,Male,White
10296.jpg,20-29,Male,White
10305.jpg,20-29,Male,White
10306.jpg,20-29,Male,White
10316.jpg,30-39,Male,White
1032.jpg,20-29,Male,White
10325.jpg,50+,Male,Indian
10337.jpg,20-29,Male,White
10338.jpg,20-29,Female,White
10343.jpg,20-29,Male,White
10350.jpg,20-29,Male,White
10361.jpg,20-29,Male,White
10363.jpg,30-39,Female,White
10384.jpg,20-29,Male,White
1039.jpg,below 20,Female,White
10395.jpg,20-29,Male,White
10400.jpg,20-29,Male,Indian
10407.jpg,30-39,Male,White
10413.jpg,20-29,Male,White
10416.jpg,20-29,Male,White
1043.jpg,20-29,Male,Indian
10430.jpg,30-39,Male,White
10434.jpg,20-29,Male,White
10435.jpg,below 20,Female,Black
10436.jpg,20-29,Male,White
10437.jpg,20-29,Female,White
10439.jpg,20-29,Male,White
10440.jpg,20-29,Male,White
10442.jpg,20-29,Female,White
10445.jpg,20-29,Male,White
10447.jpg,below 20,Female,White
10452.jpg,20-29,Male,White
10463.jpg,20-29,Female,White
10465.jpg,30-39,Female,Indian
10473.jpg,20-29,Female,White
1048.jpg,30-39,Female,White
10481.jpg,20-29,Male,White
10484.jpg,20-29,Male,White
10485.jpg,30-39,Female,White
10487.jpg,20-29,Male,Indian
10489.jpg,20-29,Male,White
1049.jpg,20-29,Male,White
10494.jpg,20-29,Male,White
10497.jpg,20-29,Male,Indian
10500.jpg,30-39,Male,Indian
10505.jpg,20-29,Male,White
10508.jpg,20-29,Male,White
10514.jpg,20-29,Male,White
10515.jpg,20-29,Male,White
10518.jpg,30-39,Male,White
10525.jpg,20-29,Male,White
10527.jpg,20-29,Female,Indian
10530.jpg,20-29,Male,White
10531.jpg,below 20,Female,White
10534.jpg,20-29,Male,White
10537.jpg,20-29,Male,White
1054.jpg,20-29,Male,White
10542.jpg,20-29,Male,White
10543.jpg,20-29,Male,White
10545.jpg,30-39,Male,Indian
10546.jpg,20-29,Male,Black
10554.jpg,20-29,Male,White
10557.jpg,below 20,Female,White
1056.jpg,30-39,Male,White
10560.jpg,20-29,Female,White
10561.jpg,20-29,Female,White
10566.jpg,20-29,Male,White
10569.jpg,20-29,Male,White
10573.jpg,20-29,Male,White
10574.jpg,20-29,Male,White
10575.jpg,30-39,Male,White
10576.jpg,30-39,Male,White
10578.jpg,20-29,Male,White
10580.jpg,30-39,Male,White
10585.jpg,20-29,Male,White
10590.jpg,20-29,Male,White
10591.jpg,20-29,Male,White
10593.jpg,20-29,Male,White
10595.jpg,20-29,Male,White
1060.jpg,20-29,Male,Indian
10603.jpg,20-29,Female,Asian
10607.jpg,20-29,Male,White
10614.jpg,20-29,Male,Indian
10616.jpg,20-29,Male,White
10632.jpg,30-39,Female,White
10634.jpg,20-29,Male,White
10639.jpg,20-29,Male,White
10643.jpg,20-29,Female,White
10650.jpg,30-39,Male,White
10651.jpg,30-39,Female,White
10653.jpg,20-29,Female,White
10654.jpg,20-29,Female,White
10655.jpg,20-29,Female,White
10657.jpg,20-29,Male,White
10658.jpg,20-29,Male,White
1066.jpg,20-29,Male,White
10662.jpg,40-49,Male,Indian
10667.jpg,below 20,Male,White
10671.jpg,20-29,Male,Indian
10673.jpg,20-29,Female,White
10675.jpg,20-29,Male,White
10680.jpg,30-39,Male,White
10686.jpg,20-29,Male,White
10687.jpg,20-29,Male,White
1069.jpg,20-29,Male,White
10692.jpg,20-29,Male,White
10693.jpg,20-29,Male,White
10694.jpg,20-29,Male,White
10696.jpg,20-29,Male,White
10700.jpg,20-29,Male,Asian
10703.jpg,20-29,Male,White
10711.jpg,20-29,Male,White
10713.jpg,20-29,Male,White
1072.jpg,20-29,Male,White
10722.jpg,20-29,Male,White
10724.jpg,20-29,Male,White
10728.jpg,20-29,Male,White
10729.jpg,20-29,Male,White
10731.jpg,20-29,Male,White
10732.jpg,20-29,Male,White
10736.jpg,20-29,Male,Latino Hispanic
10738.jpg,below 20,Female,Asian
10740.jpg,20-29,Female,White
1075.jpg,20-29,Male,White
10751.jpg,20-29,Male,White
10754.jpg,20-29,Male,White
10755.jpg,20-29,Male,White
1076.jpg,20-29,Female,White
10769.jpg,30-39,Female,White
10771.jpg,30-39,Male,Indian
10773.jpg,20-29,Female,Indian
10778.jpg,20-29,Male,White
10779.jpg,20-29,Male,White
10780.jpg,20-29,Male,White
10782.jpg,20-29,Female,Black
10785.jpg,30-39,Male,White
10787.jpg,20-29,Male,White
10791.jpg,30-39,Male,White
108.jpg,20-29,Male,White
10802.jpg,20-29,Male,White
10804.jpg,20-29,Male,White
10806.jpg,20-29,Female,White
10808.jpg,30-39,Male,Indian
1081.jpg,20-29,Male,White
10812.jpg,20-29,Male,White
10813.jpg,20-29,Male,White
10816.jpg,20-29,Female,Black
1082.jpg,20-29,Male,White
10821.jpg,30-39,Male,White
10823.jpg,30-39,Male,White
10827.jpg,20-29,Female,White
10830.jpg,20-29,Male,White
10832.jpg,20-29,Male,Indian
10834.jpg,20-29,Male,Indian
1084.jpg,20-29,Male,White
10842.jpg,20-29,Male,White
1085.jpg,20-29,Female,White
10851.jpg,below 20,Female,Asian
10857.jpg,20-29,Male,White
10861.jpg,30-39,Male,White
10867.jpg,20-29,Male,Indian
10868.jpg,30-39,Male,White
10879.jpg,30-39,Female,Indian
10887.jpg,20-29,Male,Indian
10888.jpg,20-29,Male,White
10889.jpg,20-29,Male,White
1089.jpg,30-39,Male,White
10897.jpg,20-29,Male,White
1090.jpg,30-39,Male,White
10901.jpg,20-29,Male,White
10904.jpg,30-39,Male,Indian
10907.jpg,20-29,Male,White
10908.jpg,20-29,Male,White
10910.jpg,30-39,Male,Indian
10912.jpg,20-29,Male,White
10919.jpg,20-29,Male,White
10925.jpg,30-39,Male,Indian
10946.jpg,20-29,Male,White
10947.jpg,20-29,Male,Indian
10953.jpg,20-29,Female,White
10954.jpg,30-39,Male,White
1096.jpg,20-29,Male,Indian
110.jpg,20-29,Male,White
1100.jpg,30-39,Male,White
1102.jpg,20-29,Female,White
1107.jpg,20-29,Female,White
1108.jpg,30-39,Male,White
1111.jpg,20-29,Male,Latino Hispanic
1117.jpg,20-29,Male,White
1123.jpg,30-39,Male,Indian
1126.jpg,50+,Male,White
1127.jpg,30-39,Male,White
1129.jpg,20-29,Male,White
1130.jpg,20-29,Male,White
1135.jpg,20-29,Female,White
1143.jpg,30-39,Male,White
1156.jpg,20-29,Male,White
1158.jpg,20-29,Female,Black
1161.jpg,20-29,Male,White
1162.jpg,30-39,Male,White
1163.jpg,20-29,Male,White
1169.jpg,below 20,Female,White
1184.jpg,20-29,Male,Indian
1186.jpg,20-29,Male,Indian
1191.jpg,20-29,Male,White
1194.jpg,20-29,Male,Indian
1196.jpg,20-29,Male,Indian
1198.jpg,30-39,Male,White
120.jpg,20-29,Male,White
1204.jpg,20-29,Female,White
1213.jpg,30-39,Male,White
1216.jpg,20-29,Female,Asian
1224.jpg,20-29,Male,White
1228.jpg,20-29,Male,White
1240.jpg,20-29,Male,White
1249.jpg,30-39,Male,Indian
1254.jpg,below 20,Male,Asian
1255.jpg,20-29,Male,Indian
1257.jpg,20-29,Female,White
1267.jpg,30-39,Male,White
1268.jpg,30-39,Male,Indian
1276.jpg,20-29,Male,White
1277.jpg,20-29,Male,White
1284.jpg,30-39,Female,Black
1286.jpg,20-29,Male,White
1288.jpg,30-39,Female,White
129.jpg,20-29,Male,Asian
1297.jpg,20-29,Male,Latino Hispanic
1302.jpg,20-29,Male,White
1304.jpg,20-29,Male,White
1305.jpg,20-29,Male,White
1312.jpg,20-29,Male,White
132.jpg,20-29,Male,White
1321.jpg,20-29,Male,Black
1322.jpg,20-29,Male,White
1329.jpg,20-29,Male,White
1340.jpg,20-29,Female,White
1341.jpg,20-29,Male,White
1347.jpg,below 20,Female,Indian
1353.jpg,20-29,Male,White
1357.jpg,20-29,Male,White
1361.jpg,30-39,Female,White
1363.jpg,20-29,Male,White
1372.jpg,20-29,Male,White
1374.jpg,20-29,Male,White
139.jpg,below 20,Male,Asian
1392.jpg,20-29,Male,White
1394.jpg,20-29,Male,White
1404.jpg,20-29,Male,White
1408.jpg,30-39,Male,Asian
1409.jpg,20-29,Male,White
1422.jpg,20-29,Male,White
1423.jpg,20-29,Male,White
1424.jpg,20-29,Male,White
1435.jpg,20-29,Male,White
1437.jpg,30-39,Male,White
144.jpg,below 20,Male,White
1445.jpg,20-29,Male,White
1451.jpg,20-29,Male,Asian
1456.jpg,20-29,Male,White
1457.jpg,below 20,Female,Black
1460.jpg,20-29,Male,White
1462.jpg,below 20,Male,White
1464.jpg,30-39,Male,White
1477.jpg,20-29,Male,White
1491.jpg,20-29,Male,White
1495.jpg,20-29,Male,White
1501.jpg,30-39,Male,White
1502.jpg,20-29,Male,Indian
1512.jpg,20-29,Male,White
1514.jpg,20-29,Male,White
1518.jpg,30-39,Male,White
1520.jpg,20-29,Male,White
1531.jpg,20-29,Female,White
1532.jpg,20-29,Male,White
1534.jpg,20-29,Female,Black
1537.jpg,20-29,Male,White
1538.jpg,20-29,Male,White
1542.jpg,20-29,Male,White
1548.jpg,30-39,Female,White
155.jpg,20-29,Male,Black
1554.jpg,20-29,Male,White
1555.jpg,20-29,Male,White
1559.jpg,20-29,Male,Indian
156.jpg,30-39,Male,White
1566.jpg,30-39,Male,Indian
157.jpg,30-39,Male,Indian
1572.jpg,20-29,Male,White
1579.jpg,20-29,Male,White
1583.jpg,20-29,Female,White
1588.jpg,30-39,Male,Indian
1591.jpg,20-29,Male,White
1592.jpg,20-29,Male,White
1594.jpg,20-29,Male,White
160.jpg,20-29,Female,Black
161.jpg,20-29,Male,White
1613.jpg,20-29,Male,White
1614.jpg,20-29,Male,White
1617.jpg,20-29,Male,White
1626.jpg,20-29,Male,Indian
1631.jpg,below 20,Male,Black
1632.jpg,20-29,Male,White
1634.jpg,20-29,Male,White
1635.jpg,20-29,Male,White
1639.jpg,30-39,Female,White
1649.jpg,20-29,Male,White
165.jpg,20-29,Male,Indian
1650.jpg,30-39,Male,Asian
1653.jpg,20-29,Male,White
1654.jpg,20-29,Male,White
1655.jpg,30-39,Male,Indian
1658.jpg,20-29,Female,White
1659.jpg,50+,Male,Indian
1660.jpg,20-29,Male,White
1663.jpg,30-39,Female,White
1665.jpg,20-29,Male,White
1667.jpg,30-39,Male,Indian
167.jpg,20-29,Male,White
1670.jpg,20-29,Male,White
1672.jpg,20-29,Male,White
1673.jpg,20-29,Male,Indian
1674.jpg,20-29,Male,White
1677.jpg,20-29,Male,White
168.jpg,20-29,Male,Latino Hispanic
1687.jpg,20-29,Male,White
1690.jpg,20-29,Male,White
1693.jpg,20-29,Male,White
170.jpg,20-29,Female,White
1701.jpg,20-29,Male,White
1705.jpg,30-39,Male,White
171.jpg,20-29,Male,White
1715.jpg,20-29,Male,Indian
172.jpg,30-39,Male,White
1726.jpg,20-29,Female,White
1730.jpg,20-29,Female,White
1736.jpg,20-29,Male,White
1738.jpg,20-29,Male,White
1743.jpg,30-39,Male,Indian
1745.jpg,20-29,Male,White
1751.jpg,20-29,Male,White
1753.jpg,20-29,Male,White
1754.jpg,20-29,Male,Indian
1757.jpg,20-29,Female,Indian
1761.jpg,20-29,Female,White
1768.jpg,20-29,Male,Indian
1769.jpg,20-29,Male,White
1771.jpg,20-29,Male,White
1772.jpg,20-29,Male,White
1773.jpg,20-29,Male,White
1779.jpg,20-29,Male,Indian
178.jpg,30-39,Male,White
1785.jpg,20-29,Male,White
1795.jpg,20-29,Male,White
1798.jpg,below 20,Male,White
1806.jpg,30-39,Female,White
1807.jpg,20-29,Male,Indian
1809.jpg,30-39,Female,White
1818.jpg,20-29,Male,White
1819.jpg,20-29,Male,White
1820.jpg,20-29,Female,White
1831.jpg,below 20,Male,White
1839.jpg,20-29,Male,White
1849.jpg,20-29,Male,Asian
1850.jpg,20-29,Male,White
1851.jpg,20-29,Male,White
1853.jpg,30-39,Male,White
1858.jpg,20-29,Male,White
1863.jpg,20-29,Male,Indian
1867.jpg,20-29,Male,White
1877.jpg,20-29,Male,White
188.jpg,20-29,Male,White
1880.jpg,20-29,Male,White
1883.jpg,30-39,Female,White
1886.jpg,20-29,Male,White
1899.jpg,20-29,Male,White
1907.jpg,20-29,Male,White
1908.jpg,20-29,Male,White
191.jpg,20-29,Female,Asian
1914.jpg,30-39,Male,Indian
1921.jpg,20-29,Male,White
1922.jpg,30-39,Male,Indian
1927.jpg,30-39,Male,White
1928.jpg,20-29,Male,White
1930.jpg,20-29,Male,White
1936.jpg,20-29,Male,White
1942.jpg,20-29,Male,White
1944.jpg,20-29,Male,Black
1946.jpg,below 20,Male,White
1947.jpg,20-29,Male,White
1948.jpg,30-39,Male,Asian
1950.jpg,20-29,Male,White
1957.jpg,20-29,Male,White
196.jpg,20-29,Female,White
1964.jpg,20-29,Male,White
197.jpg,20-29,Male,Indian
1977.jpg,30-39,Female,White
1987.jpg,20-29,Male,White
1988.jpg,20-29,Female,White
1989.jpg,30-39,Male,White
1992.jpg,20-29,Male,Indian
1993.jpg,20-29,Male,White
1998.jpg,20-29,Male,White
2.jpg,20-29,Male,White
2005.jpg,30-39,Male,Indian
2006.jpg,20-29,Male,White
2008.jpg,30-39,Male,White
2012.jpg,20-29,Female,White
2013.jpg,30-39,Male,Indian
2015.jpg,20-29,Male,White
2025.jpg,20-29,Male,White
2033.jpg,30-39,Female,White
2036.jpg,20-29,Male,White
2038.jpg,20-29,Male,White
2047.jpg,20-29,Male,White
2048.jpg,20-29,Male,White
205.jpg,30-39,Male,White
2054.jpg,20-29,Female,White
2056.jpg,below 20,Male,White
2066.jpg,20-29,Male,White
2068.jpg,20-29,Male,White
2069.jpg,30-39,Female,White
207.jpg,below 20,Female,White
2074.jpg,20-29,Male,Latino Hispanic
2080.jpg,20-29,Male,White
2082.jpg,20-29,Male,Asian
2086.jpg,20-29,Male,Indian
2087.jpg,20-29,Male,Indian
2089.jpg,20-29,Male,White
209.jpg,30-39,Male,White
2093.jpg,30-39,Male,White
2097.jpg,20-29,Male,White
2099.jpg,20-29,Male,Indian
2100.jpg,20-29,Female,White
2101.jpg,20-29,Male,White
2106.jpg,20-29,Male,White
2107.jpg,30-39,Male,White
2109.jpg,20-29,Female,Black
211.jpg,20-29,Male,White
2115.jpg,40-49,Male,White
2117.jpg,below 20,Female,Black
2120.jpg,20-29,Male,Indian
2126.jpg,20-29,Male,White
213.jpg,20-29,Male,White
2130.jpg,30-39,Male,Asian
2133.jpg,20-29,Male,White
2134.jpg,20-29,Male,White
2137.jpg,30-39,Male,White
2140.jpg,20-29,Male,Indian
2146.jpg,20-29,Male,White
2147.jpg,20-29,Male,White
2153.jpg,20-29,Male,White
2156.jpg,20-29,Male,White
2160.jpg,30-39,Male,White
2162.jpg,20-29,Male,White
2167.jpg,30-39,Male,Indian
2175.jpg,20-29,Male,Black
2177.jpg,20-29,Male,White
2186.jpg,20-29,Male,Indian
2189.jpg,20-29,Male,White
2193.jpg,20-29,Male,Indian
2194.jpg,30-39,Male,Indian
2197.jpg,20-29,Male,Indian
220.jpg,below 20,Male,White
2201.jpg,20-29,Male,White
2202.jpg,20-29,Male,Indian
2205.jpg,20-29,Female,Black
2208.jpg,20-29,Male,White
2212.jpg,20-29,Male,White
2214.jpg,20-29,Female,White
2222.jpg,20-29,Male,White
2227.jpg,20-29,Male,White
2236.jpg,30-39,Male,White
2243.jpg,20-29,Female,White
2245.jpg,30-39,Male,White
2252.jpg,30-39,Male,Indian
2257.jpg,20-29,Male,White
2258.jpg,20-29,Male,White
2259.jpg,20-29,Male,White
2262.jpg,30-39,Female,White
2263.jpg,20-29,Male,Indian
2266.jpg,20-29,Male,White
2268.jpg,20-29,Male,Indian
2278.jpg,20-29,Male,Indian
2279.jpg,20-29,Male,Latino Hispanic
2281.jpg,30-39,Male,White
2288.jpg,20-29,Male,White
2303.jpg,20-29,Female,White
2306.jpg,20-29,Male,White
2310.jpg,20-29,Male,White
2312.jpg,30-39,Male,White
2313.jpg,20-29,Male,Latino Hispanic
232.jpg,below 20,Female,Asian
2320.jpg,20-29,Male,White
2324.jpg,30-39,Male,Indian
2327.jpg,20-29,Male,White
2328.jpg,20-29,Male,White
2339.jpg,30-39,Male,White
2342.jpg,20-29,Male,Indian
2345.jpg,20-29,Male,White
2350.jpg,30-39,Male,White
236.jpg,20-29,Male,White
2366.jpg,20-29,Male,Indian
2367.jpg,20-29,Female,White
2371.jpg,20-29,Male,Indian
2372.jpg,20-29,Male,White
2378.jpg,below 20,Male,Indian
2380.jpg,20-29,Female,Black
2384.jpg,20-29,Male,White
2385.jpg,20-29,Male,White
2388.jpg,20-29,Male,White
24.jpg,30-39,Male,White
2404.jpg,30-39,Male,Indian
2411.jpg,below 20,Female,White
2412.jpg,20-29,Male,White
2420.jpg,20-29,Male,White
2421.jpg,below 20,Male,White
2426.jpg,20-29,Male,White
2441.jpg,20-29,Male,White
2460.jpg,20-29,Female,Black
2471.jpg,20-29,Male,Indian
2478.jpg,20-29,Male,Indian
2482.jpg,20-29,Male,White
2485.jpg,below 20,Female,Black
2486.jpg,20-29,Male,White
251.jpg,30-39,Male,Indian
2517.jpg,30-39,Male,Indian
2518.jpg,20-29,Male,Black
2520.jpg,20-29,Male,White
2521.jpg,20-29,Male,White
2524.jpg,20-29,Male,White
2527.jpg,30-39,Male,White
2528.jpg,below 20,Female,White
2535.jpg,20-29,Male,White
254.jpg,20-29,Male,White
2543.jpg,20-29,Female,Asian
2551.jpg,20-29,Male,White
2552.jpg,below 20,Male,Asian
2556.jpg,20-29,Male,White
2557.jpg,20-29,Female,Asian
2562.jpg,30-39,Male,White
2565.jpg,20-29,Male,White
2566.jpg,20-29,Female,White
2572.jpg,20-29,Male,White
2579.jpg,20-29,Female,White
2581.jpg,30-39,Male,Indian
2583.jpg,20-29,Female,White
2586.jpg,20-29,Male,Indian
2588.jpg,30-39,Male,Indian
2591.jpg,30-39,Male,White
2592.jpg,20-29,Male,Latino Hispanic
2595.jpg,20-29,Male,Indian
26.jpg,20-29,Male,White
260.jpg,20-29,Male,Asian
2605.jpg,20-29,Male,White
2607.jpg,30-39,Female,White
261.jpg,20-29,Male,Indian
2610.jpg,20-29,Female,White
2613.jpg,20-29,Male,White
2614.jpg,20-29,Male,Black
2616.jpg,20-29,Male,White
2617.jpg,20-29,Male,White
2618.jpg,20-29,Male,Indian
2623.jpg,20-29,Female,White
263.jpg,20-29,Male,White
2630.jpg,20-29,Male,White
2634.jpg,30-39,Male,Indian
2635.jpg,20-29,Male,White
264.jpg,30-39,Male,White
2640.jpg,30-39,Male,White
2643.jpg,20-29,Male,White
2644.jpg,20-29,Male,White
2646.jpg,20-29,Male,White
2647.jpg,30-39,Male,White
2648.jpg,30-39,Male,Indian
2652.jpg,30-39,Male,White
2653.jpg,20-29,Male,White
2659.jpg,20-29,Female,White
2660.jpg,30-39,Male,Indian
2665.jpg,20-29,Male,White
2668.jpg,20-29,Male,Indian
2669.jpg,20-29,Male,Indian
2670.jpg,20-29,Female,White
268.jpg,20-29,Male,Indian
2681.jpg,30-39,Male,White
2683.jpg,20-29,Female,White
2685.jpg,20-29,Male,Indian
2687.jpg,20-29,Male,White
2689.jpg,20-29,Female,White
2697.jpg,20-29,Male,White
27.jpg,40-49,Male,Indian
2703.jpg,20-29,Male,White
2705.jpg,below 20,Female,White
2708.jpg,20-29,Male,White
2709.jpg,20-29,Male,White
2712.jpg,20-29,Male,White
2721.jpg,20-29,Male,White
2723.jpg,20-29,Male,White
2724.jpg,30-39,Male,White
2725.jpg,20-29,Male,White
2726.jpg,20-29,Male,Asian
2729.jpg,30-39,Male,Indian
273.jpg,20-29,Male,White
2730.jpg,20-29,Female,White
2737.jpg,20-29,Male,White
2749.jpg,30-39,Male,Black
275.jpg,30-39,Male,Indian
2754.jpg,20-29,Male,White
2755.jpg,below 20,Male,White
2759.jpg,20-29,Male,Latino Hispanic
2774.jpg,30-39,Male,Indian
2775.jpg,20-29,Male,White
2776.jpg,20-29,Male,White
2780.jpg,30-39,Male,Indian
2788.jpg,below 20,Female,Black
2791.jpg,20-29,Male,White
28.jpg,20-29,Male,Indian
2803.jpg,20-29,Male,Indian
2807.jpg,30-39,Male,Indian
2808.jpg,20-29,Male,White
281.jpg,20-29,Female,White
2811.jpg,20-29,Male,White
2817.jpg,30-39,Male,Asian
2818.jpg,20-29,Female,White
2847.jpg,20-29,Male,White
2851.jpg,below 20,Male,Asian
2858.jpg,20-29,Male,Asian
286.jpg,20-29,Male,White
2860.jpg,20-29,Female,White
2872.jpg,30-39,Male,White
2874.jpg,20-29,Male,White
2876.jpg,20-29,Male,White
288.jpg,20-29,Female,White
2886.jpg,20-29,Male,White
289.jpg,20-29,Male,White
2892.jpg,below 20,Male,White
2893.jpg,20-29,Male,White
2897.jpg,20-29,Male,White
290.jpg,20-29,Male,White
2906.jpg,20-29,Male,White
2907.jpg,20-29,Male,White
2914.jpg,below 20,Male,Asian
2922.jpg,20-29,Male,Asian
2925.jpg,20-29,Male,White
2928.jpg,20-29,Male,White
2930.jpg,50+,Male,White
2932.jpg,20-29,Male,White
2934.jpg,20-29,Male,White
2939.jpg,30-39,Male,Indian
295.jpg,30-39,Male,White
2961.jpg,30-39,Female,White
2962.jpg,20-29,Female,White
2965.jpg,20-29,Male,White
2967.jpg,20-29,Female,Asian
2968.jpg,20-29,Male,Indian
2982.jpg,20-29,Male,Indian
2984.jpg,20-29,Male,White
2985.jpg,30-39,Female,White
2987.jpg,20-29,Male,White
2990.jpg,20-29,Female,Asian
2991.jpg,20-29,Male,White
2992.jpg,20-29,Male,White
2996.jpg,30-39,Male,Asian
2997.jpg,20-29,Male,Asian
2998.jpg,20-29,Female,White
3.jpg,30-39,Male,Indian
3000.jpg,20-29,Female,Indian
3004.jpg,40-49,Male,Indian
3007.jpg,20-29,Male,White
3009.jpg,30-39,Male,Indian
3021.jpg,30-39,Male,Asian
3022.jpg,20-29,Male,White
3023.jpg,30-39,Male,White
3024.jpg,20-29,Male,Black
3029.jpg,20-29,Male,White
303.jpg,20-29,Female,White
3033.jpg,20-29,Male,White
3038.jpg,30-39,Male,Indian
3039.jpg,20-29,Male,White
3045.jpg,20-29,Male,White
3046.jpg,30-39,Male,Indian
3050.jpg,below 20,Male,White
3051.jpg,20-29,Male,White
3064.jpg,20-29,Male,White
3069.jpg,30-39,Male,Middle Eastern
3070.jpg,20-29,Male,White
3072.jpg,20-29,Male,White
3074.jpg,20-29,Male,Indian
3075.jpg,20-29,Male,White
3077.jpg,20-29,Male,White
3078.jpg,20-29,Male,White
3080.jpg,30-39,Male,White
3081.jpg,30-39,Male,White
3082.jpg,20-29,Male,White
3086.jpg,20-29,Male,White
3089.jpg,20-29,Female,White
3095.jpg,20-29,Male,White
3101.jpg,20-29,Male,White
3102.jpg,30-39,Male,White
3106.jpg,30-39,Male,White
3107.jpg,20-29,Male,White
3111.jpg,20-29,Male,White
3117.jpg,20-29,Male,White
3119.jpg,20-29,Male,White
3123.jpg,20-29,Male,White
3126.jpg,20-29,Male,White
3128.jpg,20-29,Male,White
3130.jpg,30-39,Female,White
3137.jpg,40-49,Male,Indian
3143.jpg,20-29,Male,White
3150.jpg,20-29,Male,White
3151.jpg,40-49,Male,White
3152.jpg,20-29,Female,Indian
3161.jpg,20-29,Male,White
3163.jpg,30-39,Male,White
3166.jpg,20-29,Female,Black
3171.jpg,20-29,Male,White
3172.jpg,20-29,Male,White
318.jpg,20-29,Male,White
3182.jpg,20-29,Male,Asian
3192.jpg,30-39,Male,Indian
3196.jpg,30-39,Female,White
320.jpg,20-29,Male,White
3201.jpg,30-39,Male,Indian
3206.jpg,20-29,Male,White
3208.jpg,20-29,Male,White
3209.jpg,20-29,Male,Asian
3211.jpg,20-29,Male,White
3219.jpg,20-29,Male,White
3225.jpg,30-39,Female,White
3228.jpg,30-39,Female,White
3230.jpg,20-29,Male,White
3232.jpg,20-29,Male,White
3236.jpg,20-29,Male,White
3238.jpg,20-29,Male,White
324.jpg,30-39,Male,White
3240.jpg,20-29,Male,White
3242.jpg,30-39,Male,White
3246.jpg,20-29,Male,White
3253.jpg,20-29,Male,Black
3254.jpg,20-29,Male,White
3257.jpg,20-29,Male,White
3259.jpg,20-29,Male,White
3262.jpg,20-29,Male,White
3267.jpg,30-39,Male,White
3268.jpg,30-39,Male,Indian
3275.jpg,20-29,Male,White
3277.jpg,20-29,Female,White
3284.jpg,20-29,Male,White
3285.jpg,20-29,Female,White
329.jpg,20-29,Male,White
3292.jpg,below 20,Female,Black
3293.jpg,below 20,Female,White
3298.jpg,20-29,Male,White
3301.jpg,20-29,Male,White
3304.jpg,20-29,Male,White
3305.jpg,20-29,Male,Black
331.jpg,20-29,Male,White
3312.jpg,20-29,Male,Black
3341.jpg,20-29,Female,Indian
3343.jpg,20-29,Female,White
335.jpg,20-29,Male,White
3355.jpg,20-29,Male,White
3360.jpg,20-29,Male,White
3372.jpg,20-29,Male,White
3377.jpg,20-29,Male,White
3378.jpg,20-29,Female,White
3386.jpg,20-29,Male,Indian
3388.jpg,20-29,Male,White
339.jpg,30-39,Male,Black
3393.jpg,20-29,Male,White
3396.jpg,20-29,Male,White
3404.jpg,20-29,Male,White
3407.jpg,20-29,Male,Indian
3417.jpg,20-29,Male,Latino Hispanic
3418.jpg,20-29,Male,Indian
3419.jpg,30-39,Male,White
3420.jpg,20-29,Male,White
3423.jpg,20-29,Male,White
3425.jpg,20-29,Male,White
343.jpg,30-39,Female,White
3432.jpg,below 20,Female,Black
3437.jpg,20-29,Male,White
3438.jpg,30-39,Male,White
3447.jpg,20-29,Male,White
3449.jpg,20-29,Male,White
3450.jpg,20-29,Male,Indian
3461.jpg,20-29,Male,Indian
3463.jpg,20-29,Male,Indian
3464.jpg,20-29,Male,White
3468.jpg,20-29,Male,White
3472.jpg,20-29,Male,White
3477.jpg,20-29,Female,White
3478.jpg,20-29,Male,White
3483.jpg,20-29,Male,White
3488.jpg,20-29,Female,White
3489.jpg,20-29,Male,White
3496.jpg,20-29,Male,White
3501.jpg,20-29,Male,Indian
3503.jpg,20-29,Male,White
3507.jpg,20-29,Male,White
3508.jpg,20-29,Male,White
3509.jpg,30-39,Male,Indian
3514.jpg,20-29,Male,White
3516.jpg,below 20,Male,White
3521.jpg,20-29,Male,White
3525.jpg,30-39,Male,Indian
3528.jpg,20-29,Male,White
3529.jpg,20-29,Female,White
3530.jpg,below 20,Female,Asian
3531.jpg,20-29,Male,White
3536.jpg,20-29,Male,White
3537.jpg,20-29,Male,White
3553.jpg,30-39,Male,White
356.jpg,20-29,Male,White
3562.jpg,20-29,Male,White
3566.jpg,20-29,Female,Black
357.jpg,20-29,Male,White
3577.jpg,40-49,Male,Indian
3591.jpg,30-39,Male,Indian
3595.jpg,20-29,Male,White
3598.jpg,20-29,Male,White
3599.jpg,20-29,Male,Black
3602.jpg,below 20,Male,White
3608.jpg,20-29,Male,White
3615.jpg,30-39,Female,White
3617.jpg,30-39,Male,White
3620.jpg,20-29,Male,White
3626.jpg,20-29,Male,White
3628.jpg,20-29,Male,White
3637.jpg,20-29,Male,White
3643.jpg,20-29,Male,White
3648.jpg,20-29,Female,White
3649.jpg,20-29,Male,White
365.jpg,20-29,Male,Indian
3656.jpg,40-49,Male,White
3657.jpg,30-39,Male,White
3666.jpg,30-39,Male,White
3668.jpg,20-29,Male,White
3677.jpg,20-29,Male,White
3682.jpg,20-29,Female,White
3683.jpg,20-29,Male,White
3687.jpg,20-29,Male,White
369.jpg,20-29,Male,White
3691.jpg,below 20,Female,White
3696.jpg,30-39,Female,Indian
3699.jpg,20-29,Male,White
3705.jpg,below 20,Male,Asian
3715.jpg,30-39,Female,White
3716.jpg,20-29,Male,Indian
3721.jpg,20-29,Male,White
3726.jpg,20-29,Male,White
3737.jpg,20-29,Male,White
3742.jpg,30-39,Male,White
3746.jpg,20-29,Male,White
3747.jpg,20-29,Male,White
3751.jpg,20-29,Male,White
3759.jpg,below 20,Female,White
3766.jpg,20-29,Male,Indian
3770.jpg,20-29,Male,Indian
3772.jpg,20-29,Female,White
3774.jpg,20-29,Male,White
3781.jpg,20-29,Male,Indian
3784.jpg,20-29,Male,Indian
3785.jpg,20-29,Female,White
3795.jpg,20-29,Male,Latino Hispanic
3796.jpg,below 20,Female,White
3797.jpg,50+,Male,Black
3798.jpg,20-29,Male,White
3799.jpg,20-29,Male,White
3803.jpg,30-39,Male,Indian
3810.jpg,20-29,Male,White
3812.jpg,20-29,Male,White
3817.jpg,20-29,Male,White
382.jpg,20-29,Male,White
3820.jpg,20-29,Male,Indian
3822.jpg,20-29,Male,Indian
3826.jpg,30-39,Male,Indian
3829.jpg,20-29,Male,White
3834.jpg,30-39,Male,White
3847.jpg,20-29,Male,White
385.jpg,20-29,Female,Black
3883.jpg,30-39,Male,White
3884.jpg,30-39,Female,White
3887.jpg,20-29,Male,White
3893.jpg,20-29,Male,White
3896.jpg,20-29,Male,White
390.jpg,20-29,Male,White
3916.jpg,20-29,Male,White
3918.jpg,20-29,Male,White
3922.jpg,20-29,Male,Indian
3934.jpg,20-29,Male,White
3936.jpg,30-39,Female,White
3939.jpg,30-39,Male,Black
3943.jpg,20-29,Male,Indian
3944.jpg,30-39,Male,White
3949.jpg,20-29,Male,White
3952.jpg,20-29,Female,White
3953.jpg,30-39,Male,Indian
3958.jpg,below 20,Male,Asian
3964.jpg,20-29,Male,Asian
3966.jpg,20-29,Female,Indian
3975.jpg,20-29,Male,White
3987.jpg,20-29,Male,White
3991.jpg,20-29,Male,White
3994.jpg,20-29,Male,White
4009.jpg,20-29,Male,White
4017.jpg,20-29,Male,White
4019.jpg,30-39,Male,White
4024.jpg,20-29,Male,Asian
4032.jpg,20-29,Female,White
4033.jpg,20-29,Male,Indian
4038.jpg,20-29,Female,White
404.jpg,20-29,Male,White
4042.jpg,20-29,Male,White
4046.jpg,20-29,Female,Black
4056.jpg,20-29,Male,White
4057.jpg,30-39,Female,White
406.jpg,20-29,Male,White
4063.jpg,20-29,Male,White
4065.jpg,20-29,Male,White
4078.jpg,20-29,Male,White
4080.jpg,30-39,Male,White
4083.jpg,20-29,Male,Indian
4087.jpg,20-29,Female,White
4102.jpg,20-29,Male,White
4103.jpg,20-29,Male,White
4104.jpg,20-29,Male,Black
4111.jpg,30-39,Male,Indian
4113.jpg,20-29,Male,White
4118.jpg,20-29,Male,Indian
4122.jpg,20-29,Male,White
4123.jpg,20-29,Male,White
4125.jpg,20-29,Male,White
4126.jpg,below 20,Male,White
4135.jpg,20-29,Male,White
4147.jpg,20-29,Male,White
4148.jpg,20-29,Male,White
4151.jpg,20-29,Male,White
4153.jpg,20-29,Male,White
4162.jpg,20-29,Male,White
4166.jpg,20-29,Male,White
4170.jpg,20-29,Male,White
4176.jpg,20-29,Male,White
4184.jpg,20-29,Female,White
419.jpg,20-29,Male,White
4192.jpg,20-29,Male,White
42.jpg,20-29,Male,Indian
4206.jpg,20-29,Male,White
4214.jpg,30-39,Male,White
4218.jpg,20-29,Male,White
422.jpg,20-29,Female,White
4232.jpg,20-29,Male,White
4234.jpg,20-29,Male,White
4235.jpg,20-29,Male,White
4236.jpg,20-29,Female,White
425.jpg,20-29,Male,Asian
4252.jpg,20-29,Male,Asian
4253.jpg,20-29,Female,White
4256.jpg,20-29,Male,Indian
4258.jpg,20-29,Male,Indian
4260.jpg,20-29,Male,White
4273.jpg,20-29,Male,Asian
4275.jpg,20-29,Male,White
428.jpg,20-29,Male,Indian
4280.jpg,20-29,Female,White
4287.jpg,30-39,Male,White
4293.jpg,20-29,Female,White
4299.jpg,30-39,Male,White
4301.jpg,30-39,Male,White
4302.jpg,20-29,Male,White
4305.jpg,20-29,Male,White
4311.jpg,20-29,Male,White
4313.jpg,20-29,Male,White
4320.jpg,30-39,Male,Indian
4323.jpg,20-29,Male,White
4325.jpg,30-39,Male,White
4334.jpg,20-29,Male,White
4336.jpg,30-39,Male,Indian
4337.jpg,20-29,Male,White
4339.jpg,20-29,Male,White
4340.jpg,20-29,Male,White
4347.jpg,20-29,Male,White
435.jpg,20-29,Male,White
4351.jpg,30-39,Female,Indian
4352.jpg,30-39,Male,White
4353.jpg,20-29,Male,White
4369.jpg,20-29,Male,Indian
4375.jpg,20-29,Male,White
4377.jpg,20-29,Male,White
4381.jpg,30-39,Male,Black
4387.jpg,50+,Female,White
4388.jpg,20-29,Male,White
4391.jpg,30-39,Male,White
4399.jpg,20-29,Male,White
44.jpg,20-29,Male,White
440.jpg,20-29,Female,White
4400.jpg,30-39,Male,Indian
4409.jpg,20-29,Male,Latino Hispanic
4411.jpg,20-29,Male,White
4412.jpg,20-29,Male,White
4414.jpg,20-29,Male,Indian
4416.jpg,below 20,Female,Black
4418.jpg,30-39,Male,Black
4421.jpg,20-29,Male,White
443.jpg,20-29,Male,White
4432.jpg,20-29,Male,White
4435.jpg,20-29,Male,White
4438.jpg,20-29,Male,White
4440.jpg,20-29,Male,White
4444.jpg,20-29,Male,Indian
4448.jpg,30-39,Female,White
445.jpg,20-29,Female,White
4451.jpg,30-39,Male,White
4452.jpg,20-29,Female,White
4460.jpg,30-39,Female,White
4464.jpg,20-29,Male,Indian
4468.jpg,20-29,Male,White
4470.jpg,20-29,Male,White
4471.jpg,20-29,Female,White
4480.jpg,20-29,Female,White
4485.jpg,20-29,Male,White
4486.jpg,20-29,Male,White
4489.jpg,20-29,Male,Indian
4492.jpg,20-29,Male,White
4495.jpg,20-29,Male,White
4496.jpg,20-29,Male,White
450.jpg,30-39,Male,Indian
4501.jpg,20-29,Male,White
4505.jpg,30-39,Male,Indian
4516.jpg,20-29,Male,White
4519.jpg,20-29,Male,White
4521.jpg,20-29,Male,White
4526.jpg,below 20,Male,White
4527.jpg,below 20,Female,White
4541.jpg,30-39,Male,White
4546.jpg,30-39,Female,White
4552.jpg,20-29,Male,White
4553.jpg,20-29,Male,White
4554.jpg,20-29,Female,White
4556.jpg,20-29,Male,Indian
4559.jpg,20-29,Male,Indian
4562.jpg,30-39,Male,White
4563.jpg,30-39,Male,White
4564.jpg,20-29,Male,White
457.jpg,20-29,Female,White
4575.jpg,30-39,Male,Indian
4576.jpg,20-29,Male,White
4577.jpg,20-29,Female,Indian
4582.jpg,30-39,Female,White
4583.jpg,20-29,Male,White
4591.jpg,20-29,Female,White
4595.jpg,20-29,Male,Indian
4605.jpg,20-29,Male,White
461.jpg,20-29,Male,White
4622.jpg,30-39,Female,Black
4627.jpg,20-29,Male,White
463.jpg,20-29,Male,White
4634.jpg,40-49,Male,Indian
4636.jpg,20-29,Male,White
4647.jpg,20-29,Male,White
4648.jpg,20-29,Male,White
4649.jpg,below 20,Male,White
465.jpg,20-29,Male,White
4651.jpg,20-29,Male,White
4653.jpg,30-39,Male,Indian
4654.jpg,20-29,Female,Asian
4656.jpg,20-29,Male,White
4665.jpg,20-29,Male,White
4674.jpg,20-29,Male,White
4675.jpg,20-29,Female,White
4689.jpg,20-29,Male,Black
4690.jpg,30-39,Female,Black
4693.jpg,20-29,Male,White
4694.jpg,below 20,Female,Asian
4697.jpg,20-29,Male,White
4698.jpg,20-29,Female,White
4699.jpg,30-39,Female,White
4701.jpg,20-29,Male,White
4708.jpg,30-39,Male,White
471.jpg,20-29,Male,Asian
4710.jpg,30-39,Female,White
4712.jpg,20-29,Male,White
4719.jpg,20-29,Male,Indian
472.jpg,20-29,Male,White
4724.jpg,20-29,Male,White
4725.jpg,50+,Male,Indian
4732.jpg,20-29,Male,White
4738.jpg,20-29,Male,White
4741.jpg,30-39,Male,Indian
4742.jpg,20-29,Male,Indian
4748.jpg,20-29,Male,White
4752.jpg,20-29,Male,White
4753.jpg,20-29,Male,White
4755.jpg,20-29,Male,White
4760.jpg,20-29,Male,White
4764.jpg,30-39,Male,White
4768.jpg,30-39,Male,White
4774.jpg,20-29,Male,White
4775.jpg,20-29,Male,Indian
4777.jpg,20-29,Male,White
4781.jpg,20-29,Male,White
4784.jpg,20-29,Male,White
4785.jpg,20-29,Male,White
4791.jpg,20-29,Male,White
4792.jpg,30-39,Male,White
4793.jpg,20-29,Female,White
4797.jpg,below 20,Male,Black
480.jpg,20-29,Female,White
4802.jpg,20-29,Male,White
4813.jpg,30-39,Male,White
4814.jpg,20-29,Male,White
4815.jpg,30-39,Male,White
4820.jpg,below 20,Female,White
4827.jpg,20-29,Male,White
4828.jpg,20-29,Male,White
4833.jpg,20-29,Male,Indian
4837.jpg,20-29,Male,White
4847.jpg,20-29,Female,White
485.jpg,20-29,Male,White
4852.jpg,20-29,Male,White
4855.jpg,20-29,Male,White
4856.jpg,20-29,Male,White
4858.jpg,20-29,Female,Asian
4863.jpg,20-29,Male,White
4866.jpg,20-29,Male,White
4873.jpg,20-29,Male,White
4888.jpg,below 20,Female,Asian
4889.jpg,below 20,Male,White
4890.jpg,20-29,Male,Indian
4895.jpg,below 20,Female,Asian
4906.jpg,20-29,Female,White
491.jpg,20-29,Female,White
4910.jpg,20-29,Male,Indian
4914.jpg,20-29,Male,Asian
4915.jpg,30-39,Male,Indian
4918.jpg,30-39,Male,White
4920.jpg,20-29,Male,White
4922.jpg,30-39,Male,White
4923.jpg,20-29,Male,White
4927.jpg,20-29,Female,White
4929.jpg,20-29,Male,White
4934.jpg,20-29,Male,White
4935.jpg,20-29,Male,White
4936.jpg,20-29,Male,Indian
4938.jpg,30-39,Male,Indian
4939.jpg,20-29,Male,White
494.jpg,below 20,Male,White
4942.jpg,20-29,Male,White
4946.jpg,below 20,Female,Asian
4951.jpg,40-49,Male,Indian
4956.jpg,20-29,Female,White
4958.jpg,30-39,Male,White
4959.jpg,20-29,Male,White
4967.jpg,20-29,Female,Asian
4973.jpg,20-29,Male,White
4978.jpg,20-29,Male,White
4988.jpg,20-29,Male,Black
4991.jpg,below 20,Female,Black
4992.jpg,20-29,Male,White
4994.jpg,20-29,Female,White
4996.jpg,20-29,Male,White
4997.jpg,20-29,Male,White
5.jpg,30-39,Male,Black
500.jpg,20-29,Male,Indian
5000.jpg,20-29,Male,White
5001.jpg,20-29,Male,White
5005.jpg,20-29,Male,White
5008.jpg,20-29,Male,White
501.jpg,20-29,Male,White
5014.jpg,20-29,Male,White
5016.jpg,20-29,Male,Indian
5020.jpg,20-29,Male,White
5022.jpg,below 20,Male,White
5045.jpg,below 20,Female,Black
5047.jpg,20-29,Male,White
5049.jpg,20-29,Male,White
505.jpg,20-29,Male,Indian
5052.jpg,20-29,Male,White
5057.jpg,20-29,Male,White
506.jpg,20-29,Male,White
5064.jpg,20-29,Female,Indian
5072.jpg,20-29,Female,Black
5074.jpg,20-29,Male,Black
5085.jpg,20-29,Male,White
5091.jpg,20-29,Male,White
5098.jpg,20-29,Female,White
51.jpg,20-29,Male,White
5101.jpg,20-29,Male,Asian
5102.jpg,20-29,Male,White
511.jpg,20-29,Male,White
5112.jpg,30-39,Male,Black
5118.jpg,below 20,Female,Black
5120.jpg,below 20,Female,Asian
5128.jpg,20-29,Male,White
5133.jpg,20-29,Male,White
5136.jpg,30-39,Male,White
5138.jpg,20-29,Male,White
5146.jpg,20-29,Male,Indian
5148.jpg,20-29,Male,White
5159.jpg,below 20,Male,White
5164.jpg,30-39,Male,Indian
5172.jpg,20-29,Male,White
5176.jpg,20-29,Female,White
5181.jpg,20-29,Male,White
5182.jpg,40-49,Male,Indian
5185.jpg,below 20,Female,Black
5188.jpg,20-29,Male,White
519.jpg,20-29,Male,Indian
5190.jpg,20-29,Female,White
5198.jpg,20-29,Male,White
52.jpg,20-29,Male,White
5205.jpg,20-29,Male,White
5210.jpg,20-29,Male,White
5214.jpg,40-49,Male,Indian
5224.jpg,30-39,Male,Indian
5239.jpg,20-29,Male,White
5240.jpg,20-29,Male,White
5242.jpg,20-29,Male,White
5246.jpg,20-29,Male,Indian
5249.jpg,20-29,Male,White
525.jpg,20-29,Male,White
5253.jpg,20-29,Female,White
526.jpg,30-39,Female,White
5265.jpg,20-29,Male,Indian
5269.jpg,20-29,Male,White
5273.jpg,30-39,Male,Indian
5275.jpg,30-39,Male,White
5281.jpg,below 20,Male,White
5284.jpg,20-29,Male,White
5290.jpg,20-29,Male,White
5297.jpg,20-29,Male,White
5298.jpg,below 20,Female,Black
53.jpg,20-29,Male,Indian
5300.jpg,20-29,Male,White
5301.jpg,20-29,Male,White
5304.jpg,20-29,Male,White
5306.jpg,20-29,Male,White
5310.jpg,20-29,Male,White
5316.jpg,20-29,Female,White
5319.jpg,20-29,Male,Indian
533.jpg,20-29,Female,White
5338.jpg,20-29,Male,White
5341.jpg,30-39,Female,White
5343.jpg,30-39,Male,White
5344.jpg,30-39,Female,White
5347.jpg,20-29,Male,White
5351.jpg,20-29,Male,Indian
5357.jpg,20-29,Male,White
5358.jpg,30-39,Male,Indian
5359.jpg,20-29,Male,White
5374.jpg,20-29,Male,White
5376.jpg,20-29,Male,Indian
538.jpg,30-39,Male,White
5380.jpg,20-29,Male,White
5383.jpg,20-29,Male,White
539.jpg,20-29,Male,White
5390.jpg,20-29,Female,White
5391.jpg,20-29,Male,Black
5394.jpg,20-29,Male,White
5400.jpg,30-39,Male,White
5405.jpg,30-39,Female,White
5407.jpg,20-29,Male,Indian
5409.jpg,20-29,Male,White
5410.jpg,20-29,Male,Black
5411.jpg,20-29,Female,White
5413.jpg,20-29,Female,White
5414.jpg,20-29,Male,White
5416.jpg,20-29,Male,White
5424.jpg,20-29,Male,White
5425.jpg,30-39,Male,Indian
5429.jpg,30-39,Female,White
543.jpg,30-39,Male,Indian
5432.jpg,20-29,Male,White
5434.jpg,30-39,Male,Indian
5437.jpg,20-29,Male,White
5439.jpg,20-29,Male,White
5441.jpg,20-29,Male,White
5448.jpg,20-29,Male,White
5450.jpg,30-39,Male,Latino Hispanic
5453.jpg,20-29,Male,White
5457.jpg,20-29,Male,Indian
5464.jpg,20-29,Male,White
5465.jpg,30-39,Male,White
5472.jpg,20-29,Male,White
548.jpg,20-29,Male,White
5480.jpg,20-29,Male,Asian
5483.jpg,20-29,Male,White
5487.jpg,20-29,Female,White
5490.jpg,20-29,Male,White
5495.jpg,20-29,Male,White
5500.jpg,20-29,Male,White
5506.jpg,30-39,Male,White
5507.jpg,30-39,Female,White
5510.jpg,20-29,Male,White
5521.jpg,20-29,Male,White
5527.jpg,20-29,Male,White
553.jpg,40-49,Male,Indian
5536.jpg,below 20,Female,White
5537.jpg,20-29,Female,White
5538.jpg,20-29,Male,White
5547.jpg,20-29,Male,White
5556.jpg,below 20,Female,White
5557.jpg,20-29,Male,White
5559.jpg,20-29,Male,White
5569.jpg,20-29,Male,White
5574.jpg,20-29,Female,White
5579.jpg,below 20,Female,Asian
5584.jpg,20-29,Male,White
5593.jpg,30-39,Male,White
5594.jpg,20-29,Male,White
5595.jpg,20-29,Male,Latino Hispanic
5597.jpg,30-39,Male,Indian
56.jpg,20-29,Male,Indian
560.jpg,20-29,Male,Indian
5601.jpg,20-29,Female,Asian
5602.jpg,20-29,Male,White
5609.jpg,20-29,Male,White
5614.jpg,20-29,Male,White
5615.jpg,30-39,Male,Indian
5620.jpg,20-29,Female,Asian
5629.jpg,20-29,Male,White
5640.jpg,20-29,Male,White
5642.jpg,20-29,Male,White
565.jpg,20-29,Male,White
5650.jpg,50+,Male,Indian
5657.jpg,20-29,Male,Indian
5662.jpg,below 20,Male,White
5665.jpg,20-29,Male,White
5666.jpg,20-29,Male,White
5668.jpg,20-29,Male,Asian
5669.jpg,30-39,Male,White
5677.jpg,20-29,Male,White
5681.jpg,20-29,Male,White
5683.jpg,30-39,Female,White
5686.jpg,20-29,Male,White
5689.jpg,20-29,Male,White
5691.jpg,20-29,Male,White
5701.jpg,20-29,Male,White
5703.jpg,20-29,Male,White
5705.jpg,20-29,Male,White
5715.jpg,30-39,Male,Indian
5719.jpg,30-39,Female,White
5722.jpg,20-29,Male,White
5723.jpg,20-29,Male,Indian
5725.jpg,20-29,Male,White
5726.jpg,30-39,Male,Indian
5740.jpg,20-29,Male,White
5742.jpg,20-29,Male,Indian
5747.jpg,20-29,Male,Latino Hispanic
5749.jpg,20-29,Male,Indian
5770.jpg,20-29,Male,Indian
5776.jpg,30-39,Male,Indian
5779.jpg,20-29,Male,Indian
5785.jpg,30-39,Male,White
5796.jpg,20-29,Female,White
5797.jpg,30-39,Male,Indian
58.jpg,30-39,Male,White
580.jpg,20-29,Male,White
5805.jpg,30-39,Male,Indian
5814.jpg,20-29,Male,Indian
5816.jpg,20-29,Male,Indian
582.jpg,20-29,Female,White
5822.jpg,20-29,Male,White
5825.jpg,30-39,Male,White
5829.jpg,20-29,Male,White
583.jpg,20-29,Male,Indian
5833.jpg,20-29,Male,White
5840.jpg,20-29,Male,White
5842.jpg,below 20,Female,White
5843.jpg,20-29,Male,White
5846.jpg,20-29,Male,White
5847.jpg,30-39,Male,White
5855.jpg,20-29,Male,White
5857.jpg,20-29,Male,White
5863.jpg,20-29,Male,White
5868.jpg,20-29,Male,White
5870.jpg,20-29,Male,White
5875.jpg,20-29,Female,Black
5877.jpg,20-29,Male,White
5878.jpg,20-29,Male,White
588.jpg,20-29,Male,White
5882.jpg,below 20,Female,White
5884.jpg,below 20,Male,Asian
5886.jpg,20-29,Male,White
5893.jpg,20-29,Male,White
5894.jpg,20-29,Male,White
5902.jpg,20-29,Female,Black
5908.jpg,20-29,Male,Asian
591.jpg,below 20,Male,Asian
5916.jpg,20-29,Male,White
5934.jpg,20-29,Male,White
5935.jpg,30-39,Male,Indian
5936.jpg,20-29,Male,White
5939.jpg,30-39,Male,White
5944.jpg,30-39,Male,White
5948.jpg,30-39,Male,White
5952.jpg,20-29,Male,White
5956.jpg,30-39,Female,White
5957.jpg,20-29,Male,White
5958.jpg,20-29,Male,White
5959.jpg,20-29,Male,Asian
596.jpg,20-29,Male,White
5961.jpg,20-29,Male,White
5967.jpg,30-39,Male,White
5971.jpg,20-29,Male,White
5972.jpg,20-29,Male,White
5974.jpg,30-39,Male,White
5980.jpg,20-29,Male,White
5981.jpg,20-29,Male,White
5983.jpg,30-39,Male,White
5985.jpg,30-39,Male,Indian
5987.jpg,20-29,Male,White
5993.jpg,20-29,Male,White
5994.jpg,20-29,Male,White
5999.jpg,20-29,Male,White
6000.jpg,30-39,Male,White
6010.jpg,20-29,Female,Asian
6011.jpg,50+,Male,White
6014.jpg,20-29,Male,White
6017.jpg,30-39,Male,White
602.jpg,20-29,Male,White
6024.jpg,20-29,Male,Indian
6033.jpg,20-29,Male,White
6036.jpg,20-29,Male,White
6044.jpg,20-29,Male,Indian
605.jpg,20-29,Male,White
6051.jpg,20-29,Male,White
6058.jpg,20-29,Male,White
6063.jpg,20-29,Male,White
6072.jpg,20-29,Female,White
6074.jpg,30-39,Male,White
6077.jpg,20-29,Male,White
6080.jpg,20-29,Male,White
6084.jpg,20-29,Female,White
6085.jpg,20-29,Male,White
6086.jpg,20-29,Male,White
6093.jpg,20-29,Male,Indian
6095.jpg,30-39,Female,White
6099.jpg,20-29,Female,White
611.jpg,20-29,Male,Indian
6114.jpg,30-39,Male,Indian
612.jpg,below 20,Male,Asian
6121.jpg,20-29,Male,White
6123.jpg,20-29,Male,Indian
613.jpg,30-39,Male,Indian
6139.jpg,20-29,Male,White
6147.jpg,20-29,Male,White
6148.jpg,20-29,Male,White
615.jpg,20-29,Male,White
6150.jpg,20-29,Male,White
6151.jpg,20-29,Male,White
6160.jpg,30-39,Male,White
6163.jpg,20-29,Male,White
6165.jpg,30-39,Male,Indian
6166.jpg,30-39,Male,White
6171.jpg,20-29,Male,White
6174.jpg,20-29,Male,White
6176.jpg,20-29,Male,Asian
618.jpg,20-29,Male,White
6180.jpg,20-29,Female,White
6182.jpg,30-39,Male,White
6183.jpg,20-29,Male,White
619.jpg,30-39,Male,Asian
6190.jpg,20-29,Male,Indian
6204.jpg,20-29,Male,White
621.jpg,20-29,Male,White
6218.jpg,20-29,Male,White
6219.jpg,20-29,Male,White
6223.jpg,20-29,Male,White
6225.jpg,below 20,Female,White
6232.jpg,30-39,Male,White
6237.jpg,20-29,Male,Indian
6242.jpg,30-39,Female,White
6247.jpg,20-29,Male,White
6251.jpg,20-29,Female,White
6258.jpg,30-39,Male,Latino Hispanic
626.jpg,20-29,Male,Indian
6267.jpg,20-29,Male,White
6269.jpg,20-29,Male,Indian
6272.jpg,20-29,Male,White
6282.jpg,30-39,Female,White
6284.jpg,below 20,Male,Asian
6287.jpg,20-29,Male,Indian
6290.jpg,20-29,Male,White
6293.jpg,20-29,Male,White
63.jpg,30-39,Male,Black
6304.jpg,30-39,Male,White
6306.jpg,30-39,Female,White
6307.jpg,below 20,Male,White
6313.jpg,20-29,Male,White
6315.jpg,30-39,Male,White
6317.jpg,20-29,Female,White
6323.jpg,20-29,Male,White
6325.jpg,20-29,Male,White
6330.jpg,30-39,Male,Indian
6333.jpg,20-29,Male,White
6334.jpg,20-29,Male,White
6335.jpg,20-29,Male,White
6337.jpg,20-29,Male,Indian
6338.jpg,20-29,Male,White
6342.jpg,20-29,Male,White
6347.jpg,20-29,Male,White
6349.jpg,20-29,Male,White
6356.jpg,20-29,Male,White
6359.jpg,20-29,Male,Asian
6362.jpg,30-39,Female,Indian
6365.jpg,20-29,Male,White
6366.jpg,20-29,Female,Asian
6374.jpg,30-39,Male,White
6375.jpg,20-29,Male,White
6378.jpg,20-29,Female,White
6379.jpg,20-29,Male,White
6390.jpg,20-29,Male,White
6394.jpg,30-39,Female,White
641.jpg,50+,Male,Indian
6419.jpg,20-29,Female,White
642.jpg,20-29,Male,White
6420.jpg,30-39,Male,Black
6424.jpg,20-29,Female,White
6426.jpg,20-29,Female,White
6429.jpg,20-29,Male,White
6430.jpg,50+,Male,Indian
6432.jpg,20-29,Male,White
6436.jpg,30-39,Male,White
6438.jpg,20-29,Male,Black
645.jpg,below 20,Female,White
6450.jpg,20-29,Male,White
6453.jpg,20-29,Male,White
6458.jpg,20-29,Male,Asian
6466.jpg,below 20,Male,White
6467.jpg,20-29,Male,White
6471.jpg,20-29,Male,Indian
6477.jpg,30-39,Male,White
6478.jpg,20-29,Male,White
648.jpg,20-29,Male,White
6490.jpg,20-29,Male,White
6491.jpg,30-39,Male,Asian
6498.jpg,30-39,Male,White
65.jpg,20-29,Male,White
6500.jpg,20-29,Male,White
6503.jpg,below 20,Male,White
6532.jpg,20-29,Male,White
6539.jpg,30-39,Male,White
654.jpg,20-29,Male,Indian
6542.jpg,20-29,Male,White
6543.jpg,20-29,Male,White
6546.jpg,20-29,Male,Indian
6548.jpg,20-29,Male,White
6567.jpg,20-29,Male,Indian
657.jpg,20-29,Male,White
6574.jpg,20-29,Male,White
6575.jpg,20-29,Male,White
6581.jpg,20-29,Male,Indian
6582.jpg,20-29,Male,White
6583.jpg,30-39,Male,White
6590.jpg,30-39,Male,Indian
6596.jpg,20-29,Male,Indian
66.jpg,20-29,Male,White
6603.jpg,20-29,Male,Latino Hispanic
6604.jpg,below 20,Female,Black
661.jpg,20-29,Male,White
6628.jpg,20-29,Male,White
6629.jpg,20-29,Male,Indian
663.jpg,20-29,Male,White
6631.jpg,20-29,Male,White
6632.jpg,20-29,Male,White
6637.jpg,20-29,Male,White
6638.jpg,30-39,Male,Indian
6639.jpg,20-29,Male,White
6640.jpg,30-39,Male,Indian
6643.jpg,20-29,Male,White
6644.jpg,30-39,Female,Indian
6647.jpg,20-29,Male,White
6649.jpg,30-39,Male,White
665.jpg,30-39,Female,Indian
6663.jpg,20-29,Male,Indian
667.jpg,20-29,Male,White
6671.jpg,20-29,Female,White
6673.jpg,20-29,Male,White
6676.jpg,20-29,Male,White
668.jpg,20-29,Female,White
6682.jpg,20-29,Male,White
6693.jpg,20-29,Male,Asian
6695.jpg,20-29,Male,White
6702.jpg,30-39,Male,White
6703.jpg,20-29,Male,White
6704.jpg,20-29,Male,White
6705.jpg,20-29,Male,White
6708.jpg,40-49,Male,White
6710.jpg,20-29,Male,White
6716.jpg,20-29,Male,White
6718.jpg,20-29,Male,Indian
6719.jpg,30-39,Male,Indian
6722.jpg,20-29,Male,White
6723.jpg,below 20,Female,White
6724.jpg,20-29,Male,White
6727.jpg,20-29,Female,Indian
6733.jpg,20-29,Male,White
6737.jpg,30-39,Female,Indian
6741.jpg,30-39,Male,Indian
6744.jpg,20-29,Male,White
6747.jpg,20-29,Female,White
6749.jpg,20-29,Male,White
6752.jpg,20-29,Male,White
6754.jpg,20-29,Male,Indian
6755.jpg,20-29,Male,Indian
6762.jpg,below 20,Male,White
6763.jpg,20-29,Male,White
6764.jpg,30-39,Male,White
6765.jpg,30-39,Male,White
6769.jpg,20-29,Male,Indian
6771.jpg,20-29,Male,White
6777.jpg,30-39,Male,White
678.jpg,20-29,Female,White
6780.jpg,20-29,Male,White
6786.jpg,20-29,Male,White
6787.jpg,20-29,Male,White
6791.jpg,20-29,Male,White
6792.jpg,20-29,Male,White
6798.jpg,20-29,Male,White
6799.jpg,20-29,Male,White
68.jpg,30-39,Male,Indian
680.jpg,30-39,Female,White
6804.jpg,30-39,Male,White
6807.jpg,20-29,Male,White
6809.jpg,50+,Male,Indian
681.jpg,20-29,Male,White
6810.jpg,30-39,Male,Black
6815.jpg,30-39,Male,White
682.jpg,30-39,Female,White
6820.jpg,20-29,Male,White
6825.jpg,30-39,Male,Latino Hispanic
6827.jpg,20-29,Male,White
6831.jpg,20-29,Female,White
6833.jpg,20-29,Male,White
6835.jpg,30-39,Male,White
6839.jpg,20-29,Male,White
6841.jpg,20-29,Male,White
6852.jpg,20-29,Male,White
6853.jpg,20-29,Male,White
6856.jpg,20-29,Male,White
6857.jpg,20-29,Male,White
6862.jpg,20-29,Male,White
6871.jpg,20-29,Male,White
6881.jpg,20-29,Male,Indian
6883.jpg,20-29,Male,White
6896.jpg,20-29,Male,White
6898.jpg,20-29,Female,White
6903.jpg,20-29,Male,White
6904.jpg,30-39,Male,White
6908.jpg,below 20,Female,Black
6926.jpg,30-39,Male,White
6928.jpg,20-29,Male,White
6929.jpg,below 20,Male,Asian
6930.jpg,30-39,Male,White
6931.jpg,20-29,Male,White
6935.jpg,30-39,Male,White
6936.jpg,40-49,Female,White
6941.jpg,20-29,Male,White
6943.jpg,30-39,Female,White
695.jpg,30-39,Male,White
6958.jpg,20-29,Male,Asian
6959.jpg,20-29,Male,White
6960.jpg,20-29,Male,Indian
6961.jpg,20-29,Female,White
6969.jpg,30-39,Male,White
6978.jpg,20-29,Female,White
6984.jpg,30-39,Male,White
6990.jpg,30-39,Male,White
6991.jpg,20-29,Male,White
6995.jpg,20-29,Male,White
6998.jpg,30-39,Male,White
7007.jpg,20-29,Male,White
7008.jpg,20-29,Male,White
7010.jpg,30-39,Male,White
7016.jpg,20-29,Male,White
7018.jpg,20-29,Female,White
7022.jpg,40-49,Male,Indian
7024.jpg,30-39,Male,White
7025.jpg,30-39,Female,White
7027.jpg,20-29,Male,White
703.jpg,30-39,Female,White
7031.jpg,50+,Male,Indian
704.jpg,30-39,Male,White
7042.jpg,20-29,Male,White
7048.jpg,20-29,Male,White
7059.jpg,20-29,Male,White
7066.jpg,30-39,Male,White
7071.jpg,20-29,Male,White
7075.jpg,20-29,Male,White
7076.jpg,20-29,Male,White
7080.jpg,20-29,Male,Indian
7081.jpg,20-29,Male,Indian
709.jpg,20-29,Female,Asian
7091.jpg,30-39,Male,Indian
7092.jpg,20-29,Male,White
7095.jpg,20-29,Male,Indian
7097.jpg,50+,Male,Black
7103.jpg,20-29,Male,White
7108.jpg,20-29,Female,White
7127.jpg,20-29,Female,White
713.jpg,20-29,Male,White
7131.jpg,20-29,Male,White
7138.jpg,20-29,Female,White
7141.jpg,30-39,Male,Indian
7151.jpg,20-29,Male,White
7153.jpg,30-39,Male,White
7157.jpg,30-39,Male,White
7158.jpg,20-29,Male,White
7163.jpg,20-29,Male,Indian
7164.jpg,30-39,Male,Indian
7165.jpg,20-29,Male,White
7168.jpg,30-39,Male,White
7169.jpg,20-29,Male,White
717.jpg,20-29,Male,White
7173.jpg,20-29,Male,White
7176.jpg,below 20,Female,Black
7182.jpg,30-39,Male,Indian
7192.jpg,20-29,Male,White
7209.jpg,30-39,Male,White
7216.jpg,20-29,Male,White
722.jpg,20-29,Female,White
7220.jpg,20-29,Male,White
7223.jpg,below 20,Female,Black
7227.jpg,20-29,Male,White
7229.jpg,20-29,Female,White
7233.jpg,20-29,Male,White
7242.jpg,30-39,Male,White
7244.jpg,30-39,Male,White
7245.jpg,20-29,Male,Latino Hispanic
7253.jpg,20-29,Male,White
7259.jpg,20-29,Male,White
7270.jpg,30-39,Male,White
7275.jpg,20-29,Female,White
7281.jpg,20-29,Male,White
7288.jpg,30-39,Male,Indian
7291.jpg,30-39,Female,White
7295.jpg,20-29,Male,White
73.jpg,20-29,Female,White
7303.jpg,30-39,Male,Indian
7307.jpg,20-29,Male,White
7308.jpg,20-29,Male,White
731.jpg,20-29,Male,White
7310.jpg,30-39,Male,Indian
7315.jpg,20-29,Female,Black
7317.jpg,20-29,Female,White
7330.jpg,20-29,Male,White
7331.jpg,below 20,Male,White
7337.jpg,below 20,Female,Black
7340.jpg,20-29,Male,White
7341.jpg,40-49,Male,White
7346.jpg,20-29,Male,White
7347.jpg,30-39,Male,Asian
735.jpg,20-29,Male,White
7350.jpg,20-29,Female,White
7351.jpg,30-39,Male,White
7356.jpg,20-29,Male,White
7373.jpg,20-29,Female,White
7378.jpg,20-29,Female,White
7382.jpg,20-29,Male,White
7383.jpg,20-29,Male,White
7387.jpg,20-29,Male,White
740.jpg,20-29,Male,White
7408.jpg,20-29,Male,White
741.jpg,20-29,Male,White
7411.jpg,20-29,Female,White
7414.jpg,20-29,Male,White
7417.jpg,20-29,Male,White
7426.jpg,20-29,Male,White
743.jpg,20-29,Female,Black
7437.jpg,20-29,Male,White
7447.jpg,30-39,Male,White
7448.jpg,20-29,Male,White
7449.jpg,20-29,Male,White
745.jpg,20-29,Male,Asian
7451.jpg,20-29,Male,White
7455.jpg,20-29,Female,Asian
7458.jpg,30-39,Female,White
7463.jpg,20-29,Female,White
7466.jpg,30-39,Male,Indian
7467.jpg,20-29,Male,White
7475.jpg,20-29,Male,White
7478.jpg,20-29,Male,White
7479.jpg,20-29,Male,White
7481.jpg,20-29,Male,White
7488.jpg,20-29,Male,White
7492.jpg,20-29,Male,White
7494.jpg,20-29,Male,White
7496.jpg,20-29,Male,White
7499.jpg,20-29,Male,Asian
750.jpg,20-29,Male,White
7501.jpg,20-29,Male,Black
7502.jpg,20-29,Male,Indian
7504.jpg,20-29,Male,White
7509.jpg,20-29,Male,White
7511.jpg,20-29,Male,Indian
7515.jpg,30-39,Male,White
7516.jpg,20-29,Male,White
7518.jpg,20-29,Male,Indian
7519.jpg,20-29,Female,White
7522.jpg,20-29,Male,White
7529.jpg,30-39,Male,White
7532.jpg,30-39,Female,Indian
7533.jpg,20-29,Male,White
7540.jpg,20-29,Male,White
7542.jpg,20-29,Male,White
7545.jpg,20-29,Male,White
755.jpg,20-29,Male,White
7557.jpg,20-29,Male,White
7558.jpg,20-29,Female,White
7560.jpg,20-29,Male,White
7561.jpg,20-29,Male,White
7562.jpg,20-29,Male,White
7571.jpg,30-39,Male,White
7572.jpg,20-29,Male,White
7578.jpg,20-29,Male,White
7579.jpg,20-29,Male,White
7589.jpg,20-29,Male,White
759.jpg,20-29,Male,White
7594.jpg,20-29,Male,White
7595.jpg,20-29,Male,White
760.jpg,20-29,Male,White
7601.jpg,30-39,Male,Indian
7609.jpg,30-39,Male,White
7616.jpg,30-39,Male,Indian
7620.jpg,20-29,Female,White
7624.jpg,50+,Male,White
7625.jpg,20-29,Male,White
7630.jpg,20-29,Male,White
7633.jpg,20-29,Male,White
7635.jpg,20-29,Male,White
7641.jpg,20-29,Male,White
7646.jpg,20-29,Female,White
7649.jpg,30-39,Male,White
7656.jpg,20-29,Female,White
7664.jpg,20-29,Male,White
7669.jpg,20-29,Male,Black
7673.jpg,20-29,Female,White
7676.jpg,20-29,Male,White
7680.jpg,30-39,Male,White
7687.jpg,20-29,Male,White
7688.jpg,20-29,Male,White
7689.jpg,20-29,Male,White
769.jpg,20-29,Male,White
7690.jpg,50+,Male,White
7693.jpg,20-29,Male,White
7694.jpg,20-29,Female,Asian
7699.jpg,20-29,Female,White
77.jpg,20-29,Male,White
7700.jpg,20-29,Male,White
7701.jpg,20-29,Male,White
7703.jpg,20-29,Male,White
7704.jpg,20-29,Male,White
7720.jpg,20-29,Female,White
7724.jpg,20-29,Male,White
7728.jpg,20-29,Male,White
773.jpg,20-29,Male,Indian
7736.jpg,20-29,Male,White
7738.jpg,20-29,Male,White
7741.jpg,below 20,Female,White
7743.jpg,below 20,Female,White
775.jpg,20-29,Male,White
7750.jpg,30-39,Male,Indian
7755.jpg,20-29,Male,White
7758.jpg,20-29,Male,White
7759.jpg,20-29,Male,White
7760.jpg,20-29,Male,White
7763.jpg,20-29,Female,White
7766.jpg,30-39,Female,White
7771.jpg,20-29,Male,White
7772.jpg,20-29,Male,Indian
7773.jpg,20-29,Male,White
7776.jpg,20-29,Male,Indian
7781.jpg,below 20,Male,White
7783.jpg,20-29,Male,White
7793.jpg,30-39,Male,White
7796.jpg,20-29,Female,White
7809.jpg,20-29,Male,White
781.jpg,20-29,Male,Asian
7812.jpg,20-29,Male,Indian
7814.jpg,20-29,Male,White
7819.jpg,20-29,Female,White
7822.jpg,20-29,Male,White
7823.jpg,20-29,Female,White
7824.jpg,30-39,Male,White
7830.jpg,20-29,Male,White
7835.jpg,20-29,Male,Latino Hispanic
7837.jpg,20-29,Female,Black
7839.jpg,20-29,Male,White
785.jpg,20-29,Male,White
7852.jpg,30-39,Male,White
7853.jpg,20-29,Female,White
7860.jpg,20-29,Male,White
7864.jpg,20-29,Male,Asian
7872.jpg,20-29,Male,White
7876.jpg,20-29,Male,White
7881.jpg,20-29,Male,White
7882.jpg,20-29,Male,White
7886.jpg,20-29,Male,White
789.jpg,20-29,Female,White
7895.jpg,20-29,Male,White
79.jpg,20-29,Male,White
7903.jpg,below 20,Male,Asian
7905.jpg,30-39,Female,White
7907.jpg,20-29,Female,White
7912.jpg,30-39,Male,White
7913.jpg,20-29,Male,White
7914.jpg,20-29,Female,White
7919.jpg,20-29,Female,White
792.jpg,30-39,Male,Indian
7923.jpg,20-29,Female,White
7925.jpg,20-29,Male,Asian
7927.jpg,30-39,Male,White
7929.jpg,20-29,Female,White
7939.jpg,20-29,Female,White
7947.jpg,20-29,Male,White
7950.jpg,20-29,Male,White
7957.jpg,20-29,Male,White
7959.jpg,20-29,Male,White
7961.jpg,below 20,Female,White
798.jpg,20-29,Male,White
7981.jpg,20-29,Male,White
7983.jpg,below 20,Male,White
7985.jpg,20-29,Male,White
7987.jpg,20-29,Male,Indian
7989.jpg,20-29,Male,Indian
7991.jpg,20-29,Male,White
7994.jpg,30-39,Male,White
7999.jpg,20-29,Male,White
8.jpg,30-39,Male,White
8003.jpg,30-39,Female,White
8012.jpg,30-39,Male,Indian
8013.jpg,20-29,Male,White
8030.jpg,20-29,Female,White
8034.jpg,20-29,Female,White
8037.jpg,20-29,Male,Indian
8041.jpg,20-29,Female,White
8043.jpg,30-39,Male,Black
8045.jpg,20-29,Male,Indian
805.jpg,20-29,Male,White
8050.jpg,30-39,Male,White
8053.jpg,20-29,Male,White
8059.jpg,20-29,Male,White
8061.jpg,20-29,Male,White
8069.jpg,30-39,Male,Indian
8074.jpg,30-39,Female,Black
8075.jpg,below 20,Male,Asian
8077.jpg,20-29,Male,White
8078.jpg,20-29,Male,White
8081.jpg,30-39,Male,White
8088.jpg,20-29,Male,White
8099.jpg,20-29,Male,White
8104.jpg,20-29,Male,White
8106.jpg,20-29,Male,Indian
8109.jpg,20-29,Male,White
8111.jpg,20-29,Male,White
8116.jpg,30-39,Male,White
8119.jpg,20-29,Male,White
8125.jpg,20-29,Male,Asian
8131.jpg,30-39,Male,Latino Hispanic
8133.jpg,20-29,Male,White
8134.jpg,20-29,Male,Asian
8135.jpg,20-29,Male,White
8137.jpg,30-39,Male,White
8139.jpg,30-39,Female,White
8146.jpg,20-29,Female,Indian
8148.jpg,20-29,Male,White
8151.jpg,20-29,Male,White
8152.jpg,20-29,Male,White
8153.jpg,20-29,Male,White
8154.jpg,30-39,Female,White
8157.jpg,20-29,Male,White
8163.jpg,20-29,Male,White
8166.jpg,20-29,Male,White
8180.jpg,below 20,Female,White
8182.jpg,30-39,Male,White
8188.jpg,20-29,Male,White
8197.jpg,below 20,Male,Asian
82.jpg,below 20,Female,White
8206.jpg,20-29,Male,White
8209.jpg,20-29,Male,White
8210.jpg,20-29,Female,White
8214.jpg,20-29,Male,White
8217.jpg,20-29,Male,White
8227.jpg,20-29,Female,White
8228.jpg,20-29,Male,White
823.jpg,30-39,Male,White
8233.jpg,20-29,Male,White
8239.jpg,20-29,Male,White
8242.jpg,20-29,Male,White
8243.jpg,below 20,Female,White
8244.jpg,20-29,Male,White
8246.jpg,20-29,Male,White
825.jpg,30-39,Male,White
8254.jpg,20-29,Male,White
8257.jpg,30-39,Male,White
8264.jpg,20-29,Male,White
8274.jpg,20-29,Male,White
8275.jpg,20-29,Male,White
8276.jpg,20-29,Male,White
8278.jpg,20-29,Male,Indian
8280.jpg,20-29,Male,White
8282.jpg,20-29,Male,White
8283.jpg,50+,Male,Indian
829.jpg,20-29,Male,White
8295.jpg,below 20,Female,Black
83.jpg,20-29,Male,White
8302.jpg,30-39,Male,Indian
8303.jpg,20-29,Male,White
8306.jpg,30-39,Female,Black
831.jpg,20-29,Male,White
8310.jpg,below 20,Male,White
8319.jpg,20-29,Male,White
8332.jpg,below 20,Female,White
8338.jpg,20-29,Male,White
834.jpg,20-29,Male,Indian
8343.jpg,20-29,Male,White
8346.jpg,20-29,Male,White
8354.jpg,20-29,Male,White
8359.jpg,20-29,Female,White
8360.jpg,20-29,Male,White
8367.jpg,20-29,Male,White
8369.jpg,20-29,Male,White
837.jpg,20-29,Male,White
8375.jpg,20-29,Male,White
8387.jpg,30-39,Female,White
8408.jpg,20-29,Female,White
8409.jpg,20-29,Male,White
8414.jpg,20-29,Male,White
8419.jpg,20-29,Male,White
8420.jpg,below 20,Female,Black
8427.jpg,20-29,Male,Indian
843.jpg,20-29,Male,White
8441.jpg,20-29,Male,White
8443.jpg,20-29,Female,White
8445.jpg,below 20,Female,White
8446.jpg,20-29,Male,White
8447.jpg,30-39,Female,White
8448.jpg,20-29,Male,White
8451.jpg,30-39,Female,White
846.jpg,20-29,Female,White
8460.jpg,20-29,Male,White
8464.jpg,below 20,Female,White
8466.jpg,20-29,Male,White
8469.jpg,20-29,Female,White
8472.jpg,20-29,Male,White
8474.jpg,30-39,Female,White
848.jpg,20-29,Female,Indian
8482.jpg,below 20,Female,Black
8492.jpg,below 20,Male,White
8496.jpg,30-39,Female,White
8498.jpg,20-29,Male,White
8503.jpg,20-29,Male,White
8506.jpg,30-39,Male,White
8508.jpg,20-29,Male,White
851.jpg,20-29,Male,White
8511.jpg,20-29,Male,White
8513.jpg,20-29,Male,Asian
8514.jpg,20-29,Male,White
8515.jpg,30-39,Female,White
8525.jpg,20-29,Male,White
8528.jpg,20-29,Male,White
8532.jpg,30-39,Female,Black
8535.jpg,50+,Female,White
8536.jpg,30-39,Male,White
854.jpg,20-29,Male,Indian
8540.jpg,20-29,Male,White
8541.jpg,20-29,Male,White
8553.jpg,20-29,Male,White
856.jpg,50+,Female,White
8562.jpg,20-29,Male,White
8565.jpg,20-29,Female,White
8574.jpg,20-29,Male,White
8584.jpg,30-39,Male,Indian
8591.jpg,20-29,Male,White
8593.jpg,30-39,Male,Indian
8599.jpg,20-29,Male,White
8600.jpg,20-29,Male,White
8602.jpg,20-29,Male,White
8603.jpg,20-29,Male,White
8616.jpg,20-29,Male,White
8626.jpg,30-39,Male,White
8630.jpg,20-29,Male,White
8631.jpg,20-29,Male,White
8638.jpg,20-29,Male,White
864.jpg,20-29,Male,White
8646.jpg,20-29,Male,White
8649.jpg,30-39,Male,Indian
865.jpg,20-29,Male,White
8650.jpg,20-29,Male,White
8652.jpg,20-29,Male,White
8655.jpg,20-29,Male,Indian
8669.jpg,below 20,Female,Black
867.jpg,30-39,Male,Indian
8670.jpg,below 20,Female,White
8673.jpg,20-29,Female,White
8675.jpg,20-29,Male,White
8676.jpg,20-29,Male,White
8679.jpg,below 20,Female,Asian
8681.jpg,30-39,Male,Asian
8684.jpg,20-29,Male,White
8689.jpg,20-29,Male,White
8690.jpg,20-29,Female,White
8698.jpg,20-29,Male,White
8704.jpg,20-29,Female,Asian
8708.jpg,20-29,Male,White
871.jpg,20-29,Male,White
8711.jpg,20-29,Female,White
8713.jpg,20-29,Male,White
8716.jpg,20-29,Female,White
8717.jpg,20-29,Male,White
8731.jpg,20-29,Female,Latino Hispanic
8733.jpg,20-29,Male,Indian
8739.jpg,50+,Male,Indian
874.jpg,20-29,Female,White
8740.jpg,below 20,Female,Asian
8742.jpg,20-29,Male,Asian
8747.jpg,30-39,Female,White
8751.jpg,20-29,Male,Indian
8761.jpg,20-29,Male,White
8772.jpg,20-29,Female,White
8784.jpg,20-29,Male,White
8785.jpg,20-29,Male,White
8790.jpg,20-29,Male,White
8794.jpg,20-29,Female,White
8799.jpg,20-29,Male,White
88.jpg,20-29,Male,White
8802.jpg,20-29,Male,White
8803.jpg,20-29,Male,White
8805.jpg,20-29,Male,White
8819.jpg,20-29,Male,White
882.jpg,20-29,Male,White
8825.jpg,20-29,Male,White
8827.jpg,20-29,Male,Black
8828.jpg,20-29,Male,White
8835.jpg,20-29,Male,White
8840.jpg,20-29,Male,White
8842.jpg,20-29,Male,White
8846.jpg,20-29,Male,White
885.jpg,20-29,Male,Indian
888.jpg,20-29,Female,Asian
8880.jpg,30-39,Male,White
8884.jpg,20-29,Male,Asian
8885.jpg,20-29,Male,White
8889.jpg,20-29,Male,White
889.jpg,40-49,Male,Indian
8896.jpg,20-29,Male,White
8900.jpg,20-29,Male,White
8901.jpg,20-29,Male,White
891.jpg,20-29,Male,White
8914.jpg,20-29,Male,White
8919.jpg,20-29,Male,White
892.jpg,20-29,Male,White
8920.jpg,30-39,Male,White
8935.jpg,20-29,Male,White
8938.jpg,20-29,Male,White
8945.jpg,20-29,Male,White
8948.jpg,30-39,Male,White
895.jpg,30-39,Female,White
8950.jpg,20-29,Male,White
8953.jpg,20-29,Male,White
8956.jpg,below 20,Male,White
8958.jpg,below 20,Male,White
896.jpg,20-29,Male,Asian
8961.jpg,20-29,Male,White
8962.jpg,20-29,Female,Black
8967.jpg,20-29,Male,White
8972.jpg,20-29,Male,White
8974.jpg,20-29,Male,White
898.jpg,20-29,Male,White
8982.jpg,20-29,Male,Indian
8985.jpg,20-29,Male,White
8993.jpg,20-29,Male,White
8998.jpg,40-49,Male,Indian
9.jpg,20-29,Male,Asian
9002.jpg,20-29,Male,White
9004.jpg,20-29,Male,White
9009.jpg,20-29,Male,Indian
9016.jpg,30-39,Male,White
9018.jpg,20-29,Female,White
9019.jpg,below 20,Female,Black
9021.jpg,30-39,Male,Indian
9023.jpg,20-29,Male,White
9025.jpg,50+,Male,Asian
9029.jpg,20-29,Male,White
9030.jpg,20-29,Male,White
9031.jpg,20-29,Male,White
9036.jpg,20-29,Male,White
9038.jpg,20-29,Male,Indian
9040.jpg,20-29,Male,White
9046.jpg,20-29,Male,White
9054.jpg,20-29,Male,White
9055.jpg,20-29,Male,White
906.jpg,20-29,Male,White
9064.jpg,20-29,Male,White
9065.jpg,30-39,Male,Indian
9066.jpg,20-29,Female,White
9067.jpg,20-29,Male,Indian
9071.jpg,20-29,Male,Indian
9072.jpg,20-29,Male,White
9075.jpg,20-29,Male,White
9076.jpg,50+,Male,Indian
9082.jpg,30-39,Male,White
9090.jpg,20-29,Female,White
9097.jpg,20-29,Male,Black
9099.jpg,30-39,Male,White
9102.jpg,30-39,Female,White
9105.jpg,20-29,Female,White
9107.jpg,20-29,Male,Indian
9110.jpg,20-29,Male,White
9121.jpg,20-29,Male,White
9122.jpg,below 20,Male,White
9129.jpg,20-29,Male,White
9130.jpg,below 20,Male,White
9132.jpg,20-29,Male,White
9133.jpg,20-29,Male,White
9139.jpg,30-39,Male,White
9143.jpg,30-39,Male,White
9154.jpg,30-39,Male,White
9161.jpg,20-29,Male,White
9163.jpg,20-29,Male,Asian
9165.jpg,20-29,Male,White
9166.jpg,30-39,Female,White
9167.jpg,20-29,Male,Indian
9171.jpg,30-39,Male,Indian
9173.jpg,20-29,Male,White
9182.jpg,20-29,Male,Indian
919.jpg,50+,Male,White
9196.jpg,20-29,Male,White
9198.jpg,30-39,Male,White
9203.jpg,20-29,Male,White
9204.jpg,30-39,Male,White
921.jpg,20-29,Male,White
9213.jpg,20-29,Male,White
9216.jpg,20-29,Female,White
9222.jpg,20-29,Male,White
9225.jpg,30-39,Male,Indian
9228.jpg,below 20,Female,Asian
9237.jpg,20-29,Male,Asian
9238.jpg,30-39,Male,Black
9249.jpg,20-29,Female,Black
9250.jpg,below 20,Male,White
9254.jpg,20-29,Female,White
9256.jpg,30-39,Female,White
926.jpg,20-29,Male,White
9262.jpg,30-39,Female,White
9264.jpg,30-39,Female,White
9266.jpg,20-29,Male,White
9267.jpg,30-39,Female,White
9275.jpg,30-39,Female,Indian
9285.jpg,20-29,Male,White
9287.jpg,30-39,Male,White
929.jpg,50+,Female,White
9292.jpg,30-39,Female,White
9295.jpg,30-39,Male,Indian
9296.jpg,20-29,Male,White
9301.jpg,20-29,Male,White
9311.jpg,30-39,Male,White
9320.jpg,30-39,Male,White
9322.jpg,30-39,Female,White
9326.jpg,20-29,Male,White
9328.jpg,20-29,Male,White
933.jpg,20-29,Male,White
9333.jpg,20-29,Male,Indian
9334.jpg,30-39,Male,White
9337.jpg,20-29,Male,White
9339.jpg,20-29,Male,White
9341.jpg,20-29,Male,White
9344.jpg,20-29,Female,White
9347.jpg,20-29,Male,White
9349.jpg,20-29,Female,Black
9354.jpg,30-39,Male,Indian
9356.jpg,20-29,Male,White
9368.jpg,20-29,Female,Asian
9369.jpg,20-29,Female,White
9372.jpg,20-29,Male,White
9374.jpg,20-29,Male,White
9379.jpg,20-29,Male,White
9384.jpg,20-29,Male,Indian
9388.jpg,20-29,Male,White
9394.jpg,30-39,Male,Asian
9396.jpg,below 20,Male,Indian
9399.jpg,20-29,Male,White
9403.jpg,below 20,Male,Asian
941.jpg,20-29,Male,White
9416.jpg,20-29,Male,White
9420.jpg,20-29,Male,White
9432.jpg,20-29,Male,Indian
9434.jpg,20-29,Male,White
9437.jpg,20-29,Male,White
9438.jpg,20-29,Male,Asian
944.jpg,20-29,Female,White
9440.jpg,20-29,Male,Asian
9443.jpg,30-39,Male,Indian
9482.jpg,20-29,Male,Indian
9484.jpg,20-29,Male,White
9486.jpg,20-29,Male,White
9492.jpg,50+,Male,Black
9498.jpg,20-29,Male,White
9499.jpg,20-29,Male,Indian
95.jpg,20-29,Male,White
9504.jpg,20-29,Female,White
9514.jpg,20-29,Male,White
9522.jpg,20-29,Male,White
9523.jpg,20-29,Male,White
9532.jpg,20-29,Male,White
9533.jpg,20-29,Male,White
9538.jpg,30-39,Male,White
9544.jpg,20-29,Male,White
9551.jpg,20-29,Male,White
9557.jpg,20-29,Male,White
9565.jpg,20-29,Female,Indian
9569.jpg,20-29,Male,White
9571.jpg,20-29,Male,White
9577.jpg,below 20,Female,White
9578.jpg,20-29,Male,White
9583.jpg,20-29,Male,White
9585.jpg,20-29,Male,White
9586.jpg,50+,Male,White
9598.jpg,20-29,Male,White
9602.jpg,20-29,Male,White
9612.jpg,30-39,Female,White
9615.jpg,20-29,Male,Indian
9617.jpg,20-29,Male,White
9620.jpg,20-29,Male,White
9627.jpg,20-29,Male,White
9628.jpg,20-29,Male,White
9629.jpg,20-29,Male,White
9635.jpg,20-29,Male,White
9636.jpg,20-29,Male,White
964.jpg,20-29,Male,White
9647.jpg,20-29,Male,Indian
9652.jpg,20-29,Male,Latino Hispanic
966.jpg,20-29,Male,Indian
9664.jpg,20-29,Female,White
9666.jpg,20-29,Male,White
9674.jpg,20-29,Male,White
9683.jpg,below 20,Male,Indian
9685.jpg,30-39,Male,White
9687.jpg,30-39,Male,Indian
969.jpg,20-29,Male,White
9692.jpg,20-29,Male,Indian
9696.jpg,30-39,Male,Indian
9703.jpg,30-39,Male,Indian
9705.jpg,20-29,Male,White
9709.jpg,below 20,Female,White
9711.jpg,20-29,Male,White
9716.jpg,20-29,Female,White
9725.jpg,20-29,Male,White
973.jpg,20-29,Male,White
9733.jpg,30-39,Male,White
974.jpg,20-29,Male,White
9740.jpg,20-29,Male,White
9748.jpg,20-29,Male,White
9753.jpg,20-29,Male,White
9754.jpg,20-29,Male,White
9757.jpg,20-29,Male,White
9765.jpg,20-29,Male,White
9769.jpg,20-29,Male,White
9771.jpg,30-39,Female,White
9772.jpg,below 20,Female,White
978.jpg,30-39,Male,White
9780.jpg,30-39,Male,White
9793.jpg,20-29,Female,White
98.jpg,30-39,Male,White
980.jpg,20-29,Male,Asian
9803.jpg,20-29,Male,Indian
9811.jpg,20-29,Male,White
9816.jpg,20-29,Male,White
9817.jpg,30-39,Male,White
982.jpg,20-29,Male,White
9822.jpg,20-29,Male,Indian
9828.jpg,30-39,Male,Indian
9831.jpg,20-29,Male,Indian
9835.jpg,20-29,Male,White
9840.jpg,20-29,Male,White
9842.jpg,20-29,Male,White
9845.jpg,20-29,Male,White
9848.jpg,20-29,Male,White
9854.jpg,20-29,Male,White
9859.jpg,30-39,Female,White
9864.jpg,20-29,Male,White
9866.jpg,20-29,Male,White
9867.jpg,20-29,Male,White
9872.jpg,40-49,Male,White
9873.jpg,20-29,Male,Indian
9874.jpg,20-29,Male,White
9875.jpg,20-29,Female,White
9876.jpg,below 20,Female,White
9881.jpg,30-39,Male,Indian
9889.jpg,20-29,Male,Black
989.jpg,20-29,Male,White
9897.jpg,30-39,Male,Indian
9898.jpg,30-39,Female,White
9900.jpg,20-29,Male,White
9914.jpg,20-29,Male,White
9919.jpg,20-29,Male,White
9921.jpg,20-29,Male,Indian
993.jpg,20-29,Female,White
9932.jpg,20-29,Male,White
9933.jpg,20-29,Male,White
9935.jpg,20-29,Male,Indian
9941.jpg,20-29,Male,White
9944.jpg,20-29,Male,White
9948.jpg,20-29,Male,White
9949.jpg,20-29,Male,Black
995.jpg,20-29,Male,Indian
9950.jpg,20-29,Male,White
9967.jpg,20-29,Male,White
9968.jpg,30-39,Male,Indian
9976.jpg,below 20,Female,Asian
9990.jpg,20-29,Male,White
