100.jpg,20-29,Male,Others
10004.jpg,20-29,Male,Others
10012.jpg,20-29,Male,Others
10018.jpg,20-29,Male,Others
10019.jpg,20-29,Male,Others
10024.jpg,20-29,Male,Others
10030.jpg,20-29,Male,Others
10039.jpg,20-29,Male,Others
10043.jpg,20-29,Female,Others
10044.jpg,20-29,Male,Others
10053.jpg,20-29,Male,Others
10054.jpg,20-29,Male,Others
10056.jpg,20-29,Male,Others
10059.jpg,20-29,Female,Others
10061.jpg,20-29,Male,Others
10062.jpg,20-29,Male,Others
10064.jpg,20-29,Male,Others
10065.jpg,20-29,Female,Others
10067.jpg,20-29,Male,Others
10079.jpg,20-29,Male,Others
10081.jpg,20-29,Male,Others
10084.jpg,20-29,Male,Others
10087.jpg,20-29,Male,Others
10089.jpg,20-29,Male,Others
10100.jpg,20-29,Male,Others
10106.jpg,20-29,Female,Others
10108.jpg,20-29,Male,Others
10109.jpg,20-29,Female,Others
1011.jpg,20-29,Male,Others
10116.jpg,20-29,Male,Others
10118.jpg,20-29,Male,Others
1012.jpg,20-29,Male,Others
10125.jpg,20-29,Male,Others
10129.jpg,20-29,Female,Others
10135.jpg,20-29,Male,Black
10140.jpg,20-29,Female,Others
10146.jpg,20-29,Male,Others
10147.jpg,20-29,Male,Others
10153.jpg,20-29,Female,Others
10156.jpg,20-29,Female,Others
10167.jpg,20-29,Female,Others
10172.jpg,20-29,Male,Others
10173.jpg,20-29,Male,Others
10178.jpg,20-29,Male,Others
10180.jpg,20-29,Male,Asian
10194.jpg,20-29,Male,Others
10197.jpg,20-29,Male,Others
1020.jpg,20-29,Female,Others
10200.jpg,20-29,Male,Others
10202.jpg,20-29,Male,Others
10203.jpg,20-29,Male,Others
10205.jpg,20-29,Female,Others
10206.jpg,20-29,Female,Others
10214.jpg,20-29,Female,Others
10215.jpg,20-29,Female,Others
10216.jpg,20-29,Male,Black
10217.jpg,20-29,Male,Black
10226.jpg,20-29,Male,Others
10228.jpg,20-29,Male,Others
10231.jpg,20-29,Male,Others
10240.jpg,20-29,Male,Others
10241.jpg,20-29,Female,Asian
10242.jpg,20-29,Male,Others
10243.jpg,20-29,Male,Others
10248.jpg,20-29,Male,Others
10255.jpg,20-29,Male,Others
10284.jpg,20-29,Male,Asian
10285.jpg,20-29,Male,Asian
10289.jpg,20-29,Male,Others
1029.jpg,20-29,Male,Others
10290.jpg,20-29,Male,Others
10291.jpg,20-29,Male,Others
10292.jpg,20-29,Male,Others
10293.jpg,20-29,Male,Others
10296.jpg,20-29,Male,Others
10305.jpg,20-29,Female,Others
10306.jpg,20-29,Male,Others
10316.jpg,20-29,Female,Others
1032.jpg,20-29,Female,Others
10325.jpg,20-29,Female,Others
10337.jpg,20-29,Male,Black
10338.jpg,20-29,Female,Others
10343.jpg,20-29,Female,Others
10361.jpg,20-29,Male,Others
10363.jpg,20-29,Female,Others
10384.jpg,20-29,Male,Others
10389.jpg,20-29,Male,Black
1039.jpg,20-29,Female,Others
10395.jpg,20-29,Female,Others
1040.jpg,20-29,Female,Others
10402.jpg,20-29,Male,Others
10413.jpg,20-29,Male,Black
1043.jpg,20-29,Male,Others
10430.jpg,20-29,Female,Others
10435.jpg,20-29,Male,Asian
10436.jpg,20-29,Female,Others
10437.jpg,20-29,Female,Others
10440.jpg,20-29,Male,Others
10442.jpg,20-29,Male,Others
10445.jpg,20-29,Male,Others
10447.jpg,20-29,Male,Others
10452.jpg,20-29,Female,Others
10463.jpg,20-29,Male,Others
10473.jpg,20-29,Male,Others
1048.jpg,20-29,Male,Others
10481.jpg,20-29,Male,Others
10484.jpg,20-29,Male,Others
10485.jpg,20-29,Male,Others
10487.jpg,20-29,Male,Others
10489.jpg,20-29,Female,Others
1049.jpg,20-29,Male,Others
10494.jpg,20-29,Male,Others
10497.jpg,20-29,Male,Others
10500.jpg,20-29,Female,Others
10505.jpg,20-29,Male,Others
10508.jpg,20-29,Male,Others
10514.jpg,20-29,Male,Others
10515.jpg,20-29,Male,Others
10518.jpg,20-29,Male,Others
10525.jpg,20-29,Male,Others
10527.jpg,20-29,Male,Others
10530.jpg,20-29,Male,Others
10531.jpg,20-29,Male,Others
10534.jpg,20-29,Female,Others
10537.jpg,20-29,Male,Others
1054.jpg,20-29,Male,Others
10542.jpg,20-29,Male,Others
10543.jpg,20-29,Male,Others
10545.jpg,20-29,Male,Others
10546.jpg,20-29,Female,Others
10551.jpg,20-29,Female,Asian
10554.jpg,20-29,Female,Others
10557.jpg,20-29,Male,Others
1056.jpg,20-29,Female,Others
10560.jpg,20-29,Male,Others
10561.jpg,20-29,Male,Others
10564.jpg,20-29,Male,Others
10566.jpg,20-29,Female,Others
10569.jpg,20-29,Male,Others
10573.jpg,20-29,Male,Others
10574.jpg,20-29,Male,Others
10575.jpg,20-29,Male,Others
10576.jpg,20-29,Male,Asian
10578.jpg,20-29,Male,Others
10580.jpg,20-29,Male,Others
10585.jpg,20-29,Male,Others
10587.jpg,20-29,Male,Others
10590.jpg,20-29,Female,Others
10591.jpg,20-29,Male,Others
10592.jpg,20-29,Male,Asian
10593.jpg,20-29,Female,Others
10597.jpg,20-29,Male,Others
1060.jpg,20-29,Male,Others
10603.jpg,20-29,Female,Others
10607.jpg,20-29,Female,Others
10614.jpg,20-29,Male,Others
10616.jpg,20-29,Male,Others
10639.jpg,20-29,Male,Others
10643.jpg,20-29,Male,Others
10644.jpg,20-29,Male,Others
10650.jpg,20-29,Male,Others
10651.jpg,20-29,Male,Others
10653.jpg,20-29,Male,Others
10654.jpg,20-29,Male,Others
10655.jpg,20-29,Female,Others
10657.jpg,20-29,Male,Others
10658.jpg,20-29,Male,Others
1066.jpg,20-29,Female,Others
10662.jpg,20-29,Male,Others
10667.jpg,20-29,Male,Others
10671.jpg,20-29,Male,Others
10673.jpg,20-29,Male,Others
10675.jpg,20-29,Male,Others
10680.jpg,20-29,Male,Others
10687.jpg,20-29,Female,Others
1069.jpg,20-29,Male,Others
10692.jpg,20-29,Male,Asian
10693.jpg,20-29,Male,Others
10694.jpg,20-29,Female,Others
10696.jpg,20-29,Male,Others
10700.jpg,20-29,Male,Others
10703.jpg,20-29,Male,Others
10705.jpg,20-29,Male,Others
10711.jpg,20-29,Female,Others
10713.jpg,20-29,Male,Others
10715.jpg,20-29,Female,Others
1072.jpg,20-29,Male,Others
10722.jpg,20-29,Male,Black
10724.jpg,20-29,Male,Others
10728.jpg,20-29,Male,Others
10732.jpg,20-29,Male,Others
10736.jpg,20-29,Male,Others
10741.jpg,20-29,Male,Others
10743.jpg,20-29,Female,Others
10751.jpg,20-29,Female,Others
10754.jpg,20-29,Male,Others
10755.jpg,20-29,Male,Others
1076.jpg,20-29,Female,Others
10769.jpg,20-29,Male,Others
10771.jpg,20-29,Female,Others
10773.jpg,20-29,Female,Others
10778.jpg,20-29,Male,Asian
10779.jpg,20-29,Male,Others
10785.jpg,20-29,Female,Others
10787.jpg,20-29,Female,Others
10791.jpg,20-29,Male,Others
10799.jpg,20-29,Male,Others
108.jpg,20-29,Female,Others
10802.jpg,20-29,Male,Others
10804.jpg,20-29,Male,Others
10806.jpg,20-29,Female,Others
10808.jpg,20-29,Female,Asian
1081.jpg,20-29,Male,Others
10812.jpg,20-29,Male,Others
10813.jpg,20-29,Female,Others
10816.jpg,20-29,Female,Others
1082.jpg,20-29,Male,Others
10821.jpg,20-29,Male,Others
10823.jpg,20-29,Male,Others
10827.jpg,20-29,Male,Others
10830.jpg,20-29,Female,Others
10832.jpg,20-29,Male,Others
10834.jpg,20-29,Male,Black
1084.jpg,20-29,Male,Others
10842.jpg,20-29,Male,Others
1085.jpg,20-29,Male,Others
10851.jpg,20-29,Male,Asian
10857.jpg,20-29,Male,Others
10861.jpg,20-29,Male,Others
10867.jpg,20-29,Female,Others
10868.jpg,20-29,Male,Others
10873.jpg,20-29,Male,Others
10879.jpg,20-29,Female,Others
10887.jpg,20-29,Male,Black
10888.jpg,20-29,Male,Others
10889.jpg,20-29,Male,Others
1089.jpg,20-29,Male,Others
10891.jpg,20-29,Male,Others
10897.jpg,20-29,Male,Others
1090.jpg,20-29,Male,Others
10901.jpg,20-29,Female,Asian
10907.jpg,20-29,Male,Others
10908.jpg,20-29,Female,Others
10910.jpg,20-29,Male,Others
10912.jpg,20-29,Male,Others
10919.jpg,20-29,Male,Others
10923.jpg,20-29,Male,Others
10925.jpg,20-29,Male,Asian
10946.jpg,20-29,Male,Others
10947.jpg,20-29,Male,Others
10954.jpg,20-29,Male,Asian
1096.jpg,20-29,Male,Others
110.jpg,20-29,Female,Others
1100.jpg,20-29,Female,Others
1102.jpg,20-29,Male,Others
1107.jpg,20-29,Male,Others
1108.jpg,20-29,Male,Others
1111.jpg,20-29,Male,Others
1117.jpg,20-29,Male,Others
1123.jpg,20-29,Male,Others
1126.jpg,20-29,Male,Others
1127.jpg,20-29,Female,Others
1129.jpg,20-29,Female,Others
1130.jpg,20-29,Male,Others
1135.jpg,20-29,Male,Others
1156.jpg,20-29,Male,Others
1158.jpg,20-29,Male,Others
1160.jpg,20-29,Male,Others
1162.jpg,20-29,Female,Others
1163.jpg,20-29,Male,Black
1169.jpg,20-29,Male,Others
1184.jpg,20-29,Male,Others
1186.jpg,20-29,Male,Asian
1189.jpg,20-29,Male,Others
1191.jpg,20-29,Male,Others
1194.jpg,20-29,Female,Others
1196.jpg,20-29,Male,Others
120.jpg,20-29,Male,Others
1204.jpg,20-29,Male,Black
1213.jpg,20-29,Male,Others
122.jpg,20-29,Female,Asian
1224.jpg,20-29,Male,Black
1225.jpg,20-29,Male,Black
1228.jpg,20-29,Male,Others
1240.jpg,20-29,Female,Others
1250.jpg,20-29,Male,Others
1255.jpg,20-29,Female,Others
1257.jpg,20-29,Female,Others
1276.jpg,20-29,Male,Others
1277.jpg,20-29,Male,Others
1286.jpg,20-29,Male,Others
129.jpg,20-29,Male,Others
1297.jpg,20-29,Male,Others
1302.jpg,20-29,Male,Others
1304.jpg,20-29,Female,Others
1305.jpg,20-29,Male,Others
1312.jpg,20-29,Male,Others
132.jpg,20-29,Male,Others
1321.jpg,20-29,Male,Others
1322.jpg,20-29,Male,Others
1329.jpg,20-29,Male,Others
1340.jpg,20-29,Male,Others
1341.jpg,20-29,Female,Black
1347.jpg,20-29,Female,Others
1353.jpg,20-29,Male,Others
1357.jpg,20-29,Male,Others
1361.jpg,20-29,Female,Others
1363.jpg,20-29,Female,Others
1372.jpg,20-29,Male,Others
1374.jpg,20-29,Male,Others
139.jpg,20-29,Male,Others
1392.jpg,20-29,Male,Black
1394.jpg,20-29,Male,Others
1404.jpg,20-29,Male,Indian
1409.jpg,20-29,Male,Others
1422.jpg,20-29,Male,Others
1423.jpg,20-29,Male,Others
1424.jpg,20-29,Female,Asian
1435.jpg,20-29,Male,Others
1437.jpg,20-29,Male,Asian
1443.jpg,20-29,Male,Others
1445.jpg,20-29,Male,Others
1456.jpg,20-29,Male,Others
1457.jpg,20-29,Male,Others
1460.jpg,20-29,Male,Others
1462.jpg,20-29,Male,Others
1464.jpg,20-29,Female,Others
1477.jpg,20-29,Male,Others
1488.jpg,20-29,Male,Others
1491.jpg,20-29,Male,Others
1495.jpg,20-29,Male,Others
1501.jpg,20-29,Male,Others
1502.jpg,20-29,Male,Others
1512.jpg,20-29,Female,Others
1514.jpg,20-29,Female,Indian
1518.jpg,20-29,Male,Others
1520.jpg,20-29,Male,Others
1531.jpg,20-29,Male,Others
1532.jpg,20-29,Male,Others
1534.jpg,20-29,Male,Others
1537.jpg,20-29,Male,Others
1538.jpg,20-29,Female,Others
1542.jpg,20-29,Male,Others
1548.jpg,20-29,Male,Others
155.jpg,20-29,Female,Others
1554.jpg,20-29,Male,Others
1555.jpg,20-29,Male,Others
1559.jpg,20-29,Male,Others
1566.jpg,20-29,Female,Others
157.jpg,20-29,Female,Others
1572.jpg,20-29,Male,Others
1579.jpg,20-29,Male,Others
1580.jpg,20-29,Male,Others
1583.jpg,20-29,Male,Others
1588.jpg,20-29,Male,Others
1591.jpg,20-29,Male,Others
1592.jpg,20-29,Female,Others
1594.jpg,20-29,Female,Others
160.jpg,20-29,Female,Others
161.jpg,20-29,Female,Others
1613.jpg,20-29,Female,Others
1614.jpg,20-29,Male,Asian
1617.jpg,20-29,Male,Others
1626.jpg,20-29,Male,Others
1632.jpg,20-29,Male,Others
1635.jpg,20-29,Male,Others
1639.jpg,20-29,Male,Others
1649.jpg,20-29,Female,Others
165.jpg,20-29,Male,Others
1653.jpg,20-29,Female,Others
1654.jpg,20-29,Male,Others
1655.jpg,20-29,Male,Others
1658.jpg,20-29,Female,Others
1659.jpg,20-29,Male,Others
1660.jpg,20-29,Female,Others
1663.jpg,20-29,Female,Others
1665.jpg,20-29,Male,Others
167.jpg,20-29,Male,Others
1670.jpg,20-29,Female,Asian
1672.jpg,20-29,Male,Others
1674.jpg,20-29,Male,Others
1677.jpg,20-29,Male,Others
168.jpg,20-29,Male,Others
1687.jpg,20-29,Male,Black
1690.jpg,20-29,Female,Black
1693.jpg,20-29,Male,Others
170.jpg,20-29,Male,Others
1701.jpg,20-29,Female,Others
1705.jpg,20-29,Male,Others
171.jpg,20-29,Male,Others
1711.jpg,20-29,Male,Others
1715.jpg,20-29,Male,Others
1723.jpg,20-29,Female,Asian
1726.jpg,20-29,Male,Others
1730.jpg,20-29,Male,Others
1736.jpg,20-29,Female,Others
1738.jpg,20-29,Male,Others
1743.jpg,20-29,Male,Black
1745.jpg,20-29,Male,Others
1751.jpg,20-29,Female,Others
1753.jpg,20-29,Female,Others
1754.jpg,20-29,Female,Others
1757.jpg,20-29,Male,Others
1761.jpg,20-29,Male,Others
1768.jpg,20-29,Male,Others
1769.jpg,20-29,Male,Others
1771.jpg,20-29,Female,Others
1772.jpg,20-29,Female,Others
1773.jpg,20-29,Female,Others
1779.jpg,20-29,Male,Others
178.jpg,20-29,Male,Others
1785.jpg,20-29,Female,Others
1795.jpg,20-29,Female,Asian
1798.jpg,20-29,Male,Others
1806.jpg,20-29,Male,Others
1807.jpg,20-29,Male,Others
1809.jpg,20-29,Female,Others
1818.jpg,20-29,Male,Others
1819.jpg,20-29,Female,Others
1820.jpg,20-29,Male,Others
1831.jpg,20-29,Male,Others
1839.jpg,20-29,Male,Others
1849.jpg,20-29,Male,Others
1850.jpg,20-29,Male,Others
1851.jpg,20-29,Male,Others
1853.jpg,20-29,Male,Others
1858.jpg,20-29,Male,Others
1867.jpg,20-29,Male,Others
1877.jpg,20-29,Male,Others
1880.jpg,20-29,Male,Asian
1883.jpg,20-29,Female,Others
1884.jpg,20-29,Male,Others
1899.jpg,20-29,Male,Others
1907.jpg,20-29,Male,Others
1908.jpg,20-29,Female,Others
191.jpg,20-29,Male,Others
1913.jpg,20-29,Female,Others
1914.jpg,20-29,Male,Others
1918.jpg,20-29,Male,Others
1921.jpg,20-29,Male,Others
1922.jpg,20-29,Female,Others
1927.jpg,20-29,Male,Others
1928.jpg,20-29,Male,Others
1930.jpg,20-29,Male,Others
1936.jpg,20-29,Female,Others
1942.jpg,20-29,Female,Others
1944.jpg,20-29,Male,Others
1946.jpg,20-29,Male,Others
1947.jpg,20-29,Female,Others
1948.jpg,20-29,Male,Others
1950.jpg,20-29,Female,Others
1957.jpg,20-29,Male,Others
196.jpg,20-29,Female,Others
1964.jpg,20-29,Female,Others
1966.jpg,20-29,Male,Others
197.jpg,20-29,Female,Others
1977.jpg,20-29,Male,Others
1987.jpg,20-29,Female,Others
1988.jpg,20-29,Male,Others
1989.jpg,20-29,Male,Others
1992.jpg,20-29,Female,Others
1998.jpg,20-29,Male,Others
2.jpg,20-29,Male,Black
2005.jpg,20-29,Male,Others
2006.jpg,20-29,Female,Others
2008.jpg,20-29,Female,Others
2012.jpg,20-29,Male,Others
2013.jpg,20-29,Male,Others
2015.jpg,20-29,Male,Black
2016.jpg,20-29,Male,Others
2025.jpg,20-29,Male,Indian
2036.jpg,20-29,Male,Others
2038.jpg,20-29,Male,Others
2048.jpg,20-29,Female,Others
205.jpg,20-29,Male,Others
2054.jpg,20-29,Male,Others
2056.jpg,20-29,Male,Others
2066.jpg,20-29,Male,Others
2068.jpg,20-29,Male,Others
2069.jpg,20-29,Female,Others
207.jpg,20-29,Male,Others
2074.jpg,20-29,Female,Others
2082.jpg,20-29,Male,Others
2087.jpg,20-29,Male,Others
2089.jpg,20-29,Male,Others
2093.jpg,20-29,Male,Others
2097.jpg,20-29,Male,Others
2099.jpg,20-29,Male,Others
2100.jpg,20-29,Male,Others
2101.jpg,20-29,Male,Others
2106.jpg,20-29,Female,Others
2107.jpg,20-29,Male,Others
2109.jpg,20-29,Female,Asian
211.jpg,20-29,Male,Others
2115.jpg,20-29,Male,Others
2117.jpg,20-29,Male,Others
2120.jpg,20-29,Male,Others
2126.jpg,20-29,Male,Others
213.jpg,20-29,Male,Others
2130.jpg,20-29,Male,Others
2133.jpg,20-29,Male,Others
2134.jpg,20-29,Female,Others
2137.jpg,20-29,Male,Others
2140.jpg,20-29,Female,Others
2141.jpg,20-29,Female,Others
2146.jpg,20-29,Male,Others
2147.jpg,20-29,Male,Others
2149.jpg,20-29,Male,Asian
2153.jpg,20-29,Male,Others
2162.jpg,20-29,Male,Others
2167.jpg,20-29,Female,Others
2175.jpg,20-29,Female,Others
2177.jpg,20-29,Male,Others
2186.jpg,20-29,Female,Others
2189.jpg,20-29,Male,Others
2193.jpg,20-29,Male,Black
2194.jpg,20-29,Male,Others
2197.jpg,20-29,Male,Others
220.jpg,20-29,Male,Others
2201.jpg,20-29,Female,Others
2202.jpg,20-29,Male,Others
2205.jpg,20-29,Male,Others
2208.jpg,20-29,Male,Others
221.jpg,20-29,Female,Others
2212.jpg,20-29,Male,Others
2214.jpg,20-29,Male,Others
2222.jpg,20-29,Female,Others
2236.jpg,20-29,Male,Others
2243.jpg,20-29,Male,Others
2252.jpg,20-29,Male,Others
2256.jpg,20-29,Male,Black
2257.jpg,20-29,Male,Others
2258.jpg,20-29,Male,Others
2259.jpg,20-29,Male,Others
2262.jpg,20-29,Male,Others
2263.jpg,20-29,Female,Others
2266.jpg,20-29,Female,Others
2268.jpg,20-29,Male,Others
2278.jpg,20-29,Male,Others
2279.jpg,20-29,Male,Others
2288.jpg,20-29,Male,Others
2303.jpg,20-29,Female,Others
2306.jpg,20-29,Male,Others
2310.jpg,20-29,Male,Others
2312.jpg,20-29,Male,Black
2313.jpg,20-29,Male,Others
232.jpg,20-29,Male,Others
2320.jpg,20-29,Male,Others
2324.jpg,20-29,Female,Others
2327.jpg,20-29,Male,Others
2328.jpg,20-29,Female,Others
2339.jpg,20-29,Male,Others
2342.jpg,20-29,Male,Others
2350.jpg,20-29,Male,Others
236.jpg,20-29,Male,Others
2366.jpg,20-29,Male,Others
2367.jpg,20-29,Male,Others
2371.jpg,20-29,Male,Others
2372.jpg,20-29,Male,Others
2378.jpg,20-29,Male,Others
2380.jpg,20-29,Male,Others
2384.jpg,20-29,Male,Others
2388.jpg,20-29,Male,Others
24.jpg,20-29,Male,Others
2404.jpg,20-29,Female,Others
2411.jpg,20-29,Female,Others
2412.jpg,20-29,Female,Others
2420.jpg,20-29,Male,Others
2421.jpg,20-29,Male,Asian
2426.jpg,20-29,Male,Others
2435.jpg,20-29,Male,Others
2441.jpg,20-29,Male,Others
2466.jpg,20-29,Male,Others
2471.jpg,20-29,Female,Others
2478.jpg,20-29,Male,Others
2482.jpg,20-29,Male,Others
2485.jpg,20-29,Male,Others
2486.jpg,20-29,Male,Others
251.jpg,20-29,Male,Others
2517.jpg,20-29,Male,Others
2518.jpg,20-29,Male,Others
2520.jpg,20-29,Male,Others
2521.jpg,20-29,Male,Others
2524.jpg,20-29,Male,Others
2527.jpg,20-29,Male,Others
2528.jpg,20-29,Male,Others
2535.jpg,20-29,Female,Others
254.jpg,20-29,Male,Others
2543.jpg,20-29,Male,Others
2551.jpg,20-29,Male,Others
2552.jpg,20-29,Male,Others
2556.jpg,20-29,Male,Others
2557.jpg,20-29,Male,Others
2558.jpg,20-29,Male,Others
2562.jpg,20-29,Male,Others
2566.jpg,20-29,Female,Others
2572.jpg,20-29,Male,Others
2579.jpg,20-29,Male,Others
2581.jpg,20-29,Male,Others
2583.jpg,20-29,Female,Black
2586.jpg,20-29,Male,Black
2588.jpg,20-29,Male,Others
2591.jpg,20-29,Male,Others
2592.jpg,20-29,Male,Others
2595.jpg,20-29,Male,Others
26.jpg,20-29,Male,Others
260.jpg,20-29,Male,Black
2605.jpg,20-29,Male,Others
2607.jpg,20-29,Male,Others
2609.jpg,20-29,Male,Others
261.jpg,20-29,Male,Others
2610.jpg,20-29,Female,Others
2613.jpg,20-29,Male,Others
2614.jpg,20-29,Male,Others
2616.jpg,20-29,Female,Others
2617.jpg,20-29,Female,Others
2618.jpg,20-29,Male,Others
2623.jpg,20-29,Male,Others
2630.jpg,20-29,Female,Others
2634.jpg,20-29,Male,Others
2635.jpg,20-29,Male,Others
264.jpg,20-29,Male,Others
2642.jpg,20-29,Male,Others
2644.jpg,20-29,Male,Others
2646.jpg,20-29,Male,Others
2647.jpg,20-29,Female,Others
2648.jpg,20-29,Female,Others
2652.jpg,20-29,Female,Others
2653.jpg,20-29,Male,Others
2660.jpg,20-29,Male,Others
2665.jpg,20-29,Male,Others
2666.jpg,20-29,Male,Others
2667.jpg,20-29,Male,Others
2668.jpg,20-29,Male,Others
2669.jpg,20-29,Male,Others
2670.jpg,20-29,Male,Others
2675.jpg,20-29,Male,Others
2678.jpg,20-29,Male,Indian
268.jpg,20-29,Male,Others
2681.jpg,20-29,Male,Asian
2683.jpg,20-29,Male,Black
2685.jpg,20-29,Male,Black
2687.jpg,20-29,Male,Others
2689.jpg,20-29,Male,Black
2697.jpg,20-29,Male,Others
27.jpg,20-29,Male,Others
2701.jpg,20-29,Male,Others
2703.jpg,20-29,Female,Others
2708.jpg,20-29,Male,Others
2712.jpg,20-29,Male,Others
2721.jpg,20-29,Male,Others
2724.jpg,20-29,Male,Others
2725.jpg,20-29,Female,Others
2726.jpg,20-29,Male,Others
2729.jpg,20-29,Male,Black
273.jpg,20-29,Female,Others
2730.jpg,20-29,Female,Others
2740.jpg,20-29,Male,Others
2749.jpg,20-29,Male,Others
275.jpg,20-29,Male,Others
2754.jpg,20-29,Male,Others
2755.jpg,20-29,Female,Others
2759.jpg,20-29,Male,Others
2774.jpg,20-29,Male,Others
2775.jpg,20-29,Female,Others
2776.jpg,20-29,Male,Others
2781.jpg,20-29,Female,Others
2788.jpg,20-29,Female,Others
2791.jpg,20-29,Male,Others
28.jpg,20-29,Male,Others
2803.jpg,20-29,Male,Others
2807.jpg,20-29,Male,Indian
2808.jpg,20-29,Male,Others
281.jpg,20-29,Male,Others
2811.jpg,20-29,Male,Others
2817.jpg,20-29,Male,Others
2818.jpg,20-29,Female,Others
2847.jpg,20-29,Male,Others
2851.jpg,20-29,Male,Others
2858.jpg,20-29,Female,Others
2863.jpg,20-29,Male,Others
2872.jpg,20-29,Male,Others
2874.jpg,20-29,Male,Others
2876.jpg,20-29,Male,Others
288.jpg,20-29,Female,Others
2886.jpg,20-29,Male,Black
289.jpg,20-29,Male,Others
2892.jpg,20-29,Female,Others
2893.jpg,20-29,Male,Others
2897.jpg,20-29,Male,Others
290.jpg,20-29,Male,Black
2906.jpg,20-29,Male,Others
2907.jpg,20-29,Male,Others
2922.jpg,20-29,Female,Others
2925.jpg,20-29,Male,Others
2928.jpg,20-29,Male,Others
2930.jpg,20-29,Male,Others
2932.jpg,20-29,Female,Others
2933.jpg,20-29,Male,Others
2934.jpg,20-29,Male,Others
2939.jpg,20-29,Male,Others
2946.jpg,20-29,Male,Others
2958.jpg,20-29,Female,Asian
2961.jpg,20-29,Female,Asian
2962.jpg,20-29,Male,Others
2965.jpg,20-29,Male,Others
2967.jpg,20-29,Male,Others
2968.jpg,20-29,Female,Others
2982.jpg,20-29,Female,Others
2984.jpg,20-29,Male,Others
2985.jpg,20-29,Male,Others
2987.jpg,20-29,Male,Others
299.jpg,20-29,Male,Others
2990.jpg,20-29,Male,Others
2991.jpg,20-29,Male,Others
2992.jpg,20-29,Male,Others
2996.jpg,20-29,Male,Others
2997.jpg,20-29,Male,Others
2998.jpg,20-29,Male,Others
3.jpg,20-29,Female,Asian
3000.jpg,20-29,Male,Others
3004.jpg,20-29,Female,Others
3009.jpg,20-29,Male,Others
3021.jpg,20-29,Male,Others
3022.jpg,20-29,Male,Others
3023.jpg,20-29,Female,Black
3024.jpg,20-29,Male,Asian
3029.jpg,20-29,Male,Others
303.jpg,20-29,Male,Others
3033.jpg,20-29,Female,Others
3038.jpg,20-29,Male,Others
3039.jpg,20-29,Male,Others
3043.jpg,20-29,Male,Others
3045.jpg,20-29,Male,Others
3046.jpg,20-29,Male,Others
3050.jpg,20-29,Female,Others
3051.jpg,20-29,Male,Others
3064.jpg,20-29,Male,Others
3069.jpg,20-29,Male,Others
3070.jpg,20-29,Male,Others
3071.jpg,20-29,Male,Others
3072.jpg,20-29,Male,Others
3074.jpg,20-29,Male,Others
3075.jpg,20-29,Male,Others
3077.jpg,20-29,Male,Others
3078.jpg,20-29,Male,Others
3080.jpg,20-29,Male,Others
3081.jpg,20-29,Male,Others
3082.jpg,20-29,Male,Others
3086.jpg,20-29,Male,Others
3089.jpg,20-29,Female,Others
3101.jpg,20-29,Male,Others
3102.jpg,20-29,Male,Others
3106.jpg,20-29,Male,Others
3107.jpg,20-29,Female,Others
3111.jpg,20-29,Male,Others
3120.jpg,20-29,Male,Others
3123.jpg,20-29,Male,Others
3126.jpg,20-29,Male,Others
3128.jpg,20-29,Male,Others
3130.jpg,20-29,Male,Others
3137.jpg,20-29,Female,Others
3143.jpg,20-29,Male,Others
3150.jpg,20-29,Male,Others
3151.jpg,20-29,Male,Others
3152.jpg,20-29,Male,Others
3154.jpg,20-29,Male,Others
3161.jpg,20-29,Male,Asian
3166.jpg,20-29,Male,Others
3171.jpg,20-29,Male,Others
3172.jpg,20-29,Male,Others
318.jpg,20-29,Male,Others
3182.jpg,20-29,Male,Others
3196.jpg,20-29,Male,Others
320.jpg,20-29,Female,Others
3201.jpg,20-29,Male,Others
3206.jpg,20-29,Male,Others
3208.jpg,20-29,Male,Others
3209.jpg,20-29,Female,Others
3211.jpg,20-29,Female,Others
3219.jpg,20-29,Male,Others
3228.jpg,20-29,Male,Others
3230.jpg,20-29,Male,Others
3232.jpg,20-29,Male,Others
3238.jpg,20-29,Female,Others
324.jpg,20-29,Male,Others
3240.jpg,20-29,Male,Others
3242.jpg,20-29,Female,Others
3246.jpg,20-29,Male,Others
3253.jpg,20-29,Male,Others
3254.jpg,20-29,Male,Black
3257.jpg,20-29,Male,Others
3259.jpg,20-29,Male,Others
3262.jpg,20-29,Male,Others
3268.jpg,20-29,Male,Others
3275.jpg,20-29,Male,Others
3280.jpg,20-29,Male,Others
3283.jpg,20-29,Female,Others
3284.jpg,20-29,Male,Others
3285.jpg,20-29,Male,Others
3289.jpg,20-29,Male,Others
329.jpg,20-29,Male,Others
3293.jpg,20-29,Male,Others
3298.jpg,20-29,Female,Others
3301.jpg,20-29,Male,Others
3304.jpg,20-29,Male,Others
3305.jpg,20-29,Male,Others
3307.jpg,20-29,Male,Others
331.jpg,20-29,Male,Others
3312.jpg,20-29,Male,Others
333.jpg,20-29,Female,Others
3337.jpg,20-29,Male,Others
3341.jpg,20-29,Male,Others
3343.jpg,20-29,Male,Others
335.jpg,20-29,Female,Others
3354.jpg,20-29,Male,Others
3355.jpg,20-29,Male,Others
3360.jpg,20-29,Male,Others
3372.jpg,20-29,Male,Others
3377.jpg,20-29,Male,Asian
3378.jpg,20-29,Female,Others
3386.jpg,20-29,Male,Others
3388.jpg,20-29,Female,Others
339.jpg,20-29,Male,Others
3393.jpg,20-29,Male,Others
3396.jpg,20-29,Female,Others
3404.jpg,20-29,Female,Others
3407.jpg,20-29,Male,Others
3417.jpg,20-29,Male,Others
3418.jpg,20-29,Female,Others
3419.jpg,20-29,Female,Others
3420.jpg,20-29,Male,Others
3423.jpg,20-29,Male,Others
3425.jpg,20-29,Female,Others
3432.jpg,20-29,Male,Others
3437.jpg,20-29,Female,Others
3438.jpg,20-29,Female,Others
3441.jpg,20-29,Male,Others
3447.jpg,20-29,Male,Others
3449.jpg,20-29,Male,Others
3450.jpg,20-29,Female,Others
3463.jpg,20-29,Male,Others
3464.jpg,20-29,Male,Others
3468.jpg,20-29,Male,Others
3472.jpg,20-29,Male,Others
3477.jpg,20-29,Male,Others
3483.jpg,20-29,Male,Others
3488.jpg,20-29,Male,Others
3489.jpg,20-29,Male,Black
3496.jpg,20-29,Male,Others
3503.jpg,20-29,Male,Others
3507.jpg,20-29,Male,Others
3509.jpg,20-29,Male,Others
3514.jpg,20-29,Male,Others
3516.jpg,20-29,Male,Others
3521.jpg,20-29,Female,Others
3525.jpg,20-29,Male,Others
3528.jpg,20-29,Male,Others
3529.jpg,20-29,Male,Others
3530.jpg,20-29,Male,Others
3531.jpg,20-29,Female,Others
3553.jpg,20-29,Male,Others
3562.jpg,20-29,Male,Others
357.jpg,20-29,Male,Black
3577.jpg,20-29,Male,Others
3591.jpg,20-29,Male,Others
3596.jpg,20-29,Male,Others
3598.jpg,20-29,Male,Others
3599.jpg,20-29,Male,Black
3608.jpg,20-29,Male,Others
3615.jpg,20-29,Female,Others
3617.jpg,20-29,Male,Others
3626.jpg,20-29,Male,Others
3628.jpg,20-29,Male,Others
3637.jpg,20-29,Male,Others
364.jpg,20-29,Male,Black
3643.jpg,20-29,Female,Black
3648.jpg,20-29,Female,Others
3649.jpg,20-29,Male,Others
365.jpg,20-29,Male,Others
3654.jpg,20-29,Male,Others
3656.jpg,20-29,Male,Asian
3657.jpg,20-29,Female,Others
3666.jpg,20-29,Male,Others
3668.jpg,20-29,Female,Others
3677.jpg,20-29,Male,Others
3682.jpg,20-29,Male,Others
3683.jpg,20-29,Male,Others
3687.jpg,20-29,Female,Others
369.jpg,20-29,Male,Others
3691.jpg,20-29,Female,Others
3696.jpg,20-29,Female,Others
3699.jpg,20-29,Female,Others
3715.jpg,20-29,Male,Others
3716.jpg,20-29,Female,Others
3719.jpg,20-29,Male,Others
3721.jpg,20-29,Male,Others
3727.jpg,20-29,Female,Others
3737.jpg,20-29,Male,Others
3742.jpg,20-29,Female,Others
3746.jpg,20-29,Female,Asian
3747.jpg,20-29,Male,Others
3751.jpg,20-29,Male,Others
3766.jpg,20-29,Male,Others
3770.jpg,20-29,Male,Others
3772.jpg,20-29,Male,Others
3774.jpg,20-29,Female,Others
3781.jpg,20-29,Male,Others
3784.jpg,20-29,Male,Others
3785.jpg,20-29,Male,Indian
3795.jpg,20-29,Male,Others
3798.jpg,20-29,Female,Others
3799.jpg,20-29,Male,Asian
3803.jpg,20-29,Female,Others
3812.jpg,20-29,Female,Black
3817.jpg,20-29,Male,Others
382.jpg,20-29,Male,Black
3820.jpg,20-29,Male,Others
3822.jpg,20-29,Male,Others
3826.jpg,20-29,Male,Others
3829.jpg,20-29,Male,Others
3834.jpg,20-29,Female,Others
385.jpg,20-29,Male,Others
3871.jpg,20-29,Male,Others
3876.jpg,20-29,Female,Others
3883.jpg,20-29,Female,Others
3887.jpg,20-29,Male,Others
3893.jpg,20-29,Female,Others
3896.jpg,20-29,Male,Others
390.jpg,20-29,Male,Others
3910.jpg,20-29,Female,Others
3915.jpg,20-29,Male,Others
3916.jpg,20-29,Male,Others
3922.jpg,20-29,Male,Others
3934.jpg,20-29,Male,Others
3939.jpg,20-29,Male,Others
3943.jpg,20-29,Female,Others
3944.jpg,20-29,Male,Others
3949.jpg,20-29,Male,Others
3952.jpg,20-29,Male,Others
3953.jpg,20-29,Female,Others
3958.jpg,20-29,Male,Others
3966.jpg,20-29,Male,Others
3975.jpg,20-29,Male,Others
3987.jpg,20-29,Male,Others
3991.jpg,20-29,Male,Others
3994.jpg,20-29,Male,Others
4009.jpg,20-29,Male,Others
4017.jpg,20-29,Male,Black
4019.jpg,20-29,Male,Others
4024.jpg,20-29,Female,Others
4032.jpg,20-29,Male,Others
4033.jpg,20-29,Male,Asian
4038.jpg,20-29,Male,Others
404.jpg,20-29,Male,Others
4042.jpg,20-29,Female,Others
4056.jpg,20-29,Male,Others
4057.jpg,20-29,Male,Others
406.jpg,20-29,Male,Others
4063.jpg,20-29,Female,Others
4080.jpg,20-29,Male,Others
4081.jpg,20-29,Female,Others
4083.jpg,20-29,Male,Indian
4087.jpg,20-29,Male,Others
4104.jpg,20-29,Male,Others
4111.jpg,20-29,Male,Others
4113.jpg,20-29,Male,Others
4118.jpg,20-29,Female,Others
4122.jpg,20-29,Male,Others
4123.jpg,20-29,Male,Others
4125.jpg,20-29,Male,Others
4135.jpg,20-29,Male,Asian
4147.jpg,20-29,Male,Others
4148.jpg,20-29,Female,Others
4151.jpg,20-29,Male,Others
4153.jpg,20-29,Male,Others
4162.jpg,20-29,Male,Others
4166.jpg,20-29,Male,Others
4170.jpg,20-29,Female,Black
4176.jpg,20-29,Female,Others
4184.jpg,20-29,Male,Others
419.jpg,20-29,Male,Black
4192.jpg,20-29,Male,Others
42.jpg,20-29,Male,Others
4206.jpg,20-29,Male,Others
4213.jpg,20-29,Female,Others
4214.jpg,20-29,Female,Asian
4218.jpg,20-29,Male,Others
422.jpg,20-29,Female,Others
4232.jpg,20-29,Male,Others
4233.jpg,20-29,Male,Others
4234.jpg,20-29,Male,Others
4235.jpg,20-29,Male,Others
4236.jpg,20-29,Male,Others
425.jpg,20-29,Female,Others
4252.jpg,20-29,Male,Others
4253.jpg,20-29,Female,Others
4256.jpg,20-29,Male,Others
4258.jpg,20-29,Female,Others
4260.jpg,20-29,Male,Others
4263.jpg,20-29,Male,Black
4264.jpg,20-29,Female,Others
4273.jpg,20-29,Male,Others
4275.jpg,20-29,Female,Indian
428.jpg,20-29,Male,Others
4280.jpg,20-29,Male,Others
4287.jpg,20-29,Male,Others
4293.jpg,20-29,Male,Others
4299.jpg,20-29,Male,Others
4301.jpg,20-29,Male,Others
4302.jpg,20-29,Male,Others
4305.jpg,20-29,Male,Others
4308.jpg,20-29,Male,Others
4311.jpg,20-29,Male,Others
4313.jpg,20-29,Male,Others
4320.jpg,20-29,Male,Asian
4322.jpg,20-29,Male,Others
4323.jpg,20-29,Male,Others
4324.jpg,20-29,Male,Others
4325.jpg,20-29,Female,Others
4334.jpg,20-29,Male,Others
4336.jpg,20-29,Female,Others
4337.jpg,20-29,Male,Others
4339.jpg,20-29,Male,Others
4340.jpg,20-29,Male,Others
4347.jpg,20-29,Male,Others
435.jpg,20-29,Male,Others
4351.jpg,20-29,Male,Others
4352.jpg,20-29,Male,Others
4353.jpg,20-29,Male,Others
4369.jpg,20-29,Male,Others
4375.jpg,20-29,Male,Others
4377.jpg,20-29,Male,Others
4385.jpg,20-29,Male,Others
4387.jpg,20-29,Female,Others
4388.jpg,20-29,Male,Others
4396.jpg,20-29,Male,Others
4399.jpg,20-29,Male,Others
44.jpg,20-29,Female,Others
440.jpg,20-29,Female,Others
4400.jpg,20-29,Male,Others
4402.jpg,20-29,Male,Others
4409.jpg,20-29,Male,Others
4411.jpg,20-29,Male,Others
4412.jpg,20-29,Male,Others
4414.jpg,20-29,Male,Others
4418.jpg,20-29,Female,Asian
4421.jpg,20-29,Male,Others
443.jpg,20-29,Male,Others
4432.jpg,20-29,Male,Others
4435.jpg,20-29,Female,Others
4438.jpg,20-29,Female,Others
4440.jpg,20-29,Male,Others
4448.jpg,20-29,Female,Others
445.jpg,20-29,Male,Others
4451.jpg,20-29,Male,Others
4452.jpg,20-29,Male,Others
4460.jpg,20-29,Female,Others
4464.jpg,20-29,Male,Others
4468.jpg,20-29,Male,Others
4470.jpg,20-29,Male,Others
4471.jpg,20-29,Male,Others
4480.jpg,20-29,Female,Others
4485.jpg,20-29,Male,Others
4486.jpg,20-29,Male,Others
4489.jpg,20-29,Male,Others
4492.jpg,20-29,Male,Others
4495.jpg,20-29,Male,Others
4496.jpg,20-29,Male,Asian
450.jpg,20-29,Male,Others
4501.jpg,20-29,Male,Others
4505.jpg,20-29,Male,Others
4516.jpg,20-29,Male,Others
4519.jpg,20-29,Male,Others
4527.jpg,20-29,Male,Others
4541.jpg,20-29,Female,Others
4553.jpg,20-29,Male,Others
4554.jpg,20-29,Male,Others
4556.jpg,20-29,Male,Others
4558.jpg,20-29,Male,Others
4562.jpg,20-29,Female,Others
4563.jpg,20-29,Male,Others
4564.jpg,20-29,Male,Others
457.jpg,20-29,Male,Others
4575.jpg,20-29,Male,Others
4576.jpg,20-29,Male,Others
4582.jpg,20-29,Female,Others
4591.jpg,20-29,Male,Others
4595.jpg,20-29,Male,Black
4605.jpg,20-29,Male,Others
461.jpg,20-29,Male,Others
4622.jpg,20-29,Female,Others
4624.jpg,20-29,Female,Others
4627.jpg,20-29,Male,Indian
463.jpg,20-29,Male,Others
4634.jpg,20-29,Female,Others
4636.jpg,20-29,Male,Others
4647.jpg,20-29,Male,Others
4648.jpg,20-29,Male,Others
4649.jpg,20-29,Male,Others
4651.jpg,20-29,Male,Asian
4652.jpg,20-29,Female,Others
4653.jpg,20-29,Male,Others
4656.jpg,20-29,Female,Others
4665.jpg,20-29,Male,Others
4674.jpg,20-29,Female,Others
4675.jpg,20-29,Male,Others
4681.jpg,20-29,Male,Black
4689.jpg,20-29,Male,Others
4690.jpg,20-29,Female,Others
4693.jpg,20-29,Male,Others
4697.jpg,20-29,Female,Others
4698.jpg,20-29,Male,Others
4699.jpg,20-29,Male,Others
4700.jpg,20-29,Male,Others
4708.jpg,20-29,Male,Black
471.jpg,20-29,Male,Others
4710.jpg,20-29,Male,Others
4712.jpg,20-29,Male,Asian
4719.jpg,20-29,Female,Others
4725.jpg,20-29,Male,Others
4738.jpg,20-29,Male,Others
4741.jpg,20-29,Male,Asian
4745.jpg,20-29,Male,Others
4752.jpg,20-29,Male,Others
4753.jpg,20-29,Female,Others
4754.jpg,20-29,Male,Others
4760.jpg,20-29,Male,Asian
4764.jpg,20-29,Female,Others
4768.jpg,20-29,Female,Others
4774.jpg,20-29,Male,Black
4775.jpg,20-29,Male,Others
4777.jpg,20-29,Male,Others
4781.jpg,20-29,Male,Others
4784.jpg,20-29,Female,Black
4785.jpg,20-29,Male,Others
4791.jpg,20-29,Male,Others
4793.jpg,20-29,Male,Others
4797.jpg,20-29,Male,Others
480.jpg,20-29,Male,Others
4802.jpg,20-29,Male,Black
4814.jpg,20-29,Male,Others
4815.jpg,20-29,Male,Others
4820.jpg,20-29,Male,Others
4827.jpg,20-29,Female,Others
4833.jpg,20-29,Female,Others
4837.jpg,20-29,Male,Others
4846.jpg,20-29,Male,Others
4847.jpg,20-29,Male,Others
485.jpg,20-29,Male,Others
4852.jpg,20-29,Male,Others
4855.jpg,20-29,Male,Others
4856.jpg,20-29,Female,Others
4858.jpg,20-29,Male,Others
4863.jpg,20-29,Male,Others
4866.jpg,20-29,Female,Black
4873.jpg,20-29,Female,Others
4888.jpg,20-29,Male,Others
4889.jpg,20-29,Female,Others
4890.jpg,20-29,Male,Asian
4895.jpg,20-29,Female,Others
4906.jpg,20-29,Female,Others
491.jpg,20-29,Male,Others
4910.jpg,20-29,Male,Others
4914.jpg,20-29,Female,Others
4915.jpg,20-29,Male,Others
4918.jpg,20-29,Male,Others
4920.jpg,20-29,Female,Others
4921.jpg,20-29,Male,Others
4922.jpg,20-29,Male,Others
4923.jpg,20-29,Male,Others
4927.jpg,20-29,Male,Others
4929.jpg,20-29,Male,Others
4934.jpg,20-29,Male,Others
4935.jpg,20-29,Male,Others
4936.jpg,20-29,Male,Others
4938.jpg,20-29,Male,Others
4939.jpg,20-29,Male,Others
494.jpg,20-29,Male,Others
4942.jpg,20-29,Male,Others
4946.jpg,20-29,Female,Others
4951.jpg,20-29,Female,Others
4956.jpg,20-29,Female,Others
4958.jpg,20-29,Male,Others
4973.jpg,20-29,Male,Others
4978.jpg,20-29,Male,Others
4988.jpg,20-29,Male,Others
499.jpg,20-29,Female,Others
4991.jpg,20-29,Male,Others
4992.jpg,20-29,Male,Others
4994.jpg,20-29,Female,Others
4996.jpg,20-29,Female,Others
4997.jpg,20-29,Male,Others
5.jpg,20-29,Female,Others
500.jpg,20-29,Male,Others
5000.jpg,20-29,Male,Others
5001.jpg,20-29,Male,Others
5005.jpg,20-29,Male,Others
5008.jpg,20-29,Male,Black
501.jpg,20-29,Male,Others
5014.jpg,20-29,Male,Others
5016.jpg,20-29,Male,Others
5020.jpg,20-29,Male,Others
5022.jpg,20-29,Female,Others
5045.jpg,20-29,Male,Others
5047.jpg,20-29,Female,Others
5049.jpg,20-29,Male,Others
505.jpg,20-29,Female,Others
5052.jpg,20-29,Male,Others
5054.jpg,20-29,Male,Others
5057.jpg,20-29,Male,Others
506.jpg,20-29,Male,Others
5064.jpg,20-29,Female,Others
5072.jpg,20-29,Male,Asian
5074.jpg,20-29,Male,Others
5085.jpg,20-29,Female,Others
5091.jpg,20-29,Male,Others
51.jpg,20-29,Male,Others
5101.jpg,20-29,Male,Others
5109.jpg,20-29,Male,Others
511.jpg,20-29,Female,Black
5112.jpg,20-29,Female,Others
5118.jpg,20-29,Male,Others
5120.jpg,20-29,Male,Others
5128.jpg,20-29,Male,Others
5133.jpg,20-29,Female,Others
5136.jpg,20-29,Male,Asian
5138.jpg,20-29,Male,Others
5146.jpg,20-29,Male,Others
5148.jpg,20-29,Male,Others
5159.jpg,20-29,Male,Others
5163.jpg,20-29,Male,Others
5166.jpg,20-29,Male,Others
5181.jpg,20-29,Male,Asian
5182.jpg,20-29,Male,Others
5188.jpg,20-29,Male,Others
519.jpg,20-29,Male,Others
5190.jpg,20-29,Male,Others
5198.jpg,20-29,Female,Others
5199.jpg,20-29,Female,Others
52.jpg,20-29,Male,Others
5205.jpg,20-29,Female,Others
5210.jpg,20-29,Male,Others
5214.jpg,20-29,Male,Others
5224.jpg,20-29,Male,Others
5228.jpg,20-29,Male,Others
5239.jpg,20-29,Female,Others
5240.jpg,20-29,Female,Others
5242.jpg,20-29,Male,Others
5246.jpg,20-29,Male,Others
5249.jpg,20-29,Male,Others
525.jpg,20-29,Male,Others
5253.jpg,20-29,Male,Others
526.jpg,20-29,Male,Others
5265.jpg,20-29,Female,Others
5269.jpg,20-29,Male,Others
5273.jpg,20-29,Male,Others
5275.jpg,20-29,Female,Others
5279.jpg,20-29,Male,Others
5281.jpg,20-29,Male,Others
5284.jpg,20-29,Male,Others
5297.jpg,20-29,Male,Others
53.jpg,20-29,Male,Others
5300.jpg,20-29,Female,Others
5301.jpg,20-29,Male,Others
5304.jpg,20-29,Female,Others
5306.jpg,20-29,Male,Black
5310.jpg,20-29,Male,Others
5315.jpg,20-29,Male,Others
5316.jpg,20-29,Female,Black
5319.jpg,20-29,Male,Others
533.jpg,20-29,Female,Others
5338.jpg,20-29,Male,Others
5341.jpg,20-29,Male,Others
5343.jpg,20-29,Male,Others
5344.jpg,20-29,Male,Others
5347.jpg,20-29,Male,Others
5351.jpg,20-29,Female,Others
5357.jpg,20-29,Male,Others
5359.jpg,20-29,Male,Others
5374.jpg,20-29,Female,Others
5376.jpg,20-29,Male,Others
538.jpg,20-29,Male,Others
5380.jpg,20-29,Male,Others
5383.jpg,20-29,Male,Others
5384.jpg,20-29,Male,Others
539.jpg,20-29,Female,Others
5390.jpg,20-29,Male,Others
5391.jpg,20-29,Male,Others
5394.jpg,20-29,Male,Others
5400.jpg,20-29,Male,Others
5405.jpg,20-29,Female,Others
5407.jpg,20-29,Male,Others
5410.jpg,20-29,Male,Others
5411.jpg,20-29,Male,Others
5413.jpg,20-29,Male,Black
5414.jpg,20-29,Male,Others
5416.jpg,20-29,Male,Others
5417.jpg,20-29,Female,Others
5424.jpg,20-29,Female,Others
5425.jpg,20-29,Male,Others
543.jpg,20-29,Male,Others
5432.jpg,20-29,Female,Others
5434.jpg,20-29,Male,Others
5437.jpg,20-29,Male,Others
5439.jpg,20-29,Male,Others
5441.jpg,20-29,Male,Others
5448.jpg,20-29,Male,Others
5450.jpg,20-29,Male,Others
5453.jpg,20-29,Male,Others
5457.jpg,20-29,Female,Others
5464.jpg,20-29,Male,Others
5465.jpg,20-29,Female,Black
5472.jpg,20-29,Male,Others
548.jpg,20-29,Female,Others
5480.jpg,20-29,Female,Others
5483.jpg,20-29,Male,Others
5487.jpg,20-29,Female,Others
5490.jpg,20-29,Male,Others
5495.jpg,20-29,Male,Others
5500.jpg,20-29,Male,Others
5506.jpg,20-29,Male,Others
5507.jpg,20-29,Male,Others
5521.jpg,20-29,Male,Others
5527.jpg,20-29,Male,Others
553.jpg,20-29,Male,Others
5536.jpg,20-29,Male,Others
5537.jpg,20-29,Male,Asian
5538.jpg,20-29,Female,Black
5547.jpg,20-29,Male,Others
5556.jpg,20-29,Male,Others
5557.jpg,20-29,Male,Others
5559.jpg,20-29,Male,Others
556.jpg,20-29,Male,Others
5563.jpg,20-29,Male,Others
5569.jpg,20-29,Male,Others
557.jpg,20-29,Female,Others
5574.jpg,20-29,Female,Others
5579.jpg,20-29,Male,Others
5593.jpg,20-29,Male,Others
5594.jpg,20-29,Male,Others
5595.jpg,20-29,Male,Others
5597.jpg,20-29,Male,Others
56.jpg,20-29,Male,Others
560.jpg,20-29,Male,Others
5601.jpg,20-29,Male,Asian
5602.jpg,20-29,Male,Others
5609.jpg,20-29,Male,Others
561.jpg,20-29,Female,Others
5615.jpg,20-29,Female,Others
5620.jpg,20-29,Female,Asian
5629.jpg,20-29,Female,Others
5640.jpg,20-29,Male,Others
5642.jpg,20-29,Male,Others
565.jpg,20-29,Male,Others
5650.jpg,20-29,Male,Others
5657.jpg,20-29,Male,Others
5662.jpg,20-29,Male,Others
5665.jpg,20-29,Male,Others
5666.jpg,20-29,Male,Others
5668.jpg,20-29,Male,Others
5669.jpg,20-29,Male,Others
5675.jpg,20-29,Male,Others
5677.jpg,20-29,Female,Others
5681.jpg,20-29,Male,Others
5683.jpg,20-29,Female,Asian
5686.jpg,20-29,Male,Others
5689.jpg,20-29,Female,Others
5691.jpg,20-29,Male,Others
5701.jpg,20-29,Male,Asian
5703.jpg,20-29,Female,Others
5705.jpg,20-29,Male,Others
5715.jpg,20-29,Male,Others
5719.jpg,20-29,Male,Others
5723.jpg,20-29,Male,Others
5725.jpg,20-29,Male,Others
5726.jpg,20-29,Male,Others
5733.jpg,20-29,Female,Others
5734.jpg,20-29,Female,Others
5740.jpg,20-29,Male,Others
5742.jpg,20-29,Female,Others
5749.jpg,20-29,Male,Others
5770.jpg,20-29,Female,Others
5779.jpg,20-29,Male,Others
5785.jpg,20-29,Male,Others
5796.jpg,20-29,Male,Others
5797.jpg,20-29,Male,Others
58.jpg,20-29,Female,Asian
580.jpg,20-29,Male,Black
5805.jpg,20-29,Male,Others
5814.jpg,20-29,Male,Others
5816.jpg,20-29,Female,Others
5819.jpg,20-29,Male,Others
582.jpg,20-29,Female,Others
5822.jpg,20-29,Male,Others
5825.jpg,20-29,Male,Others
5829.jpg,20-29,Male,Others
583.jpg,20-29,Male,Others
5833.jpg,20-29,Male,Others
5840.jpg,20-29,Female,Others
5842.jpg,20-29,Male,Black
5843.jpg,20-29,Female,Others
5846.jpg,20-29,Male,Others
5847.jpg,20-29,Male,Others
5855.jpg,20-29,Female,Others
5857.jpg,20-29,Male,Others
5863.jpg,20-29,Female,Others
5868.jpg,20-29,Male,Others
5870.jpg,20-29,Male,Others
5872.jpg,20-29,Male,Black
5875.jpg,20-29,Female,Others
5878.jpg,20-29,Male,Others
588.jpg,20-29,Male,Others
5882.jpg,20-29,Female,Others
5884.jpg,20-29,Female,Others
5886.jpg,20-29,Male,Others
5893.jpg,20-29,Male,Others
5894.jpg,20-29,Male,Others
5902.jpg,20-29,Male,Others
5906.jpg,20-29,Male,Others
5908.jpg,20-29,Male,Indian
591.jpg,20-29,Male,Others
5916.jpg,20-29,Male,Others
5924.jpg,20-29,Male,Others
5934.jpg,20-29,Male,Others
5935.jpg,20-29,Male,Others
5936.jpg,20-29,Male,Others
5939.jpg,20-29,Female,Others
5944.jpg,20-29,Female,Others
5948.jpg,20-29,Female,Others
5952.jpg,20-29,Female,Others
5958.jpg,20-29,Female,Others
5959.jpg,20-29,Male,Others
596.jpg,20-29,Male,Others
5961.jpg,20-29,Male,Others
5967.jpg,20-29,Male,Others
5969.jpg,20-29,Male,Others
5971.jpg,20-29,Male,Others
5972.jpg,20-29,Male,Others
5974.jpg,20-29,Female,Others
5980.jpg,20-29,Male,Others
5981.jpg,20-29,Male,Others
5983.jpg,20-29,Male,Others
5985.jpg,20-29,Male,Asian
5987.jpg,20-29,Male,Others
5993.jpg,20-29,Male,Others
5994.jpg,20-29,Female,Others
5999.jpg,20-29,Male,Others
6000.jpg,20-29,Male,Others
6001.jpg,20-29,Male,Others
6007.jpg,20-29,Male,Others
6011.jpg,20-29,Female,Others
6014.jpg,20-29,Male,Others
6017.jpg,20-29,Male,Others
602.jpg,20-29,Male,Others
6024.jpg,20-29,Male,Others
6033.jpg,20-29,Female,Others
6036.jpg,20-29,Male,Others
6044.jpg,20-29,Male,Others
605.jpg,20-29,Male,Others
6058.jpg,20-29,Male,Others
6063.jpg,20-29,Female,Asian
6072.jpg,20-29,Male,Black
6073.jpg,20-29,Male,Others
6074.jpg,20-29,Male,Others
6077.jpg,20-29,Female,Others
6080.jpg,20-29,Female,Others
6082.jpg,20-29,Male,Others
6084.jpg,20-29,Female,Others
6085.jpg,20-29,Male,Asian
6086.jpg,20-29,Male,Others
6095.jpg,20-29,Male,Others
6099.jpg,20-29,Male,Others
611.jpg,20-29,Male,Others
6113.jpg,20-29,Female,Others
612.jpg,20-29,Female,Others
6121.jpg,20-29,Male,Others
6123.jpg,20-29,Male,Others
6139.jpg,20-29,Male,Others
6147.jpg,20-29,Male,Others
6148.jpg,20-29,Male,Others
615.jpg,20-29,Female,Others
6150.jpg,20-29,Male,Others
6151.jpg,20-29,Male,Black
6160.jpg,20-29,Male,Others
6163.jpg,20-29,Male,Others
6165.jpg,20-29,Male,Others
6166.jpg,20-29,Female,Others
6171.jpg,20-29,Male,Others
6172.jpg,20-29,Female,Others
6174.jpg,20-29,Male,Others
6176.jpg,20-29,Male,Others
618.jpg,20-29,Male,Others
6180.jpg,20-29,Male,Others
6182.jpg,20-29,Female,Others
6183.jpg,20-29,Male,Black
619.jpg,20-29,Male,Others
6190.jpg,20-29,Male,Asian
6198.jpg,20-29,Male,Others
6204.jpg,20-29,Male,Others
621.jpg,20-29,Female,Asian
6210.jpg,20-29,Male,Others
6212.jpg,20-29,Female,Others
6218.jpg,20-29,Male,Others
6219.jpg,20-29,Female,Others
6223.jpg,20-29,Female,Others
6225.jpg,20-29,Male,Others
6232.jpg,20-29,Male,Others
6237.jpg,20-29,Male,Others
6242.jpg,20-29,Male,Others
6247.jpg,20-29,Female,Black
6248.jpg,20-29,Female,Others
6251.jpg,20-29,Male,Others
6258.jpg,20-29,Male,Others
626.jpg,20-29,Male,Others
6267.jpg,20-29,Female,Others
6269.jpg,20-29,Male,Others
6282.jpg,20-29,Male,Others
6284.jpg,20-29,Male,Others
6287.jpg,20-29,Male,Others
6290.jpg,20-29,Female,Others
6293.jpg,20-29,Male,Others
63.jpg,20-29,Male,Others
6304.jpg,20-29,Male,Others
6306.jpg,20-29,Male,Others
6313.jpg,20-29,Male,Others
6315.jpg,20-29,Male,Others
6318.jpg,20-29,Male,Asian
6323.jpg,20-29,Male,Others
6325.jpg,20-29,Male,Others
6330.jpg,20-29,Male,Others
6333.jpg,20-29,Female,Black
6334.jpg,20-29,Male,Others
6337.jpg,20-29,Male,Others
6338.jpg,20-29,Male,Others
6342.jpg,20-29,Female,Others
6347.jpg,20-29,Male,Others
6349.jpg,20-29,Female,Others
6351.jpg,20-29,Male,Others
6356.jpg,20-29,Male,Others
6359.jpg,20-29,Male,Others
6362.jpg,20-29,Female,Others
6365.jpg,20-29,Male,Others
6366.jpg,20-29,Female,Others
6375.jpg,20-29,Female,Others
6378.jpg,20-29,Male,Others
6379.jpg,20-29,Female,Others
6394.jpg,20-29,Female,Others
641.jpg,20-29,Female,Others
6416.jpg,20-29,Male,Others
6419.jpg,20-29,Male,Others
642.jpg,20-29,Male,Others
6420.jpg,20-29,Male,Others
6424.jpg,20-29,Female,Others
6426.jpg,20-29,Male,Others
6429.jpg,20-29,Female,Others
6430.jpg,20-29,Male,Others
6435.jpg,20-29,Male,Others
6436.jpg,20-29,Male,Others
6438.jpg,20-29,Female,Others
6442.jpg,20-29,Male,Others
645.jpg,20-29,Male,Others
6450.jpg,20-29,Male,Others
6453.jpg,20-29,Male,Others
6466.jpg,20-29,Male,Others
6467.jpg,20-29,Male,Black
6471.jpg,20-29,Female,Others
6477.jpg,20-29,Male,Others
6478.jpg,20-29,Male,Others
6483.jpg,20-29,Female,Others
6491.jpg,20-29,Female,Others
6498.jpg,20-29,Female,Others
65.jpg,20-29,Male,Others
6500.jpg,20-29,Male,Others
6505.jpg,20-29,Male,Others
6532.jpg,20-29,Female,Others
6536.jpg,20-29,Male,Others
6539.jpg,20-29,Male,Others
654.jpg,20-29,Male,Others
6542.jpg,20-29,Female,Others
6543.jpg,20-29,Male,Black
6546.jpg,20-29,Male,Others
6548.jpg,20-29,Male,Others
657.jpg,20-29,Female,Others
6574.jpg,20-29,Male,Others
6575.jpg,20-29,Female,Others
6580.jpg,20-29,Male,Others
6581.jpg,20-29,Male,Others
6582.jpg,20-29,Male,Others
6583.jpg,20-29,Male,Others
6596.jpg,20-29,Female,Others
6598.jpg,20-29,Male,Others
66.jpg,20-29,Female,Others
6604.jpg,20-29,Male,Others
661.jpg,20-29,Female,Others
6628.jpg,20-29,Male,Others
6629.jpg,20-29,Male,Others
663.jpg,20-29,Male,Others
6631.jpg,20-29,Female,Others
6632.jpg,20-29,Male,Others
6637.jpg,20-29,Male,Black
6638.jpg,20-29,Male,Asian
6639.jpg,20-29,Male,Others
6643.jpg,20-29,Male,Others
6644.jpg,20-29,Male,Others
6647.jpg,20-29,Female,Others
6649.jpg,20-29,Male,Others
665.jpg,20-29,Male,Others
6663.jpg,20-29,Male,Others
667.jpg,20-29,Male,Others
6673.jpg,20-29,Male,Others
668.jpg,20-29,Male,Others
6682.jpg,20-29,Female,Others
6695.jpg,20-29,Male,Others
6696.jpg,20-29,Female,Others
6703.jpg,20-29,Male,Others
6704.jpg,20-29,Male,Others
6705.jpg,20-29,Male,Others
6708.jpg,20-29,Male,Others
6710.jpg,20-29,Male,Asian
6716.jpg,20-29,Male,Others
6718.jpg,20-29,Female,Asian
6719.jpg,20-29,Male,Others
6722.jpg,20-29,Male,Others
6723.jpg,20-29,Female,Black
6724.jpg,20-29,Male,Others
6727.jpg,20-29,Male,Others
6733.jpg,20-29,Male,Indian
6737.jpg,20-29,Female,Others
6741.jpg,20-29,Male,Others
6744.jpg,20-29,Male,Others
6747.jpg,20-29,Male,Others
6749.jpg,20-29,Male,Others
6752.jpg,20-29,Male,Others
6754.jpg,20-29,Male,Others
6755.jpg,20-29,Female,Others
6763.jpg,20-29,Male,Others
6764.jpg,20-29,Male,Others
6765.jpg,20-29,Male,Others
6769.jpg,20-29,Male,Black
6771.jpg,20-29,Male,Others
6777.jpg,20-29,Male,Others
678.jpg,20-29,Male,Others
6780.jpg,20-29,Male,Others
6786.jpg,20-29,Female,Others
6787.jpg,20-29,Male,Others
6791.jpg,20-29,Male,Others
6798.jpg,20-29,Male,Others
6799.jpg,20-29,Male,Others
68.jpg,20-29,Male,Others
680.jpg,20-29,Male,Asian
6804.jpg,20-29,Female,Others
6807.jpg,20-29,Female,Others
6809.jpg,20-29,Female,Asian
6810.jpg,20-29,Female,Others
6815.jpg,20-29,Female,Others
6820.jpg,20-29,Male,Others
6827.jpg,20-29,Male,Others
6831.jpg,20-29,Male,Others
6833.jpg,20-29,Female,Others
6835.jpg,20-29,Male,Others
6839.jpg,20-29,Male,Others
6841.jpg,20-29,Female,Others
6851.jpg,20-29,Male,Others
6852.jpg,20-29,Male,Others
6853.jpg,20-29,Male,Others
6856.jpg,20-29,Male,Others
6857.jpg,20-29,Male,Others
6862.jpg,20-29,Male,Black
6881.jpg,20-29,Female,Others
6883.jpg,20-29,Male,Others
6896.jpg,20-29,Female,Others
6898.jpg,20-29,Male,Others
6903.jpg,20-29,Female,Black
6904.jpg,20-29,Female,Others
6908.jpg,20-29,Male,Others
6926.jpg,20-29,Female,Others
6928.jpg,20-29,Male,Others
6929.jpg,20-29,Female,Others
6930.jpg,20-29,Male,Others
6931.jpg,20-29,Male,Others
6935.jpg,20-29,Male,Others
6936.jpg,20-29,Female,Others
6943.jpg,20-29,Female,Asian
6958.jpg,20-29,Male,Others
6959.jpg,20-29,Male,Others
6960.jpg,20-29,Male,Others
6961.jpg,20-29,Male,Others
6966.jpg,20-29,Male,Others
6969.jpg,20-29,Male,Others
6976.jpg,20-29,Male,Others
6978.jpg,20-29,Male,Others
6990.jpg,20-29,Male,Others
6991.jpg,20-29,Male,Others
6995.jpg,20-29,Male,Others
6998.jpg,20-29,Male,Asian
7007.jpg,20-29,Male,Others
7008.jpg,20-29,Female,Others
7010.jpg,20-29,Male,Others
7016.jpg,20-29,Male,Others
7018.jpg,20-29,Male,Others
702.jpg,20-29,Male,Others
7022.jpg,20-29,Male,Others
7024.jpg,20-29,Male,Others
7025.jpg,20-29,Male,Others
7027.jpg,20-29,Male,Others
7031.jpg,20-29,Female,Others
704.jpg,20-29,Male,Others
7042.jpg,20-29,Male,Indian
7047.jpg,20-29,Male,Others
7048.jpg,20-29,Male,Others
7059.jpg,20-29,Male,Others
7066.jpg,20-29,Male,Others
7071.jpg,20-29,Female,Others
7075.jpg,20-29,Male,Others
7076.jpg,20-29,Female,Others
7081.jpg,20-29,Male,Others
7089.jpg,20-29,Male,Others
7091.jpg,20-29,Male,Others
7092.jpg,20-29,Male,Others
7095.jpg,20-29,Female,Black
7097.jpg,20-29,Female,Others
7108.jpg,20-29,Male,Others
7115.jpg,20-29,Male,Others
7117.jpg,20-29,Male,Asian
7127.jpg,20-29,Male,Others
7131.jpg,20-29,Male,Others
7138.jpg,20-29,Male,Others
7141.jpg,20-29,Male,Others
7153.jpg,20-29,Female,Others
7157.jpg,20-29,Male,Others
7158.jpg,20-29,Male,Asian
7159.jpg,20-29,Male,Others
7164.jpg,20-29,Female,Others
7165.jpg,20-29,Male,Others
7168.jpg,20-29,Male,Others
7169.jpg,20-29,Male,Others
7173.jpg,20-29,Male,Others
7176.jpg,20-29,Male,Others
7182.jpg,20-29,Male,Others
7192.jpg,20-29,Male,Others
7209.jpg,20-29,Male,Others
7216.jpg,20-29,Male,Others
722.jpg,20-29,Male,Others
7220.jpg,20-29,Male,Others
7223.jpg,20-29,Male,Others
7227.jpg,20-29,Female,Others
7229.jpg,20-29,Male,Others
7233.jpg,20-29,Male,Others
7242.jpg,20-29,Female,Others
7244.jpg,20-29,Male,Others
7245.jpg,20-29,Male,Others
7253.jpg,20-29,Male,Others
7254.jpg,20-29,Male,Others
7259.jpg,20-29,Male,Black
7270.jpg,20-29,Male,Others
7281.jpg,20-29,Female,Others
7288.jpg,20-29,Male,Others
7291.jpg,20-29,Male,Others
7295.jpg,20-29,Female,Others
73.jpg,20-29,Male,Others
7303.jpg,20-29,Male,Others
7307.jpg,20-29,Male,Black
7308.jpg,20-29,Male,Others
731.jpg,20-29,Female,Others
7315.jpg,20-29,Male,Others
7317.jpg,20-29,Male,Others
7330.jpg,20-29,Male,Others
7331.jpg,20-29,Female,Others
7337.jpg,20-29,Female,Others
7340.jpg,20-29,Male,Others
7346.jpg,20-29,Male,Others
7347.jpg,20-29,Male,Others
735.jpg,20-29,Male,Others
7350.jpg,20-29,Male,Others
7351.jpg,20-29,Male,Asian
7356.jpg,20-29,Female,Others
7364.jpg,20-29,Male,Others
7373.jpg,20-29,Male,Others
7378.jpg,20-29,Male,Others
7382.jpg,20-29,Male,Others
7383.jpg,20-29,Male,Others
740.jpg,20-29,Male,Others
7408.jpg,20-29,Male,Others
741.jpg,20-29,Male,Black
7411.jpg,20-29,Female,Others
7414.jpg,20-29,Male,Others
7417.jpg,20-29,Male,Others
743.jpg,20-29,Male,Others
7433.jpg,20-29,Male,Others
7437.jpg,20-29,Female,Others
7447.jpg,20-29,Female,Others
7448.jpg,20-29,Male,Others
745.jpg,20-29,Male,Others
7451.jpg,20-29,Male,Others
7458.jpg,20-29,Male,Others
7463.jpg,20-29,Male,Asian
7466.jpg,20-29,Male,Others
7467.jpg,20-29,Male,Others
7475.jpg,20-29,Female,Others
7478.jpg,20-29,Female,Others
7479.jpg,20-29,Female,Others
7481.jpg,20-29,Male,Others
7483.jpg,20-29,Male,Others
7488.jpg,20-29,Male,Others
7492.jpg,20-29,Male,Others
7494.jpg,20-29,Female,Others
7496.jpg,20-29,Male,Others
7499.jpg,20-29,Female,Others
7501.jpg,20-29,Male,Others
7502.jpg,20-29,Male,Others
7504.jpg,20-29,Female,Others
7505.jpg,20-29,Male,Others
7509.jpg,20-29,Female,Others
7510.jpg,20-29,Male,Others
7511.jpg,20-29,Male,Others
7516.jpg,20-29,Female,Others
7518.jpg,20-29,Male,Asian
7519.jpg,20-29,Male,Others
7522.jpg,20-29,Male,Others
7529.jpg,20-29,Male,Others
7532.jpg,20-29,Male,Others
7533.jpg,20-29,Male,Others
7540.jpg,20-29,Female,Others
7542.jpg,20-29,Female,Others
755.jpg,20-29,Male,Others
7553.jpg,20-29,Female,Others
7558.jpg,20-29,Female,Others
7561.jpg,20-29,Male,Others
7562.jpg,20-29,Female,Others
7571.jpg,20-29,Male,Others
7572.jpg,20-29,Female,Others
7578.jpg,20-29,Male,Black
7579.jpg,20-29,Male,Others
7589.jpg,20-29,Male,Others
759.jpg,20-29,Male,Others
7590.jpg,20-29,Male,Others
7595.jpg,20-29,Male,Others
7601.jpg,20-29,Male,Others
7609.jpg,20-29,Male,Others
7620.jpg,20-29,Female,Others
7624.jpg,20-29,Male,Others
7625.jpg,20-29,Male,Others
7630.jpg,20-29,Female,Others
7633.jpg,20-29,Male,Others
7635.jpg,20-29,Male,Black
7638.jpg,20-29,Male,Others
7641.jpg,20-29,Male,Others
7646.jpg,20-29,Male,Others
7649.jpg,20-29,Male,Others
7656.jpg,20-29,Female,Others
7664.jpg,20-29,Female,Others
7669.jpg,20-29,Male,Others
7676.jpg,20-29,Male,Others
7680.jpg,20-29,Female,Others
7683.jpg,20-29,Male,Others
7687.jpg,20-29,Male,Others
7688.jpg,20-29,Male,Others
7689.jpg,20-29,Male,Others
769.jpg,20-29,Male,Others
7690.jpg,20-29,Male,Others
7693.jpg,20-29,Male,Others
7694.jpg,20-29,Male,Others
7696.jpg,20-29,Male,Others
7699.jpg,20-29,Male,Others
77.jpg,20-29,Female,Black
7700.jpg,20-29,Male,Black
7701.jpg,20-29,Female,Others
7703.jpg,20-29,Male,Others
7704.jpg,20-29,Male,Others
7710.jpg,20-29,Male,Others
7723.jpg,20-29,Female,Others
7724.jpg,20-29,Male,Others
7728.jpg,20-29,Male,Others
773.jpg,20-29,Male,Others
7736.jpg,20-29,Male,Others
7738.jpg,20-29,Male,Others
7741.jpg,20-29,Male,Others
7743.jpg,20-29,Male,Asian
775.jpg,20-29,Male,Others
7750.jpg,20-29,Female,Others
7752.jpg,20-29,Female,Others
7755.jpg,20-29,Male,Others
7758.jpg,20-29,Male,Others
7759.jpg,20-29,Female,Others
7760.jpg,20-29,Female,Others
7763.jpg,20-29,Male,Asian
7766.jpg,20-29,Female,Others
7771.jpg,20-29,Male,Others
7772.jpg,20-29,Male,Others
7773.jpg,20-29,Male,Others
7776.jpg,20-29,Male,Black
7778.jpg,20-29,Female,Others
7781.jpg,20-29,Female,Others
7783.jpg,20-29,Male,Others
7793.jpg,20-29,Male,Others
7796.jpg,20-29,Male,Others
7809.jpg,20-29,Female,Others
7811.jpg,20-29,Male,Others
7814.jpg,20-29,Female,Others
7819.jpg,20-29,Female,Others
7822.jpg,20-29,Female,Others
7823.jpg,20-29,Female,Others
7824.jpg,20-29,Female,Others
7826.jpg,20-29,Male,Asian
7835.jpg,20-29,Male,Others
7837.jpg,20-29,Male,Others
7839.jpg,20-29,Male,Others
7852.jpg,20-29,Male,Others
7853.jpg,20-29,Male,Others
7858.jpg,20-29,Female,Others
7860.jpg,20-29,Female,Others
7864.jpg,20-29,Male,Others
7872.jpg,20-29,Female,Others
7881.jpg,20-29,Male,Others
7882.jpg,20-29,Male,Others
7886.jpg,20-29,Female,Others
7888.jpg,20-29,Male,Others
789.jpg,20-29,Male,Others
7895.jpg,20-29,Male,Others
79.jpg,20-29,Male,Others
7903.jpg,20-29,Male,Others
7905.jpg,20-29,Male,Others
7907.jpg,20-29,Male,Others
7912.jpg,20-29,Male,Black
7913.jpg,20-29,Female,Others
7914.jpg,20-29,Female,Others
7919.jpg,20-29,Male,Others
792.jpg,20-29,Male,Asian
7923.jpg,20-29,Female,Others
7925.jpg,20-29,Female,Asian
7927.jpg,20-29,Female,Others
7929.jpg,20-29,Male,Black
7932.jpg,20-29,Female,Others
7939.jpg,20-29,Male,Others
7940.jpg,20-29,Female,Others
7950.jpg,20-29,Male,Others
7957.jpg,20-29,Male,Others
7959.jpg,20-29,Female,Others
7961.jpg,20-29,Male,Others
798.jpg,20-29,Male,Others
7981.jpg,20-29,Male,Others
7985.jpg,20-29,Female,Others
7987.jpg,20-29,Male,Others
7989.jpg,20-29,Male,Others
7991.jpg,20-29,Male,Others
7994.jpg,20-29,Male,Others
7999.jpg,20-29,Female,Others
8.jpg,20-29,Female,Others
80.jpg,20-29,Male,Others
8003.jpg,20-29,Female,Others
8012.jpg,20-29,Male,Others
8013.jpg,20-29,Male,Others
8030.jpg,20-29,Male,Others
8034.jpg,20-29,Male,Others
8037.jpg,20-29,Male,Others
8041.jpg,20-29,Male,Others
8043.jpg,20-29,Male,Others
8045.jpg,20-29,Female,Others
8049.jpg,20-29,Female,Others
805.jpg,20-29,Female,Others
8053.jpg,20-29,Male,Others
8055.jpg,20-29,Male,Others
8059.jpg,20-29,Male,Others
8061.jpg,20-29,Male,Others
8069.jpg,20-29,Male,Others
8074.jpg,20-29,Female,Others
8075.jpg,20-29,Male,Others
8077.jpg,20-29,Male,Others
8081.jpg,20-29,Male,Others
8099.jpg,20-29,Female,Others
81.jpg,20-29,Male,Indian
8104.jpg,20-29,Female,Others
8106.jpg,20-29,Male,Asian
8109.jpg,20-29,Male,Others
8111.jpg,20-29,Male,Others
8116.jpg,20-29,Male,Others
8117.jpg,20-29,Male,Others
8119.jpg,20-29,Female,Asian
8127.jpg,20-29,Male,Others
8133.jpg,20-29,Female,Others
8134.jpg,20-29,Male,Others
8135.jpg,20-29,Female,Others
8139.jpg,20-29,Female,Others
8146.jpg,20-29,Male,Others
8148.jpg,20-29,Male,Others
8151.jpg,20-29,Male,Others
8152.jpg,20-29,Male,Black
8153.jpg,20-29,Female,Others
8154.jpg,20-29,Male,Others
8157.jpg,20-29,Male,Others
8163.jpg,20-29,Male,Others
8164.jpg,20-29,Male,Others
8166.jpg,20-29,Male,Others
8180.jpg,20-29,Male,Others
8182.jpg,20-29,Male,Others
82.jpg,20-29,Female,Others
8206.jpg,20-29,Male,Others
8209.jpg,20-29,Male,Others
8210.jpg,20-29,Male,Others
8214.jpg,20-29,Male,Others
8217.jpg,20-29,Male,Others
8227.jpg,20-29,Female,Others
8228.jpg,20-29,Male,Others
823.jpg,20-29,Male,Others
8239.jpg,20-29,Male,Others
8242.jpg,20-29,Male,Others
8246.jpg,20-29,Male,Others
825.jpg,20-29,Male,Others
8254.jpg,20-29,Male,Others
8257.jpg,20-29,Male,Others
8269.jpg,20-29,Female,Others
8274.jpg,20-29,Female,Others
8276.jpg,20-29,Female,Others
8278.jpg,20-29,Male,Black
828.jpg,20-29,Female,Others
8280.jpg,20-29,Male,Others
8282.jpg,20-29,Male,Others
8283.jpg,20-29,Male,Others
829.jpg,20-29,Male,Others
83.jpg,20-29,Female,Others
8302.jpg,20-29,Male,Asian
8303.jpg,20-29,Male,Black
8306.jpg,20-29,Female,Others
831.jpg,20-29,Male,Others
8310.jpg,20-29,Male,Others
8318.jpg,20-29,Female,Asian
8319.jpg,20-29,Male,Black
8332.jpg,20-29,Male,Others
8338.jpg,20-29,Male,Others
834.jpg,20-29,Male,Others
8343.jpg,20-29,Female,Others
8346.jpg,20-29,Female,Others
8354.jpg,20-29,Male,Others
8359.jpg,20-29,Male,Others
8360.jpg,20-29,Male,Others
8367.jpg,20-29,Male,Others
8369.jpg,20-29,Male,Others
837.jpg,20-29,Male,Others
8375.jpg,20-29,Male,Others
8387.jpg,20-29,Female,Others
8408.jpg,20-29,Male,Others
8409.jpg,20-29,Male,Others
8414.jpg,20-29,Male,Others
8419.jpg,20-29,Male,Others
8420.jpg,20-29,Female,Others
8427.jpg,20-29,Male,Others
843.jpg,20-29,Female,Others
8441.jpg,20-29,Female,Others
8443.jpg,20-29,Female,Others
8445.jpg,20-29,Female,Others
8446.jpg,20-29,Male,Others
8447.jpg,20-29,Female,Others
8448.jpg,20-29,Male,Others
8451.jpg,20-29,Male,Others
846.jpg,20-29,Male,Others
8460.jpg,20-29,Male,Others
8466.jpg,20-29,Male,Others
8469.jpg,20-29,Female,Others
8472.jpg,20-29,Male,Others
8474.jpg,20-29,Female,Black
848.jpg,20-29,Male,Others
8496.jpg,20-29,Male,Others
8503.jpg,20-29,Female,Others
8506.jpg,20-29,Female,Others
8508.jpg,20-29,Male,Others
851.jpg,20-29,Male,Others
8513.jpg,20-29,Male,Others
8514.jpg,20-29,Male,Others
8515.jpg,20-29,Male,Others
8519.jpg,20-29,Male,Others
8525.jpg,20-29,Male,Others
8528.jpg,20-29,Male,Others
8532.jpg,20-29,Male,Others
8536.jpg,20-29,Male,Others
854.jpg,20-29,Male,Black
8540.jpg,20-29,Male,Others
8541.jpg,20-29,Male,Others
8553.jpg,20-29,Female,Black
856.jpg,20-29,Male,Others
8560.jpg,20-29,Female,Others
8562.jpg,20-29,Male,Others
8568.jpg,20-29,Male,Others
8572.jpg,20-29,Male,Others
8574.jpg,20-29,Male,Others
8584.jpg,20-29,Male,Others
8587.jpg,20-29,Male,Others
8591.jpg,20-29,Female,Others
8593.jpg,20-29,Male,Black
8599.jpg,20-29,Female,Others
8600.jpg,20-29,Female,Others
8602.jpg,20-29,Male,Others
8603.jpg,20-29,Male,Others
8616.jpg,20-29,Female,Others
8626.jpg,20-29,Female,Others
8630.jpg,20-29,Male,Others
8631.jpg,20-29,Male,Others
8638.jpg,20-29,Male,Others
864.jpg,20-29,Female,Asian
8646.jpg,20-29,Female,Others
8649.jpg,20-29,Female,Others
865.jpg,20-29,Male,Others
8652.jpg,20-29,Female,Others
8655.jpg,20-29,Female,Others
8669.jpg,20-29,Male,Others
867.jpg,20-29,Female,Black
8673.jpg,20-29,Male,Others
8675.jpg,20-29,Male,Others
8676.jpg,20-29,Male,Others
8677.jpg,20-29,Male,Others
8679.jpg,20-29,Male,Others
8681.jpg,20-29,Female,Others
8684.jpg,20-29,Male,Others
8689.jpg,20-29,Male,Others
8690.jpg,20-29,Male,Others
8698.jpg,20-29,Male,Others
8708.jpg,20-29,Male,Others
871.jpg,20-29,Male,Others
8711.jpg,20-29,Male,Others
8713.jpg,20-29,Male,Others
8716.jpg,20-29,Female,Others
8717.jpg,20-29,Male,Others
8731.jpg,20-29,Male,Others
8733.jpg,20-29,Female,Others
8739.jpg,20-29,Male,Others
874.jpg,20-29,Female,Others
8742.jpg,20-29,Male,Others
8747.jpg,20-29,Female,Others
8748.jpg,20-29,Male,Others
8751.jpg,20-29,Male,Others
8761.jpg,20-29,Female,Others
8772.jpg,20-29,Male,Others
8784.jpg,20-29,Female,Black
8785.jpg,20-29,Male,Others
8790.jpg,20-29,Female,Others
8794.jpg,20-29,Male,Others
8799.jpg,20-29,Male,Others
88.jpg,20-29,Female,Others
8802.jpg,20-29,Male,Others
8803.jpg,20-29,Male,Others
8805.jpg,20-29,Female,Others
8819.jpg,20-29,Male,Others
882.jpg,20-29,Female,Others
8825.jpg,20-29,Female,Others
8827.jpg,20-29,Male,Asian
8828.jpg,20-29,Male,Others
8835.jpg,20-29,Male,Others
8839.jpg,20-29,Male,Others
8840.jpg,20-29,Female,Indian
8842.jpg,20-29,Male,Others
8846.jpg,20-29,Male,Others
885.jpg,20-29,Male,Others
8859.jpg,20-29,Female,Others
8870.jpg,20-29,Male,Others
8877.jpg,20-29,Female,Others
888.jpg,20-29,Male,Others
8880.jpg,20-29,Male,Others
8884.jpg,20-29,Male,Others
8885.jpg,20-29,Male,Black
8889.jpg,20-29,Male,Others
889.jpg,20-29,Female,Others
8896.jpg,20-29,Male,Others
8901.jpg,20-29,Male,Asian
891.jpg,20-29,Male,Others
8914.jpg,20-29,Male,Others
8919.jpg,20-29,Male,Others
892.jpg,20-29,Female,Others
8920.jpg,20-29,Male,Others
893.jpg,20-29,Female,Black
8935.jpg,20-29,Male,Others
8938.jpg,20-29,Male,Others
8945.jpg,20-29,Male,Others
8948.jpg,20-29,Male,Others
895.jpg,20-29,Female,Others
8953.jpg,20-29,Male,Others
8956.jpg,20-29,Male,Others
8958.jpg,20-29,Male,Others
8961.jpg,20-29,Female,Others
8962.jpg,20-29,Male,Others
8967.jpg,20-29,Male,Others
8972.jpg,20-29,Male,Others
8974.jpg,20-29,Male,Others
898.jpg,20-29,Male,Others
8982.jpg,20-29,Male,Others
8985.jpg,20-29,Male,Others
8993.jpg,20-29,Male,Others
8998.jpg,20-29,Male,Others
9002.jpg,20-29,Male,Others
9004.jpg,20-29,Male,Others
9009.jpg,20-29,Male,Others
9016.jpg,20-29,Male,Black
9018.jpg,20-29,Male,Others
9019.jpg,20-29,Male,Others
9021.jpg,20-29,Female,Others
9025.jpg,20-29,Male,Others
9028.jpg,20-29,Male,Others
9029.jpg,20-29,Male,Others
9030.jpg,20-29,Male,Others
9031.jpg,20-29,Female,Others
9038.jpg,20-29,Male,Others
9040.jpg,20-29,Male,Others
9043.jpg,20-29,Male,Others
9046.jpg,20-29,Male,Others
9054.jpg,20-29,Male,Others
9055.jpg,20-29,Male,Others
9058.jpg,20-29,Male,Others
9059.jpg,20-29,Male,Others
906.jpg,20-29,Male,Others
9064.jpg,20-29,Female,Others
9065.jpg,20-29,Male,Others
9066.jpg,20-29,Male,Others
9067.jpg,20-29,Female,Others
9071.jpg,20-29,Female,Others
9072.jpg,20-29,Male,Others
9075.jpg,20-29,Male,Others
9076.jpg,20-29,Male,Others
9082.jpg,20-29,Male,Others
9090.jpg,20-29,Male,Others
9097.jpg,20-29,Male,Others
9099.jpg,20-29,Male,Others
9102.jpg,20-29,Male,Others
9105.jpg,20-29,Male,Others
9107.jpg,20-29,Male,Others
9110.jpg,20-29,Female,Others
9121.jpg,20-29,Female,Others
9122.jpg,20-29,Male,Others
9129.jpg,20-29,Male,Others
9130.jpg,20-29,Male,Others
9132.jpg,20-29,Male,Others
9139.jpg,20-29,Male,Others
9143.jpg,20-29,Male,Black
9154.jpg,20-29,Female,Others
9161.jpg,20-29,Male,Others
9163.jpg,20-29,Male,Others
9165.jpg,20-29,Male,Asian
9166.jpg,20-29,Male,Others
9167.jpg,20-29,Male,Others
9168.jpg,20-29,Male,Others
9171.jpg,20-29,Male,Others
9173.jpg,20-29,Female,Black
919.jpg,20-29,Male,Others
9196.jpg,20-29,Female,Others
9197.jpg,20-29,Male,Others
9198.jpg,20-29,Female,Others
9203.jpg,20-29,Male,Asian
921.jpg,20-29,Male,Asian
9213.jpg,20-29,Male,Others
9216.jpg,20-29,Male,Others
9222.jpg,20-29,Male,Others
9225.jpg,20-29,Female,Others
9228.jpg,20-29,Male,Others
923.jpg,20-29,Female,Others
9237.jpg,20-29,Male,Others
9238.jpg,20-29,Male,Others
9249.jpg,20-29,Male,Others
9250.jpg,20-29,Male,Others
9254.jpg,20-29,Female,Others
9256.jpg,20-29,Male,Others
926.jpg,20-29,Male,Others
9262.jpg,20-29,Female,Others
9264.jpg,20-29,Male,Asian
9275.jpg,20-29,Male,Others
9285.jpg,20-29,Male,Black
9287.jpg,20-29,Male,Others
929.jpg,20-29,Female,Others
9292.jpg,20-29,Female,Others
93.jpg,20-29,Male,Others
9301.jpg,20-29,Male,Others
9311.jpg,20-29,Male,Asian
9320.jpg,20-29,Female,Others
9322.jpg,20-29,Male,Others
9326.jpg,20-29,Male,Others
9328.jpg,20-29,Male,Others
933.jpg,20-29,Male,Indian
9333.jpg,20-29,Male,Others
9334.jpg,20-29,Male,Others
9337.jpg,20-29,Female,Others
9339.jpg,20-29,Male,Others
9341.jpg,20-29,Male,Others
9344.jpg,20-29,Female,Others
9347.jpg,20-29,Female,Others
9349.jpg,20-29,Female,Asian
9354.jpg,20-29,Male,Others
9356.jpg,20-29,Male,Others
9369.jpg,20-29,Female,Others
9372.jpg,20-29,Male,Others
9374.jpg,20-29,Female,Others
9379.jpg,20-29,Male,Others
9382.jpg,20-29,Female,Others
9384.jpg,20-29,Male,Others
9388.jpg,20-29,Male,Others
9394.jpg,20-29,Male,Others
9399.jpg,20-29,Female,Others
9403.jpg,20-29,Male,Others
941.jpg,20-29,Male,Others
9416.jpg,20-29,Male,Others
9420.jpg,20-29,Male,Others
9432.jpg,20-29,Male,Others
9434.jpg,20-29,Male,Others
9437.jpg,20-29,Female,Others
944.jpg,20-29,Male,Others
9443.jpg,20-29,Male,Others
9449.jpg,20-29,Female,Others
9459.jpg,20-29,Male,Others
9469.jpg,20-29,Male,Others
9482.jpg,20-29,Male,Others
9484.jpg,20-29,Female,Others
9486.jpg,20-29,Female,Others
9492.jpg,20-29,Female,Others
9498.jpg,20-29,Male,Others
9499.jpg,20-29,Male,Others
95.jpg,20-29,Male,Others
9504.jpg,20-29,Male,Others
9506.jpg,20-29,Female,Others
9513.jpg,20-29,Female,Others
9514.jpg,20-29,Female,Others
952.jpg,20-29,Male,Others
9522.jpg,20-29,Male,Others
9532.jpg,20-29,Male,Black
9533.jpg,20-29,Male,Others
9538.jpg,20-29,Female,Others
9544.jpg,20-29,Male,Others
9551.jpg,20-29,Female,Black
9557.jpg,20-29,Male,Others
9565.jpg,20-29,Male,Asian
9569.jpg,20-29,Male,Others
9571.jpg,20-29,Male,Others
9577.jpg,20-29,Male,Others
9578.jpg,20-29,Male,Others
9583.jpg,20-29,Male,Others
9585.jpg,20-29,Male,Others
9586.jpg,20-29,Male,Others
9596.jpg,20-29,Female,Others
9598.jpg,20-29,Female,Others
9602.jpg,20-29,Male,Others
9615.jpg,20-29,Male,Others
9617.jpg,20-29,Male,Others
9628.jpg,20-29,Female,Others
9629.jpg,20-29,Female,Others
9635.jpg,20-29,Male,Others
9636.jpg,20-29,Male,Others
964.jpg,20-29,Male,Others
9647.jpg,20-29,Male,Others
9652.jpg,20-29,Female,Others
966.jpg,20-29,Female,Others
9664.jpg,20-29,Male,Others
9666.jpg,20-29,Male,Others
9674.jpg,20-29,Female,Others
9683.jpg,20-29,Male,Others
9685.jpg,20-29,Male,Black
9687.jpg,20-29,Female,Others
969.jpg,20-29,Female,Others
9692.jpg,20-29,Female,Others
9696.jpg,20-29,Male,Others
9698.jpg,20-29,Male,Others
9703.jpg,20-29,Male,Others
9705.jpg,20-29,Female,Others
9709.jpg,20-29,Male,Others
9711.jpg,20-29,Male,Others
9716.jpg,20-29,Female,Black
9725.jpg,20-29,Male,Others
973.jpg,20-29,Male,Black
9732.jpg,20-29,Male,Others
974.jpg,20-29,Male,Others
9740.jpg,20-29,Male,Others
9748.jpg,20-29,Male,Others
9753.jpg,20-29,Male,Others
9754.jpg,20-29,Female,Others
9755.jpg,20-29,Male,Others
9757.jpg,20-29,Male,Others
9765.jpg,20-29,Male,Others
9769.jpg,20-29,Female,Others
9771.jpg,20-29,Male,Others
9772.jpg,20-29,Male,Others
978.jpg,20-29,Male,Others
9780.jpg,20-29,Male,Others
9793.jpg,20-29,Female,Others
98.jpg,20-29,Male,Others
9803.jpg,20-29,Male,Others
9815.jpg,20-29,Male,Others
9816.jpg,20-29,Male,Others
9817.jpg,20-29,Male,Others
982.jpg,20-29,Male,Others
9822.jpg,20-29,Male,Others
9826.jpg,20-29,Male,Others
9828.jpg,20-29,Female,Others
9831.jpg,20-29,Male,Others
9835.jpg,20-29,Female,Others
9840.jpg,20-29,Male,Others
9842.jpg,20-29,Male,Others
9845.jpg,20-29,Male,Others
9848.jpg,20-29,Male,Others
9854.jpg,20-29,Male,Others
9859.jpg,20-29,Female,Others
9862.jpg,20-29,Female,Others
9863.jpg,20-29,Female,Others
9864.jpg,20-29,Female,Others
9866.jpg,20-29,Male,Others
9867.jpg,20-29,Female,Others
9871.jpg,20-29,Male,Others
9872.jpg,20-29,Male,Others
9873.jpg,20-29,Male,Others
9874.jpg,20-29,Female,Others
9875.jpg,20-29,Male,Others
9876.jpg,20-29,Male,Others
9882.jpg,20-29,Male,Others
9886.jpg,20-29,Male,Others
9889.jpg,20-29,Male,Others
989.jpg,20-29,Female,Others
9897.jpg,20-29,Male,Others
9900.jpg,20-29,Male,Others
9914.jpg,20-29,Male,Others
9921.jpg,20-29,Male,Others
9922.jpg,20-29,Male,Others
9924.jpg,20-29,Male,Others
993.jpg,20-29,Female,Asian
9933.jpg,20-29,Male,Others
9935.jpg,20-29,Male,Others
9939.jpg,20-29,Male,Others
9941.jpg,20-29,Female,Others
9944.jpg,20-29,Male,Asian
9948.jpg,20-29,Male,Black
9949.jpg,20-29,Male,Others
995.jpg,20-29,Male,Others
9950.jpg,20-29,Female,Others
9966.jpg,20-29,Female,Others
9967.jpg,20-29,Male,Others
9968.jpg,20-29,Male,Others
