1.jpg,50-59,Male,White
10.jpg,30-39,Male,White
100.jpg,20-29,Female,Others
1000.jpg,0-2,Male,Others
1001.jpg,30-39,Female,Others
1002.jpg,40-49,Male,Black
1003.jpg,20-29,Male,Others
1004.jpg,30-39,Female,White
1005.jpg,0-2,Female,White
1006.jpg,30-39,Male,White
1007.jpg,50-59,Male,White
1008.jpg,20-29,Male,Black
1009.jpg,30-39,Female,White
101.jpg,20-29,Female,Black
1010.jpg,20-29,Male,Black
1011.jpg,20-29,Female,Black
1012.jpg,20-29,Male,White
1013.jpg,20-29,Female,Others
1014.jpg,40-49,Female,Indian
1015.jpg,30-39,Male,White
1016.jpg,20-29,Male,Others
1017.jpg,3-9,Male,Indian
1018.jpg,20-29,Female,Others
1019.jpg,10-19,Male,White
102.jpg,3-9,Male,Indian
1020.jpg,20-29,Female,Indian
1021.jpg,3-9,Female,White
1022.jpg,20-29,Female,Asian
1023.jpg,20-29,Female,White
1024.jpg,20-29,Female,Others
1025.jpg,30-39,Male,White
1026.jpg,20-29,Female,White
1027.jpg,10-19,Male,White
1028.jpg,20-29,Male,White
1029.jpg,20-29,Female,Others
103.jpg,20-29,Male,Indian
1030.jpg,50-59,Female,White
1031.jpg,more than 70,Male,White
1032.jpg,20-29,Female,White
1033.jpg,40-49,Male,White
1034.jpg,10-19,Female,White
1035.jpg,20-29,Male,Black
1036.jpg,40-49,Female,White
1037.jpg,0-2,Male,White
1038.jpg,0-2,Male,Others
1039.jpg,20-29,Female,Others
104.jpg,20-29,Male,White
1040.jpg,20-29,Female,Others
1041.jpg,50-59,Female,Others
1042.jpg,20-29,Male,Black
1043.jpg,20-29,Male,White
1044.jpg,20-29,Male,White
1045.jpg,20-29,Female,Black
1046.jpg,20-29,Male,Indian
1047.jpg,20-29,Female,Others
1048.jpg,30-39,Male,White
1049.jpg,0-2,Female,Indian
105.jpg,30-39,Male,White
1050.jpg,none,none,none
1051.jpg,20-29,Female,Indian
1052.jpg,50-59,Female,Asian
1053.jpg,20-29,Female,Indian
1054.jpg,20-29,Male,Asian
1055.jpg,20-29,Female,Asian
1056.jpg,20-29,Female,Black
1057.jpg,40-49,Male,White
1058.jpg,20-29,Male,Indian
1059.jpg,30-39,Female,Indian
106.jpg,10-19,Female,Asian
1060.jpg,20-29,Female,White
1061.jpg,30-39,Female,Black
1062.jpg,20-29,Male,Indian
1063.jpg,30-39,Female,Others
1064.jpg,50-59,Male,White
1065.jpg,0-2,Female,White
1066.jpg,40-49,Male,White
1067.jpg,0-2,Male,Indian
1068.jpg,20-29,Male,Black
1069.jpg,20-29,Female,Asian
107.jpg,20-29,Male,White
1070.jpg,40-49,Male,Black
1071.jpg,30-39,Female,White
1072.jpg,20-29,Male,White
1073.jpg,50-59,Male,White
1074.jpg,20-29,Male,Black
1075.jpg,40-49,Male,White
1076.jpg,40-49,Female,Others
1077.jpg,20-29,Female,White
1078.jpg,20-29,Female,White
1079.jpg,20-29,Male,Others
108.jpg,20-29,Male,White
1080.jpg,30-39,Male,Black
1081.jpg,20-29,Male,Others
1082.jpg,30-39,Female,Others
1083.jpg,30-39,Female,Black
1084.jpg,30-39,Female,Black
1085.jpg,20-29,Female,Black
1086.jpg,none,none,none
1087.jpg,3-9,Male,White
1088.jpg,20-29,Male,White
1089.jpg,30-39,Male,White
109.jpg,30-39,Male,Others
1090.jpg,20-29,Male,White
1091.jpg,20-29,Female,Black
1092.jpg,20-29,Female,White
1093.jpg,30-39,Male,White
1094.jpg,30-39,Female,Black
1095.jpg,30-39,Male,Indian
1096.jpg,20-29,Female,Asian
1097.jpg,30-39,Male,White
1098.jpg,20-29,Male,Indian
1099.jpg,20-29,Female,Asian
11.jpg,20-29,Male,Others
110.jpg,50-59,Female,White
1100.jpg,30-39,Male,White
1101.jpg,30-39,Male,Others
1102.jpg,0-2,Male,White
1103.jpg,20-29,Female,Indian
1104.jpg,0-2,Female,Asian
1105.jpg,20-29,Male,Others
1106.jpg,20-29,Female,White
1107.jpg,20-29,Male,Others
1108.jpg,50-59,Female,White
1109.jpg,0-2,Female,Indian
111.jpg,30-39,Female,Others
1110.jpg,0-2,Female,Black
1111.jpg,none,none,none
1112.jpg,0-2,Male,Others
1113.jpg,20-29,Male,White
1114.jpg,30-39,Female,White
1115.jpg,20-29,Male,Indian
1116.jpg,10-19,Female,White
1117.jpg,3-9,Female,White
1118.jpg,20-29,Male,Indian
1119.jpg,30-39,Male,Indian
112.jpg,20-29,Female,Asian
1120.jpg,20-29,Male,Indian
1121.jpg,50-59,Male,Indian
1122.jpg,30-39,Female,White
1123.jpg,30-39,Female,Indian
1124.jpg,none,none,none
1125.jpg,30-39,Female,Others
1126.jpg,0-2,Female,White
1127.jpg,20-29,Male,Indian
1128.jpg,20-29,Male,Others
1129.jpg,30-39,Male,Black
113.jpg,20-29,Female,Others
1130.jpg,20-29,Female,Others
1131.jpg,none,none,none
1132.jpg,3-9,Male,White
1133.jpg,10-19,Male,White
1134.jpg,30-39,Female,White
1135.jpg,20-29,Female,Black
1136.jpg,20-29,Female,Asian
1137.jpg,20-29,Male,White
1138.jpg,30-39,Female,White
1139.jpg,20-29,Female,Others
114.jpg,20-29,Female,Others
1140.jpg,20-29,Female,Others
1141.jpg,50-59,Female,White
1142.jpg,20-29,Female,White
1143.jpg,30-39,Male,White
1144.jpg,20-29,Female,Others
1145.jpg,20-29,Male,Others
1146.jpg,20-29,Female,Indian
1147.jpg,more than 70,Female,Others
1148.jpg,20-29,Female,Black
1149.jpg,20-29,Male,Black
115.jpg,20-29,Female,Black
1150.jpg,10-19,Female,Asian
1151.jpg,more than 70,Male,Indian
1152.jpg,20-29,Female,Asian
1153.jpg,20-29,Female,White
1154.jpg,30-39,Female,Black
1155.jpg,30-39,Male,Indian
1156.jpg,0-2,Female,Black
1157.jpg,20-29,Female,White
1158.jpg,20-29,Female,White
1159.jpg,20-29,Female,Indian
116.jpg,3-9,Female,Others
1160.jpg,20-29,Male,White
1161.jpg,20-29,Female,White
1162.jpg,20-29,Male,White
1163.jpg,20-29,Male,Indian
1164.jpg,20-29,Female,White
1165.jpg,20-29,Female,White
1166.jpg,20-29,Female,Black
1167.jpg,0-2,Female,Black
1168.jpg,20-29,Male,White
1169.jpg,20-29,Male,Others
117.jpg,20-29,Female,Indian
1170.jpg,50-59,Male,White
1171.jpg,30-39,Female,Asian
1172.jpg,20-29,Male,Asian
1173.jpg,20-29,Male,White
1174.jpg,20-29,Female,Black
1175.jpg,20-29,Female,White
1176.jpg,40-49,Female,Others
1177.jpg,more than 70,Male,White
1178.jpg,20-29,Male,White
1179.jpg,20-29,Female,Asian
118.jpg,30-39,Female,Indian
1180.jpg,10-19,Female,Asian
1181.jpg,30-39,Male,Asian
1182.jpg,30-39,Female,Others
1183.jpg,50-59,Male,Indian
1184.jpg,50-59,Female,Asian
1185.jpg,30-39,Female,Indian
1186.jpg,20-29,Male,Asian
1187.jpg,20-29,Female,White
1188.jpg,20-29,Female,White
1189.jpg,20-29,Female,White
119.jpg,20-29,Female,Indian
1190.jpg,20-29,Male,White
1191.jpg,10-19,Female,Others
1192.jpg,40-49,Male,Indian
1193.jpg,0-2,Male,Others
1194.jpg,20-29,Female,Others
1195.jpg,0-2,Female,Black
1196.jpg,20-29,Female,White
1197.jpg,20-29,Male,Black
1198.jpg,20-29,Male,Others
1199.jpg,20-29,Female,Indian
12.jpg,50-59,Male,Indian
120.jpg,20-29,Male,White
1200.jpg,30-39,Female,Others
1201.jpg,40-49,Female,Black
1202.jpg,20-29,Male,White
1203.jpg,20-29,Female,Indian
1204.jpg,0-2,Male,Others
1205.jpg,30-39,Male,Others
1206.jpg,30-39,Male,Indian
1207.jpg,30-39,Male,Others
1208.jpg,20-29,Female,White
1209.jpg,20-29,Female,White
121.jpg,30-39,Female,White
1210.jpg,0-2,Male,Others
1211.jpg,none,none,none
1212.jpg,30-39,Male,Indian
1213.jpg,30-39,Male,White
1214.jpg,none,none,none
1215.jpg,20-29,Female,Indian
1216.jpg,50-59,Male,Others
1217.jpg,20-29,Male,Others
1218.jpg,50-59,Female,Others
1219.jpg,3-9,Male,Others
122.jpg,20-29,Male,White
1220.jpg,20-29,Female,White
1221.jpg,20-29,Male,Indian
1222.jpg,0-2,Female,Black
1223.jpg,20-29,Male,Black
1224.jpg,20-29,Male,Others
1225.jpg,more than 70,Female,White
1226.jpg,20-29,Female,Black
1227.jpg,30-39,Female,White
1228.jpg,20-29,Male,Others
1229.jpg,more than 70,Male,Others
123.jpg,30-39,Male,White
1230.jpg,3-9,Female,Asian
1231.jpg,20-29,Male,White
1232.jpg,30-39,Male,White
1233.jpg,50-59,Female,White
1234.jpg,20-29,Male,Asian
1235.jpg,50-59,Male,White
1236.jpg,none,none,none
1237.jpg,20-29,Female,Black
1238.jpg,20-29,Female,Black
1239.jpg,20-29,Female,White
124.jpg,30-39,Male,Asian
1240.jpg,20-29,Male,White
1241.jpg,20-29,Male,Black
1242.jpg,20-29,Male,White
1243.jpg,30-39,Male,Black
1244.jpg,30-39,Female,White
1245.jpg,30-39,Female,White
1246.jpg,20-29,Female,White
1247.jpg,20-29,Male,Black
1248.jpg,30-39,Female,White
1249.jpg,20-29,Male,Others
125.jpg,none,none,none
1250.jpg,30-39,Female,Indian
1251.jpg,30-39,Female,White
1252.jpg,10-19,Male,Asian
1253.jpg,none,none,none
1254.jpg,20-29,Male,White
1255.jpg,30-39,Female,Indian
1256.jpg,20-29,Female,White
1257.jpg,20-29,Male,White
1258.jpg,30-39,Male,White
1259.jpg,none,none,none
126.jpg,30-39,Male,Others
1260.jpg,30-39,Male,White
1261.jpg,20-29,Female,White
1262.jpg,20-29,Male,Others
1263.jpg,10-19,Male,Black
1264.jpg,30-39,Male,Black
1265.jpg,50-59,Female,Black
1266.jpg,20-29,Male,Others
1267.jpg,20-29,Male,Indian
1268.jpg,0-2,Male,Others
1269.jpg,20-29,Female,Others
127.jpg,30-39,Male,Indian
1270.jpg,50-59,Male,White
1271.jpg,30-39,Female,Indian
1272.jpg,30-39,Male,Others
1273.jpg,30-39,Male,Others
1274.jpg,30-39,Female,White
1275.jpg,30-39,Male,Indian
1276.jpg,30-39,Male,Others
1277.jpg,20-29,Female,Asian
1278.jpg,30-39,Male,Others
1279.jpg,20-29,Male,White
128.jpg,20-29,Female,Others
1280.jpg,20-29,Male,Asian
1281.jpg,more than 70,Female,Others
1282.jpg,20-29,Male,White
1283.jpg,10-19,Female,Indian
1284.jpg,20-29,Female,White
1285.jpg,0-2,Male,Indian
1286.jpg,10-19,Female,White
1287.jpg,20-29,Male,Others
1288.jpg,20-29,Male,Others
1289.jpg,20-29,Female,Others
129.jpg,20-29,Female,Others
1290.jpg,20-29,Male,Asian
1291.jpg,20-29,Male,White
1292.jpg,20-29,Male,White
1293.jpg,20-29,Male,Others
1294.jpg,10-19,Male,White
1295.jpg,10-19,Male,White
1296.jpg,50-59,Male,White
1297.jpg,30-39,Male,Asian
1298.jpg,none,none,none
1299.jpg,20-29,Female,Indian
13.jpg,0-2,Female,Indian
130.jpg,30-39,Male,White
1300.jpg,0-2,Male,Black
1301.jpg,none,none,none
1302.jpg,30-39,Female,White
1303.jpg,none,none,none
1304.jpg,30-39,Male,White
1305.jpg,30-39,Female,Others
1306.jpg,30-39,Female,Others
1307.jpg,none,none,none
1308.jpg,20-29,Male,Others
1309.jpg,20-29,Female,White
131.jpg,30-39,Male,White
1310.jpg,20-29,Female,Black
1311.jpg,30-39,Male,White
1312.jpg,0-2,Female,White
1313.jpg,none,none,none
1314.jpg,20-29,Female,Others
1315.jpg,20-29,Female,White
1316.jpg,3-9,Male,White
1317.jpg,50-59,Male,Black
1318.jpg,30-39,Male,White
1319.jpg,20-29,Female,Asian
132.jpg,more than 70,Male,Indian
1320.jpg,30-39,Male,White
1321.jpg,0-2,Female,Others
1322.jpg,none,none,none
1323.jpg,none,none,none
1324.jpg,30-39,Male,White
1325.jpg,30-39,Female,Indian
1326.jpg,50-59,Female,White
1327.jpg,20-29,Male,White
1328.jpg,50-59,Female,Others
1329.jpg,30-39,Female,Others
133.jpg,0-2,Female,Others
1330.jpg,20-29,Female,White
1331.jpg,20-29,Male,Black
1332.jpg,none,none,none
1333.jpg,20-29,Male,Others
1334.jpg,3-9,Male,Others
1335.jpg,20-29,Female,Others
1336.jpg,20-29,Female,Black
1337.jpg,20-29,Male,Indian
1338.jpg,30-39,Male,White
1339.jpg,30-39,Female,White
134.jpg,0-2,Male,Others
1340.jpg,30-39,Male,White
1341.jpg,30-39,Female,White
1342.jpg,50-59,Male,White
1343.jpg,20-29,Male,Others
1344.jpg,20-29,Female,Black
1345.jpg,30-39,Female,Others
1346.jpg,50-59,Female,White
1347.jpg,50-59,Male,White
1348.jpg,50-59,Male,White
1349.jpg,10-19,Male,White
135.jpg,20-29,Male,Others
1350.jpg,20-29,Male,Black
1351.jpg,30-39,Female,White
1352.jpg,20-29,Male,White
1353.jpg,30-39,Female,Black
1354.jpg,20-29,Female,Others
1355.jpg,20-29,Male,White
1356.jpg,0-2,Male,White
1357.jpg,30-39,Male,White
1358.jpg,30-39,Female,Black
1359.jpg,20-29,Male,White
136.jpg,30-39,Male,White
1360.jpg,20-29,Male,Asian
1361.jpg,20-29,Male,Others
1362.jpg,30-39,Male,White
1363.jpg,20-29,Female,White
1364.jpg,20-29,Female,Indian
1365.jpg,20-29,Female,Indian
1366.jpg,20-29,Female,White
1367.jpg,20-29,Male,White
1368.jpg,none,none,none
1369.jpg,20-29,Male,White
137.jpg,50-59,Male,White
1370.jpg,30-39,Male,Indian
1371.jpg,20-29,Male,White
1372.jpg,50-59,Female,Others
1373.jpg,none,none,none
1374.jpg,20-29,Female,Indian
1375.jpg,20-29,Female,Indian
1376.jpg,30-39,Male,White
1377.jpg,30-39,Male,White
1378.jpg,20-29,Male,Asian
1379.jpg,20-29,Male,White
138.jpg,20-29,Male,Asian
1380.jpg,30-39,Female,White
1381.jpg,50-59,Male,White
1382.jpg,20-29,Female,White
1383.jpg,20-29,Female,Others
1384.jpg,30-39,Female,White
1385.jpg,20-29,Female,White
1386.jpg,20-29,Male,Black
1387.jpg,none,none,none
1388.jpg,40-49,Male,White
1389.jpg,30-39,Female,White
139.jpg,30-39,Female,White
1390.jpg,20-29,Male,Indian
1391.jpg,20-29,Female,White
1392.jpg,30-39,Male,Indian
1393.jpg,50-59,Female,White
1394.jpg,60-69,Male,White
1395.jpg,30-39,Male,White
1396.jpg,none,none,none
1397.jpg,20-29,Female,White
1398.jpg,20-29,Male,White
1399.jpg,20-29,Female,Indian
14.jpg,30-39,Male,White
140.jpg,none,none,none
1400.jpg,20-29,Female,White
1401.jpg,30-39,Female,Indian
1402.jpg,20-29,Male,Asian
1403.jpg,50-59,Male,Indian
1404.jpg,30-39,Female,White
1405.jpg,20-29,Female,Others
1406.jpg,20-29,Female,Others
1407.jpg,10-19,Male,Black
1408.jpg,20-29,Male,Asian
1409.jpg,0-2,Female,Others
141.jpg,50-59,Male,White
1410.jpg,50-59,Male,Black
1411.jpg,0-2,Female,Asian
1412.jpg,30-39,Male,White
1413.jpg,30-39,Male,Indian
1414.jpg,30-39,Female,Indian
1415.jpg,20-29,Female,Indian
1416.jpg,30-39,Female,White
1417.jpg,0-2,Male,Indian
1418.jpg,more than 70,Female,Asian
1419.jpg,20-29,Female,Indian
142.jpg,20-29,Male,White
1420.jpg,20-29,Female,White
1421.jpg,30-39,Male,Indian
1422.jpg,10-19,Male,White
1423.jpg,10-19,Female,White
1424.jpg,50-59,Male,Indian
1425.jpg,30-39,Female,Indian
1426.jpg,30-39,Male,White
1427.jpg,0-2,Male,Indian
1428.jpg,20-29,Female,Others
1429.jpg,20-29,Female,Indian
143.jpg,none,none,none
1430.jpg,20-29,Male,White
1431.jpg,20-29,Female,Black
1432.jpg,30-39,Female,Asian
1433.jpg,20-29,Male,Indian
1434.jpg,20-29,Female,White
1435.jpg,20-29,Female,White
1436.jpg,50-59,Male,Indian
1437.jpg,20-29,Male,Indian
1438.jpg,20-29,Male,White
1439.jpg,50-59,Female,Indian
144.jpg,20-29,Female,Black
1440.jpg,30-39,Female,Indian
1441.jpg,20-29,Male,White
1442.jpg,0-2,Female,Others
1443.jpg,3-9,Female,White
1444.jpg,30-39,Female,Asian
1445.jpg,20-29,Male,Asian
1446.jpg,20-29,Male,White
1447.jpg,30-39,Female,White
1448.jpg,more than 70,Female,Asian
1449.jpg,20-29,Female,Others
145.jpg,20-29,Male,White
1450.jpg,20-29,Male,Asian
1451.jpg,20-29,Female,Others
1452.jpg,20-29,Male,White
1453.jpg,20-29,Female,Black
1454.jpg,20-29,Female,Indian
1455.jpg,40-49,Female,White
1456.jpg,20-29,Male,Indian
1457.jpg,20-29,Female,Black
1458.jpg,20-29,Female,Asian
1459.jpg,0-2,Female,Black
146.jpg,30-39,Female,Indian
1460.jpg,20-29,Female,Indian
1461.jpg,20-29,Female,Indian
1462.jpg,40-49,Female,Indian
1463.jpg,30-39,Female,Indian
1464.jpg,0-2,Female,Others
1465.jpg,20-29,Female,Black
1466.jpg,20-29,Female,Asian
1467.jpg,50-59,Female,White
1468.jpg,0-2,Female,Others
1469.jpg,0-2,Female,Black
147.jpg,40-49,Male,Indian
1470.jpg,30-39,Male,White
1471.jpg,50-59,Male,White
1472.jpg,30-39,Male,Indian
1473.jpg,more than 70,Male,White
1474.jpg,0-2,Female,Asian
1475.jpg,20-29,Female,White
1476.jpg,20-29,Male,White
1477.jpg,20-29,Female,White
1478.jpg,30-39,Male,Indian
1479.jpg,20-29,Female,Indian
148.jpg,30-39,Male,Black
1480.jpg,30-39,Female,Black
1481.jpg,3-9,Male,Others
1482.jpg,3-9,Female,White
1483.jpg,20-29,Female,White
1484.jpg,20-29,Female,White
1485.jpg,0-2,Male,Others
1486.jpg,30-39,Female,White
1487.jpg,30-39,Male,Indian
1488.jpg,more than 70,Female,White
1489.jpg,30-39,Male,White
149.jpg,20-29,Female,Black
1490.jpg,40-49,Male,Asian
1491.jpg,30-39,Male,White
1492.jpg,none,none,none
1493.jpg,more than 70,Female,White
1494.jpg,20-29,Female,Black
1495.jpg,20-29,Female,White
1496.jpg,30-39,Male,Others
1497.jpg,30-39,Female,White
1498.jpg,0-2,Female,Asian
1499.jpg,20-29,Female,White
15.jpg,20-29,Male,White
150.jpg,20-29,Female,White
1500.jpg,30-39,Male,White
1501.jpg,20-29,Female,Asian
1502.jpg,30-39,Female,Others
1503.jpg,0-2,Male,Others
1504.jpg,20-29,Female,Indian
1505.jpg,20-29,Female,Asian
1506.jpg,20-29,Male,White
1507.jpg,20-29,Male,White
1508.jpg,50-59,Male,White
1509.jpg,none,none,none
151.jpg,30-39,Male,Others
1510.jpg,20-29,Female,Others
1511.jpg,30-39,Female,Black
1512.jpg,30-39,Male,Asian
1513.jpg,30-39,Male,Others
1514.jpg,20-29,Male,Indian
1515.jpg,20-29,Female,White
1516.jpg,60-69,Female,Asian
1517.jpg,10-19,Female,White
1518.jpg,3-9,Female,Black
1519.jpg,none,none,none
152.jpg,20-29,Male,White
1520.jpg,20-29,Male,White
1521.jpg,10-19,Female,Asian
1522.jpg,50-59,Male,White
1523.jpg,more than 70,Male,Indian
1524.jpg,20-29,Male,Indian
1525.jpg,10-19,Female,White
1526.jpg,more than 70,Female,Asian
1527.jpg,40-49,Male,White
1528.jpg,60-69,Male,White
1529.jpg,20-29,Female,White
153.jpg,20-29,Female,Indian
1530.jpg,50-59,Male,Others
1531.jpg,20-29,Female,Black
1532.jpg,20-29,Female,Indian
1533.jpg,50-59,Male,White
1534.jpg,30-39,Female,Indian
1535.jpg,20-29,Male,Black
1536.jpg,20-29,Male,White
1537.jpg,20-29,Female,White
1538.jpg,20-29,Male,White
1539.jpg,30-39,Male,Black
154.jpg,30-39,Female,White
1540.jpg,20-29,Female,White
1541.jpg,20-29,Male,Indian
1542.jpg,20-29,Female,Others
1543.jpg,20-29,Female,Others
1544.jpg,30-39,Male,White
1545.jpg,30-39,Female,Indian
1546.jpg,20-29,Male,White
1547.jpg,20-29,Male,Others
1548.jpg,30-39,Male,Indian
1549.jpg,20-29,Male,White
155.jpg,50-59,Female,Others
1550.jpg,20-29,Male,White
1551.jpg,20-29,Female,Others
1552.jpg,20-29,Female,Asian
1553.jpg,30-39,Female,White
1554.jpg,30-39,Male,Indian
1555.jpg,0-2,Female,Others
1556.jpg,20-29,Female,White
1557.jpg,20-29,Male,Others
1558.jpg,20-29,Male,Black
1559.jpg,more than 70,Female,White
156.jpg,20-29,Female,Asian
1560.jpg,20-29,Male,White
1561.jpg,40-49,Male,Indian
1562.jpg,20-29,Male,Black
1563.jpg,30-39,Female,Asian
1564.jpg,20-29,Male,White
1565.jpg,30-39,Male,White
1566.jpg,20-29,Male,White
1567.jpg,20-29,Male,White
1568.jpg,20-29,Female,White
1569.jpg,0-2,Male,White
157.jpg,30-39,Female,Asian
1570.jpg,20-29,Female,Indian
1571.jpg,20-29,Male,White
1572.jpg,20-29,Female,Others
1573.jpg,30-39,Female,White
1574.jpg,50-59,Male,Indian
1575.jpg,0-2,Female,Indian
1576.jpg,20-29,Male,White
1577.jpg,more than 70,Female,White
1578.jpg,20-29,Male,White
1579.jpg,50-59,Male,White
158.jpg,30-39,Male,Others
1580.jpg,20-29,Female,Indian
1581.jpg,20-29,Male,White
1582.jpg,20-29,Female,White
1583.jpg,20-29,Male,Indian
1584.jpg,30-39,Female,Others
1585.jpg,more than 70,Female,Black
1586.jpg,30-39,Male,White
1587.jpg,50-59,Female,Black
1588.jpg,20-29,Female,Black
1589.jpg,20-29,Male,Black
159.jpg,20-29,Female,White
1590.jpg,none,none,none
1591.jpg,0-2,Male,White
1592.jpg,0-2,Male,Others
1593.jpg,20-29,Female,White
1594.jpg,20-29,Male,White
1595.jpg,20-29,Male,Others
1596.jpg,20-29,Female,White
1597.jpg,20-29,Male,Indian
1598.jpg,20-29,Female,Asian
1599.jpg,30-39,Male,Indian
16.jpg,20-29,Male,Black
160.jpg,30-39,Male,Indian
1600.jpg,20-29,Male,White
1601.jpg,30-39,Male,White
1602.jpg,30-39,Male,White
1603.jpg,30-39,Male,White
1604.jpg,10-19,Female,Others
1605.jpg,20-29,Male,White
1606.jpg,more than 70,Female,Others
1607.jpg,20-29,Male,Black
1608.jpg,20-29,Male,Others
1609.jpg,more than 70,Female,White
161.jpg,0-2,Female,Indian
1610.jpg,20-29,Female,Indian
1611.jpg,more than 70,Male,White
1612.jpg,50-59,Male,White
1613.jpg,30-39,Female,Black
1614.jpg,40-49,Male,White
1615.jpg,20-29,Female,Others
1616.jpg,40-49,Male,White
1617.jpg,20-29,Male,Others
1618.jpg,30-39,Male,White
1619.jpg,20-29,Female,Indian
162.jpg,0-2,Male,Others
1620.jpg,more than 70,Female,Indian
1621.jpg,30-39,Male,Indian
1622.jpg,20-29,Female,Indian
1623.jpg,20-29,Female,White
1624.jpg,20-29,Female,Indian
1625.jpg,20-29,Female,Asian
1626.jpg,20-29,Male,White
1627.jpg,more than 70,Male,White
1628.jpg,20-29,Male,Asian
1629.jpg,20-29,Male,White
163.jpg,30-39,Male,Others
1630.jpg,more than 70,Male,White
1631.jpg,30-39,Female,White
1632.jpg,30-39,Female,Asian
1633.jpg,30-39,Male,White
1634.jpg,20-29,Male,White
1635.jpg,30-39,Male,White
1636.jpg,20-29,Male,White
1637.jpg,20-29,Male,White
1638.jpg,20-29,Male,Asian
1639.jpg,50-59,Female,White
164.jpg,50-59,Male,Indian
1640.jpg,10-19,Male,Indian
1641.jpg,20-29,Male,White
1642.jpg,10-19,Male,Black
1643.jpg,0-2,Male,Others
1644.jpg,20-29,Female,Others
1645.jpg,30-39,Male,Others
1646.jpg,20-29,Female,Black
1647.jpg,20-29,Female,White
1648.jpg,30-39,Male,Asian
1649.jpg,20-29,Female,White
165.jpg,30-39,Male,Others
1650.jpg,30-39,Male,Indian
1651.jpg,30-39,Male,Indian
1652.jpg,30-39,Female,Others
1653.jpg,30-39,Female,White
1654.jpg,30-39,Female,Black
1655.jpg,3-9,Male,White
1656.jpg,20-29,Male,White
1657.jpg,20-29,Female,Black
1658.jpg,20-29,Male,Black
1659.jpg,20-29,Male,Indian
166.jpg,30-39,Male,Others
1660.jpg,30-39,Female,Asian
1661.jpg,20-29,Female,Indian
1662.jpg,20-29,Male,White
1663.jpg,30-39,Female,Black
1664.jpg,20-29,Male,Black
1665.jpg,20-29,Female,Others
1666.jpg,20-29,Female,White
1667.jpg,30-39,Male,Asian
1668.jpg,30-39,Female,White
1669.jpg,30-39,Male,White
167.jpg,none,none,none
1670.jpg,20-29,Female,White
1671.jpg,40-49,Male,White
1672.jpg,0-2,Male,White
1673.jpg,30-39,Male,Indian
1674.jpg,20-29,Male,Others
1675.jpg,30-39,Male,Others
1676.jpg,20-29,Male,Black
1677.jpg,20-29,Female,Indian
1678.jpg,30-39,Female,White
1679.jpg,20-29,Female,White
168.jpg,50-59,Male,Black
1680.jpg,20-29,Female,White
1681.jpg,20-29,Male,Asian
1682.jpg,20-29,Female,Others
1683.jpg,0-2,Female,Others
1684.jpg,20-29,Female,White
1685.jpg,20-29,Male,Asian
1686.jpg,30-39,Male,Indian
1687.jpg,20-29,Female,Others
1688.jpg,20-29,Male,White
1689.jpg,20-29,Female,Black
169.jpg,20-29,Male,Indian
1690.jpg,20-29,Male,White
1691.jpg,30-39,Female,White
1692.jpg,20-29,Male,White
1693.jpg,40-49,Female,White
1694.jpg,50-59,Male,White
1695.jpg,30-39,Male,Black
1696.jpg,30-39,Male,White
1697.jpg,30-39,Female,Indian
1698.jpg,more than 70,Female,White
1699.jpg,20-29,Female,Indian
17.jpg,20-29,Male,White
170.jpg,30-39,Female,Asian
1700.jpg,3-9,Male,White
1701.jpg,3-9,Male,White
1702.jpg,30-39,Female,Asian
1703.jpg,30-39,Male,Others
1704.jpg,30-39,Female,Indian
1705.jpg,3-9,Female,Indian
1706.jpg,20-29,Female,White
1707.jpg,none,none,none
1708.jpg,30-39,Male,Indian
1709.jpg,20-29,Female,White
171.jpg,0-2,Male,Asian
1710.jpg,40-49,Male,Indian
1711.jpg,50-59,Female,White
1712.jpg,20-29,Female,White
1713.jpg,20-29,Female,White
1714.jpg,30-39,Female,Asian
1715.jpg,20-29,Female,Black
1716.jpg,20-29,Female,Indian
1717.jpg,20-29,Female,Others
1718.jpg,50-59,Male,Asian
1719.jpg,3-9,Male,Indian
172.jpg,0-2,Female,White
1720.jpg,30-39,Male,Indian
1721.jpg,30-39,Female,White
1722.jpg,30-39,Female,White
1723.jpg,40-49,Male,Others
1724.jpg,40-49,Female,White
1725.jpg,20-29,Male,White
1726.jpg,20-29,Male,White
1727.jpg,20-29,Male,White
1728.jpg,20-29,Male,White
1729.jpg,40-49,Male,White
173.jpg,0-2,Female,Black
1730.jpg,30-39,Male,White
1731.jpg,30-39,Male,White
1732.jpg,50-59,Male,Indian
1733.jpg,0-2,Male,Black
1734.jpg,20-29,Female,Black
1735.jpg,20-29,Male,Indian
1736.jpg,40-49,Male,Black
1737.jpg,30-39,Male,White
1738.jpg,more than 70,Female,White
1739.jpg,3-9,Female,White
174.jpg,50-59,Male,White
1740.jpg,50-59,Female,White
1741.jpg,30-39,Female,Asian
1742.jpg,20-29,Female,Others
1743.jpg,20-29,Male,White
1744.jpg,30-39,Male,Black
1745.jpg,50-59,Female,White
1746.jpg,60-69,Male,Asian
1747.jpg,30-39,Male,Others
1748.jpg,30-39,Male,Black
1749.jpg,50-59,Male,Asian
175.jpg,20-29,Male,White
1750.jpg,30-39,Male,Black
1751.jpg,20-29,Male,White
1752.jpg,20-29,Female,White
1753.jpg,20-29,Female,Black
1754.jpg,20-29,Male,White
1755.jpg,20-29,Male,Indian
1756.jpg,20-29,Male,Others
1757.jpg,0-2,Male,Indian
1758.jpg,20-29,Male,Indian
1759.jpg,30-39,Female,Indian
176.jpg,50-59,Female,White
1760.jpg,20-29,Male,White
1761.jpg,20-29,Female,Others
1762.jpg,3-9,Male,White
1763.jpg,20-29,Male,White
1764.jpg,0-2,Female,White
1765.jpg,30-39,Female,White
1766.jpg,20-29,Male,White
1767.jpg,20-29,Female,Black
1768.jpg,20-29,Female,White
1769.jpg,30-39,Male,Black
177.jpg,20-29,Male,Others
1770.jpg,20-29,Male,Black
1771.jpg,30-39,Female,Indian
1772.jpg,50-59,Male,Indian
1773.jpg,30-39,Male,Indian
1774.jpg,20-29,Male,Indian
1775.jpg,30-39,Female,White
1776.jpg,20-29,Male,Others
1777.jpg,20-29,Male,White
1778.jpg,30-39,Female,White
1779.jpg,20-29,Male,White
178.jpg,3-9,Male,Others
1780.jpg,20-29,Female,White
1781.jpg,30-39,Female,Asian
1782.jpg,30-39,Female,Black
1783.jpg,30-39,Female,White
1784.jpg,20-29,Male,Black
1785.jpg,30-39,Male,White
1786.jpg,20-29,Female,White
1787.jpg,20-29,Male,White
1788.jpg,10-19,Male,Indian
1789.jpg,30-39,Female,White
179.jpg,0-2,Male,White
1790.jpg,30-39,Male,Others
1791.jpg,30-39,Female,Others
1792.jpg,20-29,Male,Black
1793.jpg,30-39,Female,White
1794.jpg,more than 70,Male,White
1795.jpg,20-29,Male,White
1796.jpg,20-29,Male,Others
1797.jpg,30-39,Female,White
1798.jpg,30-39,Male,Indian
1799.jpg,50-59,Male,Asian
18.jpg,more than 70,Female,Asian
180.jpg,more than 70,Male,Indian
1800.jpg,20-29,Female,Asian
1801.jpg,50-59,Male,Asian
1802.jpg,20-29,Female,White
1803.jpg,20-29,Female,Asian
1804.jpg,30-39,Male,White
1805.jpg,20-29,Male,Others
1806.jpg,20-29,Male,Asian
1807.jpg,30-39,Male,Black
1808.jpg,0-2,Female,Others
1809.jpg,30-39,Female,White
181.jpg,none,none,none
1810.jpg,more than 70,Male,White
1811.jpg,20-29,Female,White
1812.jpg,20-29,Male,Black
1813.jpg,20-29,Male,White
1814.jpg,20-29,Female,Indian
1815.jpg,20-29,Female,White
1816.jpg,30-39,Male,Others
1817.jpg,30-39,Male,Indian
1818.jpg,20-29,Female,Asian
1819.jpg,more than 70,Male,White
182.jpg,30-39,Male,Black
1820.jpg,20-29,Male,Indian
1821.jpg,20-29,Male,Others
1822.jpg,20-29,Male,Indian
1823.jpg,20-29,Male,Black
1824.jpg,20-29,Male,Asian
1825.jpg,50-59,Male,Others
1826.jpg,30-39,Male,White
1827.jpg,3-9,Female,White
1828.jpg,20-29,Male,Others
1829.jpg,40-49,Male,Black
183.jpg,none,none,none
1830.jpg,50-59,Female,White
1831.jpg,20-29,Female,Black
1832.jpg,30-39,Female,Black
1833.jpg,20-29,Male,Asian
1834.jpg,40-49,Male,Others
1835.jpg,20-29,Female,Others
1836.jpg,20-29,Female,White
1837.jpg,40-49,Male,White
1838.jpg,50-59,Male,White
1839.jpg,20-29,Female,White
184.jpg,none,none,none
1840.jpg,30-39,Male,White
1841.jpg,20-29,Male,White
1842.jpg,20-29,Male,Others
1843.jpg,30-39,Female,Black
1844.jpg,40-49,Male,Indian
1845.jpg,20-29,Male,White
1846.jpg,50-59,Male,White
1847.jpg,20-29,Male,White
1848.jpg,30-39,Female,Black
1849.jpg,20-29,Female,Black
185.jpg,20-29,Male,Indian
1850.jpg,20-29,Male,White
1851.jpg,20-29,Female,Indian
1852.jpg,30-39,Male,Black
1853.jpg,30-39,Female,Others
1854.jpg,30-39,Male,Others
1855.jpg,20-29,Female,Black
1856.jpg,20-29,Male,Black
1857.jpg,30-39,Female,White
1858.jpg,30-39,Female,Asian
1859.jpg,30-39,Male,White
186.jpg,30-39,Male,White
1860.jpg,20-29,Female,Indian
1861.jpg,20-29,Male,White
1862.jpg,30-39,Male,Black
1863.jpg,20-29,Female,Others
1864.jpg,20-29,Female,Black
1865.jpg,20-29,Female,White
1866.jpg,more than 70,Female,Others
1867.jpg,0-2,Female,Indian
1868.jpg,30-39,Female,Asian
1869.jpg,30-39,Male,Others
187.jpg,30-39,Male,Others
1870.jpg,20-29,Male,Others
1871.jpg,30-39,Male,Others
1872.jpg,30-39,Male,Black
1873.jpg,none,none,none
1874.jpg,30-39,Male,White
1875.jpg,20-29,Male,White
1876.jpg,10-19,Female,White
1877.jpg,3-9,Male,Others
1878.jpg,20-29,Male,Black
1879.jpg,30-39,Female,White
188.jpg,none,none,none
1880.jpg,20-29,Male,White
1881.jpg,20-29,Female,Indian
1882.jpg,3-9,Male,Indian
1883.jpg,20-29,Male,White
1884.jpg,0-2,Female,Asian
1885.jpg,20-29,Male,White
1886.jpg,20-29,Female,White
1887.jpg,20-29,Male,Indian
1888.jpg,20-29,Female,Indian
1889.jpg,30-39,Female,White
189.jpg,20-29,Female,White
1890.jpg,more than 70,Female,White
1891.jpg,30-39,Female,Indian
1892.jpg,30-39,Male,Black
1893.jpg,10-19,Female,Black
1894.jpg,20-29,Male,Indian
1895.jpg,20-29,Female,White
1896.jpg,10-19,Male,White
1897.jpg,20-29,Male,White
1898.jpg,30-39,Male,Indian
1899.jpg,30-39,Female,White
19.jpg,30-39,Male,Indian
190.jpg,20-29,Male,White
1900.jpg,none,none,none
1901.jpg,30-39,Male,Others
1902.jpg,30-39,Male,Others
1903.jpg,30-39,Male,Others
1904.jpg,30-39,Male,White
1905.jpg,0-2,Male,White
1906.jpg,20-29,Female,Indian
1907.jpg,none,none,none
1908.jpg,30-39,Male,White
1909.jpg,30-39,Female,White
191.jpg,30-39,Male,Others
1910.jpg,20-29,Female,White
1911.jpg,20-29,Female,White
1912.jpg,30-39,Male,Black
1913.jpg,more than 70,Female,White
1914.jpg,20-29,Male,White
1915.jpg,20-29,Male,Black
1916.jpg,0-2,Male,Indian
1917.jpg,30-39,Male,White
1918.jpg,0-2,Female,Others
1919.jpg,30-39,Male,White
192.jpg,30-39,Male,Others
1920.jpg,30-39,Female,White
1921.jpg,3-9,Female,Indian
1922.jpg,30-39,Male,Indian
1923.jpg,3-9,Female,Black
1924.jpg,none,none,none
1925.jpg,none,none,none
1926.jpg,30-39,Female,Others
1927.jpg,30-39,Female,White
1928.jpg,20-29,Female,Others
1929.jpg,none,none,none
193.jpg,20-29,Female,Others
1930.jpg,20-29,Male,Asian
1931.jpg,30-39,Male,Others
1932.jpg,20-29,Female,White
1933.jpg,20-29,Female,Others
1934.jpg,0-2,Male,White
1935.jpg,20-29,Female,Black
1936.jpg,30-39,Female,White
1937.jpg,30-39,Female,White
1938.jpg,30-39,Male,White
1939.jpg,30-39,Female,White
194.jpg,none,none,none
1940.jpg,20-29,Female,White
1941.jpg,20-29,Male,Indian
1942.jpg,30-39,Male,White
1943.jpg,30-39,Female,White
1944.jpg,30-39,Female,White
1945.jpg,20-29,Male,White
1946.jpg,20-29,Male,Others
1947.jpg,60-69,Female,White
1948.jpg,20-29,Female,White
1949.jpg,0-2,Female,White
195.jpg,30-39,Female,Others
1950.jpg,20-29,Male,Black
1951.jpg,20-29,Male,White
1952.jpg,20-29,Male,Others
1953.jpg,50-59,Male,White
1954.jpg,30-39,Female,Black
1955.jpg,30-39,Male,White
1956.jpg,40-49,Female,Asian
1957.jpg,30-39,Male,Indian
1958.jpg,20-29,Male,White
1959.jpg,30-39,Male,White
196.jpg,none,none,none
1960.jpg,30-39,Male,White
1961.jpg,30-39,Female,Indian
1962.jpg,20-29,Male,White
1963.jpg,50-59,Male,Indian
1964.jpg,50-59,Male,Asian
1965.jpg,20-29,Female,White
1966.jpg,20-29,Female,Indian
1967.jpg,20-29,Female,White
1968.jpg,30-39,Male,Black
1969.jpg,20-29,Female,White
197.jpg,none,none,none
1970.jpg,30-39,Male,Indian
1971.jpg,20-29,Male,Black
1972.jpg,20-29,Male,Others
1973.jpg,20-29,Female,Indian
1974.jpg,20-29,Female,Indian
1975.jpg,30-39,Female,Asian
1976.jpg,30-39,Female,Others
1977.jpg,none,none,none
1978.jpg,30-39,Male,White
1979.jpg,40-49,Female,White
198.jpg,30-39,Male,Indian
1980.jpg,10-19,Female,Indian
1981.jpg,20-29,Male,White
1982.jpg,20-29,Female,Indian
1983.jpg,20-29,Female,Others
1984.jpg,20-29,Female,Asian
1985.jpg,20-29,Female,White
1986.jpg,30-39,Male,White
1987.jpg,50-59,Female,Asian
1988.jpg,more than 70,Male,Indian
1989.jpg,30-39,Male,White
199.jpg,none,none,none
1990.jpg,20-29,Female,White
1991.jpg,20-29,Female,White
1992.jpg,20-29,Female,Others
1993.jpg,20-29,Male,White
1994.jpg,20-29,Female,Others
1995.jpg,20-29,Male,Indian
1996.jpg,20-29,Female,Black
1997.jpg,20-29,Male,White
1998.jpg,30-39,Male,White
1999.jpg,20-29,Female,Indian
2.jpg,20-29,Male,Indian
20.jpg,20-29,Male,Others
200.jpg,30-39,Female,White
2000.jpg,30-39,Female,White
2001.jpg,30-39,Female,White
2002.jpg,20-29,Male,White
2003.jpg,30-39,Female,Black
2004.jpg,20-29,Female,Indian
2005.jpg,30-39,Male,Indian
2006.jpg,20-29,Female,Black
2007.jpg,40-49,Male,Black
2008.jpg,30-39,Male,White
2009.jpg,30-39,Male,Indian
201.jpg,20-29,Male,Indian
2010.jpg,20-29,Female,Others
2011.jpg,40-49,Male,White
2012.jpg,3-9,Female,Indian
2013.jpg,20-29,Male,White
2014.jpg,0-2,Male,Indian
2015.jpg,30-39,Male,White
2016.jpg,30-39,Male,White
2017.jpg,30-39,Male,Indian
2018.jpg,30-39,Female,White
2019.jpg,0-2,Male,Indian
202.jpg,30-39,Male,Asian
2020.jpg,0-2,Male,Black
2021.jpg,20-29,Female,White
2022.jpg,20-29,Male,Indian
2023.jpg,40-49,Male,White
2024.jpg,20-29,Male,White
2025.jpg,10-19,Male,White
2026.jpg,none,none,none
2027.jpg,30-39,Male,Others
2028.jpg,30-39,Female,Indian
2029.jpg,30-39,Male,White
203.jpg,20-29,Female,Asian
2030.jpg,3-9,Male,Indian
2031.jpg,50-59,Female,Indian
2032.jpg,more than 70,Male,Black
2033.jpg,more than 70,Male,White
2034.jpg,30-39,Male,White
2035.jpg,20-29,Male,Black
2036.jpg,30-39,Male,Indian
2037.jpg,30-39,Male,White
2038.jpg,30-39,Male,Asian
2039.jpg,30-39,Female,White
204.jpg,30-39,Female,White
2040.jpg,30-39,Male,White
2041.jpg,50-59,Male,White
2042.jpg,20-29,Male,Indian
2043.jpg,0-2,Male,Others
2044.jpg,3-9,Male,White
2045.jpg,20-29,Male,Others
2046.jpg,20-29,Female,Indian
2047.jpg,30-39,Male,Others
2048.jpg,30-39,Male,White
2049.jpg,30-39,Male,Indian
205.jpg,30-39,Male,White
2050.jpg,20-29,Female,Black
2051.jpg,20-29,Female,White
2052.jpg,20-29,Male,Indian
2053.jpg,30-39,Female,Indian
2054.jpg,3-9,Male,White
2055.jpg,20-29,Male,Black
2056.jpg,20-29,Male,White
2057.jpg,30-39,Male,Black
2058.jpg,10-19,Male,Black
2059.jpg,30-39,Male,White
206.jpg,30-39,Female,Others
2060.jpg,20-29,Female,White
2061.jpg,20-29,Male,Black
2062.jpg,30-39,Male,Indian
2063.jpg,30-39,Male,Others
2064.jpg,30-39,Male,Asian
2065.jpg,20-29,Male,Indian
2066.jpg,20-29,Male,Indian
2067.jpg,30-39,Female,White
2068.jpg,30-39,Male,Asian
2069.jpg,20-29,Male,White
207.jpg,20-29,Female,White
2070.jpg,more than 70,Male,White
2071.jpg,20-29,Male,White
2072.jpg,20-29,Female,White
2073.jpg,30-39,Male,Indian
2074.jpg,20-29,Male,White
2075.jpg,20-29,Female,Indian
2076.jpg,20-29,Male,Black
2077.jpg,20-29,Female,White
2078.jpg,20-29,Male,White
2079.jpg,none,none,none
208.jpg,30-39,Male,Others
2080.jpg,20-29,Female,White
2081.jpg,30-39,Female,Indian
2082.jpg,20-29,Female,White
2083.jpg,20-29,Female,White
2084.jpg,30-39,Male,Asian
2085.jpg,20-29,Female,White
2086.jpg,20-29,Female,Black
2087.jpg,none,none,none
2088.jpg,20-29,Male,Others
2089.jpg,0-2,Male,Black
209.jpg,0-2,Female,Others
2090.jpg,none,none,none
2091.jpg,none,none,none
2092.jpg,20-29,Male,Indian
2093.jpg,more than 70,Female,Indian
2094.jpg,0-2,Female,White
2095.jpg,20-29,Female,Indian
2096.jpg,30-39,Male,White
2097.jpg,20-29,Male,Black
2098.jpg,20-29,Female,White
2099.jpg,30-39,Male,White
21.jpg,30-39,Male,Indian
210.jpg,20-29,Female,Asian
2100.jpg,0-2,Male,Others
2101.jpg,30-39,Male,Indian
2102.jpg,30-39,Female,White
2103.jpg,20-29,Female,White
2104.jpg,30-39,Male,Indian
2105.jpg,0-2,Female,White
2106.jpg,20-29,Female,Black
2107.jpg,20-29,Female,White
2108.jpg,20-29,Male,White
2109.jpg,20-29,Female,Black
211.jpg,30-39,Male,White
2110.jpg,20-29,Female,Indian
2111.jpg,20-29,Female,White
2112.jpg,3-9,Male,Asian
2113.jpg,20-29,Male,White
2114.jpg,40-49,Female,White
2115.jpg,30-39,Female,White
2116.jpg,20-29,Female,Asian
2117.jpg,20-29,Female,Asian
2118.jpg,30-39,Male,Others
2119.jpg,30-39,Female,White
212.jpg,50-59,Female,Others
2120.jpg,20-29,Male,Black
2121.jpg,30-39,Female,Others
2122.jpg,20-29,Female,White
2123.jpg,20-29,Male,White
2124.jpg,40-49,Male,White
2125.jpg,30-39,Female,White
2126.jpg,30-39,Male,White
2127.jpg,more than 70,Male,White
2128.jpg,20-29,Male,White
2129.jpg,20-29,Female,Indian
213.jpg,20-29,Male,Others
2130.jpg,60-69,Male,Asian
2131.jpg,20-29,Male,White
2132.jpg,20-29,Female,Indian
2133.jpg,20-29,Male,White
2134.jpg,20-29,Female,Others
2135.jpg,20-29,Male,White
2136.jpg,30-39,Female,Others
2137.jpg,30-39,Male,Black
2138.jpg,0-2,Male,White
2139.jpg,30-39,Female,Black
214.jpg,50-59,Female,Others
2140.jpg,30-39,Male,Indian
2141.jpg,20-29,Male,Black
2142.jpg,20-29,Female,Asian
2143.jpg,20-29,Male,White
2144.jpg,none,none,none
2145.jpg,30-39,Female,White
2146.jpg,30-39,Male,White
2147.jpg,20-29,Male,Black
2148.jpg,30-39,Female,White
2149.jpg,30-39,Male,White
215.jpg,none,none,none
2150.jpg,30-39,Male,White
2151.jpg,30-39,Female,White
2152.jpg,30-39,Male,White
2153.jpg,20-29,Male,Others
2154.jpg,20-29,Male,White
2155.jpg,0-2,Male,Indian
2156.jpg,20-29,Female,White
2157.jpg,30-39,Male,Asian
2158.jpg,40-49,Male,White
2159.jpg,20-29,Male,White
216.jpg,none,none,none
2160.jpg,40-49,Male,Indian
2161.jpg,20-29,Female,Black
2162.jpg,20-29,Male,Indian
2163.jpg,20-29,Male,White
2164.jpg,3-9,Male,White
2165.jpg,20-29,Female,Asian
2166.jpg,30-39,Female,Others
2167.jpg,20-29,Female,Asian
2168.jpg,20-29,Female,Indian
2169.jpg,20-29,Male,White
217.jpg,0-2,Female,Others
2170.jpg,20-29,Male,White
2171.jpg,20-29,Male,Black
2172.jpg,30-39,Male,Indian
2173.jpg,30-39,Female,Black
2174.jpg,20-29,Female,Others
2175.jpg,20-29,Female,Indian
2176.jpg,20-29,Female,White
2177.jpg,40-49,Male,White
2178.jpg,20-29,Male,White
2179.jpg,30-39,Male,White
218.jpg,none,none,none
2180.jpg,30-39,Female,Indian
2181.jpg,20-29,Male,Indian
2182.jpg,20-29,Male,White
2183.jpg,30-39,Female,Others
2184.jpg,more than 70,Male,White
2185.jpg,30-39,Male,Others
2186.jpg,40-49,Male,White
2187.jpg,20-29,Male,Indian
2188.jpg,30-39,Female,Indian
2189.jpg,60-69,Male,White
219.jpg,20-29,Female,Asian
2190.jpg,30-39,Female,Black
2191.jpg,3-9,Female,White
2192.jpg,50-59,Female,Asian
2193.jpg,20-29,Male,White
2194.jpg,20-29,Male,White
2195.jpg,20-29,Female,Asian
2196.jpg,3-9,Female,Black
2197.jpg,3-9,Female,Black
2198.jpg,more than 70,Male,Indian
2199.jpg,30-39,Male,White
22.jpg,0-2,Female,Others
220.jpg,20-29,Male,Indian
2200.jpg,more than 70,Male,White
2201.jpg,30-39,Male,Indian
2202.jpg,0-2,Male,White
2203.jpg,20-29,Male,White
2204.jpg,20-29,Female,Asian
2205.jpg,none,none,none
2206.jpg,20-29,Female,Others
2207.jpg,30-39,Female,White
2208.jpg,3-9,Female,White
2209.jpg,20-29,Female,White
221.jpg,20-29,Male,Indian
2210.jpg,30-39,Male,White
2211.jpg,0-2,Male,Asian
2212.jpg,40-49,Male,White
2213.jpg,none,none,none
2214.jpg,20-29,Female,Black
2215.jpg,30-39,Female,Others
2216.jpg,more than 70,Male,Asian
2217.jpg,60-69,Female,White
2218.jpg,30-39,Female,White
2219.jpg,30-39,Male,Indian
222.jpg,50-59,Female,Indian
2220.jpg,20-29,Male,Asian
2221.jpg,30-39,Female,Others
2222.jpg,none,none,none
2223.jpg,50-59,Male,Others
2224.jpg,20-29,Female,Asian
2225.jpg,30-39,Male,Others
2226.jpg,30-39,Female,White
2227.jpg,30-39,Female,White
2228.jpg,20-29,Male,White
2229.jpg,30-39,Male,Indian
223.jpg,30-39,Male,Indian
2230.jpg,20-29,Female,Others
2231.jpg,3-9,Male,Others
2232.jpg,0-2,Male,Indian
2233.jpg,30-39,Male,White
2234.jpg,20-29,Female,Indian
2235.jpg,30-39,Male,White
2236.jpg,20-29,Male,White
2237.jpg,20-29,Female,White
2238.jpg,20-29,Female,Asian
2239.jpg,more than 70,Female,White
224.jpg,0-2,Female,Others
2240.jpg,50-59,Female,Others
2241.jpg,20-29,Female,White
2242.jpg,20-29,Female,Asian
2243.jpg,20-29,Male,White
2244.jpg,20-29,Female,White
2245.jpg,30-39,Female,White
2246.jpg,20-29,Male,Indian
2247.jpg,30-39,Male,Indian
2248.jpg,20-29,Male,White
2249.jpg,20-29,Female,White
225.jpg,20-29,Male,White
2250.jpg,20-29,Female,White
2251.jpg,50-59,Male,White
2252.jpg,30-39,Male,Others
2253.jpg,50-59,Female,White
2254.jpg,30-39,Female,Indian
2255.jpg,20-29,Male,White
2256.jpg,20-29,Male,White
2257.jpg,20-29,Male,White
2258.jpg,30-39,Male,Black
2259.jpg,20-29,Male,Indian
226.jpg,0-2,Male,White
2260.jpg,20-29,Female,White
2261.jpg,more than 70,Male,Indian
2262.jpg,30-39,Male,Indian
2263.jpg,20-29,Female,Others
2264.jpg,40-49,Male,White
2265.jpg,50-59,Male,White
2266.jpg,20-29,Male,Asian
2267.jpg,30-39,Male,Indian
2268.jpg,30-39,Male,Indian
2269.jpg,30-39,Male,Indian
227.jpg,more than 70,Male,Asian
2270.jpg,10-19,Male,White
2271.jpg,20-29,Male,White
2272.jpg,30-39,Female,Others
2273.jpg,3-9,Male,Black
2274.jpg,20-29,Male,Indian
2275.jpg,20-29,Female,Indian
2276.jpg,20-29,Female,Asian
2277.jpg,50-59,Male,Indian
2278.jpg,20-29,Male,Indian
2279.jpg,20-29,Male,Indian
228.jpg,none,none,none
2280.jpg,20-29,Female,White
2281.jpg,20-29,Female,Indian
2282.jpg,30-39,Male,White
2283.jpg,30-39,Female,White
2284.jpg,20-29,Female,Indian
2285.jpg,40-49,Female,Others
2286.jpg,30-39,Female,White
2287.jpg,20-29,Female,White
2288.jpg,20-29,Female,White
2289.jpg,50-59,Female,White
229.jpg,30-39,Male,Others
2290.jpg,3-9,Female,White
2291.jpg,10-19,Male,White
2292.jpg,20-29,Male,Indian
2293.jpg,20-29,Male,Others
2294.jpg,30-39,Male,White
2295.jpg,30-39,Male,White
2296.jpg,30-39,Male,Black
2297.jpg,60-69,Female,White
2298.jpg,20-29,Female,Black
2299.jpg,50-59,Male,White
23.jpg,20-29,Male,Indian
230.jpg,30-39,Female,White
2300.jpg,30-39,Female,Black
2301.jpg,50-59,Male,White
2302.jpg,20-29,Female,Black
2303.jpg,30-39,Female,Black
2304.jpg,more than 70,Female,White
2305.jpg,30-39,Female,White
2306.jpg,20-29,Female,White
2307.jpg,0-2,Female,White
2308.jpg,30-39,Male,White
2309.jpg,50-59,Male,Indian
231.jpg,none,none,none
2310.jpg,20-29,Female,White
2311.jpg,20-29,Female,White
2312.jpg,20-29,Male,Indian
2313.jpg,20-29,Female,Indian
2314.jpg,50-59,Male,White
2315.jpg,40-49,Male,White
2316.jpg,20-29,Male,Indian
2317.jpg,none,none,none
2318.jpg,50-59,Female,White
2319.jpg,30-39,Male,White
232.jpg,20-29,Female,White
2320.jpg,50-59,Male,White
2321.jpg,0-2,Male,Indian
2322.jpg,30-39,Male,Indian
2323.jpg,20-29,Male,White
2324.jpg,30-39,Male,Others
2325.jpg,20-29,Female,White
2326.jpg,20-29,Male,Indian
2327.jpg,30-39,Male,White
2328.jpg,20-29,Male,White
2329.jpg,20-29,Female,Indian
233.jpg,20-29,Male,Indian
2330.jpg,30-39,Female,Indian
2331.jpg,30-39,Female,White
2332.jpg,30-39,Female,Others
2333.jpg,40-49,Male,Indian
2334.jpg,20-29,Male,White
2335.jpg,30-39,Male,Indian
2336.jpg,3-9,Male,White
2337.jpg,20-29,Male,White
2338.jpg,more than 70,Male,Indian
2339.jpg,0-2,Female,White
234.jpg,30-39,Female,Indian
2340.jpg,30-39,Female,White
2341.jpg,20-29,Male,White
2342.jpg,30-39,Female,White
2343.jpg,20-29,Female,Others
2344.jpg,50-59,Female,Black
2345.jpg,20-29,Male,Asian
2346.jpg,30-39,Male,White
2347.jpg,20-29,Male,White
2348.jpg,20-29,Female,Indian
2349.jpg,20-29,Male,White
235.jpg,3-9,Female,Others
2350.jpg,more than 70,Male,Black
2351.jpg,30-39,Male,Black
2352.jpg,50-59,Male,Indian
2353.jpg,50-59,Male,White
2354.jpg,20-29,Female,White
2355.jpg,30-39,Male,White
2356.jpg,20-29,Female,Indian
2357.jpg,20-29,Male,Indian
2358.jpg,10-19,Female,White
2359.jpg,30-39,Female,Asian
236.jpg,30-39,Male,White
2360.jpg,30-39,Male,White
2361.jpg,more than 70,Female,White
2362.jpg,20-29,Male,White
2363.jpg,0-2,Male,Asian
2364.jpg,20-29,Male,Indian
2365.jpg,30-39,Female,Others
2366.jpg,0-2,Male,White
2367.jpg,20-29,Female,White
2368.jpg,40-49,Female,Black
2369.jpg,20-29,Male,Indian
237.jpg,none,none,none
2370.jpg,50-59,Male,White
2371.jpg,30-39,Female,White
2372.jpg,20-29,Female,Indian
2373.jpg,30-39,Female,Others
2374.jpg,20-29,Female,Others
2375.jpg,30-39,Male,Indian
2376.jpg,20-29,Male,White
2377.jpg,20-29,Male,Indian
2378.jpg,0-2,Male,Others
2379.jpg,20-29,Male,Others
238.jpg,0-2,Female,Others
2380.jpg,20-29,Female,White
2381.jpg,30-39,Male,Indian
2382.jpg,20-29,Female,White
2383.jpg,none,none,none
2384.jpg,20-29,Male,Indian
2385.jpg,30-39,Male,Others
2386.jpg,20-29,Male,Indian
2387.jpg,20-29,Male,Indian
2388.jpg,30-39,Male,White
2389.jpg,30-39,Male,Asian
239.jpg,20-29,Female,Indian
2390.jpg,30-39,Female,Black
2391.jpg,40-49,Male,Others
2392.jpg,20-29,Female,White
2393.jpg,3-9,Female,Indian
2394.jpg,30-39,Female,White
2395.jpg,0-2,Male,White
2396.jpg,more than 70,Female,Asian
2397.jpg,40-49,Male,White
2398.jpg,10-19,Male,White
2399.jpg,30-39,Male,White
24.jpg,40-49,Male,White
240.jpg,30-39,Female,Others
2400.jpg,30-39,Male,Others
2401.jpg,30-39,Male,White
2402.jpg,30-39,Male,White
2403.jpg,20-29,Male,White
2404.jpg,20-29,Female,Asian
2405.jpg,20-29,Female,White
2406.jpg,20-29,Male,Indian
2407.jpg,20-29,Female,White
2408.jpg,20-29,Male,White
2409.jpg,30-39,Female,White
241.jpg,20-29,Female,White
2410.jpg,20-29,Female,Indian
2411.jpg,20-29,Female,Indian
2412.jpg,40-49,Male,White
2413.jpg,30-39,Male,Black
2414.jpg,30-39,Female,Asian
2415.jpg,40-49,Male,Indian
2416.jpg,0-2,Female,White
2417.jpg,20-29,Female,White
2418.jpg,20-29,Female,Black
2419.jpg,20-29,Female,Others
242.jpg,30-39,Male,Indian
2420.jpg,20-29,Male,Indian
2421.jpg,none,none,none
2422.jpg,20-29,Male,White
2423.jpg,20-29,Male,White
2424.jpg,30-39,Male,Others
2425.jpg,40-49,Female,White
2426.jpg,0-2,Female,Others
2427.jpg,30-39,Male,Black
2428.jpg,30-39,Male,Others
2429.jpg,50-59,Male,White
243.jpg,10-19,Male,White
2430.jpg,more than 70,Male,Black
2431.jpg,more than 70,Female,Indian
2432.jpg,30-39,Female,White
2433.jpg,20-29,Female,Indian
2434.jpg,20-29,Female,White
2435.jpg,20-29,Male,Asian
2436.jpg,20-29,Female,White
2437.jpg,50-59,Male,Others
2438.jpg,40-49,Male,Asian
2439.jpg,30-39,Male,White
244.jpg,none,none,none
2440.jpg,30-39,Female,White
2441.jpg,30-39,Female,White
2442.jpg,20-29,Female,White
2443.jpg,20-29,Male,Others
2444.jpg,20-29,Male,Others
2445.jpg,40-49,Female,Asian
2446.jpg,30-39,Female,White
2447.jpg,20-29,Male,White
2448.jpg,20-29,Female,White
2449.jpg,20-29,Male,Asian
245.jpg,20-29,Male,White
2450.jpg,50-59,Male,White
2451.jpg,30-39,Male,Indian
2452.jpg,10-19,Female,Black
2453.jpg,30-39,Female,White
2454.jpg,more than 70,Female,White
2455.jpg,more than 70,Male,White
2456.jpg,20-29,Female,White
2457.jpg,20-29,Male,Indian
2458.jpg,20-29,Female,White
2459.jpg,20-29,Female,Others
246.jpg,20-29,Male,Others
2460.jpg,none,none,none
2461.jpg,30-39,Male,White
2462.jpg,30-39,Female,Indian
2463.jpg,30-39,Male,White
2464.jpg,0-2,Male,Others
2465.jpg,20-29,Female,White
2466.jpg,20-29,Female,White
2467.jpg,30-39,Female,White
2468.jpg,20-29,Female,Others
2469.jpg,20-29,Female,Indian
247.jpg,none,none,none
2470.jpg,20-29,Female,Black
2471.jpg,20-29,Female,Black
2472.jpg,20-29,Male,White
2473.jpg,20-29,Female,White
2474.jpg,20-29,Female,White
2475.jpg,0-2,Female,Asian
2476.jpg,20-29,Female,Others
2477.jpg,20-29,Female,Indian
2478.jpg,20-29,Female,White
2479.jpg,30-39,Male,Asian
248.jpg,20-29,Female,White
2480.jpg,30-39,Male,Indian
2481.jpg,20-29,Male,White
2482.jpg,50-59,Male,Indian
2483.jpg,50-59,Male,Others
2484.jpg,more than 70,Male,Indian
2485.jpg,20-29,Male,White
2486.jpg,more than 70,Female,Indian
2487.jpg,20-29,Female,Indian
2488.jpg,30-39,Male,White
2489.jpg,30-39,Male,White
249.jpg,20-29,Male,Others
2490.jpg,20-29,Male,White
2491.jpg,50-59,Female,White
2492.jpg,20-29,Male,White
2493.jpg,10-19,Male,White
2494.jpg,30-39,Female,White
2495.jpg,10-19,Male,White
2496.jpg,40-49,Female,Asian
2497.jpg,30-39,Female,White
2498.jpg,none,none,none
2499.jpg,0-2,Female,White
25.jpg,20-29,Male,Indian
250.jpg,20-29,Male,White
2500.jpg,50-59,Male,White
2501.jpg,30-39,Female,Asian
2502.jpg,20-29,Female,White
2503.jpg,20-29,Female,Others
2504.jpg,more than 70,Female,White
2505.jpg,20-29,Male,Indian
2506.jpg,40-49,Male,Black
2507.jpg,3-9,Male,White
2508.jpg,40-49,Female,White
2509.jpg,30-39,Male,White
251.jpg,20-29,Male,Others
2510.jpg,20-29,Male,Others
2511.jpg,20-29,Female,Asian
2512.jpg,20-29,Male,Indian
2513.jpg,20-29,Female,Indian
2514.jpg,30-39,Female,Others
2515.jpg,20-29,Male,Others
2516.jpg,more than 70,Female,White
2517.jpg,20-29,Male,White
2518.jpg,30-39,Female,Asian
2519.jpg,50-59,Male,Black
252.jpg,none,none,none
2520.jpg,30-39,Male,Indian
2521.jpg,more than 70,Male,White
2522.jpg,30-39,Female,White
2523.jpg,50-59,Male,Indian
2524.jpg,20-29,Male,White
2525.jpg,20-29,Female,White
2526.jpg,30-39,Female,Asian
2527.jpg,20-29,Male,Black
2528.jpg,30-39,Female,Indian
2529.jpg,0-2,Male,Indian
253.jpg,30-39,Male,Indian
2530.jpg,60-69,Female,White
2531.jpg,0-2,Male,White
2532.jpg,20-29,Male,Indian
2533.jpg,30-39,Female,Indian
2534.jpg,50-59,Male,Black
2535.jpg,30-39,Male,Black
2536.jpg,20-29,Female,White
2537.jpg,3-9,Male,Others
2538.jpg,30-39,Female,Asian
2539.jpg,30-39,Female,White
254.jpg,20-29,Male,Others
2540.jpg,3-9,Female,White
2541.jpg,20-29,Male,Asian
2542.jpg,20-29,Female,White
2543.jpg,20-29,Male,Indian
2544.jpg,30-39,Male,White
2545.jpg,20-29,Male,White
2546.jpg,20-29,Female,Indian
2547.jpg,30-39,Male,Indian
2548.jpg,20-29,Female,Indian
2549.jpg,30-39,Female,Others
255.jpg,20-29,Male,Indian
2550.jpg,none,none,none
2551.jpg,none,none,none
2552.jpg,none,none,none
2553.jpg,30-39,Female,Indian
2554.jpg,20-29,Female,White
2555.jpg,30-39,Female,Asian
2556.jpg,10-19,Female,Indian
2557.jpg,20-29,Female,White
2558.jpg,0-2,Male,White
2559.jpg,more than 70,Female,Indian
256.jpg,20-29,Male,White
2560.jpg,30-39,Male,White
2561.jpg,10-19,Male,Asian
2562.jpg,50-59,Male,White
2563.jpg,20-29,Male,Others
2564.jpg,20-29,Male,White
2565.jpg,20-29,Female,White
2566.jpg,20-29,Male,White
2567.jpg,30-39,Male,White
2568.jpg,more than 70,Male,White
2569.jpg,30-39,Male,White
257.jpg,none,none,none
2570.jpg,50-59,Male,Indian
2571.jpg,30-39,Male,White
2572.jpg,20-29,Male,Black
2573.jpg,30-39,Female,Indian
2574.jpg,20-29,Male,White
2575.jpg,20-29,Male,Indian
2576.jpg,0-2,Male,Others
2577.jpg,30-39,Female,Others
2578.jpg,40-49,Male,White
2579.jpg,30-39,Male,White
258.jpg,10-19,Male,Black
2580.jpg,20-29,Male,Others
2581.jpg,20-29,Male,White
2582.jpg,20-29,Male,White
2583.jpg,10-19,Female,White
2584.jpg,30-39,Female,White
2585.jpg,20-29,Male,White
2586.jpg,30-39,Male,Indian
2587.jpg,20-29,Female,White
2588.jpg,20-29,Male,Indian
2589.jpg,20-29,Female,White
259.jpg,20-29,Male,White
2590.jpg,20-29,Male,Black
2591.jpg,30-39,Female,Indian
2592.jpg,50-59,Female,Indian
2593.jpg,30-39,Male,Indian
2594.jpg,50-59,Male,White
2595.jpg,30-39,Male,Indian
2596.jpg,30-39,Male,White
2597.jpg,30-39,Male,White
2598.jpg,20-29,Male,White
2599.jpg,20-29,Female,White
26.jpg,30-39,Male,Black
260.jpg,0-2,Male,Indian
2600.jpg,20-29,Female,White
2601.jpg,20-29,Male,Others
2602.jpg,30-39,Male,White
2603.jpg,30-39,Male,Indian
2604.jpg,20-29,Female,White
2605.jpg,30-39,Male,Others
2606.jpg,20-29,Female,Indian
2607.jpg,30-39,Female,Indian
2608.jpg,20-29,Male,Black
2609.jpg,40-49,Male,Black
261.jpg,20-29,Female,White
2610.jpg,30-39,Male,Black
2611.jpg,none,none,none
2612.jpg,20-29,Female,Black
2613.jpg,20-29,Female,White
2614.jpg,20-29,Male,White
2615.jpg,20-29,Male,Black
2616.jpg,30-39,Female,White
2617.jpg,20-29,Female,White
2618.jpg,50-59,Female,White
2619.jpg,none,none,none
262.jpg,3-9,Male,Others
2620.jpg,20-29,Male,Others
2621.jpg,20-29,Male,White
2622.jpg,20-29,Female,White
2623.jpg,30-39,Male,White
2624.jpg,20-29,Male,Indian
2625.jpg,0-2,Female,White
2626.jpg,30-39,Female,Others
2627.jpg,20-29,Male,White
2628.jpg,30-39,Female,Others
2629.jpg,20-29,Female,Indian
263.jpg,none,none,none
2630.jpg,40-49,Male,Indian
2631.jpg,20-29,Male,White
2632.jpg,20-29,Male,White
2633.jpg,20-29,Male,White
2634.jpg,30-39,Female,Black
2635.jpg,20-29,Female,White
2636.jpg,20-29,Male,Black
2637.jpg,0-2,Female,White
2638.jpg,20-29,Female,Black
2639.jpg,20-29,Male,White
264.jpg,none,none,none
2640.jpg,30-39,Male,White
2641.jpg,20-29,Male,Black
2642.jpg,0-2,Female,Asian
2643.jpg,30-39,Female,Indian
2644.jpg,40-49,Male,White
2645.jpg,30-39,Male,Indian
2646.jpg,20-29,Male,Asian
2647.jpg,3-9,Male,Black
2648.jpg,20-29,Female,Indian
2649.jpg,30-39,Male,White
265.jpg,20-29,Male,Indian
2650.jpg,20-29,Male,Others
2651.jpg,20-29,Male,White
2652.jpg,20-29,Female,Asian
2653.jpg,20-29,Male,White
2654.jpg,30-39,Female,Others
2655.jpg,30-39,Female,Asian
2656.jpg,30-39,Male,Indian
2657.jpg,50-59,Male,White
2658.jpg,20-29,Female,Others
2659.jpg,50-59,Male,Black
266.jpg,30-39,Female,Others
2660.jpg,more than 70,Male,White
2661.jpg,20-29,Male,White
2662.jpg,more than 70,Male,White
2663.jpg,20-29,Male,White
2664.jpg,0-2,Female,Others
2665.jpg,0-2,Female,White
2666.jpg,30-39,Female,White
2667.jpg,20-29,Female,White
2668.jpg,20-29,Female,Asian
2669.jpg,30-39,Female,White
267.jpg,30-39,Female,Others
2670.jpg,20-29,Female,White
2671.jpg,20-29,Male,Indian
2672.jpg,none,none,none
2673.jpg,20-29,Female,Indian
2674.jpg,30-39,Male,White
2675.jpg,none,none,none
2676.jpg,20-29,Female,White
2677.jpg,20-29,Male,Black
2678.jpg,3-9,Male,White
2679.jpg,20-29,Male,White
268.jpg,20-29,Male,Asian
2680.jpg,30-39,Female,White
2681.jpg,50-59,Male,White
2682.jpg,50-59,Male,Indian
2683.jpg,50-59,Female,Indian
2684.jpg,30-39,Female,Indian
2685.jpg,40-49,Female,White
2686.jpg,30-39,Male,Indian
2687.jpg,30-39,Female,White
2688.jpg,30-39,Male,White
2689.jpg,30-39,Male,White
269.jpg,30-39,Female,Others
2690.jpg,0-2,Female,White
2691.jpg,none,none,none
2692.jpg,20-29,Female,Asian
2693.jpg,30-39,Male,Black
2694.jpg,30-39,Female,Black
2695.jpg,20-29,Male,White
2696.jpg,50-59,Male,Asian
2697.jpg,20-29,Male,Black
2698.jpg,20-29,Male,Asian
2699.jpg,50-59,Female,Asian
27.jpg,20-29,Female,White
270.jpg,20-29,Male,White
2700.jpg,20-29,Male,Others
2701.jpg,10-19,Female,Others
2702.jpg,20-29,Female,Asian
2703.jpg,20-29,Male,Others
2704.jpg,30-39,Female,White
2705.jpg,20-29,Male,White
2706.jpg,30-39,Male,White
2707.jpg,30-39,Female,White
2708.jpg,50-59,Female,Indian
2709.jpg,20-29,Female,White
271.jpg,30-39,Male,Indian
2710.jpg,30-39,Male,White
2711.jpg,50-59,Male,Asian
2712.jpg,10-19,Male,White
2713.jpg,none,none,none
2714.jpg,20-29,Male,White
2715.jpg,20-29,Male,White
2716.jpg,more than 70,Male,White
2717.jpg,20-29,Male,Others
2718.jpg,50-59,Male,White
2719.jpg,30-39,Female,White
272.jpg,none,none,none
2720.jpg,20-29,Male,White
2721.jpg,none,none,none
2722.jpg,20-29,Male,White
2723.jpg,20-29,Male,Black
2724.jpg,20-29,Male,White
2725.jpg,0-2,Male,Indian
2726.jpg,20-29,Male,White
2727.jpg,20-29,Male,Indian
2728.jpg,20-29,Male,Indian
2729.jpg,30-39,Male,White
273.jpg,30-39,Male,Others
2730.jpg,20-29,Male,Asian
2731.jpg,20-29,Female,Others
2732.jpg,30-39,Male,Asian
2733.jpg,20-29,Female,White
2734.jpg,20-29,Male,White
2735.jpg,30-39,Female,Others
2736.jpg,20-29,Female,Others
2737.jpg,3-9,Female,White
2738.jpg,0-2,Male,Black
2739.jpg,20-29,Female,Others
274.jpg,more than 70,Male,Indian
2740.jpg,20-29,Male,White
2741.jpg,40-49,Male,Asian
2742.jpg,30-39,Female,Black
2743.jpg,50-59,Female,Others
2744.jpg,3-9,Male,Black
2745.jpg,30-39,Female,Asian
2746.jpg,20-29,Male,Indian
2747.jpg,20-29,Male,White
2748.jpg,20-29,Male,White
2749.jpg,20-29,Male,White
275.jpg,20-29,Male,White
2750.jpg,50-59,Female,White
2751.jpg,30-39,Male,Indian
2752.jpg,0-2,Male,White
2753.jpg,30-39,Male,White
2754.jpg,40-49,Male,White
2755.jpg,0-2,Female,White
2756.jpg,more than 70,Male,White
2757.jpg,50-59,Male,White
2758.jpg,0-2,Male,Black
2759.jpg,20-29,Male,White
276.jpg,10-19,Male,Indian
2760.jpg,3-9,Female,Indian
2761.jpg,20-29,Male,White
2762.jpg,30-39,Female,Others
2763.jpg,20-29,Female,Indian
2764.jpg,20-29,Female,Indian
2765.jpg,3-9,Male,Indian
2766.jpg,20-29,Male,White
2767.jpg,20-29,Female,White
2768.jpg,20-29,Male,White
2769.jpg,20-29,Female,White
277.jpg,none,none,none
2770.jpg,50-59,Male,Black
2771.jpg,20-29,Male,Others
2772.jpg,3-9,Male,White
2773.jpg,20-29,Female,White
2774.jpg,20-29,Male,Black
2775.jpg,30-39,Male,White
2776.jpg,3-9,Female,Indian
2777.jpg,20-29,Female,Black
2778.jpg,20-29,Female,Asian
2779.jpg,20-29,Male,White
278.jpg,20-29,Female,Indian
2780.jpg,20-29,Female,Black
2781.jpg,30-39,Female,Indian
2782.jpg,0-2,Male,White
2783.jpg,30-39,Male,White
2784.jpg,0-2,Male,Black
2785.jpg,20-29,Male,White
2786.jpg,50-59,Male,White
2787.jpg,20-29,Male,Others
2788.jpg,40-49,Male,White
2789.jpg,0-2,Female,Indian
279.jpg,10-19,Male,Others
2790.jpg,20-29,Male,Indian
2791.jpg,30-39,Female,White
2792.jpg,30-39,Female,Others
2793.jpg,30-39,Male,Indian
2794.jpg,20-29,Female,White
2795.jpg,50-59,Male,White
2796.jpg,30-39,Male,Black
2797.jpg,3-9,Female,White
2798.jpg,20-29,Male,White
2799.jpg,50-59,Male,White
28.jpg,20-29,Female,Asian
280.jpg,20-29,Male,Indian
2800.jpg,20-29,Male,White
2801.jpg,40-49,Male,White
2802.jpg,30-39,Male,White
2803.jpg,0-2,Male,Indian
2804.jpg,20-29,Male,Indian
2805.jpg,30-39,Female,White
2806.jpg,20-29,Male,Indian
2807.jpg,3-9,Female,White
2808.jpg,50-59,Female,White
2809.jpg,30-39,Male,Indian
281.jpg,20-29,Female,White
2810.jpg,0-2,Female,Asian
2811.jpg,50-59,Male,Black
2812.jpg,40-49,Male,White
2813.jpg,more than 70,Female,Others
2814.jpg,20-29,Female,White
2815.jpg,30-39,Male,Indian
2816.jpg,20-29,Female,Others
2817.jpg,20-29,Female,Indian
2818.jpg,50-59,Female,Others
2819.jpg,20-29,Male,White
282.jpg,30-39,Male,White
2820.jpg,30-39,Female,White
2821.jpg,none,none,none
2822.jpg,20-29,Female,White
2823.jpg,20-29,Male,White
2824.jpg,20-29,Male,Black
2825.jpg,20-29,Female,Others
2826.jpg,40-49,Male,White
2827.jpg,20-29,Female,Asian
2828.jpg,20-29,Male,White
2829.jpg,30-39,Male,Others
283.jpg,0-2,Female,White
2830.jpg,more than 70,Male,White
2831.jpg,50-59,Male,White
2832.jpg,30-39,Male,White
2833.jpg,30-39,Male,White
2834.jpg,30-39,Female,White
2835.jpg,20-29,Male,Asian
2836.jpg,30-39,Male,Indian
2837.jpg,30-39,Female,Asian
2838.jpg,20-29,Male,Others
2839.jpg,50-59,Female,White
284.jpg,3-9,Male,Indian
2840.jpg,20-29,Female,Black
2841.jpg,50-59,Female,Indian
2842.jpg,20-29,Male,Indian
2843.jpg,50-59,Male,White
2844.jpg,30-39,Female,White
2845.jpg,30-39,Female,White
2846.jpg,20-29,Female,Black
2847.jpg,30-39,Male,Indian
2848.jpg,20-29,Male,White
2849.jpg,more than 70,Male,White
285.jpg,20-29,Male,Black
2850.jpg,20-29,Male,Indian
2851.jpg,50-59,Male,White
2852.jpg,more than 70,Female,Black
2853.jpg,3-9,Female,White
2854.jpg,none,none,none
2855.jpg,0-2,Male,Asian
2856.jpg,20-29,Male,White
2857.jpg,30-39,Male,White
2858.jpg,40-49,Male,White
2859.jpg,20-29,Male,Asian
286.jpg,none,none,none
2860.jpg,none,none,none
2861.jpg,20-29,Male,Others
2862.jpg,60-69,Female,White
2863.jpg,none,none,none
2864.jpg,30-39,Female,Others
2865.jpg,20-29,Female,Asian
2866.jpg,20-29,Male,White
2867.jpg,20-29,Female,White
2868.jpg,20-29,Male,White
2869.jpg,10-19,Male,White
287.jpg,30-39,Male,Indian
2870.jpg,30-39,Male,Others
2871.jpg,10-19,Female,White
2872.jpg,30-39,Male,Others
2873.jpg,20-29,Male,White
2874.jpg,50-59,Male,White
2875.jpg,0-2,Male,Indian
2876.jpg,0-2,Female,White
2877.jpg,50-59,Female,Others
2878.jpg,30-39,Male,Asian
2879.jpg,none,none,none
288.jpg,none,none,none
2880.jpg,50-59,Male,White
2881.jpg,30-39,Female,White
2882.jpg,30-39,Female,Indian
2883.jpg,20-29,Female,Indian
2884.jpg,0-2,Female,Asian
2885.jpg,20-29,Male,White
2886.jpg,20-29,Male,White
2887.jpg,20-29,Female,White
2888.jpg,20-29,Male,Others
2889.jpg,50-59,Female,Indian
289.jpg,50-59,Male,Others
2890.jpg,30-39,Male,White
2891.jpg,20-29,Male,White
2892.jpg,30-39,Female,White
2893.jpg,20-29,Male,White
2894.jpg,none,none,none
2895.jpg,3-9,Female,White
2896.jpg,20-29,Female,Indian
2897.jpg,20-29,Male,Others
2898.jpg,none,none,none
2899.jpg,30-39,Male,White
29.jpg,20-29,Female,Asian
290.jpg,20-29,Male,White
2900.jpg,20-29,Male,White
2901.jpg,0-2,Female,White
2902.jpg,20-29,Male,White
2903.jpg,20-29,Female,White
2904.jpg,10-19,Male,White
2905.jpg,20-29,Female,Indian
2906.jpg,50-59,Female,Asian
2907.jpg,20-29,Female,Others
2908.jpg,50-59,Male,White
2909.jpg,30-39,Male,Indian
291.jpg,50-59,Female,White
2910.jpg,20-29,Female,White
2911.jpg,20-29,Male,White
2912.jpg,20-29,Female,Asian
2913.jpg,60-69,Male,White
2914.jpg,0-2,Male,Others
2915.jpg,20-29,Female,Indian
2916.jpg,20-29,Male,White
2917.jpg,20-29,Female,Others
2918.jpg,none,none,none
2919.jpg,10-19,Female,Black
292.jpg,20-29,Male,White
2920.jpg,20-29,Male,Others
2921.jpg,20-29,Male,Others
2922.jpg,30-39,Female,Indian
2923.jpg,30-39,Female,Asian
2924.jpg,0-2,Male,White
2925.jpg,20-29,Female,Others
2926.jpg,none,none,none
2927.jpg,30-39,Female,Indian
2928.jpg,30-39,Female,White
2929.jpg,20-29,Female,White
293.jpg,20-29,Female,Indian
2930.jpg,40-49,Female,White
2931.jpg,40-49,Male,White
2932.jpg,20-29,Male,Black
2933.jpg,30-39,Male,White
2934.jpg,20-29,Male,White
2935.jpg,20-29,Female,White
2936.jpg,20-29,Female,White
2937.jpg,0-2,Male,White
2938.jpg,20-29,Female,White
2939.jpg,20-29,Female,Asian
294.jpg,20-29,Male,Black
2940.jpg,20-29,Male,Others
2941.jpg,30-39,Female,White
2942.jpg,30-39,Female,White
2943.jpg,20-29,Male,White
2944.jpg,30-39,Male,White
2945.jpg,30-39,Male,Others
2946.jpg,none,none,none
2947.jpg,20-29,Female,Asian
2948.jpg,20-29,Male,Black
2949.jpg,30-39,Male,Black
295.jpg,30-39,Female,Indian
2950.jpg,30-39,Female,Others
2951.jpg,20-29,Female,Indian
2952.jpg,30-39,Female,Others
2953.jpg,more than 70,Female,White
2954.jpg,30-39,Male,Black
2955.jpg,20-29,Female,White
2956.jpg,30-39,Female,Black
2957.jpg,30-39,Male,White
2958.jpg,30-39,Male,Asian
2959.jpg,50-59,Female,Others
296.jpg,50-59,Female,Indian
2960.jpg,20-29,Male,Indian
2961.jpg,20-29,Male,Others
2962.jpg,20-29,Male,White
2963.jpg,30-39,Male,Black
2964.jpg,40-49,Male,White
2965.jpg,0-2,Male,White
2966.jpg,0-2,Male,Others
2967.jpg,more than 70,Male,Indian
2968.jpg,30-39,Female,White
2969.jpg,20-29,Female,Indian
297.jpg,20-29,Female,White
2970.jpg,20-29,Male,White
2971.jpg,30-39,Female,Others
2972.jpg,none,none,none
2973.jpg,0-2,Female,White
2974.jpg,20-29,Male,White
2975.jpg,20-29,Female,White
2976.jpg,0-2,Female,White
2977.jpg,30-39,Female,White
2978.jpg,20-29,Female,White
2979.jpg,20-29,Female,Others
298.jpg,30-39,Female,Indian
2980.jpg,20-29,Female,Asian
2981.jpg,3-9,Male,Others
2982.jpg,20-29,Female,White
2983.jpg,20-29,Male,White
2984.jpg,50-59,Male,White
2985.jpg,20-29,Male,White
2986.jpg,50-59,Female,Others
2987.jpg,20-29,Male,Black
2988.jpg,30-39,Female,Indian
2989.jpg,20-29,Male,White
299.jpg,20-29,Male,Others
2990.jpg,30-39,Male,Others
2991.jpg,20-29,Male,White
2992.jpg,30-39,Male,Others
2993.jpg,30-39,Male,White
2994.jpg,more than 70,Male,Asian
2995.jpg,20-29,Male,Black
2996.jpg,20-29,Male,Black
2997.jpg,30-39,Male,White
2998.jpg,50-59,Male,White
2999.jpg,20-29,Male,White
3.jpg,20-29,Male,Indian
30.jpg,none,none,none
300.jpg,3-9,Male,Black
3000.jpg,20-29,Male,White
301.jpg,20-29,Male,Indian
302.jpg,30-39,Male,Asian
303.jpg,none,none,none
304.jpg,30-39,Male,White
305.jpg,20-29,Male,Others
306.jpg,none,none,none
307.jpg,20-29,Female,Others
308.jpg,30-39,Female,White
309.jpg,30-39,Male,White
31.jpg,30-39,Female,Indian
310.jpg,20-29,Male,Indian
311.jpg,20-29,Female,Indian
312.jpg,0-2,Female,Others
313.jpg,50-59,Female,White
314.jpg,30-39,Male,Others
315.jpg,20-29,Female,White
316.jpg,50-59,Female,Indian
317.jpg,30-39,Female,Others
318.jpg,none,none,none
319.jpg,20-29,Female,Indian
32.jpg,20-29,Male,White
320.jpg,50-59,Female,Others
321.jpg,none,none,none
322.jpg,30-39,Female,Indian
323.jpg,20-29,Female,Indian
324.jpg,none,none,none
325.jpg,30-39,Male,White
326.jpg,20-29,Male,Indian
327.jpg,20-29,Male,White
328.jpg,30-39,Female,Asian
329.jpg,30-39,Male,Others
33.jpg,30-39,Male,Black
330.jpg,30-39,Male,White
331.jpg,10-19,Female,Asian
332.jpg,30-39,Female,White
333.jpg,20-29,Male,White
334.jpg,20-29,Female,Indian
335.jpg,20-29,Female,White
336.jpg,20-29,Male,White
337.jpg,20-29,Female,White
338.jpg,30-39,Female,Indian
339.jpg,30-39,Male,Others
34.jpg,more than 70,Female,White
340.jpg,40-49,Male,Indian
341.jpg,none,none,none
342.jpg,20-29,Male,White
343.jpg,none,none,none
344.jpg,20-29,Female,White
345.jpg,20-29,Male,Asian
346.jpg,30-39,Male,White
347.jpg,0-2,Female,White
348.jpg,20-29,Female,Asian
349.jpg,20-29,Female,White
35.jpg,30-39,Male,Others
350.jpg,20-29,Female,White
351.jpg,30-39,Male,White
352.jpg,30-39,Female,Others
353.jpg,30-39,Female,White
354.jpg,20-29,Female,White
355.jpg,20-29,Male,Asian
356.jpg,30-39,Male,White
357.jpg,20-29,Female,White
358.jpg,20-29,Female,White
359.jpg,20-29,Male,White
36.jpg,40-49,Male,White
360.jpg,20-29,Female,Black
361.jpg,50-59,Male,White
362.jpg,20-29,Female,White
363.jpg,0-2,Male,White
364.jpg,30-39,Female,Asian
365.jpg,0-2,Female,Asian
366.jpg,20-29,Female,Others
367.jpg,20-29,Female,Others
368.jpg,20-29,Female,White
369.jpg,30-39,Female,White
37.jpg,20-29,Male,White
370.jpg,20-29,Female,White
371.jpg,30-39,Female,Asian
372.jpg,30-39,Female,Indian
373.jpg,20-29,Male,Indian
374.jpg,20-29,Female,White
375.jpg,30-39,Female,Others
376.jpg,20-29,Male,White
377.jpg,20-29,Female,Asian
378.jpg,0-2,Male,White
379.jpg,20-29,Male,Indian
38.jpg,3-9,Male,White
380.jpg,50-59,Male,White
381.jpg,20-29,Female,White
382.jpg,20-29,Male,Indian
383.jpg,0-2,Female,Others
384.jpg,20-29,Female,White
385.jpg,20-29,Female,White
386.jpg,3-9,Female,White
387.jpg,20-29,Male,Asian
388.jpg,0-2,Female,Others
389.jpg,30-39,Female,Indian
39.jpg,0-2,Female,White
390.jpg,30-39,Male,Indian
391.jpg,more than 70,Female,White
392.jpg,more than 70,Male,Others
393.jpg,20-29,Female,White
394.jpg,more than 70,Female,White
395.jpg,3-9,Female,Others
396.jpg,20-29,Male,Others
397.jpg,20-29,Female,Indian
398.jpg,more than 70,Male,Indian
399.jpg,20-29,Female,White
4.jpg,50-59,Male,Indian
40.jpg,20-29,Male,White
400.jpg,20-29,Female,Asian
401.jpg,0-2,Female,Indian
402.jpg,20-29,Male,Asian
403.jpg,30-39,Male,Indian
404.jpg,30-39,Male,White
405.jpg,30-39,Male,Others
406.jpg,20-29,Male,Indian
407.jpg,0-2,Female,White
408.jpg,20-29,Female,White
409.jpg,20-29,Female,Asian
41.jpg,10-19,Male,Indian
410.jpg,20-29,Male,Others
411.jpg,3-9,Female,Indian
412.jpg,20-29,Female,Indian
413.jpg,20-29,Female,Indian
414.jpg,20-29,Female,Indian
415.jpg,20-29,Female,Black
416.jpg,20-29,Female,Asian
417.jpg,30-39,Female,Asian
418.jpg,30-39,Male,White
419.jpg,10-19,Male,White
42.jpg,20-29,Male,White
420.jpg,20-29,Male,Indian
421.jpg,30-39,Male,White
422.jpg,30-39,Female,Black
423.jpg,20-29,Male,Others
424.jpg,20-29,Female,Black
425.jpg,50-59,Female,Black
426.jpg,30-39,Female,White
427.jpg,0-2,Male,Indian
428.jpg,20-29,Male,Others
429.jpg,20-29,Female,Black
43.jpg,20-29,Female,Asian
430.jpg,20-29,Male,White
431.jpg,20-29,Male,White
432.jpg,50-59,Male,White
433.jpg,20-29,Female,Indian
434.jpg,50-59,Female,White
435.jpg,50-59,Male,White
436.jpg,20-29,Female,White
437.jpg,20-29,Female,Asian
438.jpg,20-29,Male,White
439.jpg,20-29,Female,White
44.jpg,20-29,Male,White
440.jpg,20-29,Female,White
441.jpg,30-39,Male,Indian
442.jpg,50-59,Female,White
443.jpg,20-29,Female,White
444.jpg,30-39,Female,Indian
445.jpg,20-29,Male,White
446.jpg,20-29,Male,Others
447.jpg,0-2,Female,Black
448.jpg,30-39,Male,White
449.jpg,20-29,Female,Indian
45.jpg,30-39,Male,White
450.jpg,20-29,Female,Indian
451.jpg,3-9,Male,Asian
452.jpg,30-39,Male,Others
453.jpg,20-29,Female,White
454.jpg,20-29,Male,Asian
455.jpg,20-29,Female,Asian
456.jpg,more than 70,Female,Indian
457.jpg,20-29,Female,Black
458.jpg,0-2,Male,Indian
459.jpg,20-29,Female,White
46.jpg,50-59,Male,Indian
460.jpg,20-29,Female,Others
461.jpg,30-39,Female,White
462.jpg,more than 70,Female,Black
463.jpg,20-29,Male,White
464.jpg,30-39,Female,White
465.jpg,20-29,Male,Indian
466.jpg,20-29,Male,Indian
467.jpg,30-39,Male,White
468.jpg,30-39,Male,Indian
469.jpg,20-29,Female,Indian
47.jpg,3-9,Female,Indian
470.jpg,30-39,Male,White
471.jpg,20-29,Female,Others
472.jpg,20-29,Female,Black
473.jpg,30-39,Female,Indian
474.jpg,none,none,none
475.jpg,30-39,Female,Others
476.jpg,50-59,Male,Asian
477.jpg,20-29,Female,White
478.jpg,20-29,Male,Black
479.jpg,20-29,Female,White
48.jpg,30-39,Male,Others
480.jpg,30-39,Female,Indian
481.jpg,20-29,Male,White
482.jpg,20-29,Female,Indian
483.jpg,20-29,Male,Asian
484.jpg,more than 70,Male,Others
485.jpg,20-29,Female,White
486.jpg,10-19,Male,Others
487.jpg,more than 70,Male,Others
488.jpg,30-39,Female,White
489.jpg,20-29,Male,White
49.jpg,30-39,Male,White
490.jpg,20-29,Female,Indian
491.jpg,10-19,Male,White
492.jpg,50-59,Male,White
493.jpg,20-29,Female,Indian
494.jpg,50-59,Male,Black
495.jpg,20-29,Female,White
496.jpg,20-29,Male,Indian
497.jpg,30-39,Male,Indian
498.jpg,20-29,Male,Black
499.jpg,20-29,Female,White
5.jpg,30-39,Male,White
50.jpg,0-2,Female,Indian
500.jpg,30-39,Female,White
501.jpg,30-39,Female,Indian
502.jpg,0-2,Female,Others
503.jpg,20-29,Female,Others
504.jpg,30-39,Female,White
505.jpg,20-29,Female,White
506.jpg,20-29,Female,White
507.jpg,none,none,none
508.jpg,20-29,Male,Indian
509.jpg,20-29,Female,White
51.jpg,20-29,Male,White
510.jpg,30-39,Male,White
511.jpg,50-59,Female,Indian
512.jpg,20-29,Male,Indian
513.jpg,20-29,Female,Asian
514.jpg,20-29,Male,White
515.jpg,20-29,Male,Asian
516.jpg,20-29,Female,Asian
517.jpg,20-29,Male,White
518.jpg,20-29,Female,White
519.jpg,50-59,Male,White
52.jpg,20-29,Female,Black
520.jpg,30-39,Male,White
521.jpg,20-29,Male,White
522.jpg,30-39,Female,White
523.jpg,20-29,Male,White
524.jpg,none,none,none
525.jpg,20-29,Male,White
526.jpg,30-39,Male,White
527.jpg,20-29,Male,White
528.jpg,20-29,Female,Black
529.jpg,20-29,Female,White
53.jpg,30-39,Female,Indian
530.jpg,50-59,Male,White
531.jpg,30-39,Male,White
532.jpg,0-2,Male,Asian
533.jpg,20-29,Female,White
534.jpg,20-29,Male,White
535.jpg,20-29,Male,Asian
536.jpg,30-39,Male,White
537.jpg,20-29,Male,Asian
538.jpg,20-29,Male,White
539.jpg,20-29,Male,White
54.jpg,20-29,Female,Asian
540.jpg,20-29,Female,Others
541.jpg,20-29,Male,Black
542.jpg,20-29,Male,White
543.jpg,0-2,Female,Black
544.jpg,20-29,Female,Black
545.jpg,30-39,Male,Indian
546.jpg,30-39,Male,Indian
547.jpg,20-29,Male,Indian
548.jpg,20-29,Male,Indian
549.jpg,50-59,Female,White
55.jpg,20-29,Male,Indian
550.jpg,3-9,Female,Others
551.jpg,40-49,Male,White
552.jpg,40-49,Male,Indian
553.jpg,20-29,Male,White
554.jpg,20-29,Female,Indian
555.jpg,20-29,Male,Black
556.jpg,20-29,Female,White
557.jpg,20-29,Female,Indian
558.jpg,30-39,Female,White
559.jpg,30-39,Female,White
56.jpg,50-59,Female,Others
560.jpg,20-29,Male,Indian
561.jpg,20-29,Female,Others
562.jpg,20-29,Female,White
563.jpg,30-39,Female,White
564.jpg,20-29,Female,White
565.jpg,20-29,Male,Indian
566.jpg,20-29,Female,Asian
567.jpg,10-19,Male,Indian
568.jpg,30-39,Male,White
569.jpg,20-29,Female,White
57.jpg,50-59,Female,White
570.jpg,20-29,Female,White
571.jpg,30-39,Male,Black
572.jpg,30-39,Female,Indian
573.jpg,none,none,none
574.jpg,20-29,Female,White
575.jpg,20-29,Male,White
576.jpg,20-29,Female,Others
577.jpg,30-39,Female,Black
578.jpg,30-39,Male,Black
579.jpg,20-29,Female,Others
58.jpg,20-29,Female,White
580.jpg,20-29,Female,White
581.jpg,20-29,Female,Others
582.jpg,30-39,Female,Black
583.jpg,3-9,Male,White
584.jpg,30-39,Female,Black
585.jpg,20-29,Male,Indian
586.jpg,30-39,Female,Asian
587.jpg,10-19,Female,White
588.jpg,20-29,Female,Others
589.jpg,30-39,Female,White
59.jpg,20-29,Male,White
590.jpg,30-39,Female,Asian
591.jpg,20-29,Female,White
592.jpg,30-39,Female,White
593.jpg,30-39,Male,Black
594.jpg,20-29,Female,Indian
595.jpg,20-29,Female,White
596.jpg,3-9,Female,Others
597.jpg,10-19,Female,White
598.jpg,30-39,Female,White
599.jpg,30-39,Female,Others
6.jpg,20-29,Female,White
60.jpg,20-29,Male,Indian
600.jpg,30-39,Female,White
601.jpg,20-29,Male,Indian
602.jpg,20-29,Female,Others
603.jpg,20-29,Female,White
604.jpg,20-29,Male,White
605.jpg,30-39,Female,Asian
606.jpg,20-29,Female,White
607.jpg,50-59,Female,White
608.jpg,30-39,Female,White
609.jpg,30-39,Female,Others
61.jpg,30-39,Female,Asian
610.jpg,20-29,Male,Asian
611.jpg,0-2,Female,Asian
612.jpg,0-2,Female,White
613.jpg,30-39,Female,White
614.jpg,30-39,Female,White
615.jpg,30-39,Female,White
616.jpg,30-39,Male,Indian
617.jpg,none,none,none
618.jpg,20-29,Female,White
619.jpg,30-39,Male,White
62.jpg,30-39,Male,White
620.jpg,50-59,Female,White
621.jpg,20-29,Female,Black
622.jpg,20-29,Male,White
623.jpg,40-49,Male,White
624.jpg,20-29,Female,Indian
625.jpg,30-39,Male,White
626.jpg,30-39,Male,White
627.jpg,20-29,Male,White
628.jpg,more than 70,Female,Black
629.jpg,20-29,Male,White
63.jpg,50-59,Male,Black
630.jpg,20-29,Male,White
631.jpg,20-29,Male,White
632.jpg,0-2,Male,White
633.jpg,20-29,Female,White
634.jpg,50-59,Male,Indian
635.jpg,20-29,Male,Others
636.jpg,10-19,Male,Indian
637.jpg,30-39,Male,Indian
638.jpg,20-29,Male,White
639.jpg,50-59,Female,White
64.jpg,0-2,Female,White
640.jpg,20-29,Female,White
641.jpg,20-29,Female,Asian
642.jpg,20-29,Male,Others
643.jpg,30-39,Female,Asian
644.jpg,30-39,Male,Indian
645.jpg,20-29,Female,Indian
646.jpg,20-29,Female,Others
647.jpg,20-29,Female,White
648.jpg,0-2,Male,Indian
649.jpg,20-29,Female,White
65.jpg,20-29,Male,White
650.jpg,3-9,Male,Indian
651.jpg,20-29,Female,Black
652.jpg,20-29,Male,Indian
653.jpg,more than 70,Female,White
654.jpg,20-29,Male,White
655.jpg,20-29,Female,Black
656.jpg,20-29,Female,Indian
657.jpg,20-29,Male,Asian
658.jpg,20-29,Male,White
659.jpg,20-29,Male,White
66.jpg,30-39,Male,White
660.jpg,20-29,Female,White
661.jpg,more than 70,Male,White
662.jpg,20-29,Female,Indian
663.jpg,20-29,Female,Asian
664.jpg,40-49,Female,White
665.jpg,0-2,Female,White
666.jpg,40-49,Female,White
667.jpg,more than 70,Female,Black
668.jpg,60-69,Male,White
669.jpg,none,none,none
67.jpg,20-29,Female,Others
670.jpg,20-29,Male,White
671.jpg,20-29,Male,White
672.jpg,0-2,Female,Indian
673.jpg,30-39,Female,Others
674.jpg,20-29,Female,Others
675.jpg,30-39,Male,Asian
676.jpg,20-29,Male,Indian
677.jpg,20-29,Male,Asian
678.jpg,20-29,Male,Indian
679.jpg,20-29,Female,White
68.jpg,50-59,Male,Black
680.jpg,30-39,Female,White
681.jpg,20-29,Female,White
682.jpg,20-29,Male,White
683.jpg,20-29,Male,Black
684.jpg,60-69,Female,Indian
685.jpg,20-29,Male,Others
686.jpg,20-29,Female,Asian
687.jpg,20-29,Male,Black
688.jpg,50-59,Female,White
689.jpg,20-29,Female,White
69.jpg,20-29,Female,Asian
690.jpg,20-29,Female,Others
691.jpg,20-29,Female,Asian
692.jpg,20-29,Female,White
693.jpg,20-29,Female,Asian
694.jpg,20-29,Female,Asian
695.jpg,20-29,Female,Black
696.jpg,20-29,Male,Indian
697.jpg,30-39,Female,Others
698.jpg,3-9,Female,Indian
699.jpg,0-2,Male,White
7.jpg,more than 70,Female,Others
70.jpg,20-29,Female,White
700.jpg,30-39,Male,Others
701.jpg,30-39,Male,White
702.jpg,30-39,Male,White
703.jpg,50-59,Male,White
704.jpg,20-29,Male,Others
705.jpg,0-2,Male,Black
706.jpg,50-59,Female,Indian
707.jpg,30-39,Female,Indian
708.jpg,50-59,Male,Indian
709.jpg,20-29,Female,Indian
71.jpg,30-39,Male,White
710.jpg,20-29,Male,White
711.jpg,none,none,none
712.jpg,30-39,Female,Asian
713.jpg,20-29,Female,Others
714.jpg,30-39,Female,Others
715.jpg,30-39,Male,Others
716.jpg,20-29,Male,Indian
717.jpg,50-59,Female,Others
718.jpg,30-39,Female,Others
719.jpg,30-39,Male,White
72.jpg,20-29,Female,Asian
720.jpg,20-29,Female,White
721.jpg,30-39,Female,White
722.jpg,30-39,Male,White
723.jpg,20-29,Male,White
724.jpg,30-39,Male,White
725.jpg,20-29,Male,Asian
726.jpg,20-29,Male,White
727.jpg,20-29,Male,Black
728.jpg,30-39,Female,White
729.jpg,50-59,Male,White
73.jpg,20-29,Male,Indian
730.jpg,50-59,Male,White
731.jpg,20-29,Male,Black
732.jpg,20-29,Male,White
733.jpg,20-29,Female,White
734.jpg,20-29,Female,White
735.jpg,30-39,Male,White
736.jpg,20-29,Female,Black
737.jpg,0-2,Male,Asian
738.jpg,20-29,Female,Black
739.jpg,30-39,Male,White
74.jpg,30-39,Female,White
740.jpg,20-29,Female,Others
741.jpg,20-29,Female,Asian
742.jpg,30-39,Male,Black
743.jpg,30-39,Male,Indian
744.jpg,20-29,Male,White
745.jpg,more than 70,Female,Asian
746.jpg,30-39,Male,Indian
747.jpg,30-39,Male,White
748.jpg,30-39,Male,Others
749.jpg,40-49,Male,White
75.jpg,20-29,Female,Indian
750.jpg,30-39,Female,White
751.jpg,50-59,Female,Indian
752.jpg,20-29,Male,Black
753.jpg,50-59,Male,Black
754.jpg,more than 70,Female,Asian
755.jpg,30-39,Male,White
756.jpg,20-29,Female,Black
757.jpg,10-19,Female,White
758.jpg,20-29,Female,Indian
759.jpg,20-29,Male,White
76.jpg,30-39,Male,Asian
760.jpg,30-39,Male,Indian
761.jpg,20-29,Male,Black
762.jpg,20-29,Female,White
763.jpg,20-29,Male,White
764.jpg,20-29,Male,Indian
765.jpg,20-29,Female,White
766.jpg,3-9,Female,White
767.jpg,none,none,none
768.jpg,50-59,Female,White
769.jpg,30-39,Male,Black
77.jpg,30-39,Female,White
770.jpg,30-39,Male,Black
771.jpg,20-29,Female,Indian
772.jpg,20-29,Male,Black
773.jpg,more than 70,Male,White
774.jpg,20-29,Female,Asian
775.jpg,50-59,Female,White
776.jpg,30-39,Female,White
777.jpg,20-29,Female,Asian
778.jpg,50-59,Male,Indian
779.jpg,20-29,Female,Indian
78.jpg,20-29,Male,Black
780.jpg,30-39,Female,White
781.jpg,50-59,Female,Indian
782.jpg,20-29,Male,Others
783.jpg,20-29,Female,White
784.jpg,20-29,Female,Asian
785.jpg,20-29,Male,White
786.jpg,20-29,Female,White
787.jpg,20-29,Male,White
788.jpg,20-29,Female,Black
789.jpg,30-39,Male,White
79.jpg,20-29,Male,White
790.jpg,30-39,Male,Indian
791.jpg,0-2,Male,Asian
792.jpg,20-29,Male,White
793.jpg,20-29,Male,Asian
794.jpg,20-29,Male,Asian
795.jpg,20-29,Female,White
796.jpg,20-29,Female,Indian
797.jpg,30-39,Male,Black
798.jpg,20-29,Female,White
799.jpg,30-39,Male,White
8.jpg,20-29,Female,Asian
80.jpg,20-29,Male,Others
800.jpg,30-39,Male,White
801.jpg,20-29,Female,White
802.jpg,20-29,Male,White
803.jpg,20-29,Male,Indian
804.jpg,3-9,Female,Indian
805.jpg,20-29,Male,Asian
806.jpg,50-59,Female,White
807.jpg,20-29,Female,White
808.jpg,30-39,Female,Black
809.jpg,30-39,Female,Indian
81.jpg,30-39,Male,Others
810.jpg,30-39,Male,Others
811.jpg,30-39,Male,White
812.jpg,20-29,Female,Black
813.jpg,50-59,Female,White
814.jpg,20-29,Male,Black
815.jpg,30-39,Female,Black
816.jpg,20-29,Male,Indian
817.jpg,0-2,Male,White
818.jpg,20-29,Male,White
819.jpg,20-29,Male,Indian
82.jpg,30-39,Female,White
820.jpg,20-29,Male,White
821.jpg,30-39,Male,Indian
822.jpg,30-39,Female,Indian
823.jpg,20-29,Female,Black
824.jpg,30-39,Male,Indian
825.jpg,20-29,Female,White
826.jpg,50-59,Female,White
827.jpg,0-2,Male,White
828.jpg,50-59,Male,White
829.jpg,20-29,Male,White
83.jpg,none,none,none
830.jpg,20-29,Female,Indian
831.jpg,50-59,Female,Indian
832.jpg,20-29,Male,Black
833.jpg,30-39,Male,Black
834.jpg,20-29,Female,Black
835.jpg,40-49,Male,White
836.jpg,30-39,Female,White
837.jpg,20-29,Male,White
838.jpg,more than 70,Female,Black
839.jpg,30-39,Male,White
84.jpg,40-49,Male,Others
840.jpg,20-29,Male,Asian
841.jpg,20-29,Female,White
842.jpg,0-2,Female,White
843.jpg,30-39,Male,Indian
844.jpg,20-29,Female,Indian
845.jpg,30-39,Male,White
846.jpg,50-59,Male,White
847.jpg,more than 70,Male,White
848.jpg,20-29,Female,Asian
849.jpg,10-19,Female,White
85.jpg,30-39,Female,White
850.jpg,20-29,Male,Black
851.jpg,20-29,Female,Black
852.jpg,30-39,Male,White
853.jpg,30-39,Male,White
854.jpg,50-59,Male,Others
855.jpg,30-39,Female,White
856.jpg,20-29,Female,White
857.jpg,30-39,Female,Asian
858.jpg,0-2,Male,Asian
859.jpg,20-29,Female,Others
86.jpg,20-29,Female,Indian
860.jpg,20-29,Male,Indian
861.jpg,20-29,Female,Asian
862.jpg,30-39,Female,Indian
863.jpg,20-29,Male,Indian
864.jpg,0-2,Female,White
865.jpg,50-59,Female,White
866.jpg,30-39,Female,White
867.jpg,20-29,Female,Indian
868.jpg,20-29,Female,White
869.jpg,20-29,Male,White
87.jpg,20-29,Female,White
870.jpg,20-29,Male,White
871.jpg,more than 70,Female,Indian
872.jpg,20-29,Male,Indian
873.jpg,20-29,Female,Others
874.jpg,20-29,Male,Asian
875.jpg,20-29,Male,Black
876.jpg,30-39,Female,Others
877.jpg,20-29,Female,Others
878.jpg,20-29,Male,Others
879.jpg,30-39,Male,Indian
88.jpg,30-39,Male,White
880.jpg,none,none,none
881.jpg,20-29,Male,Black
882.jpg,40-49,Male,Indian
883.jpg,20-29,Female,White
884.jpg,20-29,Female,White
885.jpg,none,none,none
886.jpg,30-39,Female,White
887.jpg,20-29,Female,Others
888.jpg,3-9,Female,Black
889.jpg,20-29,Male,White
89.jpg,10-19,Female,Indian
890.jpg,10-19,Female,Indian
891.jpg,30-39,Male,Black
892.jpg,20-29,Female,Indian
893.jpg,20-29,Female,Asian
894.jpg,50-59,Male,White
895.jpg,20-29,Male,Indian
896.jpg,20-29,Female,White
897.jpg,20-29,Female,White
898.jpg,40-49,Female,White
899.jpg,20-29,Female,Black
9.jpg,20-29,Male,White
90.jpg,20-29,Female,Others
900.jpg,0-2,Female,White
901.jpg,20-29,Female,Others
902.jpg,50-59,Male,Indian
903.jpg,30-39,Female,Indian
904.jpg,20-29,Female,Black
905.jpg,40-49,Male,Black
906.jpg,20-29,Female,Indian
907.jpg,40-49,Male,White
908.jpg,20-29,Male,Indian
909.jpg,50-59,Male,Black
91.jpg,3-9,Male,Indian
910.jpg,20-29,Male,Indian
911.jpg,20-29,Male,Black
912.jpg,20-29,Male,Indian
913.jpg,30-39,Male,Black
914.jpg,20-29,Male,White
915.jpg,50-59,Male,Indian
916.jpg,20-29,Male,Others
917.jpg,20-29,Male,White
918.jpg,20-29,Female,Asian
919.jpg,20-29,Female,White
92.jpg,20-29,Male,Others
920.jpg,20-29,Female,White
921.jpg,30-39,Female,Indian
922.jpg,20-29,Female,White
923.jpg,30-39,Female,Black
924.jpg,20-29,Male,Asian
925.jpg,30-39,Female,Asian
926.jpg,20-29,Female,White
927.jpg,20-29,Male,White
928.jpg,50-59,Female,Indian
929.jpg,20-29,Female,Others
93.jpg,20-29,Female,Indian
930.jpg,0-2,Male,Indian
931.jpg,20-29,Female,White
932.jpg,20-29,Female,White
933.jpg,30-39,Female,Others
934.jpg,20-29,Female,White
935.jpg,30-39,Male,Others
936.jpg,20-29,Male,White
937.jpg,3-9,Male,Others
938.jpg,10-19,Female,White
939.jpg,0-2,Female,White
94.jpg,30-39,Male,Asian
940.jpg,20-29,Female,Others
941.jpg,30-39,Female,Black
942.jpg,0-2,Female,White
943.jpg,20-29,Female,White
944.jpg,20-29,Female,White
945.jpg,20-29,Female,Asian
946.jpg,30-39,Female,Others
947.jpg,20-29,Male,Others
948.jpg,10-19,Male,Others
949.jpg,30-39,Female,White
95.jpg,20-29,Male,Black
950.jpg,30-39,Male,White
951.jpg,more than 70,Female,Asian
952.jpg,20-29,Female,Asian
953.jpg,3-9,Female,Indian
954.jpg,20-29,Female,Others
955.jpg,20-29,Female,Indian
956.jpg,0-2,Female,Others
957.jpg,30-39,Female,White
958.jpg,20-29,Female,White
959.jpg,3-9,Female,Indian
96.jpg,50-59,Female,White
960.jpg,20-29,Male,Others
961.jpg,10-19,Female,Asian
962.jpg,30-39,Female,White
963.jpg,3-9,Female,Others
964.jpg,30-39,Female,White
965.jpg,20-29,Female,Black
966.jpg,20-29,Female,Black
967.jpg,30-39,Female,Others
968.jpg,30-39,Female,White
969.jpg,60-69,Male,Asian
97.jpg,20-29,Male,White
970.jpg,20-29,Female,White
971.jpg,50-59,Male,White
972.jpg,30-39,Female,Asian
973.jpg,50-59,Female,Others
974.jpg,30-39,Male,White
975.jpg,10-19,Male,Black
976.jpg,50-59,Male,Indian
977.jpg,30-39,Male,Others
978.jpg,0-2,Male,White
979.jpg,30-39,Female,Black
98.jpg,20-29,Female,White
980.jpg,30-39,Female,Others
981.jpg,30-39,Female,Indian
982.jpg,3-9,Male,Asian
983.jpg,20-29,Female,Indian
984.jpg,40-49,Male,Black
985.jpg,20-29,Female,Others
986.jpg,3-9,Male,White
987.jpg,20-29,Female,Black
988.jpg,30-39,Male,Black
989.jpg,60-69,Female,Indian
99.jpg,0-2,Female,Black
990.jpg,20-29,Male,Asian
991.jpg,20-29,Male,White
992.jpg,10-19,Male,White
993.jpg,20-29,Female,White
994.jpg,20-29,Female,Black
995.jpg,40-49,Female,White
996.jpg,20-29,Male,Black
997.jpg,20-29,Male,White
998.jpg,3-9,Female,Others
999.jpg,20-29,Male,Black
