1.jpg,20-29,Female,Others
10.jpg,20-29,Male,Others
100.jpg,20-29,Male,Others
1000.jpg,20-29,Male,Black
1001.jpg,20-29,Male,Black
1002.jpg,20-29,Female,Others
1003.jpg,20-29,Male,Others
1004.jpg,20-29,Male,Others
1005.jpg,20-29,Female,Others
1006.jpg,20-29,Male,Others
1007.jpg,20-29,Male,Others
1008.jpg,20-29,Female,Others
1009.jpg,20-29,Female,Others
101.jpg,20-29,Female,Others
1010.jpg,20-29,Male,Others
1011.jpg,20-29,Male,Asian
1012.jpg,20-29,Male,Others
1013.jpg,20-29,Female,Black
1014.jpg,20-29,Male,Others
1015.jpg,20-29,Male,Others
1016.jpg,20-29,Male,Others
1017.jpg,20-29,Female,Others
1018.jpg,20-29,Male,Others
1019.jpg,20-29,Female,Others
102.jpg,20-29,Male,Others
1020.jpg,20-29,Male,Others
1021.jpg,20-29,Female,Others
1022.jpg,20-29,Female,Others
1023.jpg,20-29,Male,Others
1024.jpg,20-29,Male,Asian
1025.jpg,20-29,Female,Black
1026.jpg,20-29,Female,Others
1027.jpg,20-29,Female,Others
1028.jpg,20-29,Male,Others
1029.jpg,20-29,Male,Others
103.jpg,20-29,Female,Others
1030.jpg,20-29,Female,Others
1031.jpg,20-29,Male,Others
1032.jpg,20-29,Male,Asian
1033.jpg,20-29,Male,Others
1034.jpg,20-29,Male,Others
1035.jpg,20-29,Male,Others
1036.jpg,20-29,Male,Others
1037.jpg,20-29,Female,Others
1038.jpg,20-29,Male,Black
1039.jpg,20-29,Male,Others
104.jpg,20-29,Female,Others
1040.jpg,20-29,Male,Others
1041.jpg,20-29,Female,Others
1042.jpg,20-29,Male,Others
1043.jpg,20-29,Female,Others
1044.jpg,20-29,Female,Others
1045.jpg,20-29,Female,Others
1046.jpg,20-29,Female,Others
1047.jpg,20-29,Male,Others
1048.jpg,20-29,Male,Others
1049.jpg,20-29,Male,Others
105.jpg,20-29,Male,Others
1050.jpg,none,none,none
1051.jpg,20-29,Male,Others
1052.jpg,20-29,Male,Others
1053.jpg,20-29,Male,Others
1054.jpg,20-29,Female,Others
1055.jpg,20-29,Male,Others
1056.jpg,20-29,Male,Others
1057.jpg,20-29,Male,Others
1058.jpg,20-29,Male,Others
1059.jpg,20-29,Female,Others
106.jpg,20-29,Female,Others
1060.jpg,20-29,Female,Others
1061.jpg,20-29,Male,Others
1062.jpg,20-29,Male,Others
1063.jpg,20-29,Male,Others
1064.jpg,20-29,Male,Others
1065.jpg,20-29,Female,Others
1066.jpg,20-29,Female,Others
1067.jpg,20-29,Male,Others
1068.jpg,20-29,Male,Others
1069.jpg,20-29,Male,Black
107.jpg,20-29,Male,Others
1070.jpg,20-29,Male,Asian
1071.jpg,20-29,Female,Others
1072.jpg,20-29,Male,Others
1073.jpg,20-29,Male,Others
1074.jpg,20-29,Male,Others
1075.jpg,20-29,Male,Others
1076.jpg,20-29,Male,Indian
1077.jpg,20-29,Male,Others
1078.jpg,20-29,Male,Black
1079.jpg,20-29,Male,Others
108.jpg,20-29,Male,Others
1080.jpg,20-29,Male,Others
1081.jpg,20-29,Female,Others
1082.jpg,20-29,Male,Others
1083.jpg,20-29,Female,Others
1084.jpg,20-29,Male,Others
1085.jpg,20-29,Male,Others
1086.jpg,none,none,none
1087.jpg,20-29,Female,Others
1088.jpg,20-29,Male,Others
1089.jpg,20-29,Female,Others
109.jpg,20-29,Male,Others
1090.jpg,20-29,Female,Others
1091.jpg,20-29,Male,Others
1092.jpg,20-29,Female,Others
1093.jpg,20-29,Male,Others
1094.jpg,20-29,Male,Others
1095.jpg,20-29,Male,Others
1096.jpg,20-29,Male,Others
1097.jpg,20-29,Female,Others
1098.jpg,20-29,Male,Asian
1099.jpg,20-29,Male,Others
11.jpg,20-29,Female,Others
110.jpg,20-29,Male,Others
1100.jpg,20-29,Male,Asian
1101.jpg,20-29,Male,Others
1102.jpg,20-29,Male,Others
1103.jpg,20-29,Female,Others
1104.jpg,20-29,Female,Others
1105.jpg,20-29,Female,Others
1106.jpg,20-29,Male,Others
1107.jpg,20-29,Male,Others
1108.jpg,20-29,Male,Others
1109.jpg,20-29,Male,Others
111.jpg,20-29,Male,Others
1110.jpg,20-29,Male,Others
1111.jpg,none,none,none
1112.jpg,20-29,Male,Others
1113.jpg,20-29,Male,Others
1114.jpg,20-29,Male,Others
1115.jpg,20-29,Male,Others
1116.jpg,20-29,Male,Others
1117.jpg,20-29,Male,Others
1118.jpg,20-29,Female,Others
1119.jpg,20-29,Female,Others
112.jpg,20-29,Male,Others
1120.jpg,20-29,Male,Others
1121.jpg,20-29,Male,Others
1122.jpg,20-29,Male,Others
1123.jpg,20-29,Male,Others
1124.jpg,none,none,none
1125.jpg,20-29,Male,Others
1126.jpg,20-29,Male,Others
1127.jpg,20-29,Male,Others
1128.jpg,20-29,Female,Others
1129.jpg,20-29,Male,Asian
113.jpg,20-29,Male,Others
1130.jpg,20-29,Male,Others
1131.jpg,none,none,none
1132.jpg,20-29,Male,Others
1133.jpg,20-29,Male,Others
1134.jpg,20-29,Female,Others
1135.jpg,20-29,Male,Others
1136.jpg,20-29,Male,Others
1137.jpg,20-29,Female,Others
1138.jpg,20-29,Female,Others
1139.jpg,20-29,Male,Others
114.jpg,20-29,Male,Others
1140.jpg,20-29,Male,Others
1141.jpg,20-29,Male,Others
1142.jpg,20-29,Male,Others
1143.jpg,20-29,Male,Others
1144.jpg,20-29,Female,Others
1145.jpg,20-29,Male,Others
1146.jpg,20-29,Male,Others
1147.jpg,20-29,Male,Others
1148.jpg,20-29,Male,Others
1149.jpg,20-29,Female,Others
115.jpg,20-29,Male,Others
1150.jpg,20-29,Male,Others
1151.jpg,20-29,Male,Others
1152.jpg,20-29,Male,Black
1153.jpg,20-29,Male,Others
1154.jpg,20-29,Female,Others
1155.jpg,20-29,Male,Others
1156.jpg,20-29,Female,Others
1157.jpg,20-29,Male,Black
1158.jpg,20-29,Female,Others
1159.jpg,20-29,Male,Others
116.jpg,20-29,Female,Others
1160.jpg,20-29,Female,Others
1161.jpg,20-29,Male,Others
1162.jpg,20-29,Male,Others
1163.jpg,20-29,Male,Others
1164.jpg,20-29,Female,Others
1165.jpg,20-29,Female,Others
1166.jpg,20-29,Male,Others
1167.jpg,20-29,Female,Others
1168.jpg,20-29,Female,Asian
1169.jpg,20-29,Male,Indian
117.jpg,20-29,Male,Others
1170.jpg,20-29,Male,Others
1171.jpg,20-29,Male,Others
1172.jpg,20-29,Male,Others
1173.jpg,20-29,Male,Others
1174.jpg,20-29,Male,Asian
1175.jpg,20-29,Male,Others
1176.jpg,20-29,Female,Others
1177.jpg,20-29,Male,Others
1178.jpg,20-29,Female,Others
1179.jpg,20-29,Male,Others
118.jpg,20-29,Male,Others
1180.jpg,20-29,Male,Others
1181.jpg,20-29,Male,Asian
1182.jpg,20-29,Male,Others
1183.jpg,20-29,Male,Others
1184.jpg,20-29,Male,Others
1185.jpg,20-29,Male,Others
1186.jpg,20-29,Male,Others
1187.jpg,20-29,Female,Others
1188.jpg,20-29,Male,Others
1189.jpg,20-29,Male,Others
119.jpg,20-29,Male,Others
1190.jpg,20-29,Female,Others
1191.jpg,20-29,Male,Others
1192.jpg,20-29,Male,Others
1193.jpg,20-29,Male,Others
1194.jpg,20-29,Male,Others
1195.jpg,20-29,Male,Others
1196.jpg,20-29,Male,Others
1197.jpg,20-29,Male,Asian
1198.jpg,20-29,Male,Others
1199.jpg,20-29,Male,Others
12.jpg,20-29,Male,Others
120.jpg,20-29,Male,Others
1200.jpg,20-29,Male,Others
1201.jpg,20-29,Male,Others
1202.jpg,20-29,Female,Others
1203.jpg,20-29,Male,Asian
1204.jpg,20-29,Male,Others
1205.jpg,20-29,Male,Indian
1206.jpg,20-29,Female,Others
1207.jpg,20-29,Male,Others
1208.jpg,20-29,Male,Others
1209.jpg,20-29,Female,Others
121.jpg,20-29,Male,Others
1210.jpg,20-29,Male,Others
1211.jpg,none,none,none
1212.jpg,20-29,Male,Others
1213.jpg,20-29,Male,Others
1214.jpg,none,none,none
1215.jpg,20-29,Female,Others
1216.jpg,20-29,Female,Black
1217.jpg,20-29,Male,Others
1218.jpg,20-29,Male,Others
1219.jpg,20-29,Male,Others
122.jpg,20-29,Male,Others
1220.jpg,20-29,Male,Others
1221.jpg,20-29,Female,Others
1222.jpg,20-29,Female,Others
1223.jpg,20-29,Male,Black
1224.jpg,20-29,Male,Others
1225.jpg,20-29,Male,Others
1226.jpg,20-29,Male,Others
1227.jpg,20-29,Male,Others
1228.jpg,20-29,Female,Others
1229.jpg,20-29,Female,Others
123.jpg,20-29,Male,Others
1230.jpg,20-29,Female,Asian
1231.jpg,20-29,Male,Others
1232.jpg,20-29,Male,Others
1233.jpg,20-29,Female,Black
1234.jpg,20-29,Male,Others
1235.jpg,20-29,Male,Others
1236.jpg,none,none,none
1237.jpg,20-29,Male,Others
1238.jpg,20-29,Male,Others
1239.jpg,20-29,Male,Others
124.jpg,20-29,Male,Others
1240.jpg,20-29,Male,Others
1241.jpg,20-29,Female,Others
1242.jpg,20-29,Male,Others
1243.jpg,20-29,Female,Asian
1244.jpg,20-29,Female,Others
1245.jpg,20-29,Male,Others
1246.jpg,20-29,Male,Others
1247.jpg,20-29,Male,Others
1248.jpg,20-29,Male,Others
1249.jpg,20-29,Female,Others
125.jpg,none,none,none
1250.jpg,20-29,Male,Others
1251.jpg,20-29,Male,Others
1252.jpg,20-29,Male,Black
1253.jpg,none,none,none
1254.jpg,20-29,Male,Others
1255.jpg,20-29,Female,Asian
1256.jpg,20-29,Male,Black
1257.jpg,20-29,Male,Others
1258.jpg,20-29,Female,Others
1259.jpg,none,none,none
126.jpg,20-29,Male,Others
1260.jpg,20-29,Male,Others
1261.jpg,20-29,Male,Others
1262.jpg,20-29,Male,Others
1263.jpg,20-29,Male,Others
1264.jpg,20-29,Male,Others
1265.jpg,20-29,Female,Asian
1266.jpg,20-29,Male,Others
1267.jpg,20-29,Female,Others
1268.jpg,20-29,Male,Others
1269.jpg,20-29,Male,Others
127.jpg,20-29,Male,Others
1270.jpg,20-29,Male,Others
1271.jpg,20-29,Male,Others
1272.jpg,20-29,Male,Others
1273.jpg,20-29,Female,Others
1274.jpg,20-29,Female,Others
1275.jpg,20-29,Female,Others
1276.jpg,20-29,Male,Others
1277.jpg,20-29,Male,Others
1278.jpg,20-29,Male,Others
1279.jpg,20-29,Female,Others
128.jpg,20-29,Male,Others
1280.jpg,20-29,Male,Others
1281.jpg,20-29,Male,Others
1282.jpg,20-29,Male,Others
1283.jpg,20-29,Female,Others
1284.jpg,20-29,Male,Others
1285.jpg,20-29,Male,Others
1286.jpg,20-29,Female,Others
1287.jpg,20-29,Male,Others
1288.jpg,20-29,Male,Others
1289.jpg,20-29,Male,Others
129.jpg,20-29,Female,Others
1290.jpg,20-29,Male,Others
1291.jpg,20-29,Male,Others
1292.jpg,20-29,Male,Others
1293.jpg,20-29,Female,Others
1294.jpg,20-29,Male,Others
1295.jpg,20-29,Male,Others
1296.jpg,20-29,Male,Others
1297.jpg,20-29,Female,Others
1298.jpg,none,none,none
1299.jpg,20-29,Male,Others
13.jpg,20-29,Male,Others
130.jpg,20-29,Male,Others
1300.jpg,20-29,Female,Others
1301.jpg,none,none,none
1302.jpg,20-29,Male,Others
1303.jpg,none,none,none
1304.jpg,20-29,Female,Others
1305.jpg,20-29,Male,Others
1306.jpg,20-29,Female,Others
1307.jpg,none,none,none
1308.jpg,20-29,Female,Others
1309.jpg,20-29,Male,Others
131.jpg,20-29,Male,Asian
1310.jpg,20-29,Male,Others
1311.jpg,20-29,Male,Others
1312.jpg,20-29,Male,Others
1313.jpg,none,none,none
1314.jpg,20-29,Male,Others
1315.jpg,20-29,Female,Black
1316.jpg,20-29,Male,Others
1317.jpg,20-29,Male,Others
1318.jpg,20-29,Female,Others
1319.jpg,20-29,Male,Others
132.jpg,20-29,Female,Others
1320.jpg,20-29,Male,Others
1321.jpg,20-29,Female,Others
1322.jpg,none,none,none
1323.jpg,none,none,none
1324.jpg,20-29,Female,Black
1325.jpg,20-29,Male,Others
1326.jpg,20-29,Male,Others
1327.jpg,20-29,Male,Others
1328.jpg,20-29,Female,Others
1329.jpg,20-29,Male,Others
133.jpg,20-29,Female,Others
1330.jpg,20-29,Male,Others
1331.jpg,20-29,Male,Others
1332.jpg,none,none,none
1333.jpg,20-29,Male,Others
1334.jpg,20-29,Male,Black
1335.jpg,20-29,Male,Others
1336.jpg,20-29,Female,Asian
1337.jpg,20-29,Male,Others
1338.jpg,20-29,Female,Asian
1339.jpg,20-29,Male,Others
134.jpg,20-29,Male,Others
1340.jpg,20-29,Male,Others
1341.jpg,20-29,Male,Others
1342.jpg,20-29,Male,Others
1343.jpg,20-29,Male,Asian
1344.jpg,20-29,Male,Asian
1345.jpg,20-29,Male,Others
1346.jpg,20-29,Female,Others
1347.jpg,20-29,Male,Others
1348.jpg,20-29,Male,Others
1349.jpg,20-29,Male,Others
135.jpg,20-29,Male,Others
1350.jpg,20-29,Female,Others
1351.jpg,20-29,Female,Asian
1352.jpg,20-29,Male,Others
1353.jpg,20-29,Female,Others
1354.jpg,20-29,Male,Others
1355.jpg,20-29,Male,Others
1356.jpg,20-29,Male,Others
1357.jpg,20-29,Male,Others
1358.jpg,20-29,Male,Others
1359.jpg,20-29,Male,Asian
136.jpg,20-29,Male,Others
1360.jpg,20-29,Female,Others
1361.jpg,20-29,Male,Others
1362.jpg,20-29,Female,Others
1363.jpg,20-29,Female,Others
1364.jpg,20-29,Male,Others
1365.jpg,20-29,Male,Others
1366.jpg,20-29,Male,Others
1367.jpg,20-29,Male,Asian
1368.jpg,none,none,none
1369.jpg,20-29,Male,Others
137.jpg,20-29,Male,Others
1370.jpg,20-29,Male,Others
1371.jpg,20-29,Male,Others
1372.jpg,20-29,Male,Black
1373.jpg,none,none,none
1374.jpg,20-29,Male,Asian
1375.jpg,20-29,Female,Others
1376.jpg,20-29,Male,Others
1377.jpg,20-29,Male,Others
1378.jpg,20-29,Male,Indian
1379.jpg,20-29,Female,Others
138.jpg,20-29,Male,Others
1380.jpg,20-29,Male,Others
1381.jpg,20-29,Female,Others
1382.jpg,20-29,Female,Others
1383.jpg,20-29,Male,Asian
1384.jpg,20-29,Male,Asian
1385.jpg,20-29,Male,Others
1386.jpg,20-29,Male,Others
1387.jpg,none,none,none
1388.jpg,20-29,Male,Others
1389.jpg,20-29,Female,Others
139.jpg,20-29,Male,Others
1390.jpg,20-29,Male,Others
1391.jpg,20-29,Male,Others
1392.jpg,20-29,Female,Others
1393.jpg,20-29,Male,Others
1394.jpg,20-29,Male,Others
1395.jpg,20-29,Male,Others
1396.jpg,none,none,none
1397.jpg,20-29,Male,Others
1398.jpg,20-29,Male,Others
1399.jpg,20-29,Male,Others
14.jpg,20-29,Female,Others
140.jpg,none,none,none
1400.jpg,20-29,Male,Others
1401.jpg,20-29,Female,Others
1402.jpg,20-29,Male,Others
1403.jpg,20-29,Female,Black
1404.jpg,20-29,Male,Others
1405.jpg,20-29,Female,Others
1406.jpg,20-29,Male,Others
1407.jpg,20-29,Male,Others
1408.jpg,20-29,Female,Others
1409.jpg,20-29,Male,Others
141.jpg,20-29,Male,Others
1410.jpg,20-29,Male,Others
1411.jpg,20-29,Female,Others
1412.jpg,20-29,Male,Others
1413.jpg,20-29,Male,Others
1414.jpg,20-29,Female,Others
1415.jpg,20-29,Male,Others
1416.jpg,20-29,Male,Others
1417.jpg,20-29,Male,Others
1418.jpg,20-29,Male,Others
1419.jpg,20-29,Male,Others
142.jpg,20-29,Male,Asian
1420.jpg,20-29,Female,Others
1421.jpg,20-29,Male,Others
1422.jpg,20-29,Male,Others
1423.jpg,20-29,Male,Others
1424.jpg,20-29,Male,Others
1425.jpg,20-29,Female,Others
1426.jpg,20-29,Male,Others
1427.jpg,20-29,Female,Others
1428.jpg,20-29,Male,Asian
1429.jpg,20-29,Male,Black
143.jpg,none,none,none
1430.jpg,20-29,Male,Others
1431.jpg,20-29,Male,Others
1432.jpg,20-29,Male,Others
1433.jpg,20-29,Male,Asian
1434.jpg,20-29,Male,Others
1435.jpg,20-29,Male,Others
1436.jpg,20-29,Male,Black
1437.jpg,20-29,Male,Others
1438.jpg,20-29,Female,Black
1439.jpg,20-29,Male,Asian
144.jpg,20-29,Female,Others
1440.jpg,20-29,Male,Others
1441.jpg,20-29,Male,Asian
1442.jpg,20-29,Male,Others
1443.jpg,20-29,Female,Others
1444.jpg,20-29,Male,Others
1445.jpg,20-29,Male,Others
1446.jpg,20-29,Male,Others
1447.jpg,20-29,Male,Others
1448.jpg,20-29,Male,Others
1449.jpg,20-29,Female,Others
145.jpg,20-29,Female,Others
1450.jpg,20-29,Male,Others
1451.jpg,20-29,Male,Asian
1452.jpg,20-29,Male,Others
1453.jpg,20-29,Male,Others
1454.jpg,20-29,Female,Others
1455.jpg,20-29,Female,Others
1456.jpg,20-29,Male,Asian
1457.jpg,20-29,Male,Others
1458.jpg,20-29,Male,Others
1459.jpg,20-29,Male,Others
146.jpg,20-29,Male,Others
1460.jpg,20-29,Female,Others
1461.jpg,20-29,Male,Others
1462.jpg,20-29,Female,Asian
1463.jpg,20-29,Male,Others
1464.jpg,20-29,Male,Others
1465.jpg,20-29,Female,Others
1466.jpg,20-29,Male,Others
1467.jpg,20-29,Male,Black
1468.jpg,20-29,Female,Others
1469.jpg,20-29,Male,Others
147.jpg,20-29,Female,Others
1470.jpg,20-29,Male,Asian
1471.jpg,20-29,Male,Others
1472.jpg,20-29,Male,Others
1473.jpg,20-29,Female,Others
1474.jpg,20-29,Female,Others
1475.jpg,20-29,Female,Indian
1476.jpg,20-29,Male,Others
1477.jpg,20-29,Female,Others
1478.jpg,20-29,Male,Others
1479.jpg,20-29,Male,Asian
148.jpg,20-29,Male,Others
1480.jpg,20-29,Male,Others
1481.jpg,20-29,Female,Others
1482.jpg,20-29,Male,Asian
1483.jpg,20-29,Male,Asian
1484.jpg,20-29,Male,Others
1485.jpg,20-29,Male,Others
1486.jpg,20-29,Male,Others
1487.jpg,20-29,Male,Asian
1488.jpg,20-29,Male,Others
1489.jpg,20-29,Female,Others
149.jpg,20-29,Male,Asian
1490.jpg,20-29,Male,Others
1491.jpg,20-29,Female,Others
1492.jpg,none,none,none
1493.jpg,20-29,Female,Others
1494.jpg,20-29,Male,Asian
1495.jpg,20-29,Male,Others
1496.jpg,20-29,Female,Others
1497.jpg,20-29,Male,Black
1498.jpg,20-29,Male,Others
1499.jpg,20-29,Male,Others
15.jpg,20-29,Male,Others
150.jpg,20-29,Male,Others
1500.jpg,20-29,Male,Others
1501.jpg,20-29,Male,Others
1502.jpg,20-29,Male,Others
1503.jpg,20-29,Female,Others
1504.jpg,20-29,Male,Others
1505.jpg,20-29,Male,Others
1506.jpg,20-29,Male,Others
1507.jpg,20-29,Male,Indian
1508.jpg,20-29,Male,Others
1509.jpg,none,none,none
151.jpg,20-29,Male,Others
1510.jpg,20-29,Female,Others
1511.jpg,20-29,Female,Others
1512.jpg,20-29,Female,Asian
1513.jpg,20-29,Male,Others
1514.jpg,20-29,Male,Others
1515.jpg,20-29,Male,Indian
1516.jpg,20-29,Male,Others
1517.jpg,20-29,Female,Others
1518.jpg,20-29,Male,Others
1519.jpg,none,none,none
152.jpg,20-29,Male,Black
1520.jpg,20-29,Male,Others
1521.jpg,20-29,Male,Asian
1522.jpg,20-29,Female,Others
1523.jpg,20-29,Female,Others
1524.jpg,20-29,Female,Others
1525.jpg,20-29,Male,Others
1526.jpg,20-29,Female,Others
1527.jpg,20-29,Male,Others
1528.jpg,20-29,Male,Others
1529.jpg,20-29,Male,Others
153.jpg,20-29,Male,Others
1530.jpg,20-29,Female,Black
1531.jpg,20-29,Female,Others
1532.jpg,20-29,Male,Others
1533.jpg,20-29,Male,Others
1534.jpg,20-29,Female,Others
1535.jpg,20-29,Male,Asian
1536.jpg,20-29,Male,Asian
1537.jpg,20-29,Male,Asian
1538.jpg,20-29,Male,Others
1539.jpg,20-29,Male,Others
154.jpg,20-29,Female,Others
1540.jpg,20-29,Male,Others
1541.jpg,20-29,Female,Others
1542.jpg,20-29,Male,Others
1543.jpg,20-29,Male,Others
1544.jpg,20-29,Female,Others
1545.jpg,20-29,Male,Others
1546.jpg,20-29,Female,Others
1547.jpg,20-29,Male,Others
1548.jpg,20-29,Male,Others
1549.jpg,20-29,Male,Others
155.jpg,20-29,Male,Others
1550.jpg,20-29,Male,Others
1551.jpg,20-29,Male,Others
1552.jpg,20-29,Male,Others
1553.jpg,20-29,Male,Asian
1554.jpg,20-29,Male,Others
1555.jpg,20-29,Male,Black
1556.jpg,20-29,Male,Others
1557.jpg,20-29,Male,Others
1558.jpg,20-29,Male,Others
1559.jpg,20-29,Male,Asian
156.jpg,20-29,Male,Asian
1560.jpg,20-29,Female,Others
1561.jpg,20-29,Male,Others
1562.jpg,20-29,Male,Others
1563.jpg,20-29,Female,Asian
1564.jpg,20-29,Female,Others
1565.jpg,20-29,Male,Others
1566.jpg,20-29,Male,Others
1567.jpg,20-29,Male,Others
1568.jpg,20-29,Male,Asian
1569.jpg,20-29,Male,Asian
157.jpg,20-29,Male,Others
1570.jpg,20-29,Male,Others
1571.jpg,20-29,Male,Black
1572.jpg,20-29,Male,Others
1573.jpg,20-29,Male,Others
1574.jpg,20-29,Male,Others
1575.jpg,20-29,Male,Black
1576.jpg,20-29,Female,Others
1577.jpg,20-29,Male,Others
1578.jpg,20-29,Female,Others
1579.jpg,20-29,Male,Others
158.jpg,20-29,Male,Others
1580.jpg,20-29,Female,Others
1581.jpg,20-29,Male,Others
1582.jpg,20-29,Female,Others
1583.jpg,20-29,Male,Others
1584.jpg,20-29,Male,Others
1585.jpg,20-29,Male,Others
1586.jpg,20-29,Male,Others
1587.jpg,20-29,Male,Others
1588.jpg,20-29,Female,Black
1589.jpg,20-29,Male,Others
159.jpg,20-29,Male,Others
1590.jpg,none,none,none
1591.jpg,20-29,Male,Others
1592.jpg,20-29,Female,Others
1593.jpg,20-29,Male,Others
1594.jpg,20-29,Male,Others
1595.jpg,20-29,Male,Others
1596.jpg,20-29,Female,Others
1597.jpg,20-29,Female,Others
1598.jpg,20-29,Male,Others
1599.jpg,20-29,Male,Others
16.jpg,20-29,Male,Others
160.jpg,20-29,Male,Asian
1600.jpg,20-29,Female,Others
1601.jpg,20-29,Female,Black
1602.jpg,20-29,Male,Others
1603.jpg,20-29,Female,Others
1604.jpg,20-29,Male,Others
1605.jpg,20-29,Female,Others
1606.jpg,20-29,Male,Others
1607.jpg,20-29,Male,Others
1608.jpg,20-29,Female,Black
1609.jpg,20-29,Male,Others
161.jpg,20-29,Female,Others
1610.jpg,20-29,Female,Others
1611.jpg,20-29,Male,Others
1612.jpg,20-29,Male,Others
1613.jpg,20-29,Male,Others
1614.jpg,20-29,Male,Others
1615.jpg,20-29,Female,Others
1616.jpg,20-29,Male,Others
1617.jpg,20-29,Male,Others
1618.jpg,20-29,Female,Others
1619.jpg,20-29,Male,Others
162.jpg,20-29,Male,Others
1620.jpg,20-29,Male,Others
1621.jpg,20-29,Female,Others
1622.jpg,20-29,Female,Black
1623.jpg,20-29,Female,Others
1624.jpg,20-29,Male,Others
1625.jpg,20-29,Male,Others
1626.jpg,20-29,Male,Others
1627.jpg,20-29,Male,Others
1628.jpg,20-29,Female,Others
1629.jpg,20-29,Female,Others
163.jpg,20-29,Male,Black
1630.jpg,20-29,Male,Others
1631.jpg,20-29,Male,Others
1632.jpg,20-29,Male,Others
1633.jpg,20-29,Male,Asian
1634.jpg,20-29,Male,Others
1635.jpg,20-29,Male,Others
1636.jpg,20-29,Male,Others
1637.jpg,20-29,Male,Others
1638.jpg,20-29,Male,Others
1639.jpg,20-29,Male,Others
164.jpg,20-29,Male,Others
1640.jpg,20-29,Male,Black
1641.jpg,20-29,Male,Asian
1642.jpg,20-29,Female,Others
1643.jpg,20-29,Male,Others
1644.jpg,20-29,Male,Others
1645.jpg,20-29,Male,Others
1646.jpg,20-29,Male,Others
1647.jpg,20-29,Male,Others
1648.jpg,20-29,Male,Others
1649.jpg,20-29,Female,Asian
165.jpg,20-29,Male,Others
1650.jpg,20-29,Male,Others
1651.jpg,20-29,Male,Black
1652.jpg,20-29,Male,Asian
1653.jpg,20-29,Male,Others
1654.jpg,20-29,Male,Others
1655.jpg,20-29,Male,Others
1656.jpg,20-29,Female,Asian
1657.jpg,20-29,Male,Others
1658.jpg,20-29,Male,Others
1659.jpg,20-29,Male,Others
166.jpg,20-29,Male,Others
1660.jpg,20-29,Male,Others
1661.jpg,20-29,Male,Others
1662.jpg,20-29,Male,Others
1663.jpg,20-29,Male,Others
1664.jpg,20-29,Male,Others
1665.jpg,20-29,Male,Others
1666.jpg,20-29,Female,Others
1667.jpg,20-29,Male,Others
1668.jpg,20-29,Male,Others
1669.jpg,20-29,Female,Others
167.jpg,none,none,none
1670.jpg,20-29,Male,Others
1671.jpg,20-29,Female,Others
1672.jpg,20-29,Male,Others
1673.jpg,20-29,Male,Others
1674.jpg,20-29,Male,Black
1675.jpg,20-29,Female,Black
1676.jpg,20-29,Male,Others
1677.jpg,20-29,Male,Others
1678.jpg,20-29,Female,Black
1679.jpg,20-29,Female,Others
168.jpg,20-29,Female,Black
1680.jpg,20-29,Female,Others
1681.jpg,20-29,Female,Others
1682.jpg,20-29,Male,Others
1683.jpg,20-29,Male,Black
1684.jpg,20-29,Male,Others
1685.jpg,20-29,Male,Others
1686.jpg,20-29,Female,Others
1687.jpg,20-29,Male,Others
1688.jpg,20-29,Female,Others
1689.jpg,20-29,Male,Others
169.jpg,20-29,Male,Others
1690.jpg,20-29,Male,Others
1691.jpg,20-29,Female,Others
1692.jpg,20-29,Male,Asian
1693.jpg,20-29,Female,Others
1694.jpg,20-29,Female,Others
1695.jpg,20-29,Female,Asian
1696.jpg,20-29,Female,Others
1697.jpg,20-29,Male,Others
1698.jpg,20-29,Male,Others
1699.jpg,20-29,Male,Others
17.jpg,20-29,Female,Others
170.jpg,20-29,Male,Others
1700.jpg,20-29,Male,Others
1701.jpg,20-29,Male,Others
1702.jpg,20-29,Male,Others
1703.jpg,20-29,Male,Others
1704.jpg,20-29,Male,Others
1705.jpg,20-29,Male,Others
1706.jpg,20-29,Male,Asian
1707.jpg,none,none,none
1708.jpg,20-29,Male,Others
1709.jpg,20-29,Male,Others
171.jpg,20-29,Female,Others
1710.jpg,20-29,Male,Others
1711.jpg,20-29,Female,Others
1712.jpg,20-29,Female,Others
1713.jpg,20-29,Female,Others
1714.jpg,20-29,Male,Others
1715.jpg,20-29,Male,Asian
1716.jpg,20-29,Male,Black
1717.jpg,20-29,Female,Black
1718.jpg,20-29,Male,Others
1719.jpg,20-29,Male,Others
172.jpg,20-29,Female,Others
1720.jpg,20-29,Male,Others
1721.jpg,20-29,Male,Others
1722.jpg,20-29,Male,Indian
1723.jpg,20-29,Male,Others
1724.jpg,20-29,Female,Others
1725.jpg,20-29,Male,Others
1726.jpg,20-29,Male,Others
1727.jpg,20-29,Male,Others
1728.jpg,20-29,Male,Others
1729.jpg,20-29,Female,Others
173.jpg,20-29,Female,Others
1730.jpg,20-29,Male,Others
1731.jpg,20-29,Female,Asian
1732.jpg,20-29,Male,Others
1733.jpg,20-29,Male,Others
1734.jpg,20-29,Male,Others
1735.jpg,20-29,Male,Asian
1736.jpg,20-29,Male,Others
1737.jpg,20-29,Male,Others
1738.jpg,20-29,Male,Others
1739.jpg,20-29,Female,Others
174.jpg,20-29,Female,Others
1740.jpg,20-29,Male,Others
1741.jpg,20-29,Male,Others
1742.jpg,20-29,Female,Others
1743.jpg,20-29,Male,Others
1744.jpg,20-29,Male,Others
1745.jpg,20-29,Male,Others
1746.jpg,20-29,Male,Others
1747.jpg,20-29,Male,Others
1748.jpg,20-29,Female,Others
1749.jpg,20-29,Female,Others
175.jpg,20-29,Male,Others
1750.jpg,20-29,Female,Others
1751.jpg,20-29,Male,Others
1752.jpg,20-29,Female,Asian
1753.jpg,20-29,Male,Others
1754.jpg,20-29,Male,Others
1755.jpg,20-29,Male,Asian
1756.jpg,20-29,Female,Black
1757.jpg,20-29,Female,Others
1758.jpg,20-29,Male,Others
1759.jpg,20-29,Female,Others
176.jpg,20-29,Female,Others
1760.jpg,20-29,Male,Others
1761.jpg,20-29,Male,Others
1762.jpg,20-29,Female,Others
1763.jpg,20-29,Male,Others
1764.jpg,20-29,Male,Indian
1765.jpg,20-29,Female,Asian
1766.jpg,20-29,Female,Others
1767.jpg,20-29,Male,Others
1768.jpg,20-29,Male,Others
1769.jpg,20-29,Male,Asian
177.jpg,20-29,Male,Others
1770.jpg,20-29,Male,Others
1771.jpg,20-29,Male,Others
1772.jpg,20-29,Male,Others
1773.jpg,20-29,Female,Others
1774.jpg,20-29,Male,Others
1775.jpg,20-29,Female,Black
1776.jpg,20-29,Male,Others
1777.jpg,20-29,Female,Others
1778.jpg,20-29,Female,Others
1779.jpg,20-29,Male,Others
178.jpg,20-29,Female,Others
1780.jpg,20-29,Male,Others
1781.jpg,20-29,Male,Others
1782.jpg,20-29,Male,Others
1783.jpg,20-29,Male,Others
1784.jpg,20-29,Male,Others
1785.jpg,20-29,Male,Others
1786.jpg,20-29,Female,Others
1787.jpg,20-29,Male,Others
1788.jpg,20-29,Male,Others
1789.jpg,20-29,Male,Black
179.jpg,20-29,Male,Others
1790.jpg,20-29,Female,Others
1791.jpg,20-29,Female,Others
1792.jpg,20-29,Female,Others
1793.jpg,20-29,Male,Others
1794.jpg,20-29,Male,Others
1795.jpg,20-29,Male,Others
1796.jpg,20-29,Male,Others
1797.jpg,20-29,Female,Others
1798.jpg,20-29,Male,Indian
1799.jpg,20-29,Male,Others
18.jpg,20-29,Female,Others
180.jpg,20-29,Male,Others
1800.jpg,20-29,Male,Others
1801.jpg,20-29,Male,Others
1802.jpg,20-29,Male,Asian
1803.jpg,20-29,Female,Others
1804.jpg,20-29,Male,Others
1805.jpg,20-29,Female,Others
1806.jpg,20-29,Female,Others
1807.jpg,20-29,Male,Others
1808.jpg,20-29,Female,Others
1809.jpg,20-29,Male,Others
181.jpg,none,none,none
1810.jpg,20-29,Female,Others
1811.jpg,20-29,Female,Others
1812.jpg,20-29,Male,Others
1813.jpg,20-29,Male,Others
1814.jpg,20-29,Male,Others
1815.jpg,20-29,Male,Others
1816.jpg,20-29,Male,Others
1817.jpg,20-29,Male,Indian
1818.jpg,20-29,Female,Asian
1819.jpg,20-29,Female,Others
182.jpg,20-29,Male,Others
1820.jpg,20-29,Male,Others
1821.jpg,20-29,Male,Others
1822.jpg,20-29,Male,Others
1823.jpg,20-29,Female,Others
1824.jpg,20-29,Male,Asian
1825.jpg,20-29,Male,Others
1826.jpg,20-29,Male,Asian
1827.jpg,20-29,Male,Others
1828.jpg,20-29,Male,Others
1829.jpg,20-29,Male,Others
183.jpg,none,none,none
1830.jpg,20-29,Female,Black
1831.jpg,20-29,Female,Others
1832.jpg,20-29,Male,Others
1833.jpg,20-29,Female,Others
1834.jpg,20-29,Female,Others
1835.jpg,20-29,Male,Others
1836.jpg,20-29,Female,Others
1837.jpg,20-29,Male,Asian
1838.jpg,20-29,Female,Others
1839.jpg,20-29,Male,Asian
184.jpg,none,none,none
1840.jpg,20-29,Female,Others
1841.jpg,20-29,Male,Others
1842.jpg,20-29,Male,Others
1843.jpg,20-29,Female,Asian
1844.jpg,20-29,Male,Others
1845.jpg,20-29,Female,Others
1846.jpg,20-29,Male,Others
1847.jpg,20-29,Male,Others
1848.jpg,20-29,Female,Others
1849.jpg,20-29,Male,Others
185.jpg,20-29,Male,Others
1850.jpg,20-29,Male,Others
1851.jpg,20-29,Female,Others
1852.jpg,20-29,Male,Others
1853.jpg,20-29,Male,Others
1854.jpg,20-29,Male,Others
1855.jpg,20-29,Male,Others
1856.jpg,20-29,Female,Others
1857.jpg,20-29,Female,Others
1858.jpg,20-29,Male,Others
1859.jpg,20-29,Male,Others
186.jpg,20-29,Female,Others
1860.jpg,20-29,Male,Others
1861.jpg,20-29,Male,Others
1862.jpg,20-29,Female,Others
1863.jpg,20-29,Male,Others
1864.jpg,20-29,Male,Others
1865.jpg,20-29,Female,Others
1866.jpg,20-29,Male,Others
1867.jpg,20-29,Male,Others
1868.jpg,20-29,Male,Others
1869.jpg,20-29,Male,Others
187.jpg,20-29,Male,Black
1870.jpg,20-29,Male,Others
1871.jpg,20-29,Male,Others
1872.jpg,20-29,Male,Others
1873.jpg,none,none,none
1874.jpg,20-29,Male,Others
1875.jpg,20-29,Male,Asian
1876.jpg,20-29,Female,Asian
1877.jpg,20-29,Female,Others
1878.jpg,20-29,Male,Others
1879.jpg,20-29,Male,Others
188.jpg,none,none,none
1880.jpg,20-29,Male,Indian
1881.jpg,20-29,Male,Others
1882.jpg,20-29,Female,Others
1883.jpg,20-29,Male,Others
1884.jpg,20-29,Male,Others
1885.jpg,20-29,Male,Others
1886.jpg,20-29,Male,Black
1887.jpg,20-29,Male,Others
1888.jpg,20-29,Male,Asian
1889.jpg,20-29,Female,Others
189.jpg,20-29,Male,Others
1890.jpg,20-29,Female,Others
1891.jpg,20-29,Male,Others
1892.jpg,20-29,Male,Others
1893.jpg,20-29,Male,Others
1894.jpg,20-29,Male,Others
1895.jpg,20-29,Male,Others
1896.jpg,20-29,Male,Asian
1897.jpg,20-29,Male,Others
1898.jpg,20-29,Male,Others
1899.jpg,20-29,Female,Others
19.jpg,20-29,Male,Others
190.jpg,20-29,Male,Others
1900.jpg,none,none,none
1901.jpg,20-29,Female,Others
1902.jpg,20-29,Male,Others
1903.jpg,20-29,Male,Others
1904.jpg,20-29,Female,Others
1905.jpg,20-29,Male,Others
1906.jpg,20-29,Male,Others
1907.jpg,none,none,none
1908.jpg,20-29,Female,Asian
1909.jpg,20-29,Male,Asian
191.jpg,20-29,Male,Black
1910.jpg,20-29,Female,Others
1911.jpg,20-29,Male,Asian
1912.jpg,20-29,Male,Others
1913.jpg,20-29,Male,Others
1914.jpg,20-29,Male,Others
1915.jpg,20-29,Male,Others
1916.jpg,20-29,Male,Others
1917.jpg,20-29,Male,Others
1918.jpg,20-29,Male,Others
1919.jpg,20-29,Male,Others
192.jpg,20-29,Female,Others
1920.jpg,20-29,Female,Others
1921.jpg,20-29,Male,Others
1922.jpg,20-29,Male,Others
1923.jpg,20-29,Male,Others
1924.jpg,none,none,none
1925.jpg,none,none,none
1926.jpg,20-29,Male,Others
1927.jpg,20-29,Male,Others
1928.jpg,20-29,Male,Others
1929.jpg,none,none,none
193.jpg,20-29,Male,Others
1930.jpg,20-29,Female,Others
1931.jpg,20-29,Male,Others
1932.jpg,20-29,Male,Asian
1933.jpg,20-29,Male,Others
1934.jpg,20-29,Male,Black
1935.jpg,20-29,Female,Others
1936.jpg,20-29,Female,Others
1937.jpg,20-29,Male,Others
1938.jpg,20-29,Male,Asian
1939.jpg,20-29,Female,Others
194.jpg,none,none,none
1940.jpg,20-29,Male,Others
1941.jpg,20-29,Male,Asian
1942.jpg,20-29,Male,Asian
1943.jpg,20-29,Female,Others
1944.jpg,20-29,Male,Others
1945.jpg,20-29,Male,Others
1946.jpg,20-29,Male,Others
1947.jpg,20-29,Male,Others
1948.jpg,20-29,Female,Others
1949.jpg,20-29,Male,Others
195.jpg,20-29,Female,Others
1950.jpg,20-29,Female,Others
1951.jpg,20-29,Female,Others
1952.jpg,20-29,Female,Others
1953.jpg,20-29,Male,Others
1954.jpg,20-29,Female,Others
1955.jpg,20-29,Male,Others
1956.jpg,20-29,Male,Others
1957.jpg,20-29,Male,Asian
1958.jpg,20-29,Male,Others
1959.jpg,20-29,Male,Others
196.jpg,none,none,none
1960.jpg,20-29,Male,Others
1961.jpg,20-29,Male,Others
1962.jpg,20-29,Male,Others
1963.jpg,20-29,Female,Others
1964.jpg,20-29,Female,Others
1965.jpg,20-29,Male,Others
1966.jpg,20-29,Male,Others
1967.jpg,20-29,Female,Others
1968.jpg,20-29,Female,Others
1969.jpg,20-29,Female,Others
197.jpg,none,none,none
1970.jpg,20-29,Male,Indian
1971.jpg,20-29,Female,Others
1972.jpg,20-29,Male,Others
1973.jpg,20-29,Male,Others
1974.jpg,20-29,Male,Black
1975.jpg,20-29,Female,Black
1976.jpg,20-29,Male,Others
1977.jpg,none,none,none
1978.jpg,20-29,Male,Asian
1979.jpg,20-29,Male,Others
198.jpg,20-29,Female,Others
1980.jpg,20-29,Male,Others
1981.jpg,20-29,Male,Others
1982.jpg,20-29,Male,Others
1983.jpg,20-29,Female,Others
1984.jpg,20-29,Male,Others
1985.jpg,20-29,Female,Others
1986.jpg,20-29,Male,Others
1987.jpg,20-29,Male,Others
1988.jpg,20-29,Male,Others
1989.jpg,20-29,Female,Others
199.jpg,none,none,none
1990.jpg,20-29,Male,Others
1991.jpg,20-29,Female,Others
1992.jpg,20-29,Male,Others
1993.jpg,20-29,Female,Asian
1994.jpg,20-29,Male,Asian
1995.jpg,20-29,Male,Others
1996.jpg,20-29,Male,Others
1997.jpg,20-29,Male,Others
1998.jpg,20-29,Male,Others
1999.jpg,20-29,Male,Others
2.jpg,20-29,Male,Others
20.jpg,20-29,Male,Others
200.jpg,20-29,Male,Others
2000.jpg,20-29,Male,Others
2001.jpg,20-29,Female,Others
2002.jpg,20-29,Female,Asian
2003.jpg,20-29,Male,Others
2004.jpg,20-29,Male,Others
2005.jpg,20-29,Male,Asian
2006.jpg,20-29,Female,Others
2007.jpg,20-29,Male,Others
2008.jpg,20-29,Female,Others
2009.jpg,20-29,Male,Others
201.jpg,20-29,Female,Others
2010.jpg,20-29,Female,Others
2011.jpg,20-29,Male,Others
2012.jpg,20-29,Male,Others
2013.jpg,20-29,Female,Others
2014.jpg,20-29,Male,Others
2015.jpg,20-29,Female,Others
2016.jpg,20-29,Male,Black
2017.jpg,20-29,Male,Others
2018.jpg,20-29,Female,Others
2019.jpg,20-29,Male,Others
202.jpg,20-29,Male,Others
2020.jpg,20-29,Male,Others
2021.jpg,20-29,Male,Asian
2022.jpg,20-29,Female,Others
2023.jpg,20-29,Female,Others
2024.jpg,20-29,Male,Asian
2025.jpg,20-29,Male,Others
2026.jpg,none,none,none
2027.jpg,20-29,Female,Others
2028.jpg,20-29,Male,Others
2029.jpg,20-29,Male,Others
203.jpg,20-29,Male,Black
2030.jpg,20-29,Male,Others
2031.jpg,20-29,Male,Others
2032.jpg,20-29,Male,Others
2033.jpg,20-29,Male,Others
2034.jpg,20-29,Male,Others
2035.jpg,20-29,Male,Others
2036.jpg,20-29,Male,Others
2037.jpg,20-29,Male,Others
2038.jpg,20-29,Male,Others
2039.jpg,20-29,Male,Others
204.jpg,20-29,Male,Others
2040.jpg,20-29,Male,Asian
2041.jpg,20-29,Female,Others
2042.jpg,20-29,Female,Others
2043.jpg,20-29,Female,Black
2044.jpg,20-29,Male,Others
2045.jpg,20-29,Male,Others
2046.jpg,20-29,Female,Others
2047.jpg,20-29,Male,Indian
2048.jpg,20-29,Male,Others
2049.jpg,20-29,Male,Others
205.jpg,20-29,Female,Others
2050.jpg,20-29,Male,Black
2051.jpg,20-29,Female,Others
2052.jpg,20-29,Male,Others
2053.jpg,20-29,Male,Black
2054.jpg,20-29,Male,Others
2055.jpg,20-29,Male,Others
2056.jpg,20-29,Male,Others
2057.jpg,20-29,Male,Others
2058.jpg,20-29,Female,Others
2059.jpg,20-29,Male,Others
206.jpg,20-29,Male,Others
2060.jpg,20-29,Male,Others
2061.jpg,20-29,Male,Others
2062.jpg,20-29,Male,Others
2063.jpg,20-29,Male,Others
2064.jpg,20-29,Female,Others
2065.jpg,20-29,Male,Black
2066.jpg,20-29,Male,Others
2067.jpg,20-29,Male,Asian
2068.jpg,20-29,Male,Others
2069.jpg,20-29,Male,Others
207.jpg,20-29,Male,Others
2070.jpg,20-29,Female,Others
2071.jpg,20-29,Male,Others
2072.jpg,20-29,Male,Others
2073.jpg,20-29,Female,Indian
2074.jpg,20-29,Female,Others
2075.jpg,20-29,Female,Others
2076.jpg,20-29,Male,Others
2077.jpg,20-29,Male,Asian
2078.jpg,20-29,Male,Others
2079.jpg,none,none,none
208.jpg,20-29,Female,Others
2080.jpg,20-29,Male,Others
2081.jpg,20-29,Male,Others
2082.jpg,20-29,Female,Others
2083.jpg,20-29,Female,Others
2084.jpg,20-29,Female,Others
2085.jpg,20-29,Male,Others
2086.jpg,20-29,Male,Others
2087.jpg,none,none,none
2088.jpg,20-29,Male,Others
2089.jpg,20-29,Male,Others
209.jpg,20-29,Female,Others
2090.jpg,none,none,none
2091.jpg,none,none,none
2092.jpg,20-29,Male,Others
2093.jpg,20-29,Male,Others
2094.jpg,20-29,Male,Others
2095.jpg,20-29,Male,Others
2096.jpg,20-29,Female,Others
2097.jpg,20-29,Male,Others
2098.jpg,20-29,Male,Others
2099.jpg,20-29,Male,Others
21.jpg,20-29,Male,Others
210.jpg,20-29,Male,Others
2100.jpg,20-29,Male,Others
2101.jpg,20-29,Male,Black
2102.jpg,20-29,Female,Others
2103.jpg,20-29,Male,Others
2104.jpg,20-29,Male,Others
2105.jpg,20-29,Female,Others
2106.jpg,20-29,Male,Asian
2107.jpg,20-29,Male,Others
2108.jpg,20-29,Female,Others
2109.jpg,20-29,Male,Others
211.jpg,20-29,Male,Others
2110.jpg,20-29,Female,Others
2111.jpg,20-29,Male,Others
2112.jpg,20-29,Male,Others
2113.jpg,20-29,Female,Others
2114.jpg,20-29,Male,Others
2115.jpg,20-29,Male,Others
2116.jpg,20-29,Male,Others
2117.jpg,20-29,Female,Asian
2118.jpg,20-29,Male,Others
2119.jpg,20-29,Female,Others
212.jpg,20-29,Male,Others
2120.jpg,20-29,Female,Others
2121.jpg,20-29,Male,Others
2122.jpg,20-29,Male,Others
2123.jpg,20-29,Female,Others
2124.jpg,20-29,Female,Asian
2125.jpg,20-29,Male,Others
2126.jpg,20-29,Male,Others
2127.jpg,20-29,Male,Others
2128.jpg,20-29,Female,Others
2129.jpg,20-29,Male,Indian
213.jpg,20-29,Male,Others
2130.jpg,20-29,Male,Black
2131.jpg,20-29,Male,Others
2132.jpg,20-29,Female,Others
2133.jpg,20-29,Male,Others
2134.jpg,20-29,Male,Others
2135.jpg,20-29,Male,Others
2136.jpg,20-29,Male,Others
2137.jpg,20-29,Male,Black
2138.jpg,20-29,Female,Others
2139.jpg,20-29,Female,Indian
214.jpg,20-29,Female,Others
2140.jpg,20-29,Male,Others
2141.jpg,20-29,Male,Others
2142.jpg,20-29,Male,Others
2143.jpg,20-29,Male,Others
2144.jpg,none,none,none
2145.jpg,20-29,Male,Others
2146.jpg,20-29,Male,Others
2147.jpg,20-29,Male,Others
2148.jpg,20-29,Male,Others
2149.jpg,20-29,Male,Others
215.jpg,none,none,none
2150.jpg,20-29,Male,Others
2151.jpg,20-29,Male,Others
2152.jpg,20-29,Male,Others
2153.jpg,20-29,Female,Others
2154.jpg,20-29,Male,Others
2155.jpg,20-29,Male,Others
2156.jpg,20-29,Male,Others
2157.jpg,20-29,Male,Others
2158.jpg,20-29,Female,Others
2159.jpg,20-29,Female,Others
216.jpg,none,none,none
2160.jpg,20-29,Male,Others
2161.jpg,20-29,Male,Others
2162.jpg,20-29,Male,Others
2163.jpg,20-29,Male,Others
2164.jpg,20-29,Male,Others
2165.jpg,20-29,Female,Others
2166.jpg,20-29,Female,Others
2167.jpg,20-29,Male,Others
2168.jpg,20-29,Male,Others
2169.jpg,20-29,Male,Others
217.jpg,20-29,Female,Others
2170.jpg,20-29,Male,Others
2171.jpg,20-29,Male,Others
2172.jpg,20-29,Male,Others
2173.jpg,20-29,Male,Others
2174.jpg,20-29,Male,Others
2175.jpg,20-29,Male,Others
2176.jpg,20-29,Male,Others
2177.jpg,20-29,Female,Others
2178.jpg,20-29,Male,Others
2179.jpg,20-29,Female,Others
218.jpg,none,none,none
2180.jpg,20-29,Female,Asian
2181.jpg,20-29,Female,Others
2182.jpg,20-29,Male,Others
2183.jpg,20-29,Male,Others
2184.jpg,20-29,Male,Asian
2185.jpg,20-29,Male,Others
2186.jpg,20-29,Male,Others
2187.jpg,20-29,Male,Others
2188.jpg,20-29,Male,Others
2189.jpg,20-29,Male,Others
219.jpg,20-29,Female,Others
2190.jpg,20-29,Male,Others
2191.jpg,20-29,Male,Black
2192.jpg,20-29,Female,Black
2193.jpg,20-29,Male,Others
2194.jpg,20-29,Female,Others
2195.jpg,20-29,Male,Others
2196.jpg,20-29,Male,Others
2197.jpg,20-29,Male,Others
2198.jpg,20-29,Male,Others
2199.jpg,20-29,Male,Others
22.jpg,20-29,Female,Others
220.jpg,20-29,Male,Black
2200.jpg,20-29,Male,Others
2201.jpg,20-29,Male,Others
2202.jpg,20-29,Female,Others
2203.jpg,20-29,Male,Others
2204.jpg,20-29,Male,Others
2205.jpg,none,none,none
2206.jpg,20-29,Male,Others
2207.jpg,20-29,Female,Others
2208.jpg,20-29,Male,Others
2209.jpg,20-29,Male,Black
221.jpg,20-29,Female,Others
2210.jpg,20-29,Male,Others
2211.jpg,20-29,Male,Others
2212.jpg,20-29,Male,Others
2213.jpg,none,none,none
2214.jpg,20-29,Male,Others
2215.jpg,20-29,Male,Others
2216.jpg,20-29,Female,Others
2217.jpg,20-29,Male,Others
2218.jpg,20-29,Male,Others
2219.jpg,20-29,Male,Others
222.jpg,20-29,Male,Black
2220.jpg,20-29,Male,Others
2221.jpg,20-29,Male,Others
2222.jpg,none,none,none
2223.jpg,20-29,Male,Others
2224.jpg,20-29,Male,Others
2225.jpg,20-29,Male,Others
2226.jpg,20-29,Male,Others
2227.jpg,20-29,Male,Others
2228.jpg,20-29,Female,Asian
2229.jpg,20-29,Male,Others
223.jpg,20-29,Male,Others
2230.jpg,20-29,Male,Others
2231.jpg,20-29,Male,Others
2232.jpg,20-29,Male,Others
2233.jpg,20-29,Male,Others
2234.jpg,20-29,Male,Others
2235.jpg,20-29,Male,Others
2236.jpg,20-29,Male,Others
2237.jpg,20-29,Male,Others
2238.jpg,20-29,Male,Others
2239.jpg,20-29,Male,Others
224.jpg,20-29,Male,Others
2240.jpg,20-29,Male,Others
2241.jpg,20-29,Male,Others
2242.jpg,20-29,Male,Indian
2243.jpg,20-29,Male,Asian
2244.jpg,20-29,Female,Others
2245.jpg,20-29,Male,Asian
2246.jpg,20-29,Male,Others
2247.jpg,20-29,Male,Others
2248.jpg,20-29,Female,Others
2249.jpg,20-29,Male,Others
225.jpg,20-29,Female,Others
2250.jpg,20-29,Male,Others
2251.jpg,20-29,Male,Others
2252.jpg,20-29,Male,Others
2253.jpg,20-29,Female,Others
2254.jpg,20-29,Male,Others
2255.jpg,20-29,Female,Others
2256.jpg,20-29,Male,Others
2257.jpg,20-29,Male,Others
2258.jpg,20-29,Male,Others
2259.jpg,20-29,Male,Others
226.jpg,20-29,Male,Others
2260.jpg,20-29,Male,Others
2261.jpg,20-29,Female,Others
2262.jpg,20-29,Male,Others
2263.jpg,20-29,Female,Others
2264.jpg,20-29,Male,Others
2265.jpg,20-29,Male,Others
2266.jpg,20-29,Male,Others
2267.jpg,20-29,Male,Others
2268.jpg,20-29,Female,Others
2269.jpg,20-29,Male,Others
227.jpg,20-29,Female,Others
2270.jpg,20-29,Male,Others
2271.jpg,20-29,Male,Others
2272.jpg,20-29,Female,Others
2273.jpg,20-29,Male,Others
2274.jpg,20-29,Male,Others
2275.jpg,20-29,Male,Others
2276.jpg,20-29,Male,Others
2277.jpg,20-29,Male,Asian
2278.jpg,20-29,Male,Others
2279.jpg,20-29,Male,Others
228.jpg,none,none,none
2280.jpg,20-29,Male,Others
2281.jpg,20-29,Female,Others
2282.jpg,20-29,Male,Others
2283.jpg,20-29,Male,Others
2284.jpg,20-29,Male,Others
2285.jpg,20-29,Male,Black
2286.jpg,20-29,Male,Others
2287.jpg,20-29,Male,Asian
2288.jpg,20-29,Female,Others
2289.jpg,20-29,Female,Asian
229.jpg,20-29,Male,Others
2290.jpg,20-29,Female,Others
2291.jpg,20-29,Female,Asian
2292.jpg,20-29,Male,Others
2293.jpg,20-29,Male,Others
2294.jpg,20-29,Male,Asian
2295.jpg,20-29,Female,Others
2296.jpg,20-29,Female,Others
2297.jpg,20-29,Male,Others
2298.jpg,20-29,Male,Others
2299.jpg,20-29,Male,Others
23.jpg,20-29,Female,Others
230.jpg,20-29,Female,Others
2300.jpg,20-29,Female,Others
2301.jpg,20-29,Male,Black
2302.jpg,20-29,Female,Others
2303.jpg,20-29,Female,Others
2304.jpg,20-29,Male,Others
2305.jpg,20-29,Male,Others
2306.jpg,20-29,Female,Others
2307.jpg,20-29,Male,Others
2308.jpg,20-29,Female,Others
2309.jpg,20-29,Male,Others
231.jpg,none,none,none
2310.jpg,20-29,Male,Others
2311.jpg,20-29,Female,Others
2312.jpg,20-29,Male,Others
2313.jpg,20-29,Male,Others
2314.jpg,20-29,Female,Others
2315.jpg,20-29,Male,Others
2316.jpg,20-29,Female,Others
2317.jpg,none,none,none
2318.jpg,20-29,Male,Others
2319.jpg,20-29,Male,Others
232.jpg,20-29,Male,Black
2320.jpg,20-29,Male,Others
2321.jpg,20-29,Male,Others
2322.jpg,20-29,Male,Others
2323.jpg,20-29,Male,Others
2324.jpg,20-29,Male,Others
2325.jpg,20-29,Male,Others
2326.jpg,20-29,Male,Others
2327.jpg,20-29,Male,Indian
2328.jpg,20-29,Male,Others
2329.jpg,20-29,Female,Others
233.jpg,20-29,Male,Others
2330.jpg,20-29,Male,Others
2331.jpg,20-29,Female,Others
2332.jpg,20-29,Male,Others
2333.jpg,20-29,Male,Others
2334.jpg,20-29,Male,Others
2335.jpg,20-29,Male,Others
2336.jpg,20-29,Male,Others
2337.jpg,20-29,Male,Others
2338.jpg,20-29,Female,Others
2339.jpg,20-29,Male,Others
234.jpg,20-29,Male,Black
2340.jpg,20-29,Female,Others
2341.jpg,20-29,Male,Others
2342.jpg,20-29,Male,Others
2343.jpg,20-29,Male,Others
2344.jpg,20-29,Female,Others
2345.jpg,20-29,Female,Others
2346.jpg,20-29,Female,Others
2347.jpg,20-29,Male,Others
2348.jpg,20-29,Male,Asian
2349.jpg,20-29,Male,Others
235.jpg,20-29,Male,Black
2350.jpg,20-29,Female,Others
2351.jpg,20-29,Male,Others
2352.jpg,20-29,Male,Others
2353.jpg,20-29,Female,Asian
2354.jpg,20-29,Male,Others
2355.jpg,20-29,Male,Others
2356.jpg,20-29,Male,Others
2357.jpg,20-29,Male,Others
2358.jpg,20-29,Male,Others
2359.jpg,20-29,Male,Others
236.jpg,20-29,Male,Others
2360.jpg,20-29,Female,Others
2361.jpg,20-29,Male,Others
2362.jpg,20-29,Male,Others
2363.jpg,20-29,Male,Others
2364.jpg,20-29,Male,Others
2365.jpg,20-29,Female,Others
2366.jpg,20-29,Male,Others
2367.jpg,20-29,Male,Black
2368.jpg,20-29,Male,Others
2369.jpg,20-29,Male,Others
237.jpg,none,none,none
2370.jpg,20-29,Male,Others
2371.jpg,20-29,Male,Others
2372.jpg,20-29,Male,Others
2373.jpg,20-29,Male,Others
2374.jpg,20-29,Male,Others
2375.jpg,20-29,Male,Others
2376.jpg,20-29,Male,Asian
2377.jpg,20-29,Male,Others
2378.jpg,20-29,Male,Others
2379.jpg,20-29,Female,Others
238.jpg,20-29,Male,Others
2380.jpg,20-29,Male,Others
2381.jpg,20-29,Male,Others
2382.jpg,20-29,Male,Others
2383.jpg,none,none,none
2384.jpg,20-29,Male,Others
2385.jpg,20-29,Male,Others
2386.jpg,20-29,Male,Others
2387.jpg,20-29,Female,Others
2388.jpg,20-29,Male,Others
2389.jpg,20-29,Male,Others
239.jpg,20-29,Female,Others
2390.jpg,20-29,Male,Others
2391.jpg,20-29,Female,Indian
2392.jpg,20-29,Male,Others
2393.jpg,20-29,Female,Others
2394.jpg,20-29,Female,Others
2395.jpg,20-29,Female,Others
2396.jpg,20-29,Male,Black
2397.jpg,20-29,Male,Others
2398.jpg,20-29,Female,Asian
2399.jpg,20-29,Female,Black
24.jpg,20-29,Male,Others
240.jpg,20-29,Female,Others
2400.jpg,20-29,Male,Others
2401.jpg,20-29,Male,Others
2402.jpg,20-29,Male,Others
2403.jpg,20-29,Male,Asian
2404.jpg,20-29,Male,Others
2405.jpg,20-29,Male,Others
2406.jpg,20-29,Female,Others
2407.jpg,20-29,Male,Others
2408.jpg,20-29,Male,Others
2409.jpg,20-29,Male,Black
241.jpg,20-29,Male,Others
2410.jpg,20-29,Male,Others
2411.jpg,20-29,Male,Others
2412.jpg,20-29,Female,Others
2413.jpg,20-29,Male,Others
2414.jpg,20-29,Male,Others
2415.jpg,20-29,Female,Others
2416.jpg,20-29,Male,Black
2417.jpg,20-29,Male,Others
2418.jpg,20-29,Male,Asian
2419.jpg,20-29,Male,Indian
242.jpg,20-29,Male,Others
2420.jpg,20-29,Male,Others
2421.jpg,none,none,none
2422.jpg,20-29,Male,Others
2423.jpg,20-29,Male,Others
2424.jpg,20-29,Female,Others
2425.jpg,20-29,Female,Others
2426.jpg,20-29,Male,Others
2427.jpg,20-29,Male,Others
2428.jpg,20-29,Female,Others
2429.jpg,20-29,Female,Others
243.jpg,20-29,Female,Others
2430.jpg,20-29,Male,Others
2431.jpg,20-29,Female,Others
2432.jpg,20-29,Male,Others
2433.jpg,20-29,Female,Others
2434.jpg,20-29,Female,Others
2435.jpg,20-29,Male,Others
2436.jpg,20-29,Male,Others
2437.jpg,20-29,Male,Others
2438.jpg,20-29,Male,Others
2439.jpg,20-29,Male,Others
244.jpg,none,none,none
2440.jpg,20-29,Male,Others
2441.jpg,20-29,Female,Others
2442.jpg,20-29,Male,Others
2443.jpg,20-29,Male,Others
2444.jpg,20-29,Male,Others
2445.jpg,20-29,Male,Others
2446.jpg,20-29,Female,Others
2447.jpg,20-29,Male,Asian
2448.jpg,20-29,Male,Others
2449.jpg,20-29,Male,Asian
245.jpg,20-29,Male,Others
2450.jpg,20-29,Female,Others
2451.jpg,20-29,Male,Others
2452.jpg,20-29,Male,Black
2453.jpg,20-29,Female,Asian
2454.jpg,20-29,Female,Others
2455.jpg,20-29,Female,Others
2456.jpg,20-29,Male,Black
2457.jpg,20-29,Female,Black
2458.jpg,20-29,Male,Others
2459.jpg,20-29,Male,Others
246.jpg,20-29,Female,Others
2460.jpg,none,none,none
2461.jpg,20-29,Male,Others
2462.jpg,20-29,Male,Others
2463.jpg,20-29,Male,Others
2464.jpg,20-29,Male,Others
2465.jpg,20-29,Female,Others
2466.jpg,20-29,Male,Others
2467.jpg,20-29,Male,Others
2468.jpg,20-29,Female,Others
2469.jpg,20-29,Female,Others
247.jpg,none,none,none
2470.jpg,20-29,Female,Indian
2471.jpg,20-29,Male,Indian
2472.jpg,20-29,Male,Others
2473.jpg,20-29,Female,Asian
2474.jpg,20-29,Male,Indian
2475.jpg,20-29,Male,Others
2476.jpg,20-29,Male,Others
2477.jpg,20-29,Male,Others
2478.jpg,20-29,Female,Asian
2479.jpg,20-29,Male,Others
248.jpg,20-29,Female,Others
2480.jpg,20-29,Female,Others
2481.jpg,20-29,Male,Others
2482.jpg,20-29,Female,Others
2483.jpg,20-29,Male,Black
2484.jpg,20-29,Male,Others
2485.jpg,20-29,Male,Black
2486.jpg,20-29,Male,Others
2487.jpg,20-29,Female,Others
2488.jpg,20-29,Female,Others
2489.jpg,20-29,Female,Others
249.jpg,20-29,Male,Others
2490.jpg,20-29,Female,Asian
2491.jpg,20-29,Male,Others
2492.jpg,20-29,Male,Others
2493.jpg,20-29,Male,Others
2494.jpg,20-29,Male,Black
2495.jpg,20-29,Male,Others
2496.jpg,20-29,Male,Others
2497.jpg,20-29,Male,Others
2498.jpg,none,none,none
2499.jpg,20-29,Female,Others
25.jpg,20-29,Male,Others
250.jpg,20-29,Female,Others
2500.jpg,20-29,Male,Others
2501.jpg,20-29,Male,Others
2502.jpg,20-29,Male,Others
2503.jpg,20-29,Female,Others
2504.jpg,20-29,Male,Others
2505.jpg,20-29,Male,Others
2506.jpg,20-29,Male,Others
2507.jpg,20-29,Male,Others
2508.jpg,20-29,Female,Others
2509.jpg,20-29,Male,Others
251.jpg,20-29,Male,Others
2510.jpg,20-29,Male,Others
2511.jpg,20-29,Male,Others
2512.jpg,20-29,Male,Others
2513.jpg,20-29,Female,Others
2514.jpg,20-29,Male,Others
2515.jpg,20-29,Male,Black
2516.jpg,20-29,Male,Others
2517.jpg,20-29,Male,Asian
2518.jpg,20-29,Male,Asian
2519.jpg,20-29,Male,Others
252.jpg,none,none,none
2520.jpg,20-29,Male,Others
2521.jpg,20-29,Female,Asian
2522.jpg,20-29,Female,Asian
2523.jpg,20-29,Male,Others
2524.jpg,20-29,Female,Others
2525.jpg,20-29,Female,Others
2526.jpg,20-29,Male,Others
2527.jpg,20-29,Male,Others
2528.jpg,20-29,Male,Others
2529.jpg,20-29,Male,Others
253.jpg,20-29,Male,Others
2530.jpg,20-29,Female,Others
2531.jpg,20-29,Male,Others
2532.jpg,20-29,Female,Asian
2533.jpg,20-29,Female,Others
2534.jpg,20-29,Male,Asian
2535.jpg,20-29,Male,Others
2536.jpg,20-29,Female,Others
2537.jpg,20-29,Male,Others
2538.jpg,20-29,Female,Others
2539.jpg,20-29,Female,Others
254.jpg,20-29,Male,Others
2540.jpg,20-29,Female,Others
2541.jpg,20-29,Male,Others
2542.jpg,20-29,Male,Asian
2543.jpg,20-29,Male,Others
2544.jpg,20-29,Female,Others
2545.jpg,20-29,Male,Others
2546.jpg,20-29,Male,Others
2547.jpg,20-29,Male,Others
2548.jpg,20-29,Male,Others
2549.jpg,20-29,Male,Others
255.jpg,20-29,Male,Others
2550.jpg,none,none,none
2551.jpg,none,none,none
2552.jpg,none,none,none
2553.jpg,20-29,Male,Others
2554.jpg,20-29,Male,Others
2555.jpg,20-29,Male,Others
2556.jpg,20-29,Male,Others
2557.jpg,20-29,Male,Others
2558.jpg,20-29,Male,Others
2559.jpg,20-29,Male,Others
256.jpg,20-29,Female,Others
2560.jpg,20-29,Male,Others
2561.jpg,20-29,Female,Others
2562.jpg,20-29,Male,Others
2563.jpg,20-29,Male,Others
2564.jpg,20-29,Male,Others
2565.jpg,20-29,Male,Others
2566.jpg,20-29,Female,Asian
2567.jpg,20-29,Male,Others
2568.jpg,20-29,Male,Others
2569.jpg,20-29,Male,Others
257.jpg,none,none,none
2570.jpg,20-29,Male,Others
2571.jpg,20-29,Female,Others
2572.jpg,20-29,Male,Black
2573.jpg,20-29,Male,Others
2574.jpg,20-29,Female,Others
2575.jpg,20-29,Male,Asian
2576.jpg,20-29,Male,Others
2577.jpg,20-29,Female,Others
2578.jpg,20-29,Male,Indian
2579.jpg,20-29,Male,Others
258.jpg,20-29,Male,Others
2580.jpg,20-29,Female,Others
2581.jpg,20-29,Female,Others
2582.jpg,20-29,Male,Others
2583.jpg,20-29,Male,Others
2584.jpg,20-29,Male,Others
2585.jpg,20-29,Male,Others
2586.jpg,20-29,Female,Others
2587.jpg,20-29,Male,Others
2588.jpg,20-29,Male,Others
2589.jpg,20-29,Male,Others
259.jpg,20-29,Male,Others
2590.jpg,20-29,Male,Others
2591.jpg,20-29,Male,Black
2592.jpg,20-29,Female,Others
2593.jpg,20-29,Female,Others
2594.jpg,20-29,Male,Others
2595.jpg,20-29,Male,Others
2596.jpg,20-29,Male,Others
2597.jpg,20-29,Male,Others
2598.jpg,20-29,Male,Others
2599.jpg,20-29,Male,Asian
26.jpg,20-29,Male,Others
260.jpg,20-29,Male,Others
2600.jpg,20-29,Male,Black
2601.jpg,20-29,Male,Others
2602.jpg,20-29,Male,Asian
2603.jpg,20-29,Male,Others
2604.jpg,20-29,Male,Others
2605.jpg,20-29,Female,Others
2606.jpg,20-29,Male,Others
2607.jpg,20-29,Male,Others
2608.jpg,20-29,Female,Asian
2609.jpg,20-29,Female,Asian
261.jpg,20-29,Female,Others
2610.jpg,20-29,Female,Asian
2611.jpg,none,none,none
2612.jpg,20-29,Male,Others
2613.jpg,20-29,Male,Asian
2614.jpg,20-29,Male,Indian
2615.jpg,20-29,Female,Others
2616.jpg,20-29,Male,Others
2617.jpg,20-29,Female,Others
2618.jpg,20-29,Female,Others
2619.jpg,none,none,none
262.jpg,20-29,Male,Others
2620.jpg,20-29,Male,Others
2621.jpg,20-29,Male,Others
2622.jpg,20-29,Male,Others
2623.jpg,20-29,Male,Others
2624.jpg,20-29,Male,Others
2625.jpg,20-29,Male,Others
2626.jpg,20-29,Male,Others
2627.jpg,20-29,Male,Black
2628.jpg,20-29,Male,Others
2629.jpg,20-29,Male,Others
263.jpg,none,none,none
2630.jpg,20-29,Male,Others
2631.jpg,20-29,Female,Others
2632.jpg,20-29,Female,Asian
2633.jpg,20-29,Male,Others
2634.jpg,20-29,Male,Others
2635.jpg,20-29,Female,Others
2636.jpg,20-29,Male,Black
2637.jpg,20-29,Male,Others
2638.jpg,20-29,Female,Others
2639.jpg,20-29,Male,Others
264.jpg,none,none,none
2640.jpg,20-29,Male,Others
2641.jpg,20-29,Male,Others
2642.jpg,20-29,Male,Others
2643.jpg,20-29,Male,Others
2644.jpg,20-29,Male,Others
2645.jpg,20-29,Male,Others
2646.jpg,20-29,Male,Others
2647.jpg,20-29,Male,Others
2648.jpg,20-29,Male,Black
2649.jpg,20-29,Male,Others
265.jpg,20-29,Female,Others
2650.jpg,20-29,Female,Others
2651.jpg,20-29,Male,Others
2652.jpg,20-29,Male,Others
2653.jpg,20-29,Female,Others
2654.jpg,20-29,Male,Others
2655.jpg,20-29,Male,Others
2656.jpg,20-29,Male,Others
2657.jpg,20-29,Male,Others
2658.jpg,20-29,Male,Others
2659.jpg,20-29,Female,Others
266.jpg,20-29,Male,Others
2660.jpg,20-29,Female,Others
2661.jpg,20-29,Male,Indian
2662.jpg,20-29,Male,Indian
2663.jpg,20-29,Male,Black
2664.jpg,20-29,Male,Others
2665.jpg,20-29,Male,Black
2666.jpg,20-29,Male,Others
2667.jpg,20-29,Female,Others
2668.jpg,20-29,Female,Others
2669.jpg,20-29,Male,Others
267.jpg,20-29,Male,Others
2670.jpg,20-29,Male,Others
2671.jpg,20-29,Male,Others
2672.jpg,none,none,none
2673.jpg,20-29,Female,Black
2674.jpg,20-29,Male,Others
2675.jpg,none,none,none
2676.jpg,20-29,Female,Others
2677.jpg,20-29,Male,Others
2678.jpg,20-29,Male,Others
2679.jpg,20-29,Male,Others
268.jpg,20-29,Male,Others
2680.jpg,20-29,Female,Others
2681.jpg,20-29,Male,Asian
2682.jpg,20-29,Male,Others
2683.jpg,20-29,Male,Others
2684.jpg,20-29,Male,Others
2685.jpg,20-29,Male,Others
2686.jpg,20-29,Female,Others
2687.jpg,20-29,Male,Others
2688.jpg,20-29,Male,Others
2689.jpg,20-29,Male,Others
269.jpg,20-29,Male,Others
2690.jpg,20-29,Male,Others
2691.jpg,none,none,none
2692.jpg,20-29,Male,Others
2693.jpg,20-29,Male,Others
2694.jpg,20-29,Female,Others
2695.jpg,20-29,Female,Others
2696.jpg,20-29,Male,Others
2697.jpg,20-29,Male,Others
2698.jpg,20-29,Female,Others
2699.jpg,20-29,Male,Others
27.jpg,20-29,Male,Others
270.jpg,20-29,Male,Others
2700.jpg,20-29,Female,Others
2701.jpg,20-29,Male,Others
2702.jpg,20-29,Male,Black
2703.jpg,20-29,Male,Others
2704.jpg,20-29,Male,Others
2705.jpg,20-29,Male,Others
2706.jpg,20-29,Male,Asian
2707.jpg,20-29,Male,Others
2708.jpg,20-29,Male,Others
2709.jpg,20-29,Male,Others
271.jpg,20-29,Female,Others
2710.jpg,20-29,Male,Others
2711.jpg,20-29,Male,Others
2712.jpg,20-29,Male,Others
2713.jpg,none,none,none
2714.jpg,20-29,Male,Others
2715.jpg,20-29,Female,Others
2716.jpg,20-29,Male,Others
2717.jpg,20-29,Male,Black
2718.jpg,20-29,Female,Black
2719.jpg,20-29,Male,Others
272.jpg,none,none,none
2720.jpg,20-29,Male,Others
2721.jpg,none,none,none
2722.jpg,20-29,Male,Others
2723.jpg,20-29,Male,Others
2724.jpg,20-29,Male,Others
2725.jpg,20-29,Male,Others
2726.jpg,20-29,Female,Others
2727.jpg,20-29,Male,Others
2728.jpg,20-29,Female,Others
2729.jpg,20-29,Female,Black
273.jpg,20-29,Male,Others
2730.jpg,20-29,Female,Others
2731.jpg,20-29,Female,Others
2732.jpg,20-29,Male,Others
2733.jpg,20-29,Female,Asian
2734.jpg,20-29,Male,Others
2735.jpg,20-29,Male,Others
2736.jpg,20-29,Male,Others
2737.jpg,20-29,Male,Asian
2738.jpg,20-29,Male,Others
2739.jpg,20-29,Male,Others
274.jpg,20-29,Female,Black
2740.jpg,20-29,Male,Others
2741.jpg,20-29,Male,Others
2742.jpg,20-29,Male,Others
2743.jpg,20-29,Female,Others
2744.jpg,20-29,Female,Others
2745.jpg,20-29,Male,Others
2746.jpg,20-29,Male,Others
2747.jpg,20-29,Male,Others
2748.jpg,20-29,Male,Others
2749.jpg,20-29,Male,Others
275.jpg,20-29,Male,Others
2750.jpg,20-29,Female,Others
2751.jpg,20-29,Female,Black
2752.jpg,20-29,Female,Indian
2753.jpg,20-29,Male,Others
2754.jpg,20-29,Female,Others
2755.jpg,20-29,Female,Black
2756.jpg,20-29,Male,Asian
2757.jpg,20-29,Female,Others
2758.jpg,20-29,Female,Others
2759.jpg,20-29,Female,Others
276.jpg,20-29,Male,Others
2760.jpg,20-29,Male,Others
2761.jpg,20-29,Male,Others
2762.jpg,20-29,Male,Others
2763.jpg,20-29,Male,Others
2764.jpg,20-29,Female,Others
2765.jpg,20-29,Male,Others
2766.jpg,20-29,Male,Others
2767.jpg,20-29,Male,Others
2768.jpg,20-29,Male,Asian
2769.jpg,20-29,Male,Others
277.jpg,none,none,none
2770.jpg,20-29,Female,Others
2771.jpg,20-29,Male,Others
2772.jpg,20-29,Male,Black
2773.jpg,20-29,Female,Others
2774.jpg,20-29,Female,Others
2775.jpg,20-29,Male,Others
2776.jpg,20-29,Female,Others
2777.jpg,20-29,Male,Others
2778.jpg,20-29,Male,Others
2779.jpg,20-29,Male,Others
278.jpg,20-29,Female,Others
2780.jpg,20-29,Male,Others
2781.jpg,20-29,Male,Others
2782.jpg,20-29,Male,Others
2783.jpg,20-29,Male,Others
2784.jpg,20-29,Male,Others
2785.jpg,20-29,Male,Others
2786.jpg,20-29,Male,Others
2787.jpg,20-29,Male,Others
2788.jpg,20-29,Male,Others
2789.jpg,20-29,Female,Others
279.jpg,20-29,Male,Others
2790.jpg,20-29,Male,Others
2791.jpg,20-29,Female,Others
2792.jpg,20-29,Female,Others
2793.jpg,20-29,Female,Others
2794.jpg,20-29,Male,Others
2795.jpg,20-29,Female,Others
2796.jpg,20-29,Male,Others
2797.jpg,20-29,Male,Others
2798.jpg,20-29,Male,Asian
2799.jpg,20-29,Male,Others
28.jpg,20-29,Female,Others
280.jpg,20-29,Male,Others
2800.jpg,20-29,Male,Asian
2801.jpg,20-29,Male,Asian
2802.jpg,20-29,Male,Others
2803.jpg,20-29,Male,Others
2804.jpg,20-29,Female,Others
2805.jpg,20-29,Male,Others
2806.jpg,20-29,Male,Others
2807.jpg,20-29,Male,Asian
2808.jpg,20-29,Male,Others
2809.jpg,20-29,Male,Others
281.jpg,20-29,Male,Others
2810.jpg,20-29,Male,Others
2811.jpg,20-29,Male,Others
2812.jpg,20-29,Female,Others
2813.jpg,20-29,Male,Others
2814.jpg,20-29,Male,Others
2815.jpg,20-29,Male,Others
2816.jpg,20-29,Male,Others
2817.jpg,20-29,Male,Others
2818.jpg,20-29,Male,Others
2819.jpg,20-29,Male,Others
282.jpg,20-29,Female,Others
2820.jpg,20-29,Female,Others
2821.jpg,none,none,none
2822.jpg,20-29,Female,Others
2823.jpg,20-29,Female,Black
2824.jpg,20-29,Male,Others
2825.jpg,20-29,Male,Others
2826.jpg,20-29,Female,Others
2827.jpg,20-29,Male,Others
2828.jpg,20-29,Male,Others
2829.jpg,20-29,Male,Black
283.jpg,20-29,Male,Others
2830.jpg,20-29,Female,Others
2831.jpg,20-29,Male,Others
2832.jpg,20-29,Male,Others
2833.jpg,20-29,Male,Others
2834.jpg,20-29,Male,Others
2835.jpg,20-29,Male,Others
2836.jpg,20-29,Female,Others
2837.jpg,20-29,Male,Others
2838.jpg,20-29,Male,Others
2839.jpg,20-29,Male,Others
284.jpg,20-29,Male,Others
2840.jpg,20-29,Male,Others
2841.jpg,20-29,Male,Others
2842.jpg,20-29,Male,Others
2843.jpg,20-29,Female,Asian
2844.jpg,20-29,Male,Others
2845.jpg,20-29,Male,Others
2846.jpg,20-29,Female,Others
2847.jpg,20-29,Male,Black
2848.jpg,20-29,Male,Others
2849.jpg,20-29,Male,Others
285.jpg,20-29,Male,Others
2850.jpg,20-29,Male,Others
2851.jpg,20-29,Male,Asian
2852.jpg,20-29,Male,Others
2853.jpg,20-29,Male,Others
2854.jpg,none,none,none
2855.jpg,20-29,Female,Others
2856.jpg,20-29,Male,Others
2857.jpg,20-29,Male,Asian
2858.jpg,20-29,Male,Asian
2859.jpg,20-29,Male,Others
286.jpg,none,none,none
2860.jpg,none,none,none
2861.jpg,20-29,Male,Others
2862.jpg,20-29,Female,Asian
2863.jpg,none,none,none
2864.jpg,20-29,Male,Others
2865.jpg,20-29,Male,Black
2866.jpg,20-29,Male,Others
2867.jpg,20-29,Female,Others
2868.jpg,20-29,Male,Others
2869.jpg,20-29,Female,Others
287.jpg,20-29,Male,Black
2870.jpg,20-29,Male,Others
2871.jpg,20-29,Male,Indian
2872.jpg,20-29,Male,Others
2873.jpg,20-29,Male,Others
2874.jpg,20-29,Male,Others
2875.jpg,20-29,Male,Asian
2876.jpg,20-29,Male,Others
2877.jpg,20-29,Male,Others
2878.jpg,20-29,Male,Others
2879.jpg,none,none,none
288.jpg,none,none,none
2880.jpg,20-29,Female,Others
2881.jpg,20-29,Male,Others
2882.jpg,20-29,Female,Others
2883.jpg,20-29,Male,Indian
2884.jpg,20-29,Male,Others
2885.jpg,20-29,Male,Others
2886.jpg,20-29,Male,Others
2887.jpg,20-29,Male,Asian
2888.jpg,20-29,Female,Others
2889.jpg,20-29,Female,Others
289.jpg,20-29,Male,Others
2890.jpg,20-29,Male,Others
2891.jpg,20-29,Male,Others
2892.jpg,20-29,Male,Others
2893.jpg,20-29,Male,Others
2894.jpg,none,none,none
2895.jpg,20-29,Male,Others
2896.jpg,20-29,Male,Black
2897.jpg,20-29,Female,Others
2898.jpg,none,none,none
2899.jpg,20-29,Male,Others
29.jpg,20-29,Male,Black
290.jpg,20-29,Male,Others
2900.jpg,20-29,Male,Asian
2901.jpg,20-29,Male,Others
2902.jpg,20-29,Male,Others
2903.jpg,20-29,Male,Others
2904.jpg,20-29,Male,Others
2905.jpg,20-29,Male,Others
2906.jpg,20-29,Female,Black
2907.jpg,20-29,Male,Others
2908.jpg,20-29,Male,Others
2909.jpg,20-29,Male,Others
291.jpg,20-29,Male,Black
2910.jpg,20-29,Male,Others
2911.jpg,20-29,Male,Others
2912.jpg,20-29,Female,Others
2913.jpg,20-29,Male,Others
2914.jpg,20-29,Female,Others
2915.jpg,20-29,Male,Others
2916.jpg,20-29,Male,Others
2917.jpg,20-29,Female,Others
2918.jpg,none,none,none
2919.jpg,20-29,Male,Others
292.jpg,20-29,Male,Others
2920.jpg,20-29,Male,Others
2921.jpg,20-29,Male,Others
2922.jpg,20-29,Male,Others
2923.jpg,20-29,Male,Others
2924.jpg,20-29,Male,Others
2925.jpg,20-29,Female,Others
2926.jpg,none,none,none
2927.jpg,20-29,Male,Others
2928.jpg,20-29,Male,Others
2929.jpg,20-29,Male,Asian
293.jpg,20-29,Male,Asian
2930.jpg,20-29,Male,Others
2931.jpg,20-29,Male,Others
2932.jpg,20-29,Male,Others
2933.jpg,20-29,Male,Others
2934.jpg,20-29,Male,Others
2935.jpg,20-29,Male,Others
2936.jpg,20-29,Male,Others
2937.jpg,20-29,Male,Black
2938.jpg,20-29,Female,Others
2939.jpg,20-29,Female,Others
294.jpg,20-29,Male,Others
2940.jpg,20-29,Male,Others
2941.jpg,20-29,Male,Others
2942.jpg,20-29,Male,Others
2943.jpg,20-29,Female,Others
2944.jpg,20-29,Female,Others
2945.jpg,20-29,Female,Others
2946.jpg,none,none,none
2947.jpg,20-29,Male,Others
2948.jpg,20-29,Male,Others
2949.jpg,20-29,Male,Others
295.jpg,20-29,Male,Others
2950.jpg,20-29,Male,Others
2951.jpg,20-29,Male,Others
2952.jpg,20-29,Female,Others
2953.jpg,20-29,Male,Asian
2954.jpg,20-29,Female,Others
2955.jpg,20-29,Female,Others
2956.jpg,20-29,Male,Others
2957.jpg,20-29,Male,Others
2958.jpg,20-29,Male,Others
2959.jpg,20-29,Male,Others
296.jpg,20-29,Male,Others
2960.jpg,20-29,Male,Others
2961.jpg,20-29,Female,Others
2962.jpg,20-29,Male,Others
2963.jpg,20-29,Female,Others
2964.jpg,20-29,Male,Others
2965.jpg,20-29,Female,Others
2966.jpg,20-29,Female,Others
2967.jpg,20-29,Male,Black
2968.jpg,20-29,Male,Others
2969.jpg,20-29,Male,Others
297.jpg,20-29,Male,Others
2970.jpg,20-29,Female,Others
2971.jpg,20-29,Male,Others
2972.jpg,none,none,none
2973.jpg,20-29,Male,Others
2974.jpg,20-29,Male,Others
2975.jpg,20-29,Male,Asian
2976.jpg,20-29,Male,Others
2977.jpg,20-29,Male,Others
2978.jpg,20-29,Male,Others
2979.jpg,20-29,Male,Others
298.jpg,20-29,Male,Others
2980.jpg,20-29,Male,Others
2981.jpg,20-29,Male,Others
2982.jpg,20-29,Female,Others
2983.jpg,20-29,Male,Others
2984.jpg,20-29,Female,Others
2985.jpg,20-29,Male,Others
2986.jpg,20-29,Male,Black
2987.jpg,20-29,Male,Others
2988.jpg,20-29,Male,Others
2989.jpg,20-29,Male,Others
299.jpg,20-29,Female,Others
2990.jpg,20-29,Male,Others
2991.jpg,20-29,Female,Others
2992.jpg,20-29,Male,Others
2993.jpg,20-29,Male,Others
2994.jpg,20-29,Male,Others
2995.jpg,20-29,Male,Others
2996.jpg,20-29,Male,Asian
2997.jpg,20-29,Male,Asian
2998.jpg,20-29,Male,Others
2999.jpg,20-29,Male,Others
3.jpg,20-29,Female,Others
30.jpg,none,none,none
300.jpg,20-29,Female,Others
3000.jpg,20-29,Male,Others
301.jpg,20-29,Male,Others
302.jpg,20-29,Female,Others
303.jpg,none,none,none
304.jpg,20-29,Male,Others
305.jpg,20-29,Male,Others
306.jpg,none,none,none
307.jpg,20-29,Male,Others
308.jpg,20-29,Male,Others
309.jpg,20-29,Male,Others
31.jpg,20-29,Female,Others
310.jpg,20-29,Male,Others
311.jpg,20-29,Female,Others
312.jpg,20-29,Male,Others
313.jpg,20-29,Male,Others
314.jpg,20-29,Male,Others
315.jpg,20-29,Male,Others
316.jpg,20-29,Male,Others
317.jpg,20-29,Male,Others
318.jpg,none,none,none
319.jpg,20-29,Male,Others
32.jpg,20-29,Male,Others
320.jpg,20-29,Male,Others
321.jpg,none,none,none
322.jpg,20-29,Male,Others
323.jpg,20-29,Male,Others
324.jpg,none,none,none
325.jpg,20-29,Male,Others
326.jpg,20-29,Male,Others
327.jpg,20-29,Male,Others
328.jpg,20-29,Male,Others
329.jpg,20-29,Male,Others
33.jpg,20-29,Female,Others
330.jpg,20-29,Male,Others
331.jpg,20-29,Male,Others
332.jpg,20-29,Male,Others
333.jpg,20-29,Female,Others
334.jpg,20-29,Male,Others
335.jpg,20-29,Male,Others
336.jpg,20-29,Male,Others
337.jpg,20-29,Male,Others
338.jpg,20-29,Male,Others
339.jpg,20-29,Female,Others
34.jpg,20-29,Male,Others
340.jpg,20-29,Male,Others
341.jpg,none,none,none
342.jpg,20-29,Male,Others
343.jpg,none,none,none
344.jpg,20-29,Male,Others
345.jpg,20-29,Female,Others
346.jpg,20-29,Female,Others
347.jpg,20-29,Female,Others
348.jpg,20-29,Male,Asian
349.jpg,20-29,Male,Others
35.jpg,20-29,Female,Others
350.jpg,20-29,Male,Others
351.jpg,20-29,Male,Others
352.jpg,20-29,Male,Others
353.jpg,20-29,Male,Others
354.jpg,20-29,Female,Others
355.jpg,20-29,Male,Others
356.jpg,20-29,Male,Others
357.jpg,20-29,Male,Asian
358.jpg,20-29,Female,Others
359.jpg,20-29,Male,Others
36.jpg,20-29,Male,Others
360.jpg,20-29,Female,Asian
361.jpg,20-29,Male,Others
362.jpg,20-29,Male,Others
363.jpg,20-29,Male,Others
364.jpg,20-29,Female,Others
365.jpg,20-29,Male,Others
366.jpg,20-29,Male,Others
367.jpg,20-29,Male,Others
368.jpg,20-29,Female,Others
369.jpg,20-29,Female,Others
37.jpg,20-29,Male,Asian
370.jpg,20-29,Female,Others
371.jpg,20-29,Male,Others
372.jpg,20-29,Male,Others
373.jpg,20-29,Male,Others
374.jpg,20-29,Female,Others
375.jpg,20-29,Male,Others
376.jpg,20-29,Male,Asian
377.jpg,20-29,Male,Others
378.jpg,20-29,Male,Others
379.jpg,20-29,Male,Others
38.jpg,20-29,Female,Others
380.jpg,20-29,Male,Black
381.jpg,20-29,Male,Black
382.jpg,20-29,Male,Others
383.jpg,20-29,Male,Others
384.jpg,20-29,Male,Others
385.jpg,20-29,Male,Others
386.jpg,20-29,Female,Others
387.jpg,20-29,Male,Others
388.jpg,20-29,Male,Others
389.jpg,20-29,Male,Others
39.jpg,20-29,Male,Others
390.jpg,20-29,Male,Others
391.jpg,20-29,Male,Others
392.jpg,20-29,Male,Others
393.jpg,20-29,Male,Others
394.jpg,20-29,Male,Others
395.jpg,20-29,Female,Others
396.jpg,20-29,Female,Others
397.jpg,20-29,Male,Asian
398.jpg,20-29,Male,Others
399.jpg,20-29,Female,Others
4.jpg,20-29,Male,Others
40.jpg,20-29,Male,Others
400.jpg,20-29,Female,Others
401.jpg,20-29,Male,Others
402.jpg,20-29,Female,Others
403.jpg,20-29,Female,Others
404.jpg,20-29,Male,Others
405.jpg,20-29,Female,Others
406.jpg,20-29,Male,Others
407.jpg,20-29,Male,Others
408.jpg,20-29,Male,Others
409.jpg,20-29,Female,Others
41.jpg,20-29,Male,Others
410.jpg,20-29,Female,Others
411.jpg,20-29,Female,Others
412.jpg,20-29,Male,Others
413.jpg,20-29,Male,Others
414.jpg,20-29,Male,Others
415.jpg,20-29,Male,Others
416.jpg,20-29,Male,Others
417.jpg,20-29,Male,Others
418.jpg,20-29,Female,Others
419.jpg,20-29,Female,Asian
42.jpg,20-29,Male,Others
420.jpg,20-29,Male,Others
421.jpg,20-29,Female,Others
422.jpg,20-29,Male,Others
423.jpg,20-29,Female,Others
424.jpg,20-29,Male,Others
425.jpg,20-29,Male,Others
426.jpg,20-29,Female,Others
427.jpg,20-29,Female,Others
428.jpg,20-29,Male,Others
429.jpg,20-29,Male,Others
43.jpg,20-29,Male,Others
430.jpg,20-29,Male,Others
431.jpg,20-29,Female,Others
432.jpg,20-29,Male,Others
433.jpg,20-29,Female,Others
434.jpg,20-29,Male,Others
435.jpg,20-29,Male,Others
436.jpg,20-29,Female,Others
437.jpg,20-29,Male,Others
438.jpg,20-29,Male,Others
439.jpg,20-29,Female,Others
44.jpg,20-29,Male,Others
440.jpg,20-29,Male,Others
441.jpg,20-29,Male,Others
442.jpg,20-29,Male,Others
443.jpg,20-29,Male,Indian
444.jpg,20-29,Male,Others
445.jpg,20-29,Male,Others
446.jpg,20-29,Male,Others
447.jpg,20-29,Male,Others
448.jpg,20-29,Male,Asian
449.jpg,20-29,Female,Others
45.jpg,20-29,Male,Others
450.jpg,20-29,Male,Others
451.jpg,20-29,Male,Black
452.jpg,20-29,Female,Others
453.jpg,20-29,Male,Others
454.jpg,20-29,Male,Others
455.jpg,20-29,Male,Others
456.jpg,20-29,Male,Others
457.jpg,20-29,Female,Others
458.jpg,20-29,Female,Others
459.jpg,20-29,Female,Others
46.jpg,20-29,Male,Others
460.jpg,20-29,Female,Others
461.jpg,20-29,Male,Others
462.jpg,20-29,Male,Others
463.jpg,20-29,Male,Others
464.jpg,20-29,Male,Others
465.jpg,20-29,Male,Asian
466.jpg,20-29,Male,Others
467.jpg,20-29,Female,Others
468.jpg,20-29,Male,Others
469.jpg,20-29,Male,Others
47.jpg,20-29,Male,Others
470.jpg,20-29,Male,Asian
471.jpg,20-29,Male,Others
472.jpg,20-29,Male,Others
473.jpg,20-29,Female,Black
474.jpg,none,none,none
475.jpg,20-29,Female,Others
476.jpg,20-29,Female,Asian
477.jpg,20-29,Male,Others
478.jpg,20-29,Male,Others
479.jpg,20-29,Male,Others
48.jpg,20-29,Male,Others
480.jpg,20-29,Male,Others
481.jpg,20-29,Male,Asian
482.jpg,20-29,Female,Others
483.jpg,20-29,Male,Others
484.jpg,20-29,Male,Others
485.jpg,20-29,Female,Others
486.jpg,20-29,Female,Others
487.jpg,20-29,Male,Others
488.jpg,20-29,Male,Others
489.jpg,20-29,Male,Others
49.jpg,20-29,Male,Others
490.jpg,20-29,Male,Others
491.jpg,20-29,Male,Black
492.jpg,20-29,Male,Others
493.jpg,20-29,Male,Others
494.jpg,20-29,Male,Others
495.jpg,20-29,Male,Others
496.jpg,20-29,Male,Others
497.jpg,20-29,Female,Others
498.jpg,20-29,Male,Asian
499.jpg,20-29,Male,Others
5.jpg,20-29,Female,Others
50.jpg,20-29,Male,Others
500.jpg,20-29,Male,Others
501.jpg,20-29,Female,Others
502.jpg,20-29,Female,Others
503.jpg,20-29,Male,Others
504.jpg,20-29,Male,Others
505.jpg,20-29,Male,Others
506.jpg,20-29,Male,Others
507.jpg,none,none,none
508.jpg,20-29,Female,Others
509.jpg,20-29,Female,Others
51.jpg,20-29,Male,Asian
510.jpg,20-29,Female,Others
511.jpg,20-29,Male,Others
512.jpg,20-29,Male,Others
513.jpg,20-29,Female,Others
514.jpg,20-29,Female,Others
515.jpg,20-29,Female,Others
516.jpg,20-29,Male,Others
517.jpg,20-29,Male,Others
518.jpg,20-29,Male,Asian
519.jpg,20-29,Female,Others
52.jpg,20-29,Male,Black
520.jpg,20-29,Female,Others
521.jpg,20-29,Male,Others
522.jpg,20-29,Female,Others
523.jpg,20-29,Male,Others
524.jpg,none,none,none
525.jpg,20-29,Female,Others
526.jpg,20-29,Male,Others
527.jpg,20-29,Male,Others
528.jpg,20-29,Male,Others
529.jpg,20-29,Male,Others
53.jpg,20-29,Female,Asian
530.jpg,20-29,Female,Others
531.jpg,20-29,Male,Others
532.jpg,20-29,Female,Others
533.jpg,20-29,Female,Others
534.jpg,20-29,Male,Others
535.jpg,20-29,Male,Others
536.jpg,20-29,Male,Others
537.jpg,20-29,Female,Others
538.jpg,20-29,Male,Others
539.jpg,20-29,Male,Others
54.jpg,20-29,Male,Others
540.jpg,20-29,Female,Asian
541.jpg,20-29,Female,Black
542.jpg,20-29,Male,Others
543.jpg,20-29,Male,Others
544.jpg,20-29,Male,Others
545.jpg,20-29,Male,Others
546.jpg,20-29,Male,Others
547.jpg,20-29,Male,Others
548.jpg,20-29,Male,Others
549.jpg,20-29,Male,Others
55.jpg,20-29,Male,Others
550.jpg,20-29,Male,Others
551.jpg,20-29,Male,Others
552.jpg,20-29,Male,Others
553.jpg,20-29,Male,Others
554.jpg,20-29,Female,Others
555.jpg,20-29,Male,Others
556.jpg,20-29,Female,Others
557.jpg,20-29,Male,Others
558.jpg,20-29,Male,Others
559.jpg,20-29,Male,Others
56.jpg,20-29,Male,Others
560.jpg,20-29,Female,Others
561.jpg,20-29,Male,Others
562.jpg,20-29,Male,Black
563.jpg,20-29,Male,Others
564.jpg,20-29,Female,Others
565.jpg,20-29,Male,Black
566.jpg,20-29,Male,Others
567.jpg,20-29,Male,Others
568.jpg,20-29,Male,Others
569.jpg,20-29,Male,Others
57.jpg,20-29,Female,Others
570.jpg,20-29,Male,Asian
571.jpg,20-29,Male,Others
572.jpg,20-29,Male,Others
573.jpg,none,none,none
574.jpg,20-29,Male,Others
575.jpg,20-29,Male,Others
576.jpg,20-29,Male,Others
577.jpg,20-29,Male,Others
578.jpg,20-29,Male,Asian
579.jpg,20-29,Female,Others
58.jpg,20-29,Female,Others
580.jpg,20-29,Female,Asian
581.jpg,20-29,Male,Others
582.jpg,20-29,Male,Others
583.jpg,20-29,Female,Others
584.jpg,20-29,Female,Others
585.jpg,20-29,Male,Others
586.jpg,20-29,Male,Others
587.jpg,20-29,Male,Others
588.jpg,20-29,Male,Others
589.jpg,20-29,Female,Asian
59.jpg,20-29,Male,Others
590.jpg,20-29,Male,Others
591.jpg,20-29,Female,Others
592.jpg,20-29,Female,Others
593.jpg,20-29,Female,Others
594.jpg,20-29,Male,Others
595.jpg,20-29,Male,Others
596.jpg,20-29,Male,Black
597.jpg,20-29,Male,Others
598.jpg,20-29,Female,Others
599.jpg,20-29,Male,Others
6.jpg,20-29,Male,Others
60.jpg,20-29,Female,Others
600.jpg,20-29,Male,Others
601.jpg,20-29,Male,Others
602.jpg,20-29,Male,Others
603.jpg,20-29,Male,Others
604.jpg,20-29,Male,Others
605.jpg,20-29,Male,Others
606.jpg,20-29,Female,Asian
607.jpg,20-29,Male,Others
608.jpg,20-29,Male,Others
609.jpg,20-29,Female,Others
61.jpg,20-29,Male,Others
610.jpg,20-29,Female,Others
611.jpg,20-29,Male,Others
612.jpg,20-29,Male,Others
613.jpg,20-29,Female,Others
614.jpg,20-29,Male,Others
615.jpg,20-29,Male,Others
616.jpg,20-29,Female,Others
617.jpg,none,none,none
618.jpg,20-29,Male,Others
619.jpg,20-29,Female,Others
62.jpg,20-29,Male,Others
620.jpg,20-29,Female,Others
621.jpg,20-29,Male,Others
622.jpg,20-29,Female,Others
623.jpg,20-29,Male,Others
624.jpg,20-29,Male,Others
625.jpg,20-29,Male,Others
626.jpg,20-29,Female,Asian
627.jpg,20-29,Male,Others
628.jpg,20-29,Female,Others
629.jpg,20-29,Female,Others
63.jpg,20-29,Male,Asian
630.jpg,20-29,Male,Asian
631.jpg,20-29,Female,Others
632.jpg,20-29,Male,Others
633.jpg,20-29,Male,Others
634.jpg,20-29,Male,Asian
635.jpg,20-29,Male,Others
636.jpg,20-29,Female,Others
637.jpg,20-29,Female,Others
638.jpg,20-29,Male,Others
639.jpg,20-29,Male,Others
64.jpg,20-29,Female,Others
640.jpg,20-29,Male,Others
641.jpg,20-29,Male,Others
642.jpg,20-29,Male,Others
643.jpg,20-29,Female,Others
644.jpg,20-29,Female,Others
645.jpg,20-29,Male,Others
646.jpg,20-29,Female,Others
647.jpg,20-29,Male,Others
648.jpg,20-29,Female,Others
649.jpg,20-29,Male,Others
65.jpg,20-29,Male,Others
650.jpg,20-29,Male,Others
651.jpg,20-29,Male,Others
652.jpg,20-29,Female,Others
653.jpg,20-29,Male,Others
654.jpg,20-29,Female,Others
655.jpg,20-29,Male,Others
656.jpg,20-29,Male,Others
657.jpg,20-29,Male,Others
658.jpg,20-29,Female,Others
659.jpg,20-29,Male,Others
66.jpg,20-29,Male,Asian
660.jpg,20-29,Male,Others
661.jpg,20-29,Female,Others
662.jpg,20-29,Female,Others
663.jpg,20-29,Male,Others
664.jpg,20-29,Female,Asian
665.jpg,20-29,Female,Black
666.jpg,20-29,Male,Others
667.jpg,20-29,Female,Others
668.jpg,20-29,Male,Others
669.jpg,none,none,none
67.jpg,20-29,Male,Others
670.jpg,20-29,Male,Asian
671.jpg,20-29,Male,Others
672.jpg,20-29,Male,Others
673.jpg,20-29,Male,Others
674.jpg,20-29,Male,Asian
675.jpg,20-29,Male,Others
676.jpg,20-29,Female,Others
677.jpg,20-29,Male,Others
678.jpg,20-29,Female,Asian
679.jpg,20-29,Female,Others
68.jpg,20-29,Male,Others
680.jpg,20-29,Male,Others
681.jpg,20-29,Male,Others
682.jpg,20-29,Female,Asian
683.jpg,20-29,Male,Others
684.jpg,20-29,Male,Others
685.jpg,20-29,Male,Others
686.jpg,20-29,Male,Others
687.jpg,20-29,Male,Others
688.jpg,20-29,Male,Others
689.jpg,20-29,Male,Others
69.jpg,20-29,Female,Others
690.jpg,20-29,Male,Others
691.jpg,20-29,Male,Others
692.jpg,20-29,Male,Others
693.jpg,20-29,Female,Others
694.jpg,20-29,Male,Others
695.jpg,20-29,Male,Others
696.jpg,20-29,Female,Others
697.jpg,20-29,Male,Others
698.jpg,20-29,Male,Others
699.jpg,20-29,Male,Others
7.jpg,20-29,Male,Others
70.jpg,20-29,Male,Others
700.jpg,20-29,Male,Others
701.jpg,20-29,Male,Others
702.jpg,20-29,Male,Others
703.jpg,20-29,Female,Others
704.jpg,20-29,Female,Others
705.jpg,20-29,Male,Asian
706.jpg,20-29,Male,Others
707.jpg,20-29,Male,Others
708.jpg,20-29,Female,Others
709.jpg,20-29,Male,Others
71.jpg,20-29,Male,Others
710.jpg,20-29,Female,Others
711.jpg,none,none,none
712.jpg,20-29,Male,Others
713.jpg,20-29,Male,Others
714.jpg,20-29,Female,Others
715.jpg,20-29,Male,Others
716.jpg,20-29,Male,Others
717.jpg,20-29,Female,Black
718.jpg,20-29,Male,Asian
719.jpg,20-29,Male,Others
72.jpg,20-29,Female,Others
720.jpg,20-29,Male,Others
721.jpg,20-29,Male,Others
722.jpg,20-29,Male,Others
723.jpg,20-29,Male,Asian
724.jpg,20-29,Male,Others
725.jpg,20-29,Male,Others
726.jpg,20-29,Male,Black
727.jpg,20-29,Female,Others
728.jpg,20-29,Male,Others
729.jpg,20-29,Male,Others
73.jpg,20-29,Female,Others
730.jpg,20-29,Male,Others
731.jpg,20-29,Male,Asian
732.jpg,20-29,Female,Others
733.jpg,20-29,Male,Others
734.jpg,20-29,Male,Others
735.jpg,20-29,Male,Others
736.jpg,20-29,Male,Others
737.jpg,20-29,Male,Others
738.jpg,20-29,Male,Others
739.jpg,20-29,Female,Others
74.jpg,20-29,Male,Others
740.jpg,20-29,Male,Others
741.jpg,20-29,Female,Others
742.jpg,20-29,Male,Others
743.jpg,20-29,Male,Others
744.jpg,20-29,Male,Others
745.jpg,20-29,Male,Others
746.jpg,20-29,Male,Others
747.jpg,20-29,Male,Others
748.jpg,20-29,Male,Others
749.jpg,20-29,Male,Asian
75.jpg,20-29,Male,Others
750.jpg,20-29,Female,Others
751.jpg,20-29,Male,Others
752.jpg,20-29,Male,Others
753.jpg,20-29,Female,Others
754.jpg,20-29,Male,Others
755.jpg,20-29,Male,Others
756.jpg,20-29,Female,Others
757.jpg,20-29,Male,Others
758.jpg,20-29,Female,Others
759.jpg,20-29,Male,Others
76.jpg,20-29,Male,Others
760.jpg,20-29,Female,Others
761.jpg,20-29,Female,Others
762.jpg,20-29,Male,Asian
763.jpg,20-29,Female,Others
764.jpg,20-29,Male,Others
765.jpg,20-29,Male,Others
766.jpg,20-29,Female,Others
767.jpg,none,none,none
768.jpg,20-29,Female,Others
769.jpg,20-29,Male,Asian
77.jpg,20-29,Male,Others
770.jpg,20-29,Male,Asian
771.jpg,20-29,Male,Asian
772.jpg,20-29,Male,Others
773.jpg,20-29,Male,Others
774.jpg,20-29,Male,Others
775.jpg,20-29,Male,Others
776.jpg,20-29,Male,Others
777.jpg,20-29,Male,Others
778.jpg,20-29,Male,Indian
779.jpg,20-29,Male,Others
78.jpg,20-29,Male,Others
780.jpg,20-29,Male,Others
781.jpg,20-29,Male,Others
782.jpg,20-29,Male,Others
783.jpg,20-29,Male,Others
784.jpg,20-29,Male,Others
785.jpg,20-29,Male,Others
786.jpg,20-29,Male,Others
787.jpg,20-29,Male,Asian
788.jpg,20-29,Male,Others
789.jpg,20-29,Female,Asian
79.jpg,20-29,Male,Others
790.jpg,20-29,Male,Others
791.jpg,20-29,Male,Others
792.jpg,20-29,Male,Others
793.jpg,20-29,Male,Others
794.jpg,20-29,Male,Others
795.jpg,20-29,Male,Others
796.jpg,20-29,Male,Asian
797.jpg,20-29,Male,Others
798.jpg,20-29,Male,Others
799.jpg,20-29,Male,Others
8.jpg,20-29,Female,Others
80.jpg,20-29,Male,Others
800.jpg,20-29,Female,Others
801.jpg,20-29,Male,Others
802.jpg,20-29,Male,Others
803.jpg,20-29,Male,Others
804.jpg,20-29,Female,Black
805.jpg,20-29,Male,Others
806.jpg,20-29,Female,Others
807.jpg,20-29,Male,Others
808.jpg,20-29,Female,Others
809.jpg,20-29,Male,Others
81.jpg,20-29,Male,Others
810.jpg,20-29,Male,Others
811.jpg,20-29,Male,Others
812.jpg,20-29,Male,Others
813.jpg,20-29,Male,Others
814.jpg,20-29,Male,Others
815.jpg,20-29,Male,Others
816.jpg,20-29,Male,Others
817.jpg,20-29,Female,Others
818.jpg,20-29,Male,Asian
819.jpg,20-29,Male,Others
82.jpg,20-29,Male,Others
820.jpg,20-29,Male,Others
821.jpg,20-29,Female,Others
822.jpg,20-29,Female,Others
823.jpg,20-29,Male,Others
824.jpg,20-29,Male,Others
825.jpg,20-29,Male,Others
826.jpg,20-29,Female,Others
827.jpg,20-29,Male,Others
828.jpg,20-29,Female,Others
829.jpg,20-29,Male,Others
83.jpg,none,none,none
830.jpg,20-29,Female,Others
831.jpg,20-29,Male,Black
832.jpg,20-29,Female,Others
833.jpg,20-29,Male,Others
834.jpg,20-29,Male,Others
835.jpg,20-29,Male,Others
836.jpg,20-29,Male,Asian
837.jpg,20-29,Male,Asian
838.jpg,20-29,Male,Others
839.jpg,20-29,Male,Others
84.jpg,20-29,Male,Asian
840.jpg,20-29,Male,Others
841.jpg,20-29,Male,Others
842.jpg,20-29,Female,Others
843.jpg,20-29,Male,Others
844.jpg,20-29,Male,Others
845.jpg,20-29,Male,Others
846.jpg,20-29,Male,Others
847.jpg,20-29,Female,Others
848.jpg,20-29,Male,Black
849.jpg,20-29,Male,Others
85.jpg,20-29,Male,Others
850.jpg,20-29,Male,Others
851.jpg,20-29,Male,Others
852.jpg,20-29,Male,Others
853.jpg,20-29,Female,Others
854.jpg,20-29,Male,Others
855.jpg,20-29,Male,Black
856.jpg,20-29,Male,Others
857.jpg,20-29,Male,Others
858.jpg,20-29,Male,Others
859.jpg,20-29,Male,Asian
86.jpg,20-29,Male,Others
860.jpg,20-29,Male,Others
861.jpg,20-29,Male,Others
862.jpg,20-29,Male,Asian
863.jpg,20-29,Male,Black
864.jpg,20-29,Male,Others
865.jpg,20-29,Female,Others
866.jpg,20-29,Male,Others
867.jpg,20-29,Male,Others
868.jpg,20-29,Male,Others
869.jpg,20-29,Male,Black
87.jpg,20-29,Male,Others
870.jpg,20-29,Male,Others
871.jpg,20-29,Female,Black
872.jpg,20-29,Male,Others
873.jpg,20-29,Female,Others
874.jpg,20-29,Female,Others
875.jpg,20-29,Male,Asian
876.jpg,20-29,Male,Others
877.jpg,20-29,Female,Asian
878.jpg,20-29,Male,Others
879.jpg,20-29,Female,Others
88.jpg,20-29,Male,Others
880.jpg,none,none,none
881.jpg,20-29,Male,Others
882.jpg,20-29,Male,Asian
883.jpg,20-29,Male,Asian
884.jpg,20-29,Male,Others
885.jpg,none,none,none
886.jpg,20-29,Female,Others
887.jpg,20-29,Male,Others
888.jpg,20-29,Male,Others
889.jpg,20-29,Female,Others
89.jpg,20-29,Male,Others
890.jpg,20-29,Female,Others
891.jpg,20-29,Male,Others
892.jpg,20-29,Male,Others
893.jpg,20-29,Male,Others
894.jpg,20-29,Male,Others
895.jpg,20-29,Male,Asian
896.jpg,20-29,Male,Others
897.jpg,20-29,Female,Others
898.jpg,20-29,Male,Asian
899.jpg,20-29,Female,Asian
9.jpg,20-29,Male,Others
90.jpg,20-29,Male,Indian
900.jpg,20-29,Male,Others
901.jpg,20-29,Male,Others
902.jpg,20-29,Male,Others
903.jpg,20-29,Female,Others
904.jpg,20-29,Female,Others
905.jpg,20-29,Male,Others
906.jpg,20-29,Male,Others
907.jpg,20-29,Female,Others
908.jpg,20-29,Female,Others
909.jpg,20-29,Male,Others
91.jpg,20-29,Female,Others
910.jpg,20-29,Male,Others
911.jpg,20-29,Female,Asian
912.jpg,20-29,Female,Others
913.jpg,20-29,Female,Others
914.jpg,20-29,Male,Others
915.jpg,20-29,Male,Others
916.jpg,20-29,Male,Others
917.jpg,20-29,Male,Others
918.jpg,20-29,Male,Others
919.jpg,20-29,Male,Others
92.jpg,20-29,Female,Others
920.jpg,20-29,Male,Asian
921.jpg,20-29,Male,Others
922.jpg,20-29,Male,Others
923.jpg,20-29,Male,Others
924.jpg,20-29,Male,Others
925.jpg,20-29,Female,Others
926.jpg,20-29,Male,Others
927.jpg,20-29,Male,Others
928.jpg,20-29,Male,Others
929.jpg,20-29,Male,Others
93.jpg,20-29,Male,Others
930.jpg,20-29,Female,Others
931.jpg,20-29,Male,Others
932.jpg,20-29,Male,Others
933.jpg,20-29,Male,Others
934.jpg,20-29,Female,Others
935.jpg,20-29,Male,Others
936.jpg,20-29,Male,Others
937.jpg,20-29,Female,Others
938.jpg,20-29,Female,Others
939.jpg,20-29,Male,Others
94.jpg,20-29,Female,Others
940.jpg,20-29,Female,Others
941.jpg,20-29,Male,Others
942.jpg,20-29,Male,Others
943.jpg,20-29,Female,Asian
944.jpg,20-29,Female,Others
945.jpg,20-29,Male,Others
946.jpg,20-29,Male,Others
947.jpg,20-29,Male,Others
948.jpg,20-29,Male,Others
949.jpg,20-29,Male,Others
95.jpg,20-29,Female,Others
950.jpg,20-29,Female,Others
951.jpg,20-29,Male,Others
952.jpg,20-29,Male,Others
953.jpg,20-29,Male,Others
954.jpg,20-29,Male,Others
955.jpg,20-29,Male,Others
956.jpg,20-29,Male,Others
957.jpg,20-29,Male,Others
958.jpg,20-29,Female,Others
959.jpg,20-29,Male,Others
96.jpg,20-29,Male,Others
960.jpg,20-29,Male,Black
961.jpg,20-29,Male,Others
962.jpg,20-29,Male,Others
963.jpg,20-29,Male,Others
964.jpg,20-29,Male,Others
965.jpg,20-29,Male,Others
966.jpg,20-29,Male,Others
967.jpg,20-29,Male,Others
968.jpg,20-29,Female,Others
969.jpg,20-29,Male,Black
97.jpg,20-29,Male,Others
970.jpg,20-29,Female,Others
971.jpg,20-29,Male,Others
972.jpg,20-29,Male,Others
973.jpg,20-29,Male,Others
974.jpg,20-29,Male,Others
975.jpg,20-29,Male,Others
976.jpg,20-29,Male,Others
977.jpg,20-29,Male,Others
978.jpg,20-29,Female,Others
979.jpg,20-29,Male,Others
98.jpg,20-29,Male,Others
980.jpg,20-29,Male,Others
981.jpg,20-29,Male,Others
982.jpg,20-29,Male,Others
983.jpg,20-29,Male,Others
984.jpg,20-29,Male,Others
985.jpg,20-29,Female,Others
986.jpg,20-29,Male,Others
987.jpg,20-29,Male,Others
988.jpg,20-29,Male,Others
989.jpg,20-29,Male,Others
99.jpg,20-29,Female,Others
990.jpg,20-29,Male,Others
991.jpg,20-29,Male,Others
992.jpg,20-29,Female,Asian
993.jpg,20-29,Male,Others
994.jpg,20-29,Female,Others
995.jpg,20-29,Male,Others
996.jpg,20-29,Male,Others
997.jpg,20-29,Female,Asian
998.jpg,20-29,Male,Black
999.jpg,20-29,Male,Others
