1.jpg,60-69,Male,White
10.jpg,20-29,Male,Black
100.jpg,20-29,Female,Others
1000.jpg,20-29,Male,White
1001.jpg,30-39,Male,White
1002.jpg,20-29,Male,Black
1003.jpg,20-29,Male,Black
1004.jpg,20-29,Female,White
1005.jpg,30-39,Male,White
1006.jpg,20-29,Female,White
1007.jpg,20-29,Male,Black
1008.jpg,20-29,Male,Black
1009.jpg,20-29,Male,Black
101.jpg,10-19,Male,White
1010.jpg,20-29,Male,Black
1011.jpg,20-29,Male,Black
1012.jpg,30-39,Male,Black
1013.jpg,20-29,Male,White
1014.jpg,20-29,Male,Black
1015.jpg,20-29,Male,Asian
1016.jpg,20-29,Male,Indian
1017.jpg,20-29,Female,White
1018.jpg,20-29,Male,Indian
1019.jpg,20-29,Female,Black
102.jpg,20-29,Male,Indian
1020.jpg,20-29,Male,Indian
1021.jpg,30-39,Male,White
1022.jpg,30-39,Male,White
1023.jpg,30-39,Male,White
1024.jpg,20-29,Male,Others
1025.jpg,20-29,Male,Indian
1026.jpg,30-39,Female,White
1027.jpg,30-39,Female,White
1028.jpg,30-39,Male,White
1029.jpg,20-29,Female,Black
103.jpg,10-19,Male,White
1030.jpg,20-29,Female,Black
1031.jpg,30-39,Female,Black
1032.jpg,20-29,Female,Black
1033.jpg,30-39,Female,White
1034.jpg,20-29,Female,Black
1035.jpg,20-29,Female,Black
1036.jpg,20-29,Female,Black
1037.jpg,20-29,Male,Black
1038.jpg,20-29,Female,Asian
1039.jpg,20-29,Female,Asian
104.jpg,20-29,Female,Indian
1040.jpg,30-39,Female,Asian
1041.jpg,30-39,Male,Asian
1042.jpg,30-39,Female,Asian
1043.jpg,0-2,Female,Asian
1044.jpg,20-29,Female,Asian
1045.jpg,20-29,Female,Black
1046.jpg,20-29,Female,White
1047.jpg,20-29,Female,Asian
1048.jpg,20-29,Female,Asian
1049.jpg,20-29,Female,Asian
105.jpg,20-29,Male,Indian
1050.jpg,none,none,none
1051.jpg,20-29,Female,Asian
1052.jpg,20-29,Female,Asian
1053.jpg,20-29,Female,Black
1054.jpg,0-2,Male,Asian
1055.jpg,20-29,Female,Asian
1056.jpg,20-29,Female,Asian
1057.jpg,20-29,Female,White
1058.jpg,20-29,Female,Indian
1059.jpg,30-39,Female,White
106.jpg,10-19,Female,White
1060.jpg,20-29,Female,White
1061.jpg,30-39,Male,Indian
1062.jpg,20-29,Female,Asian
1063.jpg,20-29,Male,Indian
1064.jpg,30-39,Male,Indian
1065.jpg,30-39,Male,White
1066.jpg,20-29,Male,White
1067.jpg,20-29,Male,White
1068.jpg,20-29,Female,White
1069.jpg,30-39,Male,White
107.jpg,20-29,Female,White
1070.jpg,20-29,Female,White
1071.jpg,20-29,Male,White
1072.jpg,30-39,Male,White
1073.jpg,30-39,Female,White
1074.jpg,20-29,Female,Asian
1075.jpg,20-29,Male,White
1076.jpg,30-39,Male,White
1077.jpg,20-29,Male,White
1078.jpg,30-39,Female,White
1079.jpg,20-29,Male,White
108.jpg,20-29,Male,Indian
1080.jpg,30-39,Male,White
1081.jpg,30-39,Male,Black
1082.jpg,30-39,Male,Indian
1083.jpg,50-59,Male,Indian
1084.jpg,30-39,Male,Black
1085.jpg,20-29,Male,Black
1086.jpg,none,none,none
1087.jpg,3-9,Male,Black
1088.jpg,20-29,Male,Black
1089.jpg,20-29,Male,Black
109.jpg,30-39,Male,Black
1090.jpg,20-29,Male,Black
1091.jpg,20-29,Male,Black
1092.jpg,30-39,Male,Black
1093.jpg,20-29,Male,Black
1094.jpg,20-29,Male,Black
1095.jpg,30-39,Male,Black
1096.jpg,20-29,Male,Black
1097.jpg,20-29,Male,Indian
1098.jpg,20-29,Male,Black
1099.jpg,20-29,Male,Black
11.jpg,20-29,Male,Asian
110.jpg,20-29,Female,White
1100.jpg,20-29,Female,Asian
1101.jpg,20-29,Male,Asian
1102.jpg,20-29,Male,Asian
1103.jpg,3-9,Male,White
1104.jpg,20-29,Female,Indian
1105.jpg,20-29,Male,Indian
1106.jpg,30-39,Male,White
1107.jpg,20-29,Male,Black
1108.jpg,30-39,Male,White
1109.jpg,20-29,Male,Black
111.jpg,20-29,Female,Asian
1110.jpg,20-29,Male,Black
1111.jpg,none,none,none
1112.jpg,20-29,Male,Black
1113.jpg,40-49,Male,Indian
1114.jpg,30-39,Male,Black
1115.jpg,20-29,Male,Indian
1116.jpg,20-29,Male,Indian
1117.jpg,30-39,Male,White
1118.jpg,30-39,Male,Indian
1119.jpg,20-29,Male,Black
112.jpg,30-39,Female,White
1120.jpg,20-29,Male,Indian
1121.jpg,20-29,Male,Indian
1122.jpg,30-39,Male,White
1123.jpg,40-49,Male,Indian
1124.jpg,none,none,none
1125.jpg,20-29,Male,White
1126.jpg,30-39,Female,White
1127.jpg,20-29,Female,White
1128.jpg,20-29,Female,White
1129.jpg,20-29,Female,White
113.jpg,20-29,Male,White
1130.jpg,20-29,Female,Indian
1131.jpg,none,none,none
1132.jpg,30-39,Male,White
1133.jpg,30-39,Female,White
1134.jpg,30-39,Female,White
1135.jpg,20-29,Female,White
1136.jpg,20-29,Male,White
1137.jpg,30-39,Female,White
1138.jpg,20-29,Female,White
1139.jpg,20-29,Female,White
114.jpg,30-39,Female,White
1140.jpg,50-59,Female,White
1141.jpg,20-29,Female,Black
1142.jpg,30-39,Female,Black
1143.jpg,20-29,Male,Black
1144.jpg,20-29,Male,Black
1145.jpg,20-29,Female,Black
1146.jpg,20-29,Female,Black
1147.jpg,20-29,Female,Black
1148.jpg,20-29,Female,Indian
1149.jpg,20-29,Female,Black
115.jpg,20-29,Female,Black
1150.jpg,20-29,Female,White
1151.jpg,20-29,Female,Black
1152.jpg,20-29,Female,Black
1153.jpg,20-29,Female,Black
1154.jpg,20-29,Female,Black
1155.jpg,20-29,Male,Black
1156.jpg,20-29,Female,Black
1157.jpg,30-39,Female,Black
1158.jpg,20-29,Female,Asian
1159.jpg,20-29,Female,Black
116.jpg,20-29,Female,Indian
1160.jpg,20-29,Female,Asian
1161.jpg,30-39,Female,Asian
1162.jpg,20-29,Female,Asian
1163.jpg,20-29,Female,Asian
1164.jpg,20-29,Female,Asian
1165.jpg,20-29,Female,Asian
1166.jpg,20-29,Female,Asian
1167.jpg,3-9,Female,Asian
1168.jpg,10-19,Female,White
1169.jpg,20-29,Female,Asian
117.jpg,20-29,Male,Black
1170.jpg,20-29,Female,Asian
1171.jpg,20-29,Female,Asian
1172.jpg,20-29,Female,Asian
1173.jpg,20-29,Female,Asian
1174.jpg,30-39,Female,Asian
1175.jpg,0-2,Female,White
1176.jpg,20-29,Female,Asian
1177.jpg,20-29,Male,Indian
1178.jpg,30-39,Female,White
1179.jpg,20-29,Female,Indian
118.jpg,30-39,Female,White
1180.jpg,20-29,Female,Indian
1181.jpg,20-29,Female,Indian
1182.jpg,20-29,Male,Indian
1183.jpg,20-29,Female,White
1184.jpg,20-29,Female,White
1185.jpg,20-29,Female,Indian
1186.jpg,20-29,Female,Black
1187.jpg,20-29,Female,Indian
1188.jpg,20-29,Female,Asian
1189.jpg,20-29,Female,Black
119.jpg,20-29,Female,Asian
1190.jpg,20-29,Female,White
1191.jpg,20-29,Female,Indian
1192.jpg,20-29,Male,White
1193.jpg,20-29,Male,Asian
1194.jpg,20-29,Female,Black
1195.jpg,30-39,Male,Indian
1196.jpg,20-29,Male,White
1197.jpg,20-29,Male,Black
1198.jpg,20-29,Male,White
1199.jpg,20-29,Male,White
12.jpg,20-29,Male,Black
120.jpg,20-29,Male,White
1200.jpg,0-2,Male,Asian
1201.jpg,40-49,Male,White
1202.jpg,30-39,Male,White
1203.jpg,20-29,Male,Black
1204.jpg,30-39,Male,White
1205.jpg,20-29,Male,White
1206.jpg,30-39,Male,Black
1207.jpg,20-29,Male,Black
1208.jpg,20-29,Male,Black
1209.jpg,30-39,Male,Indian
121.jpg,20-29,Male,Indian
1210.jpg,30-39,Male,Indian
1211.jpg,none,none,none
1212.jpg,30-39,Male,Black
1213.jpg,50-59,Male,Indian
1214.jpg,none,none,none
1215.jpg,20-29,Male,Black
1216.jpg,40-49,Male,Black
1217.jpg,20-29,Male,Indian
1218.jpg,20-29,Male,Indian
1219.jpg,30-39,Male,Indian
122.jpg,20-29,Male,Asian
1220.jpg,20-29,Male,White
1221.jpg,20-29,Male,Asian
1222.jpg,30-39,Male,Black
1223.jpg,20-29,Male,White
1224.jpg,20-29,Male,White
1225.jpg,20-29,Male,White
1226.jpg,20-29,Male,White
1227.jpg,40-49,Female,White
1228.jpg,30-39,Female,White
1229.jpg,30-39,Female,Black
123.jpg,20-29,Male,Black
1230.jpg,20-29,Female,White
1231.jpg,20-29,Female,White
1232.jpg,20-29,Female,White
1233.jpg,20-29,Female,White
1234.jpg,20-29,Female,White
1235.jpg,30-39,Female,Indian
1236.jpg,none,none,none
1237.jpg,20-29,Female,Black
1238.jpg,20-29,Female,Asian
1239.jpg,20-29,Male,Black
124.jpg,20-29,Male,Black
1240.jpg,20-29,Female,Black
1241.jpg,20-29,Male,Black
1242.jpg,20-29,Female,Black
1243.jpg,20-29,Female,Black
1244.jpg,20-29,Female,Black
1245.jpg,20-29,Female,Black
1246.jpg,30-39,Female,Black
1247.jpg,20-29,Female,Black
1248.jpg,20-29,Female,Asian
1249.jpg,20-29,Female,White
125.jpg,none,none,none
1250.jpg,30-39,Female,Indian
1251.jpg,20-29,Female,Asian
1252.jpg,20-29,Female,Asian
1253.jpg,none,none,none
1254.jpg,20-29,Female,Indian
1255.jpg,20-29,Female,Asian
1256.jpg,20-29,Male,Indian
1257.jpg,20-29,Female,Indian
1258.jpg,20-29,Female,Black
1259.jpg,none,none,none
126.jpg,20-29,Female,Others
1260.jpg,0-2,Male,Asian
1261.jpg,0-2,Female,Asian
1262.jpg,0-2,Female,White
1263.jpg,0-2,Male,White
1264.jpg,0-2,Male,White
1265.jpg,50-59,Male,White
1266.jpg,0-2,Male,White
1267.jpg,0-2,Male,White
1268.jpg,3-9,Female,White
1269.jpg,30-39,Female,Black
127.jpg,20-29,Male,White
1270.jpg,0-2,Male,White
1271.jpg,0-2,Female,Asian
1272.jpg,0-2,Female,Asian
1273.jpg,0-2,Male,Asian
1274.jpg,0-2,Male,Black
1275.jpg,20-29,Male,Asian
1276.jpg,20-29,Male,Asian
1277.jpg,0-2,Male,Asian
1278.jpg,10-19,Male,Asian
1279.jpg,0-2,Male,Asian
128.jpg,30-39,Female,White
1280.jpg,0-2,Male,Asian
1281.jpg,0-2,Female,Asian
1282.jpg,0-2,Female,Asian
1283.jpg,0-2,Male,Asian
1284.jpg,0-2,Male,Asian
1285.jpg,0-2,Male,Asian
1286.jpg,0-2,Male,Black
1287.jpg,0-2,Female,Others
1288.jpg,0-2,Female,Indian
1289.jpg,30-39,Male,Black
129.jpg,20-29,Female,White
1290.jpg,0-2,Male,Asian
1291.jpg,30-39,Male,Indian
1292.jpg,20-29,Male,White
1293.jpg,3-9,Female,Indian
1294.jpg,0-2,Female,Asian
1295.jpg,0-2,Female,Asian
1296.jpg,0-2,Female,Indian
1297.jpg,0-2,Male,White
1298.jpg,none,none,none
1299.jpg,0-2,Female,White
13.jpg,3-9,Male,Black
130.jpg,30-39,Female,White
1300.jpg,0-2,Male,Asian
1301.jpg,none,none,none
1302.jpg,0-2,Male,Asian
1303.jpg,none,none,none
1304.jpg,0-2,Male,Asian
1305.jpg,0-2,Male,Asian
1306.jpg,20-29,Male,Asian
1307.jpg,none,none,none
1308.jpg,0-2,Male,Asian
1309.jpg,20-29,Male,Asian
131.jpg,30-39,Female,White
1310.jpg,0-2,Female,Black
1311.jpg,0-2,Male,Asian
1312.jpg,0-2,Female,Asian
1313.jpg,none,none,none
1314.jpg,0-2,Male,Asian
1315.jpg,0-2,Female,Asian
1316.jpg,0-2,Female,Asian
1317.jpg,0-2,Female,Asian
1318.jpg,20-29,Male,White
1319.jpg,0-2,Male,Asian
132.jpg,20-29,Male,White
1320.jpg,0-2,Female,Asian
1321.jpg,3-9,Female,Black
1322.jpg,none,none,none
1323.jpg,none,none,none
1324.jpg,30-39,Male,Asian
1325.jpg,20-29,Male,White
1326.jpg,0-2,Female,White
1327.jpg,10-19,Female,White
1328.jpg,20-29,Male,Black
1329.jpg,20-29,Male,Asian
133.jpg,3-9,Female,White
1330.jpg,20-29,Female,Asian
1331.jpg,0-2,Male,Asian
1332.jpg,none,none,none
1333.jpg,0-2,Male,Asian
1334.jpg,0-2,Male,Asian
1335.jpg,20-29,Male,Asian
1336.jpg,3-9,Female,Asian
1337.jpg,20-29,Male,White
1338.jpg,30-39,Male,White
1339.jpg,20-29,Male,White
134.jpg,20-29,Female,White
1340.jpg,30-39,Female,White
1341.jpg,30-39,Male,White
1342.jpg,30-39,Female,White
1343.jpg,20-29,Male,White
1344.jpg,40-49,Male,Indian
1345.jpg,30-39,Male,White
1346.jpg,20-29,Male,White
1347.jpg,20-29,Male,White
1348.jpg,20-29,Male,White
1349.jpg,20-29,Male,White
135.jpg,20-29,Female,White
1350.jpg,20-29,Male,White
1351.jpg,30-39,Male,Indian
1352.jpg,60-69,Male,White
1353.jpg,20-29,Male,Black
1354.jpg,20-29,Male,Black
1355.jpg,20-29,Male,Black
1356.jpg,30-39,Male,Black
1357.jpg,20-29,Male,Black
1358.jpg,20-29,Male,White
1359.jpg,40-49,Male,White
136.jpg,20-29,Female,White
1360.jpg,20-29,Male,Black
1361.jpg,30-39,Male,Black
1362.jpg,30-39,Male,Indian
1363.jpg,30-39,Male,White
1364.jpg,20-29,Male,White
1365.jpg,20-29,Female,Asian
1366.jpg,20-29,Male,Indian
1367.jpg,20-29,Female,Indian
1368.jpg,none,none,none
1369.jpg,20-29,Male,Indian
137.jpg,3-9,Female,White
1370.jpg,20-29,Male,White
1371.jpg,30-39,Male,White
1372.jpg,20-29,Male,Indian
1373.jpg,none,none,none
1374.jpg,20-29,Male,Black
1375.jpg,30-39,Female,White
1376.jpg,20-29,Female,White
1377.jpg,30-39,Male,White
1378.jpg,20-29,Male,White
1379.jpg,20-29,Female,White
138.jpg,3-9,Female,Asian
1380.jpg,30-39,Female,Others
1381.jpg,40-49,Female,White
1382.jpg,30-39,Female,White
1383.jpg,20-29,Female,Asian
1384.jpg,20-29,Female,White
1385.jpg,20-29,Female,White
1386.jpg,30-39,Male,White
1387.jpg,none,none,none
1388.jpg,20-29,Female,White
1389.jpg,30-39,Female,Black
139.jpg,20-29,Female,Asian
1390.jpg,20-29,Male,White
1391.jpg,20-29,Female,Asian
1392.jpg,20-29,Female,Indian
1393.jpg,20-29,Female,White
1394.jpg,50-59,Female,White
1395.jpg,30-39,Male,White
1396.jpg,none,none,none
1397.jpg,20-29,Female,Asian
1398.jpg,50-59,Male,White
1399.jpg,20-29,Female,Black
14.jpg,0-2,Female,White
140.jpg,none,none,none
1400.jpg,20-29,Female,Black
1401.jpg,20-29,Female,White
1402.jpg,20-29,Female,Black
1403.jpg,30-39,Female,Black
1404.jpg,20-29,Female,Asian
1405.jpg,20-29,Female,Asian
1406.jpg,20-29,Female,White
1407.jpg,3-9,Female,Asian
1408.jpg,20-29,Female,White
1409.jpg,20-29,Female,Asian
141.jpg,20-29,Female,White
1410.jpg,20-29,Female,White
1411.jpg,20-29,Female,Indian
1412.jpg,20-29,Female,Black
1413.jpg,20-29,Male,Asian
1414.jpg,20-29,Female,Asian
1415.jpg,20-29,Female,Indian
1416.jpg,20-29,Female,Indian
1417.jpg,20-29,Male,Black
1418.jpg,20-29,Female,Indian
1419.jpg,20-29,Male,Indian
142.jpg,30-39,Female,White
1420.jpg,30-39,Female,Indian
1421.jpg,20-29,Female,Indian
1422.jpg,20-29,Male,Indian
1423.jpg,20-29,Female,Others
1424.jpg,20-29,Female,White
1425.jpg,20-29,Female,Indian
1426.jpg,20-29,Female,Others
1427.jpg,20-29,Female,Indian
1428.jpg,20-29,Female,Black
1429.jpg,10-19,Female,White
143.jpg,none,none,none
1430.jpg,20-29,Female,Black
1431.jpg,30-39,Female,White
1432.jpg,30-39,Male,White
1433.jpg,30-39,Male,Black
1434.jpg,40-49,Male,White
1435.jpg,30-39,Male,White
1436.jpg,20-29,Male,White
1437.jpg,30-39,Male,Black
1438.jpg,30-39,Male,Black
1439.jpg,30-39,Male,Black
144.jpg,30-39,Female,Black
1440.jpg,20-29,Male,Black
1441.jpg,30-39,Male,White
1442.jpg,30-39,Male,White
1443.jpg,30-39,Female,Asian
1444.jpg,20-29,Male,Indian
1445.jpg,20-29,Male,Indian
1446.jpg,30-39,Male,Indian
1447.jpg,20-29,Male,White
1448.jpg,40-49,Female,White
1449.jpg,20-29,Female,White
145.jpg,20-29,Female,White
1450.jpg,20-29,Female,Indian
1451.jpg,20-29,Female,White
1452.jpg,20-29,Female,Black
1453.jpg,30-39,Female,Black
1454.jpg,30-39,Female,Indian
1455.jpg,40-49,Male,Asian
1456.jpg,20-29,Female,White
1457.jpg,20-29,Female,Black
1458.jpg,20-29,Female,Black
1459.jpg,20-29,Male,Black
146.jpg,30-39,Female,Asian
1460.jpg,20-29,Female,White
1461.jpg,20-29,Female,Black
1462.jpg,20-29,Female,Black
1463.jpg,40-49,Male,Indian
1464.jpg,20-29,Female,Asian
1465.jpg,20-29,Female,Indian
1466.jpg,30-39,Female,Indian
1467.jpg,30-39,Female,Asian
1468.jpg,20-29,Female,Black
1469.jpg,20-29,Female,White
147.jpg,20-29,Male,Indian
1470.jpg,20-29,Female,White
1471.jpg,30-39,Male,White
1472.jpg,30-39,Male,White
1473.jpg,20-29,Male,Black
1474.jpg,30-39,Male,White
1475.jpg,30-39,Male,Black
1476.jpg,30-39,Male,Indian
1477.jpg,20-29,Female,White
1478.jpg,20-29,Male,White
1479.jpg,30-39,Male,White
148.jpg,20-29,Female,Black
1480.jpg,30-39,Male,White
1481.jpg,20-29,Female,Indian
1482.jpg,20-29,Female,White
1483.jpg,30-39,Female,White
1484.jpg,30-39,Female,White
1485.jpg,40-49,Male,White
1486.jpg,30-39,Male,White
1487.jpg,20-29,Male,Black
1488.jpg,20-29,Male,Black
1489.jpg,20-29,Male,Black
149.jpg,20-29,Female,White
1490.jpg,30-39,Male,Black
1491.jpg,30-39,Male,Black
1492.jpg,none,none,none
1493.jpg,20-29,Male,Black
1494.jpg,30-39,Male,Black
1495.jpg,30-39,Female,Black
1496.jpg,40-49,Male,Black
1497.jpg,20-29,Male,Black
1498.jpg,30-39,Male,Black
1499.jpg,3-9,Male,Asian
15.jpg,3-9,Female,Asian
150.jpg,20-29,Female,White
1500.jpg,30-39,Male,Indian
1501.jpg,30-39,Male,Indian
1502.jpg,30-39,Male,White
1503.jpg,20-29,Male,Indian
1504.jpg,20-29,Male,Indian
1505.jpg,30-39,Female,White
1506.jpg,30-39,Female,White
1507.jpg,20-29,Female,Black
1508.jpg,30-39,Female,White
1509.jpg,none,none,none
151.jpg,30-39,Female,White
1510.jpg,30-39,Female,White
1511.jpg,20-29,Male,White
1512.jpg,30-39,Female,White
1513.jpg,30-39,Female,White
1514.jpg,30-39,Female,White
1515.jpg,30-39,Female,White
1516.jpg,3-9,Female,White
1517.jpg,30-39,Female,White
1518.jpg,20-29,Male,White
1519.jpg,none,none,none
152.jpg,20-29,Male,Black
1520.jpg,20-29,Female,Asian
1521.jpg,20-29,Female,Others
1522.jpg,20-29,Female,White
1523.jpg,30-39,Female,White
1524.jpg,20-29,Female,Black
1525.jpg,20-29,Female,Others
1526.jpg,30-39,Female,Black
1527.jpg,30-39,Female,White
1528.jpg,20-29,Female,Black
1529.jpg,20-29,Female,Black
153.jpg,20-29,Female,White
1530.jpg,3-9,Male,Black
1531.jpg,20-29,Female,Black
1532.jpg,30-39,Female,Black
1533.jpg,60-69,Male,White
1534.jpg,20-29,Female,Indian
1535.jpg,20-29,Female,Black
1536.jpg,3-9,Male,Black
1537.jpg,10-19,Female,Black
1538.jpg,20-29,Female,White
1539.jpg,20-29,Female,Black
154.jpg,10-19,Female,White
1540.jpg,20-29,Female,Asian
1541.jpg,20-29,Female,Asian
1542.jpg,20-29,Female,Asian
1543.jpg,0-2,Male,Indian
1544.jpg,30-39,Female,Asian
1545.jpg,20-29,Female,Black
1546.jpg,20-29,Female,Indian
1547.jpg,20-29,Female,Asian
1548.jpg,50-59,Male,White
1549.jpg,20-29,Male,Indian
155.jpg,20-29,Female,White
1550.jpg,20-29,Male,White
1551.jpg,30-39,Female,White
1552.jpg,30-39,Female,White
1553.jpg,40-49,Female,Black
1554.jpg,30-39,Female,Asian
1555.jpg,20-29,Female,White
1556.jpg,30-39,Male,Indian
1557.jpg,20-29,Male,Asian
1558.jpg,30-39,Female,Black
1559.jpg,20-29,Male,White
156.jpg,20-29,Male,White
1560.jpg,20-29,Female,Indian
1561.jpg,30-39,Male,White
1562.jpg,20-29,Male,Black
1563.jpg,30-39,Male,Indian
1564.jpg,20-29,Female,White
1565.jpg,30-39,Female,White
1566.jpg,20-29,Male,Black
1567.jpg,10-19,Female,White
1568.jpg,30-39,Female,White
1569.jpg,10-19,Female,Black
157.jpg,20-29,Female,White
1570.jpg,20-29,Female,Black
1571.jpg,20-29,Female,Black
1572.jpg,20-29,Female,Asian
1573.jpg,20-29,Female,Indian
1574.jpg,30-39,Male,White
1575.jpg,30-39,Male,White
1576.jpg,30-39,Male,Indian
1577.jpg,40-49,Male,Indian
1578.jpg,50-59,Male,White
1579.jpg,30-39,Male,White
158.jpg,20-29,Male,Asian
1580.jpg,20-29,Male,Indian
1581.jpg,10-19,Female,White
1582.jpg,40-49,Female,Asian
1583.jpg,30-39,Male,Black
1584.jpg,20-29,Male,Asian
1585.jpg,20-29,Male,Black
1586.jpg,30-39,Male,Black
1587.jpg,30-39,Male,Black
1588.jpg,30-39,Male,Black
1589.jpg,30-39,Male,Indian
159.jpg,20-29,Female,Indian
1590.jpg,none,none,none
1591.jpg,40-49,Male,White
1592.jpg,20-29,Male,Asian
1593.jpg,20-29,Male,Indian
1594.jpg,20-29,Male,Black
1595.jpg,30-39,Male,Indian
1596.jpg,40-49,Male,White
1597.jpg,20-29,Male,Black
1598.jpg,20-29,Female,White
1599.jpg,30-39,Male,White
16.jpg,10-19,Female,White
160.jpg,20-29,Female,Asian
1600.jpg,30-39,Female,White
1601.jpg,20-29,Female,Asian
1602.jpg,20-29,Female,White
1603.jpg,20-29,Female,Black
1604.jpg,30-39,Female,Black
1605.jpg,30-39,Male,Black
1606.jpg,30-39,Female,Black
1607.jpg,20-29,Male,Black
1608.jpg,20-29,Female,Asian
1609.jpg,20-29,Male,Indian
161.jpg,0-2,Male,Asian
1610.jpg,20-29,Female,Indian
1611.jpg,30-39,Female,Black
1612.jpg,20-29,Female,Black
1613.jpg,20-29,Male,Black
1614.jpg,20-29,Female,Black
1615.jpg,30-39,Male,White
1616.jpg,30-39,Female,Black
1617.jpg,20-29,Male,Black
1618.jpg,30-39,Female,White
1619.jpg,20-29,Female,White
162.jpg,0-2,Female,Asian
1620.jpg,20-29,Female,Black
1621.jpg,20-29,Female,White
1622.jpg,20-29,Female,White
1623.jpg,20-29,Female,Indian
1624.jpg,20-29,Male,Black
1625.jpg,20-29,Male,White
1626.jpg,30-39,Male,White
1627.jpg,30-39,Male,White
1628.jpg,30-39,Male,Black
1629.jpg,40-49,Male,White
163.jpg,0-2,Male,Asian
1630.jpg,more than 70,Male,White
1631.jpg,30-39,Male,Indian
1632.jpg,30-39,Male,White
1633.jpg,30-39,Male,White
1634.jpg,30-39,Male,White
1635.jpg,30-39,Male,White
1636.jpg,20-29,Female,Indian
1637.jpg,20-29,Male,Asian
1638.jpg,30-39,Male,Black
1639.jpg,50-59,Male,White
164.jpg,20-29,Male,White
1640.jpg,20-29,Male,White
1641.jpg,20-29,Male,White
1642.jpg,20-29,Male,White
1643.jpg,30-39,Female,White
1644.jpg,30-39,Male,White
1645.jpg,20-29,Male,White
1646.jpg,30-39,Male,White
1647.jpg,30-39,Female,White
1648.jpg,30-39,Male,White
1649.jpg,50-59,Male,White
165.jpg,0-2,Male,Asian
1650.jpg,20-29,Male,White
1651.jpg,10-19,Male,Black
1652.jpg,20-29,Female,Black
1653.jpg,30-39,Male,Black
1654.jpg,30-39,Male,Indian
1655.jpg,20-29,Male,Indian
1656.jpg,20-29,Male,Black
1657.jpg,20-29,Male,Black
1658.jpg,30-39,Male,White
1659.jpg,20-29,Male,White
166.jpg,0-2,Male,White
1660.jpg,20-29,Male,Indian
1661.jpg,30-39,Male,Black
1662.jpg,30-39,Male,Black
1663.jpg,30-39,Male,Black
1664.jpg,30-39,Male,Black
1665.jpg,20-29,Male,Black
1666.jpg,20-29,Male,Indian
1667.jpg,0-2,Male,Asian
1668.jpg,20-29,Female,Black
1669.jpg,30-39,Male,White
167.jpg,none,none,none
1670.jpg,20-29,Male,Black
1671.jpg,30-39,Male,White
1672.jpg,20-29,Male,Asian
1673.jpg,30-39,Male,White
1674.jpg,20-29,Male,Asian
1675.jpg,30-39,Male,Indian
1676.jpg,30-39,Female,Indian
1677.jpg,20-29,Male,White
1678.jpg,20-29,Female,Indian
1679.jpg,30-39,Male,Indian
168.jpg,0-2,Female,White
1680.jpg,20-29,Male,Black
1681.jpg,30-39,Male,Black
1682.jpg,20-29,Male,Indian
1683.jpg,20-29,Male,Indian
1684.jpg,20-29,Female,Black
1685.jpg,30-39,Female,White
1686.jpg,20-29,Female,White
1687.jpg,30-39,Female,White
1688.jpg,20-29,Female,Indian
1689.jpg,30-39,Female,Others
169.jpg,20-29,Male,Asian
1690.jpg,20-29,Female,Indian
1691.jpg,20-29,Female,White
1692.jpg,30-39,Female,White
1693.jpg,30-39,Female,White
1694.jpg,30-39,Female,White
1695.jpg,3-9,Female,White
1696.jpg,20-29,Female,Asian
1697.jpg,20-29,Female,Indian
1698.jpg,20-29,Female,Black
1699.jpg,20-29,Female,White
17.jpg,20-29,Female,White
170.jpg,0-2,Male,Asian
1700.jpg,20-29,Female,Black
1701.jpg,20-29,Female,Black
1702.jpg,30-39,Female,Asian
1703.jpg,20-29,Female,Black
1704.jpg,20-29,Female,Black
1705.jpg,20-29,Female,Indian
1706.jpg,20-29,Female,Black
1707.jpg,none,none,none
1708.jpg,20-29,Female,Black
1709.jpg,20-29,Female,Black
171.jpg,0-2,Female,White
1710.jpg,60-69,Male,Black
1711.jpg,20-29,Female,Black
1712.jpg,20-29,Female,Black
1713.jpg,20-29,Female,White
1714.jpg,20-29,Female,White
1715.jpg,20-29,Female,Black
1716.jpg,20-29,Female,Indian
1717.jpg,20-29,Female,Indian
1718.jpg,30-39,Female,Indian
1719.jpg,20-29,Female,Indian
172.jpg,0-2,Female,White
1720.jpg,30-39,Female,Indian
1721.jpg,30-39,Female,White
1722.jpg,20-29,Female,White
1723.jpg,30-39,Female,White
1724.jpg,30-39,Male,White
1725.jpg,30-39,Male,White
1726.jpg,30-39,Male,White
1727.jpg,more than 70,Male,White
1728.jpg,30-39,Male,White
1729.jpg,50-59,Male,White
173.jpg,0-2,Male,White
1730.jpg,30-39,Male,White
1731.jpg,20-29,Female,White
1732.jpg,30-39,Male,White
1733.jpg,30-39,Male,Black
1734.jpg,20-29,Male,Black
1735.jpg,30-39,Male,Black
1736.jpg,20-29,Female,Black
1737.jpg,30-39,Male,White
1738.jpg,20-29,Male,Black
1739.jpg,40-49,Male,Black
174.jpg,0-2,Male,White
1740.jpg,30-39,Male,White
1741.jpg,30-39,Male,Asian
1742.jpg,30-39,Female,White
1743.jpg,30-39,Male,White
1744.jpg,30-39,Female,White
1745.jpg,20-29,Male,White
1746.jpg,20-29,Male,Indian
1747.jpg,30-39,Male,Indian
1748.jpg,20-29,Male,White
1749.jpg,20-29,Male,Black
175.jpg,0-2,Male,White
1750.jpg,20-29,Male,Indian
1751.jpg,20-29,Male,Indian
1752.jpg,20-29,Male,Indian
1753.jpg,30-39,Male,Indian
1754.jpg,30-39,Male,Indian
1755.jpg,20-29,Male,White
1756.jpg,30-39,Female,Indian
1757.jpg,30-39,Female,Black
1758.jpg,50-59,Male,White
1759.jpg,20-29,Female,White
176.jpg,0-2,Female,White
1760.jpg,30-39,Female,White
1761.jpg,30-39,Female,White
1762.jpg,30-39,Female,White
1763.jpg,20-29,Female,Black
1764.jpg,20-29,Female,White
1765.jpg,20-29,Female,White
1766.jpg,20-29,Female,White
1767.jpg,20-29,Male,Black
1768.jpg,20-29,Female,Asian
1769.jpg,20-29,Male,Black
177.jpg,0-2,Female,Indian
1770.jpg,30-39,Male,Black
1771.jpg,20-29,Male,Black
1772.jpg,20-29,Female,Black
1773.jpg,20-29,Female,Black
1774.jpg,40-49,Female,Black
1775.jpg,3-9,Female,White
1776.jpg,20-29,Female,Black
1777.jpg,20-29,Female,Black
1778.jpg,20-29,Female,White
1779.jpg,20-29,Female,Black
178.jpg,0-2,Male,White
1780.jpg,20-29,Female,White
1781.jpg,30-39,Female,Indian
1782.jpg,20-29,Male,White
1783.jpg,30-39,Male,White
1784.jpg,30-39,Male,White
1785.jpg,30-39,Male,Black
1786.jpg,30-39,Male,White
1787.jpg,30-39,Male,White
1788.jpg,30-39,Male,White
1789.jpg,20-29,Male,White
179.jpg,20-29,Female,Black
1790.jpg,30-39,Male,White
1791.jpg,30-39,Male,Black
1792.jpg,20-29,Male,Black
1793.jpg,20-29,Male,Black
1794.jpg,20-29,Male,Indian
1795.jpg,30-39,Male,Indian
1796.jpg,30-39,Female,Indian
1797.jpg,20-29,Male,Indian
1798.jpg,40-49,Male,Indian
1799.jpg,30-39,Male,White
18.jpg,10-19,Female,White
180.jpg,0-2,Male,Asian
1800.jpg,30-39,Male,Indian
1801.jpg,30-39,Male,White
1802.jpg,20-29,Male,White
1803.jpg,30-39,Male,White
1804.jpg,30-39,Male,White
1805.jpg,30-39,Female,Indian
1806.jpg,30-39,Female,White
1807.jpg,20-29,Male,White
1808.jpg,20-29,Female,Asian
1809.jpg,30-39,Female,White
181.jpg,none,none,none
1810.jpg,20-29,Female,White
1811.jpg,20-29,Female,White
1812.jpg,30-39,Male,Black
1813.jpg,40-49,Male,Indian
1814.jpg,30-39,Female,Indian
1815.jpg,20-29,Female,White
1816.jpg,20-29,Male,White
1817.jpg,30-39,Male,Indian
1818.jpg,30-39,Male,White
1819.jpg,40-49,Male,White
182.jpg,0-2,Male,Asian
1820.jpg,30-39,Male,White
1821.jpg,30-39,Male,White
1822.jpg,20-29,Male,Indian
1823.jpg,20-29,Male,White
1824.jpg,30-39,Male,Indian
1825.jpg,30-39,Male,Black
1826.jpg,40-49,Male,Black
1827.jpg,20-29,Male,Black
1828.jpg,20-29,Male,Black
1829.jpg,30-39,Male,Black
183.jpg,none,none,none
1830.jpg,30-39,Male,White
1831.jpg,30-39,Male,Indian
1832.jpg,20-29,Female,Asian
1833.jpg,30-39,Male,White
1834.jpg,30-39,Male,Indian
1835.jpg,30-39,Female,White
1836.jpg,30-39,Female,Indian
1837.jpg,30-39,Female,White
1838.jpg,20-29,Female,White
1839.jpg,30-39,Female,White
184.jpg,none,none,none
1840.jpg,30-39,Female,White
1841.jpg,30-39,Female,White
1842.jpg,30-39,Female,Indian
1843.jpg,30-39,Female,Black
1844.jpg,20-29,Female,Black
1845.jpg,30-39,Female,Black
1846.jpg,20-29,Female,Black
1847.jpg,20-29,Female,Black
1848.jpg,20-29,Female,Black
1849.jpg,20-29,Female,Black
185.jpg,0-2,Male,Asian
1850.jpg,30-39,Female,Black
1851.jpg,20-29,Female,White
1852.jpg,30-39,Female,Indian
1853.jpg,20-29,Female,White
1854.jpg,20-29,Male,Indian
1855.jpg,30-39,Female,White
1856.jpg,20-29,Male,White
1857.jpg,30-39,Female,Asian
1858.jpg,20-29,Female,Black
1859.jpg,30-39,Male,White
186.jpg,0-2,Male,Asian
1860.jpg,30-39,Male,White
1861.jpg,30-39,Male,White
1862.jpg,30-39,Male,White
1863.jpg,20-29,Male,Black
1864.jpg,20-29,Male,Black
1865.jpg,30-39,Male,White
1866.jpg,30-39,Female,White
1867.jpg,30-39,Male,White
1868.jpg,30-39,Male,White
1869.jpg,20-29,Male,White
187.jpg,0-2,Female,Asian
1870.jpg,30-39,Male,White
1871.jpg,50-59,Male,White
1872.jpg,30-39,Male,White
1873.jpg,none,none,none
1874.jpg,30-39,Male,Indian
1875.jpg,30-39,Male,Black
1876.jpg,30-39,Male,Black
1877.jpg,20-29,Male,Black
1878.jpg,30-39,Male,Black
1879.jpg,30-39,Male,White
188.jpg,none,none,none
1880.jpg,30-39,Male,Indian
1881.jpg,30-39,Male,Indian
1882.jpg,30-39,Female,Asian
1883.jpg,20-29,Female,White
1884.jpg,20-29,Male,Asian
1885.jpg,30-39,Female,White
1886.jpg,30-39,Female,Black
1887.jpg,30-39,Female,Black
1888.jpg,30-39,Female,Black
1889.jpg,20-29,Female,Black
189.jpg,0-2,Female,Asian
1890.jpg,30-39,Female,White
1891.jpg,30-39,Female,Black
1892.jpg,30-39,Male,Black
1893.jpg,0-2,Female,Indian
1894.jpg,0-2,Female,White
1895.jpg,0-2,Female,White
1896.jpg,0-2,Male,Black
1897.jpg,0-2,Male,Black
1898.jpg,3-9,Female,Black
1899.jpg,0-2,Female,Asian
19.jpg,20-29,Female,White
190.jpg,20-29,Male,Asian
1900.jpg,none,none,none
1901.jpg,0-2,Male,Asian
1902.jpg,20-29,Male,Indian
1903.jpg,20-29,Female,Indian
1904.jpg,3-9,Male,White
1905.jpg,0-2,Male,White
1906.jpg,0-2,Female,Asian
1907.jpg,none,none,none
1908.jpg,0-2,Female,Asian
1909.jpg,0-2,Female,Asian
191.jpg,0-2,Male,Asian
1910.jpg,0-2,Male,White
1911.jpg,0-2,Female,Black
1912.jpg,0-2,Female,White
1913.jpg,3-9,Female,White
1914.jpg,0-2,Female,White
1915.jpg,3-9,Female,Black
1916.jpg,20-29,Male,Asian
1917.jpg,20-29,Male,Indian
1918.jpg,30-39,Female,Asian
1919.jpg,0-2,Female,Asian
192.jpg,0-2,Male,Asian
1920.jpg,0-2,Male,Asian
1921.jpg,0-2,Male,Asian
1922.jpg,20-29,Female,Asian
1923.jpg,30-39,Male,Indian
1924.jpg,none,none,none
1925.jpg,none,none,none
1926.jpg,0-2,Male,Asian
1927.jpg,3-9,Male,Asian
1928.jpg,0-2,Male,Asian
1929.jpg,none,none,none
193.jpg,0-2,Male,Asian
1930.jpg,0-2,Male,Indian
1931.jpg,20-29,Male,Black
1932.jpg,3-9,Female,Black
1933.jpg,20-29,Male,Asian
1934.jpg,20-29,Female,Indian
1935.jpg,50-59,Female,White
1936.jpg,30-39,Male,Indian
1937.jpg,50-59,Male,White
1938.jpg,20-29,Male,White
1939.jpg,20-29,Male,White
194.jpg,none,none,none
1940.jpg,60-69,Male,White
1941.jpg,30-39,Male,White
1942.jpg,30-39,Male,White
1943.jpg,20-29,Female,White
1944.jpg,50-59,Male,White
1945.jpg,20-29,Male,White
1946.jpg,30-39,Male,White
1947.jpg,30-39,Male,White
1948.jpg,20-29,Male,White
1949.jpg,50-59,Male,White
195.jpg,0-2,Male,Asian
1950.jpg,30-39,Male,White
1951.jpg,30-39,Male,White
1952.jpg,30-39,Male,White
1953.jpg,20-29,Male,Others
1954.jpg,30-39,Male,White
1955.jpg,20-29,Male,White
1956.jpg,20-29,Male,White
1957.jpg,40-49,Male,White
1958.jpg,50-59,Male,White
1959.jpg,30-39,Male,White
196.jpg,none,none,none
1960.jpg,20-29,Male,White
1961.jpg,30-39,Male,White
1962.jpg,20-29,Male,White
1963.jpg,20-29,Male,Asian
1964.jpg,50-59,Male,White
1965.jpg,20-29,Female,Black
1966.jpg,20-29,Female,Black
1967.jpg,20-29,Male,Black
1968.jpg,20-29,Female,Black
1969.jpg,50-59,Male,Black
197.jpg,none,none,none
1970.jpg,50-59,Male,Black
1971.jpg,20-29,Female,Asian
1972.jpg,20-29,Male,Others
1973.jpg,20-29,Male,Asian
1974.jpg,30-39,Male,Indian
1975.jpg,40-49,Male,Indian
1976.jpg,40-49,Male,White
1977.jpg,none,none,none
1978.jpg,30-39,Male,Others
1979.jpg,30-39,Male,White
198.jpg,20-29,Male,Black
1980.jpg,30-39,Female,Asian
1981.jpg,more than 70,Male,White
1982.jpg,50-59,Male,White
1983.jpg,20-29,Female,White
1984.jpg,50-59,Male,White
1985.jpg,20-29,Female,White
1986.jpg,30-39,Female,White
1987.jpg,30-39,Male,White
1988.jpg,30-39,Female,Asian
1989.jpg,20-29,Female,White
199.jpg,none,none,none
1990.jpg,30-39,Female,White
1991.jpg,30-39,Male,Black
1992.jpg,30-39,Female,Black
1993.jpg,20-29,Female,Black
1994.jpg,20-29,Female,Black
1995.jpg,0-2,Male,Black
1996.jpg,20-29,Female,Black
1997.jpg,20-29,Female,Black
1998.jpg,20-29,Female,Black
1999.jpg,30-39,Male,Black
2.jpg,20-29,Male,White
20.jpg,3-9,Female,White
200.jpg,0-2,Male,Asian
2000.jpg,20-29,Female,Indian
2001.jpg,20-29,Female,Black
2002.jpg,20-29,Female,Asian
2003.jpg,30-39,Female,Asian
2004.jpg,40-49,Female,Asian
2005.jpg,40-49,Female,Black
2006.jpg,20-29,Male,White
2007.jpg,30-39,Female,White
2008.jpg,50-59,Male,White
2009.jpg,20-29,Male,White
201.jpg,0-2,Male,Black
2010.jpg,20-29,Female,Black
2011.jpg,30-39,Male,Black
2012.jpg,40-49,Male,White
2013.jpg,30-39,Male,Asian
2014.jpg,30-39,Male,Indian
2015.jpg,30-39,Female,White
2016.jpg,30-39,Female,White
2017.jpg,20-29,Female,Black
2018.jpg,0-2,Female,Asian
2019.jpg,30-39,Male,White
202.jpg,0-2,Female,Asian
2020.jpg,30-39,Male,White
2021.jpg,20-29,Male,White
2022.jpg,30-39,Male,White
2023.jpg,50-59,Male,White
2024.jpg,30-39,Male,White
2025.jpg,50-59,Male,White
2026.jpg,none,none,none
2027.jpg,40-49,Male,Indian
2028.jpg,20-29,Male,White
2029.jpg,20-29,Male,Black
203.jpg,0-2,Male,Asian
2030.jpg,20-29,Male,Black
2031.jpg,20-29,Female,White
2032.jpg,30-39,Male,Black
2033.jpg,0-2,Male,Indian
2034.jpg,30-39,Male,White
2035.jpg,30-39,Female,White
2036.jpg,30-39,Male,Black
2037.jpg,30-39,Male,White
2038.jpg,20-29,Female,Asian
2039.jpg,30-39,Male,Indian
204.jpg,0-2,Female,Asian
2040.jpg,50-59,Male,Black
2041.jpg,60-69,Male,Indian
2042.jpg,30-39,Female,White
2043.jpg,30-39,Female,White
2044.jpg,20-29,Female,White
2045.jpg,20-29,Male,White
2046.jpg,20-29,Male,Black
2047.jpg,30-39,Female,White
2048.jpg,20-29,Male,White
2049.jpg,30-39,Male,Asian
205.jpg,0-2,Female,Asian
2050.jpg,30-39,Female,Indian
2051.jpg,20-29,Male,Indian
2052.jpg,30-39,Male,Black
2053.jpg,20-29,Male,Asian
2054.jpg,40-49,Male,White
2055.jpg,20-29,Male,Black
2056.jpg,30-39,Male,Indian
2057.jpg,20-29,Female,Indian
2058.jpg,40-49,Male,White
2059.jpg,30-39,Male,Black
206.jpg,20-29,Male,Indian
2060.jpg,30-39,Male,Indian
2061.jpg,30-39,Male,Indian
2062.jpg,30-39,Male,Indian
2063.jpg,20-29,Male,Asian
2064.jpg,20-29,Male,Indian
2065.jpg,40-49,Male,Indian
2066.jpg,30-39,Male,White
2067.jpg,20-29,Female,Black
2068.jpg,30-39,Male,White
2069.jpg,20-29,Male,White
207.jpg,0-2,Male,Asian
2070.jpg,60-69,Male,White
2071.jpg,30-39,Male,White
2072.jpg,40-49,Male,White
2073.jpg,50-59,Male,White
2074.jpg,30-39,Female,White
2075.jpg,20-29,Female,White
2076.jpg,40-49,Male,White
2077.jpg,40-49,Male,White
2078.jpg,30-39,Male,White
2079.jpg,none,none,none
208.jpg,0-2,Male,Asian
2080.jpg,20-29,Male,White
2081.jpg,20-29,Male,White
2082.jpg,50-59,Male,White
2083.jpg,30-39,Male,White
2084.jpg,30-39,Male,White
2085.jpg,40-49,Male,Black
2086.jpg,20-29,Female,White
2087.jpg,none,none,none
2088.jpg,30-39,Female,Black
2089.jpg,20-29,Male,Asian
209.jpg,0-2,Female,Asian
2090.jpg,none,none,none
2091.jpg,none,none,none
2092.jpg,20-29,Male,Indian
2093.jpg,30-39,Male,Indian
2094.jpg,40-49,Male,Indian
2095.jpg,20-29,Male,White
2096.jpg,50-59,Male,White
2097.jpg,20-29,Male,Indian
2098.jpg,30-39,Male,Black
2099.jpg,30-39,Male,Indian
21.jpg,10-19,Male,White
210.jpg,0-2,Male,Asian
2100.jpg,20-29,Male,Black
2101.jpg,30-39,Male,Asian
2102.jpg,30-39,Male,Black
2103.jpg,30-39,Male,Indian
2104.jpg,20-29,Male,Indian
2105.jpg,20-29,Male,White
2106.jpg,40-49,Female,White
2107.jpg,40-49,Male,White
2108.jpg,20-29,Male,Asian
2109.jpg,20-29,Female,White
211.jpg,0-2,Male,Asian
2110.jpg,30-39,Female,White
2111.jpg,20-29,Female,White
2112.jpg,20-29,Female,White
2113.jpg,20-29,Female,White
2114.jpg,20-29,Female,White
2115.jpg,20-29,Female,White
2116.jpg,20-29,Male,Black
2117.jpg,50-59,Female,Black
2118.jpg,20-29,Female,Indian
2119.jpg,3-9,Female,White
212.jpg,0-2,Female,Asian
2120.jpg,30-39,Male,White
2121.jpg,20-29,Female,Asian
2122.jpg,30-39,Male,Indian
2123.jpg,40-49,Male,White
2124.jpg,40-49,Male,Asian
2125.jpg,30-39,Male,White
2126.jpg,40-49,Male,White
2127.jpg,30-39,Male,White
2128.jpg,40-49,Male,White
2129.jpg,30-39,Male,Black
213.jpg,0-2,Male,Asian
2130.jpg,30-39,Male,Black
2131.jpg,20-29,Male,White
2132.jpg,30-39,Male,Indian
2133.jpg,50-59,Male,White
2134.jpg,30-39,Male,White
2135.jpg,30-39,Male,Indian
2136.jpg,30-39,Female,White
2137.jpg,30-39,Female,White
2138.jpg,20-29,Female,White
2139.jpg,20-29,Female,Black
214.jpg,0-2,Female,White
2140.jpg,30-39,Female,Black
2141.jpg,30-39,Female,White
2142.jpg,30-39,Male,White
2143.jpg,30-39,Female,White
2144.jpg,none,none,none
2145.jpg,30-39,Male,Black
2146.jpg,20-29,Male,Indian
2147.jpg,30-39,Male,White
2148.jpg,50-59,Male,White
2149.jpg,50-59,Male,White
215.jpg,none,none,none
2150.jpg,30-39,Male,White
2151.jpg,20-29,Female,Asian
2152.jpg,30-39,Male,White
2153.jpg,30-39,Male,White
2154.jpg,30-39,Male,Black
2155.jpg,30-39,Male,Indian
2156.jpg,20-29,Male,Black
2157.jpg,50-59,Male,Indian
2158.jpg,30-39,Male,Indian
2159.jpg,40-49,Male,Indian
216.jpg,none,none,none
2160.jpg,30-39,Male,Indian
2161.jpg,20-29,Female,White
2162.jpg,30-39,Female,White
2163.jpg,50-59,Male,White
2164.jpg,20-29,Female,White
2165.jpg,20-29,Female,Black
2166.jpg,20-29,Female,Indian
2167.jpg,40-49,Male,White
2168.jpg,20-29,Male,White
2169.jpg,30-39,Male,Asian
217.jpg,0-2,Male,Asian
2170.jpg,30-39,Male,White
2171.jpg,30-39,Male,White
2172.jpg,30-39,Male,White
2173.jpg,50-59,Male,Black
2174.jpg,40-49,Male,Indian
2175.jpg,20-29,Male,White
2176.jpg,50-59,Male,White
2177.jpg,40-49,Male,White
2178.jpg,40-49,Female,White
2179.jpg,50-59,Female,White
218.jpg,none,none,none
2180.jpg,30-39,Female,Black
2181.jpg,20-29,Female,Black
2182.jpg,30-39,Female,Indian
2183.jpg,30-39,Male,White
2184.jpg,30-39,Female,White
2185.jpg,30-39,Male,White
2186.jpg,50-59,Male,White
2187.jpg,40-49,Male,White
2188.jpg,30-39,Male,White
2189.jpg,30-39,Male,White
219.jpg,0-2,Male,Asian
2190.jpg,20-29,Male,White
2191.jpg,20-29,Female,White
2192.jpg,20-29,Female,White
2193.jpg,10-19,Female,White
2194.jpg,20-29,Female,White
2195.jpg,30-39,Female,White
2196.jpg,30-39,Female,Indian
2197.jpg,20-29,Female,Black
2198.jpg,3-9,Female,Asian
2199.jpg,0-2,Female,White
22.jpg,30-39,Male,Asian
220.jpg,20-29,Female,Asian
2200.jpg,0-2,Male,Asian
2201.jpg,20-29,Male,Indian
2202.jpg,3-9,Female,White
2203.jpg,0-2,Male,White
2204.jpg,10-19,Female,White
2205.jpg,none,none,none
2206.jpg,20-29,Female,Asian
2207.jpg,3-9,Male,Asian
2208.jpg,0-2,Male,Asian
2209.jpg,3-9,Female,Asian
221.jpg,0-2,Male,Asian
2210.jpg,0-2,Female,Asian
2211.jpg,0-2,Female,Asian
2212.jpg,0-2,Female,Indian
2213.jpg,none,none,none
2214.jpg,20-29,Female,Asian
2215.jpg,20-29,Male,White
2216.jpg,0-2,Male,Indian
2217.jpg,3-9,Female,White
2218.jpg,0-2,Male,Indian
2219.jpg,30-39,Male,Asian
222.jpg,0-2,Male,Asian
2220.jpg,20-29,Male,Asian
2221.jpg,0-2,Female,Asian
2222.jpg,none,none,none
2223.jpg,10-19,Male,Asian
2224.jpg,20-29,Female,Black
2225.jpg,0-2,Female,Asian
2226.jpg,20-29,Female,Asian
2227.jpg,10-19,Female,Indian
2228.jpg,20-29,Male,Indian
2229.jpg,0-2,Female,Asian
223.jpg,0-2,Female,Asian
2230.jpg,0-2,Female,Black
2231.jpg,20-29,Female,Black
2232.jpg,20-29,Female,Black
2233.jpg,20-29,Female,Indian
2234.jpg,3-9,Female,Black
2235.jpg,3-9,Female,White
2236.jpg,30-39,Male,Asian
2237.jpg,30-39,Male,White
2238.jpg,40-49,Male,White
2239.jpg,50-59,Male,White
224.jpg,0-2,Male,Asian
2240.jpg,more than 70,Male,White
2241.jpg,40-49,Male,Indian
2242.jpg,50-59,Male,Indian
2243.jpg,60-69,Male,White
2244.jpg,30-39,Male,White
2245.jpg,40-49,Male,White
2246.jpg,30-39,Male,White
2247.jpg,30-39,Male,Indian
2248.jpg,30-39,Female,White
2249.jpg,50-59,Male,White
225.jpg,0-2,Male,White
2250.jpg,20-29,Female,White
2251.jpg,30-39,Male,White
2252.jpg,40-49,Male,White
2253.jpg,30-39,Male,White
2254.jpg,20-29,Female,Black
2255.jpg,50-59,Male,White
2256.jpg,50-59,Male,White
2257.jpg,30-39,Male,Black
2258.jpg,more than 70,Male,Black
2259.jpg,50-59,Male,White
226.jpg,0-2,Female,Asian
2260.jpg,20-29,Male,White
2261.jpg,20-29,Male,Black
2262.jpg,20-29,Male,Indian
2263.jpg,30-39,Male,Asian
2264.jpg,30-39,Male,White
2265.jpg,50-59,Male,Indian
2266.jpg,20-29,Female,Black
2267.jpg,20-29,Male,Black
2268.jpg,20-29,Male,White
2269.jpg,20-29,Male,Indian
227.jpg,0-2,Male,Asian
2270.jpg,50-59,Male,Indian
2271.jpg,30-39,Male,White
2272.jpg,20-29,Male,Indian
2273.jpg,30-39,Male,Indian
2274.jpg,30-39,Male,White
2275.jpg,30-39,Male,Black
2276.jpg,40-49,Male,Indian
2277.jpg,40-49,Male,Black
2278.jpg,30-39,Male,Indian
2279.jpg,20-29,Male,Indian
228.jpg,none,none,none
2280.jpg,10-19,Female,White
2281.jpg,20-29,Female,White
2282.jpg,30-39,Female,White
2283.jpg,20-29,Female,White
2284.jpg,20-29,Female,White
2285.jpg,20-29,Female,White
2286.jpg,60-69,Male,White
2287.jpg,30-39,Male,White
2288.jpg,20-29,Female,White
2289.jpg,40-49,Female,White
229.jpg,0-2,Female,White
2290.jpg,20-29,Female,Black
2291.jpg,30-39,Female,Indian
2292.jpg,20-29,Male,Indian
2293.jpg,20-29,Female,Indian
2294.jpg,50-59,Male,White
2295.jpg,30-39,Male,White
2296.jpg,30-39,Male,Indian
2297.jpg,50-59,Male,White
2298.jpg,40-49,Male,White
2299.jpg,30-39,Male,White
23.jpg,20-29,Male,Asian
230.jpg,0-2,Male,Asian
2300.jpg,50-59,Male,White
2301.jpg,50-59,Male,White
2302.jpg,50-59,Male,White
2303.jpg,10-19,Male,White
2304.jpg,50-59,Male,White
2305.jpg,50-59,Male,White
2306.jpg,20-29,Female,White
2307.jpg,50-59,Male,White
2308.jpg,20-29,Female,Black
2309.jpg,30-39,Male,Indian
231.jpg,none,none,none
2310.jpg,30-39,Male,Indian
2311.jpg,0-2,Female,White
2312.jpg,40-49,Female,White
2313.jpg,30-39,Female,White
2314.jpg,50-59,Male,White
2315.jpg,50-59,Male,White
2316.jpg,20-29,Male,White
2317.jpg,none,none,none
2318.jpg,50-59,Male,White
2319.jpg,40-49,Male,Black
232.jpg,40-49,Female,Black
2320.jpg,20-29,Male,Black
2321.jpg,more than 70,Male,Black
2322.jpg,30-39,Male,Indian
2323.jpg,30-39,Male,Indian
2324.jpg,30-39,Male,White
2325.jpg,20-29,Male,Black
2326.jpg,30-39,Male,White
2327.jpg,60-69,Male,Indian
2328.jpg,20-29,Female,White
2329.jpg,50-59,Male,White
233.jpg,20-29,Female,Black
2330.jpg,20-29,Male,Black
2331.jpg,30-39,Female,White
2332.jpg,10-19,Female,Asian
2333.jpg,30-39,Female,White
2334.jpg,20-29,Female,White
2335.jpg,30-39,Male,Black
2336.jpg,3-9,Female,White
2337.jpg,30-39,Female,Black
2338.jpg,20-29,Male,Black
2339.jpg,50-59,Male,White
234.jpg,30-39,Male,Asian
2340.jpg,50-59,Male,White
2341.jpg,50-59,Male,White
2342.jpg,30-39,Male,White
2343.jpg,30-39,Male,White
2344.jpg,30-39,Male,White
2345.jpg,50-59,Male,White
2346.jpg,40-49,Male,White
2347.jpg,40-49,Male,White
2348.jpg,50-59,Male,White
2349.jpg,50-59,Male,White
235.jpg,20-29,Male,Asian
2350.jpg,50-59,Male,White
2351.jpg,50-59,Male,White
2352.jpg,30-39,Male,White
2353.jpg,30-39,Male,White
2354.jpg,20-29,Female,Black
2355.jpg,40-49,Male,Indian
2356.jpg,30-39,Male,Black
2357.jpg,20-29,Female,White
2358.jpg,3-9,Female,White
2359.jpg,50-59,Male,White
236.jpg,20-29,Male,Black
2360.jpg,60-69,Female,White
2361.jpg,10-19,Female,White
2362.jpg,30-39,Female,Indian
2363.jpg,20-29,Female,White
2364.jpg,20-29,Female,Black
2365.jpg,0-2,Female,Asian
2366.jpg,50-59,Male,White
2367.jpg,20-29,Female,Black
2368.jpg,50-59,Male,Indian
2369.jpg,20-29,Male,Indian
237.jpg,none,none,none
2370.jpg,40-49,Male,White
2371.jpg,20-29,Male,White
2372.jpg,20-29,Male,Indian
2373.jpg,20-29,Female,Black
2374.jpg,30-39,Female,Asian
2375.jpg,40-49,Male,White
2376.jpg,40-49,Male,White
2377.jpg,20-29,Male,Black
2378.jpg,20-29,Male,Black
2379.jpg,10-19,Male,White
238.jpg,20-29,Male,Asian
2380.jpg,30-39,Male,Indian
2381.jpg,50-59,Male,Indian
2382.jpg,50-59,Male,Indian
2383.jpg,none,none,none
2384.jpg,20-29,Male,White
2385.jpg,20-29,Male,Indian
2386.jpg,30-39,Male,Indian
2387.jpg,50-59,Male,Indian
2388.jpg,50-59,Male,White
2389.jpg,20-29,Male,Indian
239.jpg,0-2,Male,Black
2390.jpg,20-29,Male,White
2391.jpg,20-29,Male,White
2392.jpg,40-49,Male,Indian
2393.jpg,50-59,Male,Indian
2394.jpg,30-39,Male,Asian
2395.jpg,50-59,Male,Indian
2396.jpg,30-39,Female,White
2397.jpg,50-59,Female,White
2398.jpg,30-39,Female,White
2399.jpg,30-39,Female,White
24.jpg,20-29,Male,White
240.jpg,20-29,Female,Asian
2400.jpg,20-29,Female,White
2401.jpg,40-49,Male,White
2402.jpg,20-29,Female,Black
2403.jpg,20-29,Male,Asian
2404.jpg,30-39,Female,Indian
2405.jpg,50-59,Female,White
2406.jpg,30-39,Male,Indian
2407.jpg,more than 70,Male,White
2408.jpg,30-39,Male,White
2409.jpg,20-29,Male,Black
241.jpg,3-9,Female,Asian
2410.jpg,30-39,Male,Black
2411.jpg,20-29,Male,White
2412.jpg,50-59,Female,White
2413.jpg,40-49,Male,White
2414.jpg,50-59,Male,White
2415.jpg,30-39,Male,White
2416.jpg,50-59,Male,White
2417.jpg,50-59,Female,White
2418.jpg,20-29,Male,Black
2419.jpg,50-59,Male,Indian
242.jpg,20-29,Female,Black
2420.jpg,50-59,Male,Black
2421.jpg,none,none,none
2422.jpg,20-29,Male,White
2423.jpg,50-59,Male,White
2424.jpg,20-29,Male,Asian
2425.jpg,20-29,Male,White
2426.jpg,20-29,Female,White
2427.jpg,40-49,Male,Indian
2428.jpg,30-39,Male,Indian
2429.jpg,50-59,Male,Indian
243.jpg,0-2,Male,Indian
2430.jpg,20-29,Male,Indian
2431.jpg,20-29,Male,Indian
2432.jpg,20-29,Male,Indian
2433.jpg,40-49,Male,White
2434.jpg,20-29,Male,Black
2435.jpg,50-59,Female,White
2436.jpg,30-39,Female,White
2437.jpg,30-39,Male,Asian
2438.jpg,3-9,Female,White
2439.jpg,60-69,Female,White
244.jpg,none,none,none
2440.jpg,20-29,Female,White
2441.jpg,30-39,Male,White
2442.jpg,30-39,Male,White
2443.jpg,20-29,Female,Asian
2444.jpg,30-39,Female,White
2445.jpg,30-39,Male,White
2446.jpg,30-39,Male,White
2447.jpg,30-39,Female,White
2448.jpg,50-59,Male,White
2449.jpg,50-59,Male,White
245.jpg,20-29,Male,Asian
2450.jpg,60-69,Male,White
2451.jpg,30-39,Male,White
2452.jpg,30-39,Male,Black
2453.jpg,20-29,Female,Black
2454.jpg,more than 70,Male,Black
2455.jpg,30-39,Male,Black
2456.jpg,30-39,Male,Black
2457.jpg,30-39,Male,Asian
2458.jpg,40-49,Male,White
2459.jpg,30-39,Male,Indian
246.jpg,0-2,Male,Asian
2460.jpg,none,none,none
2461.jpg,20-29,Male,White
2462.jpg,30-39,Female,White
2463.jpg,20-29,Female,White
2464.jpg,30-39,Female,Black
2465.jpg,20-29,Female,White
2466.jpg,20-29,Male,Black
2467.jpg,30-39,Female,Black
2468.jpg,20-29,Female,White
2469.jpg,20-29,Male,Black
247.jpg,none,none,none
2470.jpg,20-29,Female,Black
2471.jpg,20-29,Female,Black
2472.jpg,50-59,Male,White
2473.jpg,30-39,Male,White
2474.jpg,30-39,Male,White
2475.jpg,50-59,Male,White
2476.jpg,50-59,Male,White
2477.jpg,50-59,Male,White
2478.jpg,50-59,Male,White
2479.jpg,20-29,Male,White
248.jpg,0-2,Female,Asian
2480.jpg,50-59,Female,White
2481.jpg,40-49,Male,White
2482.jpg,20-29,Male,Asian
2483.jpg,30-39,Male,White
2484.jpg,30-39,Male,White
2485.jpg,40-49,Male,White
2486.jpg,50-59,Male,White
2487.jpg,30-39,Male,White
2488.jpg,more than 70,Female,White
2489.jpg,30-39,Male,White
249.jpg,0-2,Female,White
2490.jpg,50-59,Male,White
2491.jpg,50-59,Male,White
2492.jpg,50-59,Female,White
2493.jpg,30-39,Male,Indian
2494.jpg,60-69,Male,White
2495.jpg,30-39,Female,White
2496.jpg,30-39,Male,White
2497.jpg,40-49,Male,White
2498.jpg,none,none,none
2499.jpg,20-29,Male,White
25.jpg,10-19,Male,White
250.jpg,0-2,Female,White
2500.jpg,more than 70,Male,White
2501.jpg,20-29,Female,White
2502.jpg,30-39,Male,White
2503.jpg,more than 70,Male,White
2504.jpg,more than 70,Male,White
2505.jpg,30-39,Male,Black
2506.jpg,50-59,Male,Black
2507.jpg,30-39,Male,White
2508.jpg,60-69,Male,White
2509.jpg,60-69,Male,White
251.jpg,0-2,Female,Asian
2510.jpg,30-39,Male,Indian
2511.jpg,30-39,Male,Asian
2512.jpg,50-59,Male,Indian
2513.jpg,20-29,Male,Indian
2514.jpg,50-59,Male,White
2515.jpg,more than 70,Male,White
2516.jpg,50-59,Male,Indian
2517.jpg,40-49,Male,Black
2518.jpg,60-69,Male,Black
2519.jpg,30-39,Male,Black
252.jpg,none,none,none
2520.jpg,50-59,Male,White
2521.jpg,3-9,Female,White
2522.jpg,60-69,Male,Black
2523.jpg,30-39,Female,Black
2524.jpg,30-39,Male,White
2525.jpg,50-59,Male,White
2526.jpg,20-29,Male,Asian
2527.jpg,50-59,Male,White
2528.jpg,40-49,Male,White
2529.jpg,20-29,Male,Indian
253.jpg,0-2,Female,Indian
2530.jpg,20-29,Female,Asian
2531.jpg,3-9,Male,White
2532.jpg,20-29,Female,White
2533.jpg,0-2,Male,Asian
2534.jpg,3-9,Female,White
2535.jpg,3-9,Female,Asian
2536.jpg,0-2,Female,Indian
2537.jpg,50-59,Male,White
2538.jpg,30-39,Female,Indian
2539.jpg,20-29,Female,Asian
254.jpg,0-2,Female,Asian
2540.jpg,20-29,Female,White
2541.jpg,20-29,Female,White
2542.jpg,30-39,Female,White
2543.jpg,0-2,Male,Asian
2544.jpg,30-39,Male,Asian
2545.jpg,20-29,Female,White
2546.jpg,3-9,Male,Asian
2547.jpg,20-29,Male,Asian
2548.jpg,30-39,Female,Asian
2549.jpg,20-29,Female,Asian
255.jpg,0-2,Male,Asian
2550.jpg,none,none,none
2551.jpg,none,none,none
2552.jpg,none,none,none
2553.jpg,3-9,Male,White
2554.jpg,20-29,Female,Asian
2555.jpg,20-29,Female,Asian
2556.jpg,20-29,Female,Indian
2557.jpg,30-39,Male,White
2558.jpg,30-39,Male,Asian
2559.jpg,50-59,Male,White
256.jpg,0-2,Female,Asian
2560.jpg,20-29,Male,White
2561.jpg,more than 70,Male,White
2562.jpg,30-39,Male,Indian
2563.jpg,30-39,Male,White
2564.jpg,20-29,Male,White
2565.jpg,60-69,Male,White
2566.jpg,40-49,Male,White
2567.jpg,40-49,Male,White
2568.jpg,50-59,Male,White
2569.jpg,30-39,Male,White
257.jpg,none,none,none
2570.jpg,20-29,Male,White
2571.jpg,20-29,Female,White
2572.jpg,30-39,Male,Black
2573.jpg,20-29,Male,Asian
2574.jpg,30-39,Male,Asian
2575.jpg,50-59,Male,White
2576.jpg,more than 70,Male,White
2577.jpg,30-39,Male,Black
2578.jpg,50-59,Male,White
2579.jpg,40-49,Male,Black
258.jpg,20-29,Male,Indian
2580.jpg,30-39,Male,Black
2581.jpg,30-39,Male,White
2582.jpg,50-59,Male,Indian
2583.jpg,30-39,Male,Black
2584.jpg,40-49,Male,Indian
2585.jpg,20-29,Female,White
2586.jpg,30-39,Female,Asian
2587.jpg,20-29,Female,Indian
2588.jpg,20-29,Female,White
2589.jpg,3-9,Female,White
259.jpg,more than 70,Male,White
2590.jpg,60-69,Female,White
2591.jpg,20-29,Female,White
2592.jpg,20-29,Female,White
2593.jpg,20-29,Female,Asian
2594.jpg,20-29,Male,Black
2595.jpg,20-29,Male,White
2596.jpg,50-59,Female,White
2597.jpg,50-59,Female,White
2598.jpg,more than 70,Female,White
2599.jpg,40-49,Male,Indian
26.jpg,20-29,Female,White
260.jpg,0-2,Female,Asian
2600.jpg,20-29,Female,White
2601.jpg,30-39,Male,White
2602.jpg,50-59,Male,White
2603.jpg,0-2,Male,White
2604.jpg,60-69,Male,White
2605.jpg,20-29,Male,Black
2606.jpg,30-39,Male,White
2607.jpg,30-39,Male,White
2608.jpg,20-29,Male,White
2609.jpg,30-39,Male,Black
261.jpg,0-2,Male,Indian
2610.jpg,30-39,Male,Black
2611.jpg,none,none,none
2612.jpg,more than 70,Female,White
2613.jpg,40-49,Male,White
2614.jpg,60-69,Male,White
2615.jpg,40-49,Male,Black
2616.jpg,20-29,Male,Indian
2617.jpg,50-59,Male,White
2618.jpg,30-39,Female,Indian
2619.jpg,none,none,none
262.jpg,20-29,Female,White
2620.jpg,20-29,Female,Asian
2621.jpg,50-59,Female,Indian
2622.jpg,30-39,Female,White
2623.jpg,more than 70,Male,White
2624.jpg,50-59,Male,White
2625.jpg,50-59,Male,White
2626.jpg,more than 70,Male,White
2627.jpg,3-9,Male,White
2628.jpg,50-59,Male,White
2629.jpg,50-59,Male,White
263.jpg,none,none,none
2630.jpg,40-49,Male,Indian
2631.jpg,more than 70,Female,White
2632.jpg,20-29,Male,Black
2633.jpg,50-59,Male,White
2634.jpg,3-9,Male,Asian
2635.jpg,0-2,Male,White
2636.jpg,30-39,Female,Black
2637.jpg,30-39,Male,White
2638.jpg,40-49,Female,White
2639.jpg,30-39,Female,Indian
264.jpg,none,none,none
2640.jpg,0-2,Female,White
2641.jpg,40-49,Male,White
2642.jpg,more than 70,Male,Black
2643.jpg,50-59,Male,White
2644.jpg,30-39,Male,White
2645.jpg,50-59,Male,White
2646.jpg,50-59,Male,White
2647.jpg,more than 70,Male,White
2648.jpg,40-49,Male,Black
2649.jpg,50-59,Male,White
265.jpg,20-29,Male,Asian
2650.jpg,50-59,Male,White
2651.jpg,20-29,Male,White
2652.jpg,40-49,Female,Indian
2653.jpg,20-29,Female,White
2654.jpg,20-29,Female,White
2655.jpg,more than 70,Male,White
2656.jpg,20-29,Male,White
2657.jpg,20-29,Male,White
2658.jpg,20-29,Male,White
2659.jpg,60-69,Male,Black
266.jpg,0-2,Female,White
2660.jpg,20-29,Male,Black
2661.jpg,50-59,Male,White
2662.jpg,60-69,Male,White
2663.jpg,50-59,Male,White
2664.jpg,more than 70,Male,White
2665.jpg,more than 70,Male,Indian
2666.jpg,40-49,Female,White
2667.jpg,40-49,Male,White
2668.jpg,30-39,Male,White
2669.jpg,50-59,Male,White
267.jpg,20-29,Male,Asian
2670.jpg,40-49,Male,White
2671.jpg,more than 70,Male,White
2672.jpg,none,none,none
2673.jpg,30-39,Male,White
2674.jpg,50-59,Male,White
2675.jpg,none,none,none
2676.jpg,30-39,Male,Others
2677.jpg,30-39,Male,Black
2678.jpg,20-29,Male,Black
2679.jpg,40-49,Male,White
268.jpg,0-2,Female,White
2680.jpg,40-49,Male,White
2681.jpg,60-69,Male,Black
2682.jpg,30-39,Male,Indian
2683.jpg,20-29,Male,Indian
2684.jpg,50-59,Male,White
2685.jpg,10-19,Female,White
2686.jpg,30-39,Female,White
2687.jpg,10-19,Female,White
2688.jpg,10-19,Female,White
2689.jpg,10-19,Female,White
269.jpg,0-2,Female,Black
2690.jpg,30-39,Male,Black
2691.jpg,none,none,none
2692.jpg,20-29,Female,White
2693.jpg,3-9,Female,Black
2694.jpg,20-29,Male,Black
2695.jpg,30-39,Female,Black
2696.jpg,40-49,Male,Black
2697.jpg,50-59,Male,Black
2698.jpg,20-29,Male,Indian
2699.jpg,30-39,Male,White
27.jpg,20-29,Female,Indian
270.jpg,0-2,Female,Indian
2700.jpg,more than 70,Male,White
2701.jpg,10-19,Female,White
2702.jpg,20-29,Male,Black
2703.jpg,0-2,Female,White
2704.jpg,30-39,Female,White
2705.jpg,60-69,Male,White
2706.jpg,30-39,Male,White
2707.jpg,20-29,Male,Black
2708.jpg,60-69,Male,Black
2709.jpg,30-39,Male,Indian
271.jpg,0-2,Female,White
2710.jpg,30-39,Male,Indian
2711.jpg,more than 70,Female,White
2712.jpg,10-19,Female,White
2713.jpg,none,none,none
2714.jpg,30-39,Male,White
2715.jpg,50-59,Male,White
2716.jpg,more than 70,Male,White
2717.jpg,30-39,Male,White
2718.jpg,50-59,Male,Indian
2719.jpg,30-39,Male,White
272.jpg,none,none,none
2720.jpg,50-59,Male,White
2721.jpg,none,none,none
2722.jpg,50-59,Male,Black
2723.jpg,20-29,Male,Black
2724.jpg,60-69,Female,Black
2725.jpg,20-29,Male,Indian
2726.jpg,40-49,Female,White
2727.jpg,3-9,Female,White
2728.jpg,30-39,Male,Indian
2729.jpg,30-39,Male,White
273.jpg,0-2,Female,White
2730.jpg,50-59,Male,White
2731.jpg,30-39,Male,White
2732.jpg,30-39,Female,White
2733.jpg,50-59,Female,White
2734.jpg,50-59,Female,White
2735.jpg,20-29,Male,White
2736.jpg,more than 70,Male,White
2737.jpg,3-9,Male,Black
2738.jpg,0-2,Female,White
2739.jpg,20-29,Female,White
274.jpg,30-39,Male,White
2740.jpg,0-2,Female,White
2741.jpg,0-2,Male,White
2742.jpg,3-9,Female,White
2743.jpg,20-29,Female,White
2744.jpg,3-9,Female,Black
2745.jpg,20-29,Male,Others
2746.jpg,20-29,Male,Black
2747.jpg,3-9,Female,Asian
2748.jpg,20-29,Male,Asian
2749.jpg,20-29,Male,Black
275.jpg,0-2,Female,White
2750.jpg,20-29,Female,Asian
2751.jpg,20-29,Female,Black
2752.jpg,20-29,Male,Indian
2753.jpg,more than 70,Male,White
2754.jpg,60-69,Male,White
2755.jpg,50-59,Male,Indian
2756.jpg,more than 70,Male,White
2757.jpg,50-59,Male,White
2758.jpg,50-59,Male,White
2759.jpg,50-59,Male,White
276.jpg,0-2,Female,White
2760.jpg,more than 70,Male,Black
2761.jpg,50-59,Male,Black
2762.jpg,30-39,Male,White
2763.jpg,20-29,Male,Black
2764.jpg,20-29,Male,White
2765.jpg,30-39,Male,White
2766.jpg,30-39,Female,Black
2767.jpg,50-59,Male,White
2768.jpg,50-59,Male,White
2769.jpg,50-59,Male,White
277.jpg,none,none,none
2770.jpg,more than 70,Male,White
2771.jpg,30-39,Female,White
2772.jpg,50-59,Male,White
2773.jpg,40-49,Female,Black
2774.jpg,20-29,Male,Black
2775.jpg,30-39,Male,White
2776.jpg,20-29,Male,Black
2777.jpg,20-29,Female,Black
2778.jpg,30-39,Female,White
2779.jpg,50-59,Female,White
278.jpg,20-29,Female,White
2780.jpg,30-39,Male,Black
2781.jpg,50-59,Female,White
2782.jpg,20-29,Male,Black
2783.jpg,50-59,Male,White
2784.jpg,30-39,Male,White
2785.jpg,50-59,Female,White
2786.jpg,30-39,Female,White
2787.jpg,20-29,Male,Indian
2788.jpg,60-69,Female,White
2789.jpg,60-69,Female,White
279.jpg,0-2,Female,Asian
2790.jpg,50-59,Male,White
2791.jpg,20-29,Male,Black
2792.jpg,more than 70,Female,White
2793.jpg,20-29,Male,White
2794.jpg,50-59,Male,Black
2795.jpg,more than 70,Female,White
2796.jpg,20-29,Male,White
2797.jpg,60-69,Male,White
2798.jpg,more than 70,Male,White
2799.jpg,more than 70,Male,White
28.jpg,20-29,Female,White
280.jpg,0-2,Female,Asian
2800.jpg,more than 70,Male,White
2801.jpg,20-29,Male,Indian
2802.jpg,40-49,Male,White
2803.jpg,more than 70,Female,White
2804.jpg,more than 70,Male,White
2805.jpg,40-49,Male,Black
2806.jpg,20-29,Male,Black
2807.jpg,30-39,Male,White
2808.jpg,40-49,Male,White
2809.jpg,40-49,Male,White
281.jpg,0-2,Female,Indian
2810.jpg,30-39,Male,Black
2811.jpg,20-29,Male,Black
2812.jpg,30-39,Male,White
2813.jpg,50-59,Male,White
2814.jpg,20-29,Female,Black
2815.jpg,30-39,Female,White
2816.jpg,30-39,Male,Asian
2817.jpg,30-39,Female,White
2818.jpg,50-59,Male,White
2819.jpg,more than 70,Male,White
282.jpg,0-2,Female,White
2820.jpg,more than 70,Male,White
2821.jpg,none,none,none
2822.jpg,50-59,Male,White
2823.jpg,40-49,Male,White
2824.jpg,30-39,Male,Black
2825.jpg,50-59,Male,Indian
2826.jpg,60-69,Female,White
2827.jpg,more than 70,Male,White
2828.jpg,more than 70,Female,White
2829.jpg,30-39,Male,Black
283.jpg,0-2,Female,White
2830.jpg,40-49,Male,Asian
2831.jpg,30-39,Male,White
2832.jpg,20-29,Female,White
2833.jpg,20-29,Male,Black
2834.jpg,more than 70,Male,White
2835.jpg,more than 70,Male,White
2836.jpg,more than 70,Male,White
2837.jpg,20-29,Male,Black
2838.jpg,30-39,Female,White
2839.jpg,3-9,Female,White
284.jpg,0-2,Female,White
2840.jpg,60-69,Male,Black
2841.jpg,more than 70,Male,White
2842.jpg,30-39,Female,White
2843.jpg,more than 70,Female,White
2844.jpg,50-59,Male,White
2845.jpg,20-29,Female,White
2846.jpg,more than 70,Male,White
2847.jpg,50-59,Male,Indian
2848.jpg,60-69,Male,White
2849.jpg,more than 70,Female,White
285.jpg,0-2,Female,White
2850.jpg,50-59,Female,White
2851.jpg,3-9,Male,White
2852.jpg,10-19,Female,White
2853.jpg,3-9,Male,White
2854.jpg,none,none,none
2855.jpg,3-9,Female,White
2856.jpg,3-9,Male,White
2857.jpg,20-29,Male,Black
2858.jpg,20-29,Female,Black
2859.jpg,50-59,Male,Black
286.jpg,none,none,none
2860.jpg,none,none,none
2861.jpg,20-29,Female,Asian
2862.jpg,3-9,Female,White
2863.jpg,none,none,none
2864.jpg,10-19,Female,Indian
2865.jpg,3-9,Female,Others
2866.jpg,30-39,Female,Asian
2867.jpg,3-9,Female,White
2868.jpg,more than 70,Female,White
2869.jpg,50-59,Male,Black
287.jpg,0-2,Female,White
2870.jpg,more than 70,Male,Black
2871.jpg,more than 70,Male,White
2872.jpg,60-69,Male,White
2873.jpg,50-59,Male,White
2874.jpg,60-69,Male,White
2875.jpg,50-59,Male,White
2876.jpg,50-59,Male,White
2877.jpg,more than 70,Male,White
2878.jpg,more than 70,Male,White
2879.jpg,none,none,none
288.jpg,none,none,none
2880.jpg,40-49,Male,White
2881.jpg,30-39,Female,White
2882.jpg,20-29,Female,White
2883.jpg,20-29,Female,White
2884.jpg,more than 70,Female,White
2885.jpg,more than 70,Female,White
2886.jpg,30-39,Female,White
2887.jpg,more than 70,Female,White
2888.jpg,60-69,Female,White
2889.jpg,more than 70,Male,White
289.jpg,0-2,Male,Asian
2890.jpg,more than 70,Female,White
2891.jpg,60-69,Male,White
2892.jpg,more than 70,Male,White
2893.jpg,more than 70,Female,White
2894.jpg,none,none,none
2895.jpg,60-69,Male,White
2896.jpg,50-59,Male,White
2897.jpg,more than 70,Female,White
2898.jpg,none,none,none
2899.jpg,30-39,Male,White
29.jpg,10-19,Female,White
290.jpg,20-29,Male,Asian
2900.jpg,more than 70,Female,White
2901.jpg,20-29,Male,White
2902.jpg,40-49,Male,Asian
2903.jpg,30-39,Male,White
2904.jpg,more than 70,Male,Black
2905.jpg,more than 70,Female,White
2906.jpg,more than 70,Female,White
2907.jpg,more than 70,Male,White
2908.jpg,30-39,Female,White
2909.jpg,10-19,Male,White
291.jpg,0-2,Female,Asian
2910.jpg,more than 70,Male,White
2911.jpg,3-9,Female,White
2912.jpg,more than 70,Male,White
2913.jpg,more than 70,Female,White
2914.jpg,0-2,Female,White
2915.jpg,20-29,Male,Black
2916.jpg,40-49,Male,White
2917.jpg,30-39,Female,Asian
2918.jpg,none,none,none
2919.jpg,more than 70,Male,White
292.jpg,0-2,Female,White
2920.jpg,more than 70,Male,White
2921.jpg,50-59,Male,White
2922.jpg,60-69,Male,White
2923.jpg,20-29,Male,Black
2924.jpg,40-49,Female,White
2925.jpg,20-29,Male,Asian
2926.jpg,none,none,none
2927.jpg,50-59,Male,White
2928.jpg,30-39,Male,White
2929.jpg,more than 70,Male,White
293.jpg,20-29,Female,Black
2930.jpg,40-49,Male,Black
2931.jpg,40-49,Male,Black
2932.jpg,30-39,Male,Black
2933.jpg,3-9,Female,White
2934.jpg,30-39,Female,Others
2935.jpg,20-29,Male,Indian
2936.jpg,20-29,Male,Black
2937.jpg,3-9,Male,White
2938.jpg,40-49,Male,White
2939.jpg,60-69,Female,Black
294.jpg,0-2,Male,Asian
2940.jpg,3-9,Female,Black
2941.jpg,20-29,Female,White
2942.jpg,20-29,Female,White
2943.jpg,20-29,Female,White
2944.jpg,30-39,Female,White
2945.jpg,10-19,Male,Asian
2946.jpg,none,none,none
2947.jpg,10-19,Female,White
2948.jpg,20-29,Male,White
2949.jpg,20-29,Female,Asian
295.jpg,0-2,Female,Asian
2950.jpg,20-29,Male,Asian
2951.jpg,30-39,Female,White
2952.jpg,20-29,Male,Black
2953.jpg,0-2,Female,Black
2954.jpg,20-29,Female,Asian
2955.jpg,3-9,Female,White
2956.jpg,20-29,Female,Asian
2957.jpg,0-2,Female,White
2958.jpg,3-9,Female,Black
2959.jpg,3-9,Female,White
296.jpg,0-2,Female,Asian
2960.jpg,20-29,Female,Black
2961.jpg,0-2,Female,Asian
2962.jpg,20-29,Male,Indian
2963.jpg,more than 70,Female,White
2964.jpg,more than 70,Male,White
2965.jpg,more than 70,Female,White
2966.jpg,more than 70,Male,White
2967.jpg,50-59,Male,White
2968.jpg,more than 70,Female,Black
2969.jpg,more than 70,Male,White
297.jpg,20-29,Male,Black
2970.jpg,more than 70,Female,White
2971.jpg,30-39,Male,White
2972.jpg,none,none,none
2973.jpg,more than 70,Female,White
2974.jpg,more than 70,Female,White
2975.jpg,50-59,Female,White
2976.jpg,40-49,Male,White
2977.jpg,3-9,Female,White
2978.jpg,20-29,Female,White
2979.jpg,20-29,Male,Asian
298.jpg,0-2,Male,Asian
2980.jpg,3-9,Female,White
2981.jpg,3-9,Female,White
2982.jpg,20-29,Female,White
2983.jpg,30-39,Male,White
2984.jpg,3-9,Male,White
2985.jpg,0-2,Male,White
2986.jpg,20-29,Female,White
2987.jpg,3-9,Female,Black
2988.jpg,3-9,Female,White
2989.jpg,30-39,Male,Asian
299.jpg,0-2,Male,Asian
2990.jpg,10-19,Female,White
2991.jpg,20-29,Male,Indian
2992.jpg,20-29,Male,Black
2993.jpg,20-29,Male,Black
2994.jpg,20-29,Female,Black
2995.jpg,20-29,Male,Black
2996.jpg,3-9,Female,Asian
2997.jpg,3-9,Female,Asian
2998.jpg,20-29,Female,Asian
2999.jpg,50-59,Male,White
3.jpg,3-9,Male,White
30.jpg,none,none,none
300.jpg,0-2,Female,White
3000.jpg,30-39,Female,Asian
301.jpg,0-2,Female,Asian
302.jpg,0-2,Male,Indian
303.jpg,none,none,none
304.jpg,0-2,Male,Asian
305.jpg,0-2,Male,Asian
306.jpg,none,none,none
307.jpg,20-29,Male,Asian
308.jpg,0-2,Male,Asian
309.jpg,0-2,Female,Asian
31.jpg,20-29,Male,Indian
310.jpg,0-2,Male,Asian
311.jpg,0-2,Male,Asian
312.jpg,0-2,Male,Asian
313.jpg,20-29,Female,Indian
314.jpg,0-2,Male,Asian
315.jpg,0-2,Female,Asian
316.jpg,3-9,Female,Black
317.jpg,20-29,Female,Asian
318.jpg,none,none,none
319.jpg,0-2,Male,Asian
32.jpg,3-9,Male,Asian
320.jpg,0-2,Female,Black
321.jpg,none,none,none
322.jpg,0-2,Male,Asian
323.jpg,20-29,Male,Black
324.jpg,none,none,none
325.jpg,0-2,Male,Asian
326.jpg,10-19,Male,Asian
327.jpg,0-2,Female,Asian
328.jpg,0-2,Female,Asian
329.jpg,0-2,Female,Asian
33.jpg,3-9,Male,Others
330.jpg,0-2,Male,White
331.jpg,0-2,Female,Black
332.jpg,0-2,Male,Asian
333.jpg,0-2,Female,Indian
334.jpg,20-29,Female,White
335.jpg,20-29,Male,White
336.jpg,20-29,Female,White
337.jpg,20-29,Male,White
338.jpg,20-29,Male,White
339.jpg,20-29,Male,Black
34.jpg,3-9,Female,White
340.jpg,20-29,Female,Asian
341.jpg,none,none,none
342.jpg,20-29,Female,Asian
343.jpg,none,none,none
344.jpg,20-29,Male,White
345.jpg,20-29,Male,White
346.jpg,20-29,Female,White
347.jpg,20-29,Female,White
348.jpg,30-39,Female,White
349.jpg,40-49,Female,White
35.jpg,10-19,Female,White
350.jpg,20-29,Female,White
351.jpg,10-19,Female,White
352.jpg,20-29,Female,White
353.jpg,30-39,Female,White
354.jpg,30-39,Female,White
355.jpg,20-29,Female,White
356.jpg,30-39,Female,White
357.jpg,20-29,Female,Indian
358.jpg,20-29,Female,Black
359.jpg,3-9,Male,Black
36.jpg,20-29,Female,Indian
360.jpg,3-9,Female,White
361.jpg,20-29,Female,White
362.jpg,20-29,Female,White
363.jpg,3-9,Female,Asian
364.jpg,20-29,Female,Others
365.jpg,0-2,Male,Asian
366.jpg,20-29,Male,White
367.jpg,20-29,Male,Indian
368.jpg,20-29,Male,Asian
369.jpg,20-29,Female,White
37.jpg,20-29,Male,White
370.jpg,10-19,Female,White
371.jpg,20-29,Female,White
372.jpg,30-39,Male,White
373.jpg,20-29,Male,White
374.jpg,30-39,Male,White
375.jpg,20-29,Female,White
376.jpg,20-29,Male,Black
377.jpg,30-39,Female,Black
378.jpg,20-29,Male,Black
379.jpg,20-29,Male,White
38.jpg,3-9,Female,White
380.jpg,20-29,Male,Indian
381.jpg,20-29,Female,Asian
382.jpg,3-9,Female,Indian
383.jpg,20-29,Female,White
384.jpg,20-29,Female,Indian
385.jpg,20-29,Female,White
386.jpg,30-39,Female,Indian
387.jpg,20-29,Female,Black
388.jpg,20-29,Female,Asian
389.jpg,20-29,Female,Black
39.jpg,3-9,Male,Black
390.jpg,20-29,Female,Black
391.jpg,20-29,Female,Black
392.jpg,20-29,Female,White
393.jpg,20-29,Male,Asian
394.jpg,3-9,Female,White
395.jpg,30-39,Female,Asian
396.jpg,20-29,Female,Black
397.jpg,20-29,Female,Asian
398.jpg,30-39,Female,White
399.jpg,30-39,Female,White
4.jpg,20-29,Female,White
40.jpg,20-29,Male,Asian
400.jpg,20-29,Female,Indian
401.jpg,20-29,Male,Asian
402.jpg,20-29,Female,Indian
403.jpg,30-39,Female,White
404.jpg,20-29,Male,Asian
405.jpg,20-29,Female,Indian
406.jpg,20-29,Male,White
407.jpg,20-29,Female,Asian
408.jpg,20-29,Female,Others
409.jpg,20-29,Female,Indian
41.jpg,10-19,Male,Indian
410.jpg,20-29,Female,Indian
411.jpg,30-39,Female,White
412.jpg,20-29,Female,Others
413.jpg,20-29,Female,White
414.jpg,20-29,Male,Black
415.jpg,20-29,Female,Asian
416.jpg,20-29,Female,Black
417.jpg,20-29,Male,Black
418.jpg,30-39,Male,Indian
419.jpg,30-39,Male,White
42.jpg,30-39,Female,White
420.jpg,3-9,Female,White
421.jpg,20-29,Male,Indian
422.jpg,20-29,Female,Black
423.jpg,20-29,Female,Indian
424.jpg,30-39,Male,Black
425.jpg,20-29,Male,Black
426.jpg,20-29,Male,Asian
427.jpg,20-29,Female,White
428.jpg,20-29,Male,Asian
429.jpg,3-9,Female,White
43.jpg,3-9,Female,Others
430.jpg,20-29,Male,Indian
431.jpg,30-39,Male,Indian
432.jpg,30-39,Male,Indian
433.jpg,20-29,Male,White
434.jpg,20-29,Male,Black
435.jpg,more than 70,Female,White
436.jpg,20-29,Female,White
437.jpg,20-29,Female,Asian
438.jpg,20-29,Female,White
439.jpg,20-29,Female,Indian
44.jpg,3-9,Female,White
440.jpg,20-29,Female,Indian
441.jpg,20-29,Female,Others
442.jpg,20-29,Male,Black
443.jpg,30-39,Female,Black
444.jpg,20-29,Female,Indian
445.jpg,20-29,Female,Asian
446.jpg,20-29,Female,Asian
447.jpg,20-29,Female,Indian
448.jpg,20-29,Female,Asian
449.jpg,30-39,Female,White
45.jpg,20-29,Male,Indian
450.jpg,30-39,Female,Indian
451.jpg,30-39,Male,Indian
452.jpg,20-29,Female,Others
453.jpg,20-29,Female,Black
454.jpg,20-29,Female,Indian
455.jpg,20-29,Female,White
456.jpg,20-29,Female,Black
457.jpg,20-29,Female,Indian
458.jpg,20-29,Male,Indian
459.jpg,20-29,Female,White
46.jpg,30-39,Female,Asian
460.jpg,20-29,Female,Indian
461.jpg,30-39,Male,White
462.jpg,20-29,Male,White
463.jpg,30-39,Male,White
464.jpg,30-39,Male,White
465.jpg,20-29,Female,Black
466.jpg,20-29,Male,Black
467.jpg,20-29,Male,Black
468.jpg,30-39,Male,Black
469.jpg,20-29,Male,Indian
47.jpg,20-29,Male,Indian
470.jpg,20-29,Female,Indian
471.jpg,20-29,Male,Asian
472.jpg,20-29,Male,Black
473.jpg,20-29,Male,Black
474.jpg,none,none,none
475.jpg,20-29,Male,Asian
476.jpg,20-29,Male,Indian
477.jpg,20-29,Male,Asian
478.jpg,20-29,Male,Indian
479.jpg,20-29,Male,White
48.jpg,50-59,Male,White
480.jpg,30-39,Male,White
481.jpg,20-29,Female,White
482.jpg,20-29,Female,White
483.jpg,20-29,Male,White
484.jpg,20-29,Female,Asian
485.jpg,20-29,Female,White
486.jpg,20-29,Female,White
487.jpg,20-29,Female,White
488.jpg,30-39,Female,White
489.jpg,20-29,Female,White
49.jpg,30-39,Male,White
490.jpg,20-29,Female,White
491.jpg,20-29,Female,Others
492.jpg,20-29,Female,White
493.jpg,20-29,Female,Black
494.jpg,40-49,Male,White
495.jpg,20-29,Female,Black
496.jpg,20-29,Female,Black
497.jpg,20-29,Female,White
498.jpg,20-29,Female,Black
499.jpg,10-19,Female,White
5.jpg,30-39,Female,White
50.jpg,50-59,Male,White
500.jpg,20-29,Female,Asian
501.jpg,20-29,Female,Asian
502.jpg,20-29,Female,Asian
503.jpg,20-29,Female,Asian
504.jpg,20-29,Female,Asian
505.jpg,20-29,Female,Asian
506.jpg,20-29,Female,Asian
507.jpg,none,none,none
508.jpg,20-29,Female,Asian
509.jpg,20-29,Female,White
51.jpg,20-29,Male,White
510.jpg,20-29,Female,Indian
511.jpg,20-29,Female,Indian
512.jpg,20-29,Female,Indian
513.jpg,20-29,Female,Indian
514.jpg,20-29,Male,Indian
515.jpg,20-29,Female,White
516.jpg,20-29,Female,Others
517.jpg,30-39,Male,White
518.jpg,30-39,Male,White
519.jpg,30-39,Male,White
52.jpg,20-29,Male,Black
520.jpg,20-29,Male,White
521.jpg,40-49,Male,Indian
522.jpg,30-39,Male,White
523.jpg,20-29,Male,White
524.jpg,none,none,none
525.jpg,20-29,Male,Black
526.jpg,20-29,Male,Black
527.jpg,20-29,Female,Asian
528.jpg,20-29,Male,Black
529.jpg,20-29,Female,White
53.jpg,30-39,Male,Black
530.jpg,30-39,Male,Black
531.jpg,20-29,Male,Black
532.jpg,20-29,Male,Indian
533.jpg,20-29,Male,Black
534.jpg,20-29,Male,White
535.jpg,20-29,Male,Black
536.jpg,0-2,Male,White
537.jpg,20-29,Male,Black
538.jpg,20-29,Male,Black
539.jpg,20-29,Male,Black
54.jpg,30-39,Female,Indian
540.jpg,0-2,Female,Asian
541.jpg,20-29,Female,Asian
542.jpg,10-19,Female,White
543.jpg,20-29,Male,Asian
544.jpg,20-29,Female,Asian
545.jpg,20-29,Male,White
546.jpg,20-29,Male,Black
547.jpg,20-29,Female,Others
548.jpg,30-39,Male,White
549.jpg,20-29,Male,Black
55.jpg,30-39,Female,White
550.jpg,20-29,Female,Indian
551.jpg,30-39,Male,White
552.jpg,20-29,Male,Indian
553.jpg,20-29,Female,White
554.jpg,20-29,Female,Indian
555.jpg,20-29,Female,White
556.jpg,30-39,Female,White
557.jpg,20-29,Female,Indian
558.jpg,20-29,Female,Black
559.jpg,20-29,Female,White
56.jpg,30-39,Female,White
560.jpg,20-29,Female,Indian
561.jpg,20-29,Female,White
562.jpg,20-29,Female,White
563.jpg,20-29,Female,White
564.jpg,20-29,Male,White
565.jpg,20-29,Female,White
566.jpg,20-29,Female,White
567.jpg,30-39,Female,Black
568.jpg,20-29,Female,Black
569.jpg,20-29,Female,White
57.jpg,3-9,Female,White
570.jpg,20-29,Female,Indian
571.jpg,20-29,Female,Black
572.jpg,30-39,Male,Black
573.jpg,none,none,none
574.jpg,20-29,Female,Black
575.jpg,20-29,Female,Asian
576.jpg,20-29,Female,Asian
577.jpg,30-39,Male,Black
578.jpg,20-29,Female,Asian
579.jpg,20-29,Female,White
58.jpg,10-19,Female,White
580.jpg,0-2,Female,Asian
581.jpg,30-39,Female,White
582.jpg,20-29,Female,Asian
583.jpg,20-29,Male,Asian
584.jpg,20-29,Male,Asian
585.jpg,20-29,Female,White
586.jpg,20-29,Female,Black
587.jpg,20-29,Female,Asian
588.jpg,20-29,Female,Asian
589.jpg,20-29,Male,White
59.jpg,20-29,Male,Indian
590.jpg,20-29,Female,Black
591.jpg,20-29,Female,Indian
592.jpg,20-29,Female,Asian
593.jpg,20-29,Male,Indian
594.jpg,20-29,Female,Asian
595.jpg,30-39,Female,Asian
596.jpg,3-9,Female,Asian
597.jpg,20-29,Female,White
598.jpg,20-29,Female,Black
599.jpg,20-29,Female,White
6.jpg,20-29,Male,White
60.jpg,30-39,Female,Indian
600.jpg,20-29,Female,Indian
601.jpg,20-29,Female,Asian
602.jpg,20-29,Female,White
603.jpg,20-29,Male,Indian
604.jpg,30-39,Female,Black
605.jpg,20-29,Female,Black
606.jpg,20-29,Male,Indian
607.jpg,20-29,Female,Black
608.jpg,20-29,Female,White
609.jpg,20-29,Female,White
61.jpg,20-29,Male,Indian
610.jpg,30-39,Female,White
611.jpg,30-39,Female,White
612.jpg,20-29,Female,Indian
613.jpg,20-29,Female,White
614.jpg,20-29,Female,White
615.jpg,30-39,Female,White
616.jpg,30-39,Female,White
617.jpg,none,none,none
618.jpg,20-29,Female,Black
619.jpg,20-29,Male,White
62.jpg,20-29,Male,Black
620.jpg,50-59,Male,White
621.jpg,20-29,Male,White
622.jpg,30-39,Male,White
623.jpg,50-59,Male,Black
624.jpg,20-29,Male,Indian
625.jpg,30-39,Male,White
626.jpg,20-29,Male,Indian
627.jpg,20-29,Male,White
628.jpg,20-29,Female,Asian
629.jpg,20-29,Male,Black
63.jpg,30-39,Female,White
630.jpg,20-29,Male,Black
631.jpg,20-29,Male,Black
632.jpg,20-29,Male,Black
633.jpg,30-39,Male,White
634.jpg,30-39,Male,Black
635.jpg,20-29,Male,Black
636.jpg,20-29,Male,Black
637.jpg,20-29,Male,Black
638.jpg,3-9,Male,Asian
639.jpg,20-29,Female,Asian
64.jpg,3-9,Male,White
640.jpg,20-29,Male,Asian
641.jpg,20-29,Male,Asian
642.jpg,20-29,Female,White
643.jpg,30-39,Male,Indian
644.jpg,20-29,Male,White
645.jpg,20-29,Male,Indian
646.jpg,20-29,Male,Indian
647.jpg,20-29,Male,Black
648.jpg,20-29,Male,Indian
649.jpg,30-39,Male,Indian
65.jpg,20-29,Male,White
650.jpg,20-29,Male,Black
651.jpg,20-29,Male,Indian
652.jpg,20-29,Male,Others
653.jpg,30-39,Female,Indian
654.jpg,30-39,Female,White
655.jpg,20-29,Female,Black
656.jpg,20-29,Female,Asian
657.jpg,20-29,Male,Black
658.jpg,20-29,Female,White
659.jpg,20-29,Male,White
66.jpg,20-29,Male,White
660.jpg,20-29,Female,Asian
661.jpg,20-29,Female,White
662.jpg,20-29,Female,Black
663.jpg,20-29,Female,White
664.jpg,20-29,Female,White
665.jpg,20-29,Female,Asian
666.jpg,30-39,Female,White
667.jpg,30-39,Male,White
668.jpg,20-29,Female,White
669.jpg,none,none,none
67.jpg,20-29,Male,White
670.jpg,30-39,Female,White
671.jpg,20-29,Female,White
672.jpg,20-29,Female,White
673.jpg,20-29,Female,Indian
674.jpg,20-29,Female,Black
675.jpg,20-29,Female,Black
676.jpg,20-29,Female,Black
677.jpg,30-39,Female,Black
678.jpg,20-29,Male,Black
679.jpg,20-29,Female,Black
68.jpg,10-19,Female,White
680.jpg,30-39,Male,Black
681.jpg,20-29,Male,Black
682.jpg,20-29,Male,Black
683.jpg,20-29,Female,Asian
684.jpg,20-29,Female,Others
685.jpg,50-59,Male,Black
686.jpg,20-29,Female,Black
687.jpg,30-39,Female,Black
688.jpg,30-39,Male,Indian
689.jpg,20-29,Male,White
69.jpg,30-39,Male,White
690.jpg,20-29,Female,Asian
691.jpg,20-29,Female,Asian
692.jpg,20-29,Female,Asian
693.jpg,20-29,Male,Asian
694.jpg,20-29,Female,Asian
695.jpg,20-29,Female,Asian
696.jpg,20-29,Female,White
697.jpg,20-29,Female,Indian
698.jpg,20-29,Female,Black
699.jpg,30-39,Female,Indian
7.jpg,20-29,Female,Black
70.jpg,30-39,Female,White
700.jpg,20-29,Female,Indian
701.jpg,20-29,Female,White
702.jpg,20-29,Female,Others
703.jpg,20-29,Female,Others
704.jpg,20-29,Male,Black
705.jpg,20-29,Female,Black
706.jpg,30-39,Female,Indian
707.jpg,30-39,Female,Indian
708.jpg,20-29,Female,Indian
709.jpg,20-29,Female,Others
71.jpg,20-29,Male,White
710.jpg,20-29,Female,Indian
711.jpg,none,none,none
712.jpg,20-29,Male,Black
713.jpg,20-29,Female,Black
714.jpg,20-29,Female,Asian
715.jpg,20-29,Female,Indian
716.jpg,20-29,Female,Asian
717.jpg,30-39,Female,Asian
718.jpg,20-29,Female,Indian
719.jpg,30-39,Male,White
72.jpg,20-29,Female,White
720.jpg,30-39,Male,Black
721.jpg,30-39,Female,Black
722.jpg,20-29,Male,White
723.jpg,20-29,Female,Black
724.jpg,20-29,Male,White
725.jpg,30-39,Male,White
726.jpg,30-39,Male,White
727.jpg,20-29,Male,Black
728.jpg,0-2,Male,White
729.jpg,30-39,Male,White
73.jpg,20-29,Female,Black
730.jpg,30-39,Male,White
731.jpg,30-39,Male,White
732.jpg,30-39,Male,Asian
733.jpg,20-29,Male,White
734.jpg,20-29,Male,White
735.jpg,20-29,Male,White
736.jpg,20-29,Female,Black
737.jpg,20-29,Male,White
738.jpg,20-29,Male,Indian
739.jpg,20-29,Male,White
74.jpg,30-39,Female,Asian
740.jpg,20-29,Female,White
741.jpg,30-39,Male,White
742.jpg,30-39,Male,White
743.jpg,30-39,Male,White
744.jpg,20-29,Male,White
745.jpg,more than 70,Male,Black
746.jpg,20-29,Male,Black
747.jpg,20-29,Male,Black
748.jpg,20-29,Male,Black
749.jpg,20-29,Male,White
75.jpg,20-29,Male,Asian
750.jpg,30-39,Male,Black
751.jpg,30-39,Male,Indian
752.jpg,20-29,Male,Black
753.jpg,20-29,Male,Black
754.jpg,20-29,Male,Indian
755.jpg,30-39,Male,Black
756.jpg,30-39,Male,Black
757.jpg,20-29,Male,Black
758.jpg,30-39,Male,Black
759.jpg,20-29,Male,Black
76.jpg,10-19,Female,Others
760.jpg,20-29,Male,Black
761.jpg,30-39,Male,Black
762.jpg,10-19,Male,White
763.jpg,20-29,Male,Black
764.jpg,20-29,Male,Black
765.jpg,20-29,Male,Indian
766.jpg,20-29,Male,White
767.jpg,none,none,none
768.jpg,20-29,Female,Black
769.jpg,40-49,Male,Black
77.jpg,20-29,Female,Black
770.jpg,30-39,Male,Black
771.jpg,10-19,Male,Indian
772.jpg,20-29,Male,Black
773.jpg,20-29,Male,Black
774.jpg,20-29,Male,Black
775.jpg,20-29,Female,Black
776.jpg,30-39,Male,Black
777.jpg,20-29,Male,Asian
778.jpg,20-29,Female,Black
779.jpg,20-29,Male,Black
78.jpg,20-29,Female,White
780.jpg,20-29,Male,White
781.jpg,20-29,Male,White
782.jpg,20-29,Male,Indian
783.jpg,40-49,Male,Asian
784.jpg,20-29,Male,White
785.jpg,20-29,Female,White
786.jpg,30-39,Male,Asian
787.jpg,30-39,Male,White
788.jpg,20-29,Female,Asian
789.jpg,20-29,Male,White
79.jpg,3-9,Male,White
790.jpg,20-29,Male,White
791.jpg,20-29,Male,White
792.jpg,30-39,Male,Indian
793.jpg,20-29,Male,White
794.jpg,20-29,Male,Black
795.jpg,20-29,Female,Black
796.jpg,30-39,Male,White
797.jpg,20-29,Male,Black
798.jpg,20-29,Male,Indian
799.jpg,20-29,Male,White
8.jpg,3-9,Female,White
80.jpg,20-29,Male,Asian
800.jpg,20-29,Female,White
801.jpg,20-29,Male,Indian
802.jpg,20-29,Male,Indian
803.jpg,30-39,Male,Indian
804.jpg,30-39,Male,Indian
805.jpg,20-29,Female,Indian
806.jpg,20-29,Female,White
807.jpg,30-39,Male,Indian
808.jpg,30-39,Male,Indian
809.jpg,20-29,Male,Black
81.jpg,0-2,Male,White
810.jpg,20-29,Male,White
811.jpg,20-29,Male,Indian
812.jpg,20-29,Male,White
813.jpg,20-29,Male,Indian
814.jpg,20-29,Male,Indian
815.jpg,20-29,Male,Black
816.jpg,30-39,Male,White
817.jpg,30-39,Male,White
818.jpg,30-39,Male,Indian
819.jpg,30-39,Male,Indian
82.jpg,20-29,Female,White
820.jpg,30-39,Male,Black
821.jpg,20-29,Male,Indian
822.jpg,20-29,Male,Black
823.jpg,20-29,Male,Indian
824.jpg,30-39,Male,Indian
825.jpg,50-59,Male,White
826.jpg,30-39,Male,White
827.jpg,20-29,Male,White
828.jpg,20-29,Male,White
829.jpg,30-39,Male,Indian
83.jpg,none,none,none
830.jpg,20-29,Female,Asian
831.jpg,20-29,Female,White
832.jpg,20-29,Male,White
833.jpg,20-29,Male,White
834.jpg,20-29,Male,Black
835.jpg,20-29,Male,White
836.jpg,3-9,Female,White
837.jpg,20-29,Female,Asian
838.jpg,30-39,Female,White
839.jpg,20-29,Male,Black
84.jpg,20-29,Male,Asian
840.jpg,20-29,Female,White
841.jpg,20-29,Female,Black
842.jpg,20-29,Female,White
843.jpg,20-29,Female,Black
844.jpg,30-39,Male,Indian
845.jpg,20-29,Female,White
846.jpg,20-29,Female,Asian
847.jpg,20-29,Female,White
848.jpg,0-2,Male,Indian
849.jpg,20-29,Female,Asian
85.jpg,20-29,Female,White
850.jpg,20-29,Female,Black
851.jpg,20-29,Female,Black
852.jpg,20-29,Female,Indian
853.jpg,20-29,Female,White
854.jpg,20-29,Male,Others
855.jpg,20-29,Female,Indian
856.jpg,3-9,Female,White
857.jpg,30-39,Female,White
858.jpg,30-39,Male,White
859.jpg,20-29,Female,White
86.jpg,20-29,Female,Black
860.jpg,30-39,Female,White
861.jpg,20-29,Female,White
862.jpg,20-29,Female,White
863.jpg,20-29,Female,White
864.jpg,20-29,Female,Black
865.jpg,20-29,Female,Asian
866.jpg,20-29,Female,White
867.jpg,20-29,Female,Black
868.jpg,3-9,Female,White
869.jpg,20-29,Female,White
87.jpg,30-39,Female,White
870.jpg,20-29,Female,Black
871.jpg,20-29,Male,Black
872.jpg,30-39,Male,Black
873.jpg,20-29,Female,Black
874.jpg,20-29,Female,Black
875.jpg,20-29,Female,Black
876.jpg,20-29,Female,Black
877.jpg,20-29,Female,Black
878.jpg,20-29,Female,Asian
879.jpg,20-29,Female,Black
88.jpg,20-29,Female,White
880.jpg,none,none,none
881.jpg,10-19,Male,Black
882.jpg,20-29,Male,White
883.jpg,20-29,Female,Black
884.jpg,20-29,Female,Asian
885.jpg,none,none,none
886.jpg,20-29,Female,White
887.jpg,20-29,Female,Asian
888.jpg,20-29,Female,Black
889.jpg,20-29,Male,Black
89.jpg,30-39,Female,Black
890.jpg,20-29,Male,Black
891.jpg,20-29,Female,Black
892.jpg,20-29,Female,Black
893.jpg,20-29,Female,Black
894.jpg,20-29,Female,Black
895.jpg,20-29,Female,Black
896.jpg,20-29,Female,Black
897.jpg,20-29,Female,Black
898.jpg,20-29,Male,Black
899.jpg,20-29,Male,Black
9.jpg,30-39,Female,White
90.jpg,20-29,Female,White
900.jpg,20-29,Female,Black
901.jpg,30-39,Male,Black
902.jpg,20-29,Female,Black
903.jpg,20-29,Male,Black
904.jpg,20-29,Male,Black
905.jpg,20-29,Female,Black
906.jpg,20-29,Female,Black
907.jpg,20-29,Female,Black
908.jpg,20-29,Female,Black
909.jpg,20-29,Female,Asian
91.jpg,20-29,Female,Black
910.jpg,20-29,Female,Black
911.jpg,20-29,Female,Black
912.jpg,20-29,Female,Black
913.jpg,20-29,Male,Black
914.jpg,20-29,Female,Black
915.jpg,20-29,Female,Black
916.jpg,20-29,Female,White
917.jpg,20-29,Female,Asian
918.jpg,20-29,Female,Asian
919.jpg,20-29,Male,White
92.jpg,20-29,Female,Black
920.jpg,20-29,Male,White
921.jpg,20-29,Male,Asian
922.jpg,20-29,Male,Asian
923.jpg,20-29,Female,Asian
924.jpg,20-29,Female,White
925.jpg,20-29,Female,Asian
926.jpg,20-29,Male,Black
927.jpg,20-29,Female,Asian
928.jpg,20-29,Male,Asian
929.jpg,20-29,Female,White
93.jpg,20-29,Female,White
930.jpg,20-29,Female,Asian
931.jpg,20-29,Female,Asian
932.jpg,20-29,Female,White
933.jpg,20-29,Female,Asian
934.jpg,20-29,Female,Black
935.jpg,20-29,Female,Black
936.jpg,20-29,Female,White
937.jpg,20-29,Male,Asian
938.jpg,20-29,Female,Indian
939.jpg,20-29,Female,White
94.jpg,20-29,Female,Black
940.jpg,20-29,Female,White
941.jpg,20-29,Female,Black
942.jpg,20-29,Female,Indian
943.jpg,30-39,Female,Indian
944.jpg,30-39,Female,Indian
945.jpg,20-29,Female,Indian
946.jpg,30-39,Female,Asian
947.jpg,20-29,Female,Indian
948.jpg,20-29,Male,Indian
949.jpg,20-29,Female,Black
95.jpg,30-39,Male,White
950.jpg,20-29,Female,Black
951.jpg,20-29,Female,Indian
952.jpg,20-29,Female,Indian
953.jpg,20-29,Female,Asian
954.jpg,20-29,Female,Indian
955.jpg,20-29,Male,Asian
956.jpg,20-29,Female,Black
957.jpg,20-29,Female,Indian
958.jpg,20-29,Female,Indian
959.jpg,20-29,Female,White
96.jpg,20-29,Female,Indian
960.jpg,20-29,Female,Indian
961.jpg,20-29,Female,Black
962.jpg,20-29,Male,White
963.jpg,10-19,Female,White
964.jpg,20-29,Female,Indian
965.jpg,30-39,Female,Indian
966.jpg,20-29,Male,Black
967.jpg,20-29,Female,Indian
968.jpg,20-29,Female,Black
969.jpg,20-29,Female,Black
97.jpg,20-29,Female,Indian
970.jpg,20-29,Female,Black
971.jpg,30-39,Female,Asian
972.jpg,30-39,Female,Indian
973.jpg,20-29,Female,Black
974.jpg,30-39,Female,White
975.jpg,20-29,Female,Indian
976.jpg,30-39,Female,Indian
977.jpg,20-29,Female,Indian
978.jpg,20-29,Female,Black
979.jpg,20-29,Female,White
98.jpg,20-29,Female,Black
980.jpg,20-29,Male,Black
981.jpg,30-39,Female,Others
982.jpg,20-29,Female,Black
983.jpg,20-29,Female,Others
984.jpg,0-2,Female,Black
985.jpg,20-29,Female,White
986.jpg,20-29,Female,White
987.jpg,20-29,Female,Asian
988.jpg,20-29,Female,White
989.jpg,20-29,Female,White
99.jpg,30-39,Male,White
990.jpg,20-29,Female,Others
991.jpg,20-29,Male,White
992.jpg,3-9,Female,Asian
993.jpg,20-29,Male,Asian
994.jpg,20-29,Female,Asian
995.jpg,20-29,Female,Others
996.jpg,20-29,Female,Black
997.jpg,30-39,Male,White
998.jpg,20-29,Female,White
999.jpg,30-39,Male,White
