10.jpg,20-29,Male,White
100.jpg,20-29,Male,White
1000.jpg,20-29,Male,White
1001.jpg,20-29,Male,White
1002.jpg,20-29,Male,White
1003.jpg,20-29,Male,White
1004.jpg,20-29,Male,Indian
1005.jpg,20-29,Male,White
1006.jpg,20-29,Male,White
1007.jpg,20-29,Male,White
1008.jpg,30-39,Male,White
1009.jpg,20-29,Male,White
101.jpg,20-29,Male,White
1010.jpg,30-39,Male,White
1011.jpg,30-39,Male,Indian
1013.jpg,20-29,Male,White
1014.jpg,20-29,Male,Indian
1015.jpg,20-29,Male,White
1016.jpg,20-29,Female,Indian
1017.jpg,20-29,Male,White
1018.jpg,20-29,Male,Indian
1019.jpg,20-29,Male,White
102.jpg,20-29,Male,White
1020.jpg,20-29,Male,White
1021.jpg,20-29,Male,White
1022.jpg,20-29,Male,Indian
1023.jpg,30-39,Male,White
1024.jpg,20-29,Male,White
1025.jpg,20-29,Male,Indian
1026.jpg,20-29,Male,White
1027.jpg,20-29,Male,White
1028.jpg,20-29,Male,White
1029.jpg,30-39,Male,White
103.jpg,20-29,Male,White
1030.jpg,20-29,Male,White
1031.jpg,20-29,Male,White
1032.jpg,20-29,Male,White
1033.jpg,20-29,Male,White
1034.jpg,20-29,Female,White
1035.jpg,30-39,Male,Black
1036.jpg,below 20,Female,White
1037.jpg,20-29,Male,White
1038.jpg,20-29,Male,White
1039.jpg,20-29,Male,White
104.jpg,20-29,Male,White
1040.jpg,20-29,Male,White
1041.jpg,20-29,Male,White
1042.jpg,20-29,Male,White
1043.jpg,20-29,Male,White
1044.jpg,20-29,Male,White
1045.jpg,20-29,Male,White
1046.jpg,20-29,Male,White
1047.jpg,20-29,Male,White
1048.jpg,20-29,Male,White
1049.jpg,20-29,Male,White
105.jpg,20-29,Male,White
1050.jpg,20-29,Male,White
1051.jpg,20-29,Male,White
1052.jpg,20-29,Female,White
1053.jpg,20-29,Male,White
1055.jpg,20-29,Male,White
1056.jpg,20-29,Male,White
1057.jpg,20-29,Female,White
1058.jpg,20-29,Male,White
1059.jpg,20-29,Male,White
1060.jpg,30-39,Male,White
1061.jpg,20-29,Male,White
1062.jpg,20-29,Male,White
1063.jpg,20-29,Male,Indian
1064.jpg,20-29,Male,White
1065.jpg,20-29,Male,White
1066.jpg,20-29,Male,White
1067.jpg,20-29,Male,White
1068.jpg,30-39,Male,White
1069.jpg,20-29,Male,White
107.jpg,20-29,Male,White
1070.jpg,20-29,Male,White
1071.jpg,20-29,Male,Asian
1072.jpg,20-29,Male,White
1073.jpg,20-29,Female,White
1074.jpg,below 20,Female,White
1075.jpg,20-29,Male,White
1076.jpg,below 20,Female,White
1077.jpg,20-29,Male,White
1078.jpg,20-29,Male,White
1079.jpg,20-29,Male,White
108.jpg,20-29,Male,White
1080.jpg,20-29,Male,White
1081.jpg,20-29,Male,Indian
1082.jpg,20-29,Male,White
1083.jpg,20-29,Male,White
1084.jpg,20-29,Male,White
1085.jpg,20-29,Female,Black
1086.jpg,20-29,Male,White
1087.jpg,20-29,Male,Indian
1088.jpg,20-29,Male,White
1089.jpg,20-29,Male,Indian
109.jpg,20-29,Male,White
1090.jpg,20-29,Male,White
1091.jpg,below 20,Female,Asian
1092.jpg,30-39,Male,White
1093.jpg,20-29,Male,White
1094.jpg,20-29,Male,Indian
1095.jpg,20-29,Male,White
1096.jpg,20-29,Male,White
1097.jpg,20-29,Male,White
1098.jpg,50+,Male,Indian
1099.jpg,20-29,Male,White
11.jpg,20-29,Male,White
110.jpg,20-29,Male,White
1101.jpg,20-29,Male,White
1102.jpg,20-29,Male,White
1103.jpg,20-29,Male,Asian
1104.jpg,20-29,Male,White
1105.jpg,30-39,Male,Indian
1106.jpg,20-29,Male,White
1107.jpg,below 20,Male,Asian
1108.jpg,20-29,Male,White
1109.jpg,20-29,Male,White
111.jpg,20-29,Male,White
1110.jpg,20-29,Male,White
1111.jpg,20-29,Female,Black
1112.jpg,20-29,Male,White
1113.jpg,30-39,Male,Indian
1114.jpg,20-29,Male,White
1115.jpg,20-29,Male,Indian
1116.jpg,20-29,Male,Indian
1117.jpg,20-29,Male,White
1118.jpg,30-39,Male,Indian
1119.jpg,40-49,Male,Indian
112.jpg,20-29,Male,White
1120.jpg,30-39,Male,Indian
1121.jpg,20-29,Male,Indian
1122.jpg,20-29,Male,White
1123.jpg,20-29,Male,White
1125.jpg,20-29,Male,White
1126.jpg,20-29,Male,White
1127.jpg,20-29,Male,White
1128.jpg,20-29,Male,White
1129.jpg,20-29,Male,White
113.jpg,below 20,Male,White
1130.jpg,20-29,Male,White
1131.jpg,20-29,Male,White
1132.jpg,20-29,Male,White
1133.jpg,20-29,Male,White
1134.jpg,30-39,Male,Indian
1135.jpg,30-39,Male,White
1136.jpg,20-29,Male,Asian
1137.jpg,20-29,Male,White
1138.jpg,20-29,Male,White
1139.jpg,20-29,Male,White
114.jpg,20-29,Male,White
1140.jpg,20-29,Male,White
1142.jpg,20-29,Male,White
1144.jpg,20-29,Male,White
1145.jpg,below 20,Female,White
1146.jpg,20-29,Male,White
1147.jpg,20-29,Male,White
1148.jpg,20-29,Male,White
1149.jpg,20-29,Male,White
115.jpg,20-29,Male,Asian
1150.jpg,20-29,Male,White
1151.jpg,20-29,Male,White
1152.jpg,30-39,Male,White
1153.jpg,20-29,Male,White
1154.jpg,20-29,Male,Indian
1155.jpg,20-29,Male,White
1156.jpg,20-29,Male,White
1157.jpg,20-29,Male,White
1158.jpg,20-29,Male,White
1159.jpg,20-29,Male,White
116.jpg,20-29,Male,White
1160.jpg,20-29,Male,White
1161.jpg,20-29,Male,White
1162.jpg,20-29,Male,White
1163.jpg,20-29,Male,White
1164.jpg,20-29,Male,White
1165.jpg,20-29,Male,White
1166.jpg,20-29,Male,White
1167.jpg,20-29,Male,White
1168.jpg,20-29,Male,White
1169.jpg,20-29,Male,White
117.jpg,20-29,Male,White
1170.jpg,20-29,Male,White
1171.jpg,20-29,Male,White
1172.jpg,20-29,Male,White
1173.jpg,20-29,Male,White
1174.jpg,20-29,Male,White
1175.jpg,20-29,Male,White
1176.jpg,20-29,Male,White
1177.jpg,20-29,Male,Indian
1178.jpg,20-29,Male,White
1179.jpg,20-29,Male,White
118.jpg,20-29,Male,White
1180.jpg,20-29,Female,White
1181.jpg,20-29,Male,White
1182.jpg,20-29,Male,Indian
1183.jpg,20-29,Male,White
1184.jpg,20-29,Female,White
1185.jpg,20-29,Male,Indian
1186.jpg,30-39,Male,White
1187.jpg,20-29,Male,White
1188.jpg,20-29,Male,Indian
1189.jpg,30-39,Male,White
1190.jpg,20-29,Male,White
1191.jpg,20-29,Male,White
1192.jpg,20-29,Male,White
1194.jpg,20-29,Male,Indian
1195.jpg,30-39,Male,Indian
1196.jpg,20-29,Male,Asian
1197.jpg,below 20,Female,White
1198.jpg,20-29,Male,White
1199.jpg,20-29,Male,White
12.jpg,20-29,Male,White
120.jpg,20-29,Male,White
1200.jpg,20-29,Male,White
1201.jpg,20-29,Male,White
1202.jpg,20-29,Male,White
1203.jpg,20-29,Male,White
1204.jpg,20-29,Male,White
1206.jpg,20-29,Female,White
1207.jpg,20-29,Male,White
1208.jpg,20-29,Male,Indian
1209.jpg,20-29,Male,White
1210.jpg,20-29,Male,White
1211.jpg,20-29,Female,White
1212.jpg,20-29,Male,White
1213.jpg,30-39,Male,Indian
1214.jpg,20-29,Male,Indian
1215.jpg,20-29,Male,White
1216.jpg,30-39,Male,White
1217.jpg,20-29,Male,Indian
1218.jpg,20-29,Male,White
1219.jpg,20-29,Male,Indian
122.jpg,20-29,Male,White
1220.jpg,30-39,Male,White
1222.jpg,20-29,Male,White
1223.jpg,20-29,Male,Black
1224.jpg,20-29,Male,White
1225.jpg,20-29,Male,Indian
1226.jpg,20-29,Male,White
1227.jpg,20-29,Male,White
1228.jpg,20-29,Male,White
1229.jpg,20-29,Male,White
123.jpg,below 20,Male,Asian
1230.jpg,20-29,Male,White
1231.jpg,20-29,Male,White
1232.jpg,20-29,Male,White
1233.jpg,20-29,Male,White
1234.jpg,20-29,Male,White
1235.jpg,20-29,Male,White
1237.jpg,20-29,Male,White
1238.jpg,20-29,Male,White
1239.jpg,20-29,Male,White
124.jpg,20-29,Male,White
1240.jpg,30-39,Male,White
1241.jpg,20-29,Male,White
1242.jpg,20-29,Male,Asian
1244.jpg,20-29,Male,White
1245.jpg,20-29,Male,White
1246.jpg,20-29,Male,White
1247.jpg,20-29,Male,White
1248.jpg,20-29,Male,White
1249.jpg,20-29,Male,White
125.jpg,30-39,Female,White
1250.jpg,20-29,Male,White
1251.jpg,20-29,Male,White
1252.jpg,20-29,Male,White
1253.jpg,20-29,Male,Asian
1254.jpg,20-29,Male,White
1255.jpg,20-29,Male,White
1256.jpg,20-29,Male,White
1257.jpg,20-29,Male,White
1258.jpg,20-29,Male,White
1259.jpg,20-29,Male,White
126.jpg,20-29,Male,White
1260.jpg,20-29,Male,White
1261.jpg,30-39,Male,White
1262.jpg,20-29,Male,White
1263.jpg,20-29,Male,White
1264.jpg,20-29,Male,White
1265.jpg,20-29,Male,White
1266.jpg,20-29,Male,White
1267.jpg,20-29,Male,Indian
1268.jpg,20-29,Male,White
1269.jpg,20-29,Male,White
127.jpg,20-29,Male,White
1272.jpg,30-39,Male,Indian
1273.jpg,20-29,Male,White
1274.jpg,20-29,Male,White
1275.jpg,20-29,Male,White
1276.jpg,20-29,Male,White
1277.jpg,20-29,Male,White
1278.jpg,20-29,Male,White
1279.jpg,20-29,Male,White
128.jpg,20-29,Male,White
1280.jpg,20-29,Male,White
1281.jpg,20-29,Male,White
1282.jpg,20-29,Male,White
1283.jpg,20-29,Male,White
1284.jpg,20-29,Male,White
1285.jpg,20-29,Male,White
1286.jpg,20-29,Male,White
1287.jpg,20-29,Male,White
1288.jpg,20-29,Male,White
1289.jpg,20-29,Male,White
129.jpg,20-29,Male,White
1290.jpg,20-29,Male,White
1292.jpg,20-29,Male,White
1293.jpg,20-29,Male,White
1294.jpg,20-29,Male,White
1296.jpg,20-29,Male,White
1297.jpg,20-29,Male,White
1299.jpg,20-29,Male,White
13.jpg,20-29,Male,White
130.jpg,20-29,Male,White
1300.jpg,20-29,Male,Indian
1302.jpg,20-29,Male,White
1303.jpg,20-29,Male,White
1304.jpg,20-29,Male,White
1305.jpg,20-29,Male,White
1306.jpg,20-29,Male,White
1307.jpg,20-29,Male,White
1308.jpg,20-29,Male,White
1309.jpg,20-29,Male,White
131.jpg,below 20,Male,Asian
1312.jpg,20-29,Male,White
1313.jpg,below 20,Male,Asian
1314.jpg,20-29,Male,White
1315.jpg,20-29,Male,White
1316.jpg,20-29,Male,White
1317.jpg,20-29,Male,White
1319.jpg,20-29,Male,White
132.jpg,20-29,Male,White
1320.jpg,20-29,Male,White
1321.jpg,20-29,Male,White
1323.jpg,20-29,Male,White
1324.jpg,20-29,Male,White
1325.jpg,30-39,Male,White
1326.jpg,20-29,Male,White
1327.jpg,20-29,Male,White
1328.jpg,20-29,Male,White
1329.jpg,20-29,Male,Indian
133.jpg,20-29,Male,White
1330.jpg,20-29,Male,White
1331.jpg,20-29,Male,Indian
1332.jpg,20-29,Male,White
1333.jpg,20-29,Male,White
1334.jpg,20-29,Male,White
1335.jpg,20-29,Male,White
1336.jpg,20-29,Male,White
1337.jpg,20-29,Male,Asian
1338.jpg,20-29,Male,White
1339.jpg,20-29,Male,White
1340.jpg,20-29,Male,White
1341.jpg,20-29,Male,White
1342.jpg,20-29,Male,White
1343.jpg,20-29,Male,Others
1344.jpg,30-39,Male,White
1345.jpg,40-49,Male,White
1346.jpg,20-29,Male,White
1347.jpg,20-29,Male,White
1348.jpg,20-29,Male,White
1349.jpg,20-29,Male,White
135.jpg,20-29,Male,White
1350.jpg,20-29,Male,White
1351.jpg,20-29,Male,White
1352.jpg,20-29,Female,Asian
1353.jpg,20-29,Male,White
1354.jpg,20-29,Male,Asian
1355.jpg,20-29,Male,White
1356.jpg,20-29,Female,White
1357.jpg,20-29,Male,White
1358.jpg,below 20,Female,White
1359.jpg,20-29,Male,White
136.jpg,20-29,Male,White
1360.jpg,20-29,Male,White
1361.jpg,20-29,Female,White
1362.jpg,20-29,Male,White
1363.jpg,20-29,Male,White
1364.jpg,30-39,Male,Indian
1365.jpg,20-29,Male,White
1366.jpg,20-29,Male,White
1367.jpg,20-29,Male,White
1368.jpg,20-29,Male,White
1369.jpg,20-29,Male,White
137.jpg,20-29,Male,White
1370.jpg,20-29,Male,White
1371.jpg,20-29,Male,White
1373.jpg,20-29,Male,White
1374.jpg,20-29,Male,White
1375.jpg,30-39,Female,White
1376.jpg,20-29,Female,White
1377.jpg,20-29,Male,White
1378.jpg,20-29,Male,White
1379.jpg,20-29,Female,White
138.jpg,20-29,Male,White
1380.jpg,20-29,Female,White
1381.jpg,20-29,Male,White
1382.jpg,20-29,Male,White
1383.jpg,20-29,Male,White
1384.jpg,20-29,Male,White
1385.jpg,20-29,Male,White
1386.jpg,20-29,Male,White
1387.jpg,below 20,Male,White
1388.jpg,20-29,Male,White
1389.jpg,30-39,Female,White
139.jpg,20-29,Male,White
1390.jpg,20-29,Male,White
1391.jpg,20-29,Female,White
1392.jpg,20-29,Male,White
1393.jpg,20-29,Male,White
1394.jpg,20-29,Male,White
1395.jpg,20-29,Female,White
1396.jpg,20-29,Male,White
1398.jpg,20-29,Male,White
1399.jpg,20-29,Male,White
140.jpg,20-29,Male,White
1400.jpg,20-29,Male,White
1401.jpg,20-29,Male,White
1402.jpg,30-39,Male,Asian
1403.jpg,20-29,Male,Indian
1404.jpg,20-29,Male,White
1405.jpg,20-29,Male,White
1406.jpg,20-29,Male,White
1407.jpg,20-29,Male,White
1408.jpg,20-29,Male,White
1409.jpg,20-29,Male,White
141.jpg,20-29,Male,White
1411.jpg,20-29,Male,White
1412.jpg,20-29,Male,White
1413.jpg,20-29,Male,White
1414.jpg,20-29,Male,White
1415.jpg,20-29,Male,White
1418.jpg,20-29,Male,White
1419.jpg,20-29,Male,White
142.jpg,20-29,Male,White
1420.jpg,30-39,Female,White
1421.jpg,20-29,Male,White
1422.jpg,20-29,Male,Indian
1423.jpg,20-29,Male,White
1424.jpg,below 20,Male,White
1425.jpg,20-29,Male,White
1426.jpg,20-29,Male,White
1427.jpg,20-29,Male,White
1428.jpg,20-29,Male,White
1429.jpg,20-29,Male,White
143.jpg,20-29,Male,White
1430.jpg,20-29,Male,White
1431.jpg,20-29,Male,White
1432.jpg,20-29,Male,White
1433.jpg,20-29,Male,Indian
1434.jpg,20-29,Male,White
1435.jpg,20-29,Male,White
1436.jpg,below 20,Male,White
1437.jpg,20-29,Male,White
1438.jpg,20-29,Male,White
1439.jpg,20-29,Male,White
144.jpg,20-29,Male,White
1440.jpg,30-39,Female,White
1441.jpg,20-29,Male,White
1442.jpg,20-29,Male,White
1443.jpg,20-29,Male,White
1444.jpg,20-29,Male,Indian
1445.jpg,20-29,Male,Indian
1446.jpg,20-29,Male,White
1447.jpg,20-29,Male,White
1448.jpg,20-29,Male,White
1449.jpg,30-39,Female,White
145.jpg,20-29,Male,White
1450.jpg,20-29,Male,White
1451.jpg,20-29,Female,White
1452.jpg,20-29,Male,White
1453.jpg,30-39,Male,White
1454.jpg,20-29,Male,White
1456.jpg,20-29,Female,White
1457.jpg,30-39,Male,Indian
1458.jpg,20-29,Male,White
1459.jpg,20-29,Male,Black
146.jpg,20-29,Male,White
1460.jpg,20-29,Male,White
1461.jpg,20-29,Female,White
1462.jpg,below 20,Male,White
1463.jpg,20-29,Male,Indian
1464.jpg,20-29,Male,White
1465.jpg,20-29,Female,White
1466.jpg,20-29,Male,Indian
1467.jpg,30-39,Male,White
1468.jpg,20-29,Male,White
1469.jpg,20-29,Male,White
147.jpg,20-29,Male,Indian
1470.jpg,20-29,Male,White
1471.jpg,20-29,Male,White
1472.jpg,20-29,Male,White
1473.jpg,20-29,Male,White
1474.jpg,20-29,Female,White
1475.jpg,20-29,Male,White
1476.jpg,20-29,Male,White
1477.jpg,20-29,Male,White
1478.jpg,20-29,Male,White
1479.jpg,20-29,Male,White
148.jpg,20-29,Male,White
1480.jpg,20-29,Female,White
1481.jpg,below 20,Male,Asian
1482.jpg,20-29,Male,White
1483.jpg,20-29,Male,White
1484.jpg,20-29,Male,White
1485.jpg,20-29,Male,White
1486.jpg,20-29,Male,White
1487.jpg,20-29,Male,White
1489.jpg,20-29,Male,White
1490.jpg,30-39,Male,White
1491.jpg,20-29,Male,White
1493.jpg,20-29,Male,White
1494.jpg,20-29,Male,Indian
1495.jpg,30-39,Male,White
1496.jpg,20-29,Male,White
1497.jpg,20-29,Male,White
1498.jpg,20-29,Male,White
1499.jpg,20-29,Male,White
15.jpg,20-29,Male,White
150.jpg,20-29,Male,White
1500.jpg,20-29,Male,White
1501.jpg,20-29,Male,White
1502.jpg,below 20,Female,White
1503.jpg,20-29,Male,Indian
1504.jpg,20-29,Male,Indian
1505.jpg,20-29,Male,White
1506.jpg,20-29,Male,White
1507.jpg,20-29,Female,White
1508.jpg,20-29,Male,White
1509.jpg,20-29,Male,White
151.jpg,20-29,Male,White
1510.jpg,20-29,Male,White
1511.jpg,20-29,Male,White
1512.jpg,20-29,Female,White
1513.jpg,20-29,Female,White
1514.jpg,30-39,Female,White
1515.jpg,20-29,Male,White
1516.jpg,20-29,Male,White
1517.jpg,20-29,Male,White
1518.jpg,20-29,Male,White
1519.jpg,20-29,Male,White
152.jpg,20-29,Male,White
1520.jpg,20-29,Male,White
1521.jpg,20-29,Female,White
1522.jpg,20-29,Male,White
1523.jpg,20-29,Male,White
1524.jpg,20-29,Male,White
1525.jpg,20-29,Male,White
1526.jpg,20-29,Male,White
1527.jpg,20-29,Male,White
1528.jpg,20-29,Male,White
1529.jpg,20-29,Male,White
153.jpg,20-29,Male,White
1530.jpg,20-29,Male,White
1531.jpg,20-29,Male,White
1532.jpg,20-29,Female,White
1533.jpg,20-29,Male,White
1534.jpg,20-29,Female,White
1535.jpg,below 20,Female,Asian
1536.jpg,20-29,Male,White
1537.jpg,50+,Female,White
1538.jpg,30-39,Male,White
1539.jpg,20-29,Male,White
154.jpg,20-29,Male,White
1540.jpg,20-29,Male,White
1541.jpg,20-29,Male,White
1542.jpg,20-29,Male,White
1543.jpg,30-39,Female,White
1544.jpg,20-29,Male,White
1545.jpg,20-29,Male,White
1546.jpg,20-29,Male,White
1547.jpg,20-29,Female,White
1548.jpg,20-29,Male,White
1549.jpg,20-29,Male,White
155.jpg,20-29,Male,White
1550.jpg,20-29,Female,White
1551.jpg,20-29,Male,White
1552.jpg,20-29,Male,White
1553.jpg,20-29,Male,Asian
1554.jpg,20-29,Male,White
1555.jpg,20-29,Female,White
1556.jpg,20-29,Male,White
1557.jpg,30-39,Female,White
1558.jpg,20-29,Female,White
1559.jpg,20-29,Male,White
156.jpg,20-29,Male,White
1560.jpg,20-29,Female,White
1561.jpg,20-29,Male,White
1562.jpg,20-29,Male,White
1563.jpg,20-29,Male,White
1564.jpg,20-29,Male,White
1565.jpg,20-29,Male,White
1566.jpg,20-29,Male,White
1567.jpg,20-29,Male,White
1568.jpg,20-29,Male,White
1569.jpg,20-29,Male,Asian
157.jpg,20-29,Male,White
1570.jpg,30-39,Male,White
1571.jpg,20-29,Male,White
1572.jpg,20-29,Male,White
1573.jpg,20-29,Male,White
1574.jpg,20-29,Male,White
1575.jpg,20-29,Male,White
1576.jpg,20-29,Male,White
1577.jpg,30-39,Male,Indian
1578.jpg,20-29,Male,White
1579.jpg,20-29,Male,White
158.jpg,20-29,Male,Indian
1580.jpg,20-29,Male,White
1581.jpg,20-29,Male,White
1582.jpg,20-29,Male,White
1583.jpg,below 20,Male,White
1584.jpg,20-29,Male,White
1585.jpg,20-29,Male,White
1586.jpg,20-29,Male,White
1587.jpg,20-29,Male,White
1588.jpg,30-39,Male,Indian
1589.jpg,20-29,Male,White
159.jpg,30-39,Male,White
1590.jpg,below 20,Female,White
1591.jpg,20-29,Male,White
1592.jpg,20-29,Male,Indian
1593.jpg,20-29,Female,White
1594.jpg,20-29,Female,White
1595.jpg,30-39,Male,Indian
1596.jpg,20-29,Male,White
1597.jpg,20-29,Male,Black
1598.jpg,20-29,Male,White
1599.jpg,20-29,Male,White
16.jpg,20-29,Male,White
160.jpg,20-29,Male,White
1600.jpg,20-29,Female,White
1601.jpg,20-29,Male,White
1602.jpg,20-29,Male,White
1603.jpg,20-29,Female,White
1604.jpg,20-29,Male,White
1605.jpg,20-29,Female,White
1606.jpg,20-29,Male,White
1607.jpg,30-39,Male,White
1608.jpg,20-29,Male,White
1609.jpg,20-29,Male,White
161.jpg,20-29,Male,White
1610.jpg,20-29,Male,White
1611.jpg,20-29,Male,White
1612.jpg,20-29,Female,Black
1614.jpg,20-29,Male,White
1615.jpg,20-29,Male,White
1616.jpg,30-39,Female,White
1617.jpg,30-39,Male,White
1618.jpg,20-29,Male,White
1619.jpg,30-39,Male,White
1620.jpg,30-39,Male,Indian
1621.jpg,20-29,Female,White
1622.jpg,below 20,Male,White
1623.jpg,20-29,Male,White
1624.jpg,20-29,Male,White
1625.jpg,20-29,Male,White
1626.jpg,20-29,Male,White
1627.jpg,20-29,Male,White
1628.jpg,20-29,Male,White
1629.jpg,20-29,Male,White
163.jpg,20-29,Male,White
1630.jpg,50+,Male,Indian
1631.jpg,20-29,Male,White
1632.jpg,20-29,Male,White
1633.jpg,20-29,Male,Indian
1634.jpg,20-29,Male,Indian
1635.jpg,20-29,Male,White
1636.jpg,20-29,Male,White
1637.jpg,20-29,Male,White
1638.jpg,20-29,Male,White
1639.jpg,20-29,Male,White
1640.jpg,20-29,Male,White
1641.jpg,20-29,Male,White
1642.jpg,20-29,Male,White
1643.jpg,20-29,Male,White
1644.jpg,20-29,Male,White
1645.jpg,20-29,Male,White
1646.jpg,30-39,Male,Indian
1647.jpg,30-39,Male,White
1648.jpg,20-29,Male,Indian
1649.jpg,20-29,Male,White
165.jpg,20-29,Male,White
1650.jpg,20-29,Male,White
1651.jpg,below 20,Male,White
1652.jpg,20-29,Male,White
1653.jpg,20-29,Male,White
1654.jpg,30-39,Male,White
1655.jpg,20-29,Male,Indian
1656.jpg,30-39,Male,White
1657.jpg,20-29,Male,White
1658.jpg,below 20,Female,White
1659.jpg,30-39,Male,White
1660.jpg,20-29,Male,White
1661.jpg,20-29,Male,White
1662.jpg,20-29,Male,White
1663.jpg,30-39,Male,Indian
1664.jpg,50+,Male,White
1665.jpg,20-29,Male,White
1666.jpg,20-29,Male,Asian
1667.jpg,20-29,Male,White
1668.jpg,30-39,Male,White
1669.jpg,20-29,Male,White
167.jpg,20-29,Male,White
1670.jpg,20-29,Male,White
1671.jpg,20-29,Male,White
1673.jpg,20-29,Male,White
1674.jpg,20-29,Male,White
1675.jpg,20-29,Male,Indian
1676.jpg,20-29,Male,White
1677.jpg,20-29,Male,Indian
1678.jpg,20-29,Male,Others
1679.jpg,20-29,Male,White
168.jpg,20-29,Male,White
1681.jpg,20-29,Male,Others
1682.jpg,30-39,Male,Indian
1683.jpg,20-29,Male,White
1684.jpg,30-39,Male,Indian
1685.jpg,20-29,Male,White
1686.jpg,20-29,Male,White
1687.jpg,20-29,Male,White
1688.jpg,20-29,Male,White
1689.jpg,below 20,Female,White
169.jpg,20-29,Male,White
1690.jpg,20-29,Male,White
1691.jpg,20-29,Male,White
1692.jpg,20-29,Male,White
1693.jpg,below 20,Male,White
1694.jpg,20-29,Male,White
1695.jpg,20-29,Male,White
1696.jpg,20-29,Male,White
1697.jpg,20-29,Male,White
1698.jpg,20-29,Male,White
1699.jpg,20-29,Male,Asian
17.jpg,20-29,Male,White
170.jpg,below 20,Female,White
1700.jpg,20-29,Male,White
1701.jpg,20-29,Male,White
1702.jpg,20-29,Male,White
1703.jpg,20-29,Male,White
1704.jpg,20-29,Male,White
1705.jpg,20-29,Male,White
1706.jpg,20-29,Male,White
1707.jpg,20-29,Male,White
1708.jpg,20-29,Male,White
1709.jpg,20-29,Male,White
171.jpg,20-29,Male,White
1710.jpg,20-29,Male,White
1711.jpg,20-29,Male,Others
1712.jpg,20-29,Male,White
1713.jpg,20-29,Male,White
1714.jpg,20-29,Male,White
1715.jpg,20-29,Male,White
1716.jpg,20-29,Female,White
1717.jpg,20-29,Male,White
1718.jpg,20-29,Male,White
1719.jpg,20-29,Male,White
172.jpg,20-29,Male,White
1720.jpg,20-29,Female,White
1721.jpg,30-39,Female,White
1722.jpg,20-29,Male,White
1723.jpg,20-29,Male,White
1724.jpg,40-49,Male,White
1725.jpg,20-29,Female,White
1726.jpg,20-29,Male,Indian
1727.jpg,below 20,Female,Asian
1728.jpg,20-29,Male,White
1729.jpg,20-29,Male,White
173.jpg,20-29,Male,White
1730.jpg,20-29,Male,White
1731.jpg,20-29,Male,White
1732.jpg,20-29,Male,White
1733.jpg,30-39,Male,White
1734.jpg,30-39,Male,White
1735.jpg,20-29,Male,Indian
1736.jpg,20-29,Male,White
1737.jpg,20-29,Male,Black
1738.jpg,20-29,Male,Black
1739.jpg,20-29,Male,White
174.jpg,20-29,Male,White
1740.jpg,20-29,Male,Indian
1741.jpg,20-29,Male,White
1742.jpg,20-29,Male,White
1743.jpg,20-29,Male,White
1744.jpg,20-29,Male,White
1745.jpg,20-29,Male,White
1746.jpg,20-29,Male,White
1747.jpg,20-29,Male,White
1748.jpg,20-29,Male,White
1749.jpg,20-29,Male,White
175.jpg,20-29,Male,White
1750.jpg,20-29,Male,White
1751.jpg,20-29,Male,White
1752.jpg,20-29,Male,White
1753.jpg,20-29,Male,White
1754.jpg,20-29,Male,White
1755.jpg,20-29,Male,Indian
1756.jpg,20-29,Male,Indian
1757.jpg,20-29,Female,White
1758.jpg,30-39,Male,White
1759.jpg,20-29,Male,White
176.jpg,20-29,Male,White
1760.jpg,20-29,Male,White
1761.jpg,20-29,Male,White
1762.jpg,20-29,Male,White
1763.jpg,20-29,Male,White
1764.jpg,20-29,Male,White
1765.jpg,20-29,Male,Asian
1766.jpg,20-29,Male,White
1767.jpg,20-29,Male,Black
1768.jpg,20-29,Male,White
1769.jpg,20-29,Male,White
177.jpg,20-29,Male,White
1770.jpg,20-29,Male,White
1771.jpg,20-29,Male,White
1772.jpg,20-29,Male,White
1773.jpg,20-29,Female,White
1774.jpg,20-29,Female,White
1775.jpg,20-29,Male,Indian
1776.jpg,30-39,Female,White
1777.jpg,20-29,Male,White
1778.jpg,20-29,Male,White
1779.jpg,20-29,Male,White
178.jpg,20-29,Male,White
1780.jpg,30-39,Female,White
1781.jpg,20-29,Female,White
1782.jpg,20-29,Male,White
1783.jpg,20-29,Male,White
1784.jpg,20-29,Male,White
1785.jpg,20-29,Male,White
1786.jpg,20-29,Male,White
1787.jpg,20-29,Male,White
1788.jpg,30-39,Male,White
1789.jpg,20-29,Male,White
179.jpg,20-29,Male,White
1790.jpg,20-29,Male,White
1791.jpg,20-29,Male,Others
1792.jpg,50+,Male,White
1793.jpg,20-29,Male,White
1794.jpg,20-29,Male,White
1795.jpg,20-29,Male,White
1796.jpg,20-29,Male,White
1797.jpg,20-29,Female,White
1798.jpg,20-29,Male,White
1799.jpg,20-29,Male,White
18.jpg,20-29,Male,White
180.jpg,20-29,Male,White
1800.jpg,20-29,Male,White
1801.jpg,20-29,Male,White
1802.jpg,20-29,Male,White
1803.jpg,20-29,Male,White
1804.jpg,20-29,Male,White
1805.jpg,20-29,Male,White
1806.jpg,20-29,Male,White
1807.jpg,20-29,Male,White
1808.jpg,20-29,Male,White
1809.jpg,20-29,Male,White
181.jpg,20-29,Male,White
1810.jpg,20-29,Male,White
1812.jpg,20-29,Male,Indian
1813.jpg,30-39,Male,Indian
1814.jpg,20-29,Male,White
1815.jpg,20-29,Male,White
1816.jpg,20-29,Male,White
1817.jpg,20-29,Male,White
1818.jpg,20-29,Male,White
1819.jpg,20-29,Male,White
1820.jpg,20-29,Male,White
1821.jpg,20-29,Male,White
1822.jpg,30-39,Male,Indian
1823.jpg,20-29,Female,White
1824.jpg,20-29,Male,White
1825.jpg,20-29,Male,Indian
1826.jpg,20-29,Male,White
1827.jpg,20-29,Male,White
1828.jpg,20-29,Male,White
1829.jpg,20-29,Male,White
183.jpg,20-29,Male,White
1830.jpg,20-29,Male,White
1831.jpg,20-29,Male,White
1832.jpg,20-29,Male,White
1833.jpg,below 20,Male,White
1834.jpg,20-29,Male,White
1835.jpg,20-29,Male,White
1836.jpg,20-29,Male,White
1837.jpg,20-29,Female,White
1838.jpg,20-29,Male,White
1839.jpg,20-29,Male,White
1840.jpg,20-29,Male,White
1841.jpg,20-29,Male,White
1842.jpg,below 20,Female,White
1843.jpg,20-29,Male,White
1844.jpg,20-29,Male,White
1845.jpg,below 20,Female,Asian
1846.jpg,20-29,Male,White
1847.jpg,20-29,Male,White
1848.jpg,20-29,Female,White
1849.jpg,30-39,Female,White
185.jpg,20-29,Male,White
1850.jpg,30-39,Female,White
1851.jpg,20-29,Male,White
1852.jpg,20-29,Female,White
1853.jpg,20-29,Male,White
1854.jpg,20-29,Male,White
1855.jpg,20-29,Female,White
1856.jpg,20-29,Male,Indian
1857.jpg,20-29,Male,White
1858.jpg,20-29,Male,White
1859.jpg,20-29,Male,White
186.jpg,20-29,Male,White
1860.jpg,20-29,Female,White
1861.jpg,20-29,Male,White
1862.jpg,20-29,Male,White
1863.jpg,20-29,Male,Indian
1864.jpg,20-29,Male,White
1865.jpg,20-29,Male,Indian
1866.jpg,20-29,Male,White
1867.jpg,20-29,Male,White
1868.jpg,50+,Male,White
1869.jpg,20-29,Male,White
187.jpg,20-29,Male,White
1870.jpg,20-29,Male,White
1871.jpg,below 20,Male,Asian
1872.jpg,20-29,Male,White
1873.jpg,below 20,Male,Asian
1874.jpg,20-29,Male,White
1875.jpg,20-29,Female,White
1876.jpg,20-29,Male,White
1877.jpg,20-29,Male,White
1878.jpg,20-29,Male,White
1879.jpg,20-29,Male,White
188.jpg,20-29,Male,White
1880.jpg,20-29,Male,Indian
1881.jpg,20-29,Male,White
1882.jpg,20-29,Male,White
1883.jpg,20-29,Male,Indian
1884.jpg,20-29,Male,White
1885.jpg,20-29,Male,White
1886.jpg,20-29,Female,White
1887.jpg,20-29,Female,Others
1888.jpg,20-29,Male,White
1889.jpg,20-29,Male,Black
189.jpg,20-29,Male,White
1890.jpg,20-29,Male,White
1891.jpg,20-29,Male,White
1892.jpg,30-39,Male,White
1893.jpg,20-29,Male,White
1894.jpg,20-29,Male,White
1895.jpg,20-29,Male,White
1896.jpg,20-29,Male,White
1897.jpg,20-29,Male,White
1898.jpg,20-29,Male,White
1899.jpg,20-29,Male,White
19.jpg,20-29,Male,White
190.jpg,20-29,Male,White
1900.jpg,20-29,Male,White
1901.jpg,20-29,Male,White
1902.jpg,20-29,Male,White
1903.jpg,20-29,Male,White
1904.jpg,20-29,Male,White
1905.jpg,20-29,Male,White
1906.jpg,20-29,Male,White
1908.jpg,below 20,Male,Asian
1909.jpg,20-29,Male,White
1910.jpg,20-29,Male,White
1911.jpg,20-29,Male,White
1912.jpg,20-29,Male,White
1913.jpg,20-29,Male,White
1914.jpg,20-29,Male,White
1915.jpg,20-29,Male,White
1916.jpg,20-29,Male,White
1917.jpg,20-29,Male,White
1918.jpg,20-29,Male,White
1919.jpg,20-29,Male,Indian
192.jpg,20-29,Male,White
1920.jpg,20-29,Male,White
1921.jpg,20-29,Male,White
1922.jpg,20-29,Male,White
1923.jpg,20-29,Male,White
1924.jpg,20-29,Male,White
1927.jpg,20-29,Male,White
1928.jpg,20-29,Male,White
193.jpg,20-29,Male,White
1930.jpg,20-29,Male,White
1931.jpg,20-29,Female,White
1933.jpg,20-29,Male,White
1934.jpg,20-29,Male,White
1935.jpg,20-29,Male,White
1936.jpg,20-29,Male,White
1937.jpg,20-29,Male,White
1938.jpg,30-39,Male,White
1939.jpg,20-29,Male,White
1940.jpg,20-29,Male,White
1941.jpg,20-29,Male,White
1942.jpg,20-29,Male,White
1943.jpg,20-29,Male,White
1944.jpg,20-29,Male,White
1945.jpg,30-39,Male,White
1946.jpg,20-29,Male,White
1947.jpg,20-29,Male,White
1948.jpg,below 20,Male,White
1949.jpg,20-29,Male,White
195.jpg,20-29,Male,White
1950.jpg,20-29,Male,Indian
1951.jpg,20-29,Male,White
1952.jpg,20-29,Male,White
1953.jpg,20-29,Male,White
1954.jpg,20-29,Male,White
1955.jpg,20-29,Male,White
1956.jpg,40-49,Female,White
1957.jpg,20-29,Male,White
1958.jpg,20-29,Male,White
1959.jpg,20-29,Male,White
196.jpg,20-29,Male,White
1960.jpg,20-29,Male,White
1961.jpg,20-29,Male,White
1962.jpg,20-29,Male,White
1963.jpg,20-29,Male,White
1964.jpg,20-29,Male,White
1965.jpg,20-29,Male,White
1966.jpg,30-39,Male,Asian
1967.jpg,30-39,Male,White
1969.jpg,20-29,Male,White
1971.jpg,20-29,Female,White
1972.jpg,20-29,Male,White
1973.jpg,20-29,Male,White
1974.jpg,20-29,Male,White
1975.jpg,20-29,Male,White
1976.jpg,20-29,Male,Indian
1977.jpg,20-29,Male,White
1978.jpg,20-29,Male,White
1979.jpg,20-29,Male,White
198.jpg,20-29,Male,White
1980.jpg,20-29,Male,White
1981.jpg,20-29,Male,White
1982.jpg,20-29,Male,White
1983.jpg,20-29,Male,White
1984.jpg,20-29,Male,White
1985.jpg,20-29,Female,White
1986.jpg,20-29,Male,White
1987.jpg,20-29,Male,White
1988.jpg,20-29,Male,White
1989.jpg,30-39,Male,Indian
1990.jpg,20-29,Male,White
1991.jpg,20-29,Male,White
1992.jpg,20-29,Female,White
1993.jpg,20-29,Male,Indian
1994.jpg,20-29,Male,White
1995.jpg,20-29,Male,White
1996.jpg,20-29,Male,Indian
1997.jpg,20-29,Male,White
1998.jpg,20-29,Male,White
1999.jpg,20-29,Male,White
2.jpg,20-29,Male,White
20.jpg,20-29,Male,White
2000.jpg,30-39,Male,Indian
2001.jpg,20-29,Male,White
2002.jpg,20-29,Male,White
2003.jpg,20-29,Male,White
2004.jpg,20-29,Male,White
2005.jpg,20-29,Male,White
2006.jpg,20-29,Male,White
2007.jpg,20-29,Female,White
2008.jpg,20-29,Male,White
2009.jpg,20-29,Male,White
201.jpg,20-29,Male,White
2010.jpg,20-29,Male,White
2011.jpg,20-29,Female,White
2012.jpg,20-29,Male,White
2013.jpg,20-29,Male,White
2014.jpg,20-29,Male,Indian
2015.jpg,20-29,Male,White
2016.jpg,20-29,Male,White
2017.jpg,below 20,Female,White
2018.jpg,20-29,Male,Indian
2019.jpg,20-29,Male,White
202.jpg,20-29,Male,White
2020.jpg,20-29,Male,White
2021.jpg,30-39,Female,White
2022.jpg,20-29,Male,White
2023.jpg,below 20,Male,White
2024.jpg,20-29,Male,Indian
2025.jpg,20-29,Male,White
2026.jpg,20-29,Male,White
2027.jpg,20-29,Male,White
2028.jpg,20-29,Male,White
2029.jpg,20-29,Male,Indian
203.jpg,20-29,Male,White
2030.jpg,20-29,Male,Indian
2031.jpg,20-29,Male,White
2032.jpg,20-29,Male,White
2033.jpg,20-29,Male,White
2034.jpg,20-29,Male,White
2035.jpg,below 20,Female,White
2036.jpg,20-29,Male,White
2037.jpg,20-29,Male,Indian
2038.jpg,20-29,Male,White
2039.jpg,20-29,Male,White
204.jpg,20-29,Male,White
2040.jpg,20-29,Male,White
2041.jpg,20-29,Male,White
2042.jpg,20-29,Male,White
2043.jpg,20-29,Male,White
2044.jpg,below 20,Male,White
2045.jpg,20-29,Male,White
2046.jpg,30-39,Male,White
2047.jpg,20-29,Male,White
2048.jpg,20-29,Male,White
2049.jpg,30-39,Male,White
205.jpg,20-29,Male,White
2050.jpg,30-39,Male,Indian
2051.jpg,20-29,Male,White
2052.jpg,30-39,Male,Indian
2053.jpg,20-29,Male,White
2054.jpg,20-29,Male,Indian
2055.jpg,20-29,Female,Black
2056.jpg,20-29,Male,White
2057.jpg,20-29,Male,White
2058.jpg,20-29,Male,Black
2059.jpg,20-29,Male,Indian
206.jpg,20-29,Male,Indian
2060.jpg,20-29,Male,Others
2061.jpg,20-29,Male,Black
2062.jpg,20-29,Male,Others
2063.jpg,20-29,Male,Indian
2064.jpg,20-29,Male,White
2065.jpg,20-29,Male,White
2066.jpg,20-29,Male,White
2067.jpg,20-29,Male,White
2068.jpg,20-29,Male,White
2069.jpg,20-29,Male,White
2070.jpg,20-29,Male,White
2071.jpg,20-29,Male,White
2072.jpg,20-29,Male,White
2073.jpg,20-29,Male,White
2074.jpg,20-29,Male,White
2075.jpg,20-29,Male,White
2076.jpg,20-29,Male,Indian
2077.jpg,30-39,Female,White
2078.jpg,20-29,Male,Indian
2079.jpg,below 20,Male,White
208.jpg,20-29,Male,White
2080.jpg,20-29,Male,White
2081.jpg,20-29,Male,White
2082.jpg,20-29,Male,White
2083.jpg,20-29,Male,White
2084.jpg,20-29,Male,White
2085.jpg,20-29,Male,White
2086.jpg,20-29,Male,White
2087.jpg,20-29,Male,White
2088.jpg,20-29,Male,White
2089.jpg,20-29,Male,White
209.jpg,20-29,Male,White
2090.jpg,30-39,Male,Indian
2091.jpg,below 20,Male,Asian
2092.jpg,20-29,Male,White
2093.jpg,below 20,Male,White
2094.jpg,20-29,Male,White
2095.jpg,20-29,Male,White
2096.jpg,20-29,Male,White
2097.jpg,20-29,Male,Indian
2098.jpg,20-29,Male,Black
2099.jpg,20-29,Male,Indian
21.jpg,20-29,Male,White
210.jpg,20-29,Male,White
2100.jpg,20-29,Male,Indian
2101.jpg,20-29,Male,Indian
2102.jpg,20-29,Male,White
2103.jpg,20-29,Male,Indian
2104.jpg,20-29,Male,Indian
2105.jpg,20-29,Male,White
2106.jpg,20-29,Male,White
2107.jpg,below 20,Male,Asian
2108.jpg,20-29,Female,White
2109.jpg,20-29,Female,White
211.jpg,20-29,Male,White
2110.jpg,20-29,Male,White
2111.jpg,20-29,Male,White
2112.jpg,20-29,Male,White
2113.jpg,20-29,Male,White
2114.jpg,20-29,Male,White
2115.jpg,20-29,Male,White
2116.jpg,20-29,Male,White
2117.jpg,20-29,Male,White
2118.jpg,20-29,Male,White
2119.jpg,20-29,Male,White
212.jpg,20-29,Male,White
2120.jpg,20-29,Male,White
2121.jpg,20-29,Male,Indian
2122.jpg,20-29,Male,White
2123.jpg,20-29,Male,White
2124.jpg,30-39,Male,White
2125.jpg,30-39,Male,White
2126.jpg,20-29,Male,White
2127.jpg,20-29,Male,White
2128.jpg,20-29,Male,White
2129.jpg,20-29,Female,White
213.jpg,20-29,Male,White
2130.jpg,20-29,Male,Indian
2131.jpg,20-29,Male,White
2132.jpg,20-29,Male,White
2133.jpg,20-29,Male,White
2134.jpg,20-29,Male,White
2135.jpg,20-29,Male,White
2136.jpg,20-29,Male,White
2137.jpg,20-29,Male,White
2138.jpg,20-29,Male,White
2139.jpg,20-29,Male,White
214.jpg,20-29,Male,White
2140.jpg,20-29,Female,White
2141.jpg,40-49,Male,Indian
2142.jpg,20-29,Male,White
2143.jpg,20-29,Male,White
2145.jpg,30-39,Female,White
2146.jpg,20-29,Male,White
2147.jpg,20-29,Male,White
2148.jpg,20-29,Male,White
2149.jpg,20-29,Male,White
2150.jpg,20-29,Male,White
2151.jpg,20-29,Male,White
2152.jpg,20-29,Male,White
2153.jpg,20-29,Male,Indian
2154.jpg,20-29,Female,Asian
2155.jpg,below 20,Female,White
2156.jpg,20-29,Female,White
2157.jpg,20-29,Male,White
2158.jpg,below 20,Male,White
2159.jpg,20-29,Male,White
216.jpg,40-49,Male,White
2160.jpg,20-29,Male,Black
2161.jpg,20-29,Male,White
2162.jpg,20-29,Male,White
2163.jpg,20-29,Male,White
2164.jpg,20-29,Male,White
2165.jpg,20-29,Female,White
2166.jpg,20-29,Male,White
2167.jpg,20-29,Male,White
2168.jpg,20-29,Male,Indian
2169.jpg,20-29,Male,White
217.jpg,20-29,Male,White
2170.jpg,30-39,Male,White
2171.jpg,20-29,Male,White
2172.jpg,20-29,Male,White
2173.jpg,20-29,Male,White
2174.jpg,20-29,Male,White
2175.jpg,30-39,Male,Indian
2176.jpg,20-29,Male,White
2177.jpg,20-29,Male,White
2178.jpg,20-29,Male,White
2179.jpg,20-29,Male,White
2180.jpg,20-29,Male,White
2181.jpg,20-29,Male,White
2182.jpg,20-29,Male,White
2183.jpg,20-29,Male,White
2184.jpg,20-29,Male,White
2185.jpg,20-29,Male,White
2186.jpg,20-29,Male,White
2187.jpg,20-29,Male,White
2188.jpg,20-29,Male,White
2189.jpg,20-29,Male,White
219.jpg,20-29,Male,White
2191.jpg,20-29,Male,White
2192.jpg,20-29,Male,White
2193.jpg,20-29,Male,White
2194.jpg,20-29,Male,White
2195.jpg,20-29,Male,White
2196.jpg,20-29,Male,White
2197.jpg,20-29,Female,White
2198.jpg,20-29,Male,White
2199.jpg,20-29,Male,White
22.jpg,20-29,Male,White
2200.jpg,20-29,Male,Indian
2201.jpg,20-29,Male,White
2202.jpg,20-29,Male,White
2203.jpg,20-29,Male,White
2204.jpg,20-29,Male,White
2205.jpg,20-29,Male,White
2206.jpg,20-29,Male,White
2207.jpg,20-29,Male,White
2208.jpg,20-29,Male,White
2209.jpg,30-39,Male,White
221.jpg,20-29,Male,White
2210.jpg,20-29,Male,White
2211.jpg,20-29,Male,White
2212.jpg,20-29,Male,White
2213.jpg,20-29,Male,White
2214.jpg,20-29,Male,Indian
2215.jpg,20-29,Male,White
2216.jpg,20-29,Male,White
2217.jpg,20-29,Male,White
2218.jpg,below 20,Male,White
2219.jpg,20-29,Male,White
222.jpg,20-29,Male,White
2221.jpg,20-29,Male,White
2223.jpg,20-29,Male,White
2224.jpg,20-29,Male,White
2225.jpg,20-29,Male,White
2226.jpg,20-29,Male,White
2227.jpg,20-29,Male,White
2228.jpg,20-29,Male,White
2229.jpg,20-29,Male,White
2230.jpg,20-29,Male,White
2231.jpg,20-29,Male,White
2232.jpg,20-29,Male,White
2233.jpg,20-29,Male,White
2234.jpg,20-29,Male,White
2235.jpg,20-29,Male,White
2236.jpg,20-29,Male,White
2237.jpg,20-29,Male,White
2238.jpg,20-29,Male,White
2239.jpg,20-29,Male,White
2240.jpg,30-39,Male,Indian
2241.jpg,20-29,Male,White
2242.jpg,20-29,Male,White
2243.jpg,20-29,Male,White
2244.jpg,50+,Male,White
2245.jpg,20-29,Male,White
2246.jpg,30-39,Male,White
2247.jpg,20-29,Male,White
2248.jpg,20-29,Male,White
2249.jpg,20-29,Male,White
225.jpg,20-29,Male,White
2250.jpg,20-29,Male,White
2251.jpg,20-29,Male,White
2252.jpg,20-29,Male,White
2253.jpg,20-29,Male,White
2254.jpg,20-29,Female,White
2255.jpg,20-29,Male,White
2256.jpg,20-29,Male,White
2257.jpg,20-29,Male,White
2258.jpg,20-29,Female,Indian
2259.jpg,20-29,Male,Indian
226.jpg,20-29,Male,White
2260.jpg,30-39,Male,White
2262.jpg,20-29,Male,White
2263.jpg,20-29,Male,White
2264.jpg,20-29,Male,White
2265.jpg,20-29,Male,White
2266.jpg,20-29,Male,White
2267.jpg,20-29,Male,White
2268.jpg,20-29,Male,White
2269.jpg,30-39,Male,White
227.jpg,20-29,Male,White
2270.jpg,20-29,Male,White
2271.jpg,20-29,Male,White
2272.jpg,20-29,Male,White
2273.jpg,20-29,Male,Indian
2274.jpg,20-29,Male,Indian
2275.jpg,30-39,Male,White
2276.jpg,20-29,Male,Indian
2277.jpg,20-29,Male,White
2278.jpg,20-29,Male,White
2279.jpg,30-39,Male,Indian
228.jpg,20-29,Male,White
2280.jpg,20-29,Male,White
2281.jpg,20-29,Male,White
2282.jpg,20-29,Male,White
2283.jpg,20-29,Male,White
2284.jpg,20-29,Male,White
2285.jpg,20-29,Male,White
2286.jpg,20-29,Male,White
2287.jpg,20-29,Male,White
2288.jpg,20-29,Female,White
2289.jpg,20-29,Male,White
2290.jpg,20-29,Male,White
2291.jpg,20-29,Male,Indian
2292.jpg,20-29,Male,White
2293.jpg,20-29,Male,White
2294.jpg,20-29,Male,White
2295.jpg,20-29,Male,White
2296.jpg,20-29,Male,Indian
2297.jpg,20-29,Male,White
2298.jpg,20-29,Male,White
2299.jpg,20-29,Male,Indian
23.jpg,20-29,Male,White
230.jpg,20-29,Male,White
2300.jpg,20-29,Male,White
2301.jpg,20-29,Male,White
2302.jpg,20-29,Male,White
2303.jpg,20-29,Male,White
2304.jpg,20-29,Male,White
2305.jpg,20-29,Male,White
2306.jpg,20-29,Male,White
2307.jpg,20-29,Male,White
2308.jpg,20-29,Male,White
2309.jpg,20-29,Male,White
2310.jpg,30-39,Male,White
2311.jpg,20-29,Female,White
2312.jpg,20-29,Male,White
2313.jpg,20-29,Male,White
2315.jpg,20-29,Male,White
2316.jpg,30-39,Female,Black
2317.jpg,20-29,Male,White
2318.jpg,20-29,Male,White
2319.jpg,20-29,Male,Indian
2320.jpg,20-29,Male,White
2321.jpg,20-29,Male,White
2322.jpg,20-29,Male,Indian
2323.jpg,20-29,Male,Indian
2324.jpg,20-29,Male,White
2325.jpg,20-29,Male,White
2326.jpg,20-29,Male,White
2327.jpg,20-29,Male,White
2329.jpg,20-29,Male,White
233.jpg,20-29,Male,White
2330.jpg,20-29,Male,White
2331.jpg,20-29,Male,White
2332.jpg,20-29,Male,White
2333.jpg,20-29,Male,White
2334.jpg,20-29,Male,White
2335.jpg,20-29,Male,White
2336.jpg,20-29,Male,White
2337.jpg,30-39,Male,Indian
2338.jpg,30-39,Male,White
2339.jpg,20-29,Male,White
234.jpg,20-29,Male,Indian
2340.jpg,20-29,Male,White
2341.jpg,20-29,Male,White
2342.jpg,30-39,Male,White
2343.jpg,20-29,Male,White
2344.jpg,20-29,Male,White
2345.jpg,20-29,Male,White
2346.jpg,20-29,Male,White
2347.jpg,20-29,Male,White
2348.jpg,30-39,Male,White
2349.jpg,20-29,Male,White
235.jpg,20-29,Male,White
2350.jpg,30-39,Male,White
2351.jpg,20-29,Male,White
2352.jpg,30-39,Male,White
2353.jpg,20-29,Male,Indian
2354.jpg,20-29,Male,Indian
2355.jpg,20-29,Male,White
2356.jpg,30-39,Male,White
2357.jpg,20-29,Male,White
2358.jpg,20-29,Female,White
2359.jpg,20-29,Male,White
236.jpg,20-29,Male,White
2360.jpg,20-29,Male,White
2361.jpg,20-29,Male,White
2362.jpg,20-29,Male,White
2363.jpg,20-29,Male,White
2364.jpg,20-29,Female,White
2366.jpg,20-29,Male,White
2367.jpg,20-29,Male,White
2368.jpg,20-29,Male,White
2369.jpg,20-29,Male,Asian
237.jpg,20-29,Male,White
2370.jpg,20-29,Male,White
2371.jpg,20-29,Male,White
2372.jpg,50+,Male,White
2373.jpg,20-29,Male,White
2374.jpg,20-29,Male,White
2375.jpg,20-29,Male,White
2376.jpg,20-29,Male,White
2377.jpg,20-29,Male,White
2378.jpg,below 20,Male,White
2379.jpg,20-29,Male,White
2380.jpg,20-29,Female,White
2381.jpg,20-29,Male,White
2382.jpg,20-29,Male,White
2383.jpg,20-29,Male,White
2384.jpg,30-39,Male,Indian
2385.jpg,20-29,Male,White
2386.jpg,20-29,Male,White
2387.jpg,20-29,Male,White
2388.jpg,30-39,Female,White
2389.jpg,20-29,Male,White
239.jpg,20-29,Male,White
2390.jpg,20-29,Male,White
2391.jpg,20-29,Male,White
2393.jpg,20-29,Male,White
2394.jpg,20-29,Male,Indian
2395.jpg,20-29,Male,White
2396.jpg,20-29,Male,White
2397.jpg,20-29,Male,White
2398.jpg,20-29,Male,White
2399.jpg,20-29,Male,White
24.jpg,20-29,Male,White
240.jpg,20-29,Male,White
2400.jpg,20-29,Male,White
2401.jpg,20-29,Male,White
2402.jpg,20-29,Male,Indian
2403.jpg,20-29,Male,White
2404.jpg,30-39,Female,White
2405.jpg,20-29,Male,White
2406.jpg,30-39,Male,Indian
2407.jpg,20-29,Male,White
2408.jpg,20-29,Male,White
2409.jpg,below 20,Male,White
241.jpg,20-29,Male,White
2410.jpg,20-29,Male,White
2411.jpg,20-29,Female,White
2412.jpg,20-29,Male,White
2413.jpg,20-29,Male,White
2414.jpg,20-29,Male,White
2415.jpg,20-29,Male,White
2416.jpg,20-29,Male,White
2417.jpg,20-29,Male,White
2418.jpg,20-29,Male,White
2419.jpg,20-29,Male,White
242.jpg,20-29,Male,White
2420.jpg,20-29,Male,White
2421.jpg,20-29,Male,White
2422.jpg,20-29,Male,Indian
2423.jpg,20-29,Male,White
2424.jpg,50+,Male,Black
2425.jpg,20-29,Male,White
2426.jpg,20-29,Male,White
2427.jpg,20-29,Male,White
2428.jpg,20-29,Male,Indian
2429.jpg,20-29,Male,White
243.jpg,20-29,Male,White
2430.jpg,20-29,Male,White
2431.jpg,20-29,Male,White
2432.jpg,20-29,Male,White
2433.jpg,20-29,Male,Indian
2434.jpg,20-29,Male,Indian
2435.jpg,20-29,Male,White
2436.jpg,20-29,Female,White
2437.jpg,20-29,Male,White
2438.jpg,20-29,Male,White
2439.jpg,20-29,Male,White
2440.jpg,20-29,Male,Asian
2441.jpg,20-29,Male,White
2442.jpg,20-29,Male,White
2443.jpg,20-29,Male,White
2444.jpg,20-29,Male,White
2445.jpg,20-29,Male,White
2446.jpg,20-29,Male,White
2447.jpg,20-29,Male,White
2448.jpg,20-29,Male,White
2449.jpg,20-29,Male,White
245.jpg,20-29,Male,White
2450.jpg,20-29,Male,White
2451.jpg,20-29,Male,White
2452.jpg,20-29,Male,White
2453.jpg,20-29,Male,White
2454.jpg,20-29,Male,White
2455.jpg,20-29,Male,Black
2456.jpg,20-29,Male,White
2457.jpg,20-29,Male,White
2458.jpg,20-29,Male,White
2459.jpg,20-29,Male,White
246.jpg,20-29,Male,White
2460.jpg,20-29,Male,White
2461.jpg,20-29,Male,White
2462.jpg,20-29,Male,White
2463.jpg,20-29,Male,White
2464.jpg,20-29,Female,White
2465.jpg,20-29,Male,White
2466.jpg,20-29,Male,White
2467.jpg,20-29,Male,White
2468.jpg,20-29,Male,Indian
2469.jpg,20-29,Male,White
2470.jpg,20-29,Female,White
2471.jpg,20-29,Male,White
2472.jpg,20-29,Male,White
2473.jpg,30-39,Male,White
2474.jpg,20-29,Male,White
2475.jpg,20-29,Male,White
2476.jpg,20-29,Male,White
2477.jpg,20-29,Male,White
2478.jpg,20-29,Male,White
2479.jpg,20-29,Male,White
248.jpg,30-39,Male,Indian
2480.jpg,20-29,Male,White
2481.jpg,20-29,Male,White
2482.jpg,20-29,Male,White
2483.jpg,20-29,Male,White
2484.jpg,20-29,Male,White
2485.jpg,20-29,Male,White
2486.jpg,below 20,Female,White
2487.jpg,20-29,Male,White
2488.jpg,20-29,Male,White
2489.jpg,20-29,Male,White
249.jpg,20-29,Male,White
2490.jpg,20-29,Male,White
2491.jpg,20-29,Male,White
2492.jpg,20-29,Male,White
2493.jpg,20-29,Male,White
2494.jpg,below 20,Male,White
2495.jpg,20-29,Male,White
2496.jpg,20-29,Male,White
2497.jpg,below 20,Male,White
2498.jpg,20-29,Male,White
2499.jpg,20-29,Male,White
25.jpg,20-29,Male,White
2500.jpg,30-39,Male,Indian
2501.jpg,20-29,Male,White
2502.jpg,20-29,Male,White
2503.jpg,20-29,Male,White
2504.jpg,20-29,Male,Indian
2505.jpg,20-29,Male,White
2506.jpg,below 20,Female,White
2507.jpg,20-29,Male,White
2508.jpg,20-29,Male,White
2509.jpg,20-29,Male,White
2510.jpg,20-29,Male,White
2511.jpg,30-39,Male,Indian
2512.jpg,20-29,Male,White
2513.jpg,30-39,Male,White
2514.jpg,20-29,Male,White
2515.jpg,20-29,Male,White
2516.jpg,20-29,Male,White
2517.jpg,20-29,Male,White
2518.jpg,20-29,Male,White
2519.jpg,20-29,Male,Black
2520.jpg,20-29,Male,White
2521.jpg,20-29,Male,White
2522.jpg,20-29,Male,White
2523.jpg,20-29,Male,White
2524.jpg,20-29,Male,White
2525.jpg,20-29,Male,White
2526.jpg,20-29,Male,White
2527.jpg,20-29,Male,White
2528.jpg,20-29,Male,Indian
2529.jpg,20-29,Male,White
253.jpg,20-29,Male,Indian
2530.jpg,20-29,Male,White
2531.jpg,20-29,Male,White
2532.jpg,20-29,Male,Indian
2533.jpg,20-29,Male,White
2534.jpg,20-29,Male,White
2535.jpg,20-29,Female,Asian
2536.jpg,20-29,Male,White
2537.jpg,20-29,Male,White
2538.jpg,20-29,Male,White
2539.jpg,below 20,Female,Asian
254.jpg,20-29,Male,White
2540.jpg,20-29,Male,White
2541.jpg,20-29,Male,White
2542.jpg,20-29,Male,White
2543.jpg,20-29,Male,White
2544.jpg,20-29,Male,White
2545.jpg,below 20,Female,Black
2546.jpg,20-29,Male,White
2547.jpg,20-29,Male,White
2548.jpg,20-29,Male,White
2549.jpg,20-29,Male,White
255.jpg,below 20,Male,Asian
2550.jpg,20-29,Male,White
2551.jpg,20-29,Male,White
2553.jpg,20-29,Male,White
2554.jpg,20-29,Female,White
2555.jpg,20-29,Male,White
2556.jpg,20-29,Female,White
2557.jpg,30-39,Male,White
2558.jpg,20-29,Male,White
2559.jpg,20-29,Male,White
256.jpg,20-29,Male,Indian
2560.jpg,20-29,Male,White
2561.jpg,20-29,Male,White
2562.jpg,20-29,Male,Indian
2563.jpg,20-29,Male,White
2564.jpg,20-29,Female,Asian
2565.jpg,20-29,Male,White
2566.jpg,20-29,Male,White
2567.jpg,20-29,Male,White
2568.jpg,20-29,Male,White
2569.jpg,20-29,Male,White
2570.jpg,20-29,Male,White
2571.jpg,20-29,Male,White
2573.jpg,20-29,Male,Indian
2574.jpg,20-29,Male,White
2575.jpg,20-29,Male,White
2576.jpg,20-29,Male,White
2577.jpg,20-29,Male,White
2578.jpg,30-39,Male,White
2579.jpg,20-29,Male,White
258.jpg,20-29,Male,Indian
2580.jpg,20-29,Male,White
2581.jpg,20-29,Male,White
2582.jpg,20-29,Male,White
2583.jpg,20-29,Male,Black
2584.jpg,20-29,Male,White
2585.jpg,20-29,Female,White
2586.jpg,20-29,Male,White
2587.jpg,20-29,Male,White
2588.jpg,20-29,Male,White
2589.jpg,20-29,Male,White
259.jpg,20-29,Male,White
2590.jpg,20-29,Male,White
2591.jpg,20-29,Male,White
2592.jpg,20-29,Male,White
2593.jpg,20-29,Male,White
2594.jpg,20-29,Male,White
2595.jpg,20-29,Male,White
2596.jpg,20-29,Male,White
2597.jpg,20-29,Male,White
2599.jpg,30-39,Male,White
26.jpg,20-29,Male,White
260.jpg,20-29,Male,White
2600.jpg,20-29,Male,White
2601.jpg,20-29,Male,White
2602.jpg,20-29,Male,White
2603.jpg,20-29,Male,White
2604.jpg,20-29,Male,White
2605.jpg,30-39,Male,White
2606.jpg,20-29,Male,White
2607.jpg,30-39,Male,White
2608.jpg,20-29,Male,White
2609.jpg,20-29,Female,White
261.jpg,20-29,Male,White
2610.jpg,20-29,Male,White
2611.jpg,20-29,Male,White
2612.jpg,20-29,Male,White
2613.jpg,20-29,Female,Black
2614.jpg,20-29,Male,White
2615.jpg,20-29,Male,Indian
2616.jpg,20-29,Male,Indian
2617.jpg,20-29,Male,White
2618.jpg,30-39,Female,Black
2619.jpg,20-29,Male,White
262.jpg,20-29,Male,Asian
2620.jpg,20-29,Male,White
2621.jpg,20-29,Male,White
2622.jpg,50+,Female,White
2623.jpg,20-29,Male,White
2624.jpg,20-29,Male,White
2625.jpg,20-29,Male,White
2626.jpg,20-29,Male,White
2627.jpg,20-29,Male,White
2628.jpg,20-29,Male,White
2629.jpg,20-29,Male,White
2630.jpg,20-29,Male,White
2631.jpg,below 20,Male,White
2632.jpg,20-29,Female,White
2633.jpg,20-29,Male,Indian
2634.jpg,20-29,Male,White
2635.jpg,20-29,Male,White
2636.jpg,20-29,Male,White
2637.jpg,20-29,Male,White
2638.jpg,20-29,Male,White
2639.jpg,20-29,Male,White
2640.jpg,20-29,Male,White
2641.jpg,20-29,Male,White
2642.jpg,20-29,Male,White
2643.jpg,20-29,Male,White
2644.jpg,20-29,Male,White
2645.jpg,20-29,Male,White
2646.jpg,20-29,Male,White
2647.jpg,20-29,Male,White
2648.jpg,30-39,Male,Indian
2649.jpg,below 20,Female,Black
265.jpg,20-29,Male,White
2650.jpg,20-29,Male,White
2651.jpg,30-39,Male,White
2652.jpg,20-29,Male,White
2653.jpg,20-29,Male,Asian
2654.jpg,20-29,Male,White
2655.jpg,20-29,Male,Indian
2656.jpg,20-29,Male,White
2657.jpg,20-29,Male,White
2658.jpg,20-29,Male,White
2659.jpg,20-29,Male,White
2661.jpg,20-29,Male,White
2662.jpg,20-29,Male,White
2663.jpg,20-29,Male,White
2664.jpg,20-29,Male,White
2665.jpg,20-29,Male,Indian
2666.jpg,20-29,Male,White
2667.jpg,20-29,Male,White
2668.jpg,40-49,Male,White
2669.jpg,20-29,Male,White
267.jpg,20-29,Male,Indian
2670.jpg,below 20,Female,White
2671.jpg,20-29,Female,White
2672.jpg,20-29,Male,White
2673.jpg,20-29,Male,White
2674.jpg,20-29,Male,White
2676.jpg,20-29,Male,White
2678.jpg,20-29,Male,White
2679.jpg,20-29,Male,White
268.jpg,20-29,Male,White
2680.jpg,20-29,Male,Asian
2681.jpg,30-39,Male,White
2682.jpg,20-29,Male,White
2683.jpg,30-39,Male,Indian
2684.jpg,20-29,Male,White
2685.jpg,20-29,Male,White
2686.jpg,20-29,Male,White
2687.jpg,20-29,Male,White
2688.jpg,20-29,Male,White
2689.jpg,20-29,Male,White
2690.jpg,20-29,Male,White
2691.jpg,20-29,Male,White
2692.jpg,20-29,Male,White
2693.jpg,20-29,Male,White
2695.jpg,20-29,Female,White
2696.jpg,20-29,Male,Indian
2697.jpg,30-39,Male,Indian
2698.jpg,20-29,Male,White
2699.jpg,20-29,Male,White
27.jpg,20-29,Male,White
270.jpg,20-29,Male,White
2700.jpg,20-29,Male,White
2701.jpg,20-29,Male,White
2702.jpg,20-29,Male,White
2703.jpg,20-29,Female,White
2704.jpg,20-29,Male,White
2705.jpg,20-29,Male,White
2706.jpg,20-29,Male,White
2707.jpg,20-29,Male,White
2708.jpg,20-29,Male,White
2709.jpg,20-29,Male,White
271.jpg,20-29,Male,White
2710.jpg,20-29,Male,Indian
2711.jpg,20-29,Male,White
2712.jpg,20-29,Male,White
2713.jpg,below 20,Male,White
2714.jpg,20-29,Male,White
2715.jpg,20-29,Male,White
2717.jpg,20-29,Female,White
2719.jpg,below 20,Female,Black
272.jpg,20-29,Male,White
2720.jpg,20-29,Male,White
2721.jpg,20-29,Male,Black
2722.jpg,20-29,Male,White
2723.jpg,20-29,Male,White
2724.jpg,20-29,Male,White
2725.jpg,20-29,Male,Indian
2726.jpg,20-29,Male,White
2727.jpg,30-39,Male,White
2728.jpg,20-29,Male,White
2729.jpg,20-29,Male,White
273.jpg,20-29,Male,White
2730.jpg,20-29,Male,White
2731.jpg,20-29,Male,White
2732.jpg,20-29,Male,White
2733.jpg,20-29,Male,White
2734.jpg,20-29,Male,White
2735.jpg,20-29,Female,Asian
2736.jpg,20-29,Male,White
2737.jpg,below 20,Male,Asian
2738.jpg,20-29,Male,White
2739.jpg,20-29,Male,White
274.jpg,20-29,Male,White
2740.jpg,below 20,Female,Indian
2741.jpg,20-29,Male,White
2742.jpg,20-29,Male,White
2743.jpg,20-29,Male,White
2744.jpg,50+,Male,White
2746.jpg,20-29,Female,White
2747.jpg,20-29,Male,White
2748.jpg,20-29,Male,White
2749.jpg,20-29,Male,White
2751.jpg,20-29,Female,White
2752.jpg,20-29,Male,White
2753.jpg,30-39,Male,Indian
2754.jpg,20-29,Male,White
2755.jpg,20-29,Male,White
2756.jpg,20-29,Male,White
2757.jpg,20-29,Male,White
2758.jpg,20-29,Male,White
2759.jpg,20-29,Male,White
276.jpg,20-29,Male,White
2760.jpg,20-29,Male,White
2762.jpg,20-29,Male,White
2763.jpg,20-29,Male,White
2764.jpg,30-39,Female,White
2765.jpg,20-29,Male,White
2766.jpg,20-29,Male,White
2767.jpg,20-29,Male,Black
2768.jpg,50+,Female,White
2769.jpg,20-29,Male,White
2770.jpg,20-29,Male,White
2771.jpg,20-29,Male,White
2772.jpg,20-29,Male,White
2773.jpg,20-29,Male,White
2775.jpg,20-29,Male,White
2776.jpg,20-29,Male,White
2777.jpg,20-29,Female,White
2778.jpg,20-29,Female,White
2779.jpg,20-29,Male,White
278.jpg,20-29,Male,White
2780.jpg,20-29,Male,Others
2781.jpg,20-29,Male,White
2782.jpg,20-29,Male,White
2783.jpg,20-29,Male,White
2784.jpg,20-29,Male,White
2785.jpg,20-29,Male,White
2786.jpg,20-29,Male,White
2787.jpg,20-29,Male,White
2788.jpg,20-29,Male,White
2789.jpg,20-29,Male,White
279.jpg,20-29,Male,White
2790.jpg,20-29,Male,White
2791.jpg,20-29,Male,White
2792.jpg,20-29,Male,White
2793.jpg,20-29,Male,Indian
2794.jpg,20-29,Male,White
2795.jpg,20-29,Male,White
2796.jpg,20-29,Male,White
2797.jpg,20-29,Male,White
2798.jpg,20-29,Male,White
2799.jpg,20-29,Female,White
28.jpg,20-29,Male,White
280.jpg,20-29,Male,White
2800.jpg,20-29,Male,White
2801.jpg,20-29,Male,Asian
2802.jpg,20-29,Male,White
2803.jpg,20-29,Male,White
2804.jpg,20-29,Male,White
2805.jpg,30-39,Male,White
2806.jpg,20-29,Male,White
2807.jpg,20-29,Male,White
2808.jpg,20-29,Male,Indian
2809.jpg,50+,Male,White
281.jpg,20-29,Male,White
2810.jpg,30-39,Male,White
2811.jpg,below 20,Female,White
2812.jpg,30-39,Male,Indian
2813.jpg,20-29,Male,White
2814.jpg,20-29,Male,White
2815.jpg,below 20,Male,White
2816.jpg,20-29,Male,White
2817.jpg,20-29,Male,White
2818.jpg,20-29,Male,White
2819.jpg,50+,Male,White
282.jpg,20-29,Male,White
2820.jpg,20-29,Male,White
2822.jpg,20-29,Male,White
2823.jpg,20-29,Male,White
2825.jpg,20-29,Male,Indian
2826.jpg,20-29,Male,White
2827.jpg,20-29,Male,White
2828.jpg,20-29,Male,White
2829.jpg,20-29,Male,White
283.jpg,20-29,Male,White
2830.jpg,20-29,Male,White
2831.jpg,20-29,Male,White
2832.jpg,20-29,Female,White
2833.jpg,20-29,Male,White
2834.jpg,below 20,Male,White
2835.jpg,20-29,Male,White
2836.jpg,30-39,Female,White
2837.jpg,20-29,Male,White
2838.jpg,20-29,Male,White
2839.jpg,20-29,Female,White
284.jpg,20-29,Male,White
2841.jpg,20-29,Male,White
2842.jpg,20-29,Male,White
2843.jpg,20-29,Male,White
2844.jpg,20-29,Male,White
2845.jpg,below 20,Male,Asian
2846.jpg,20-29,Male,White
2847.jpg,below 20,Male,White
2848.jpg,20-29,Male,White
2849.jpg,20-29,Male,White
285.jpg,20-29,Male,White
2850.jpg,20-29,Male,White
2851.jpg,20-29,Male,Black
2852.jpg,20-29,Male,White
2853.jpg,below 20,Female,Black
2855.jpg,20-29,Male,White
2856.jpg,20-29,Male,White
2857.jpg,20-29,Male,White
2858.jpg,20-29,Male,White
286.jpg,20-29,Male,White
2861.jpg,20-29,Male,White
2862.jpg,20-29,Male,White
2863.jpg,20-29,Male,Asian
2864.jpg,20-29,Male,White
2865.jpg,20-29,Male,White
2866.jpg,20-29,Male,White
2867.jpg,20-29,Female,White
2868.jpg,20-29,Male,White
2869.jpg,20-29,Male,White
287.jpg,20-29,Male,White
2870.jpg,20-29,Male,White
2871.jpg,20-29,Male,White
2872.jpg,20-29,Male,White
2873.jpg,20-29,Male,White
2874.jpg,20-29,Male,White
2875.jpg,20-29,Male,White
2877.jpg,20-29,Male,White
2878.jpg,30-39,Male,Asian
2879.jpg,20-29,Male,White
2880.jpg,20-29,Male,White
2881.jpg,20-29,Male,White
2882.jpg,20-29,Male,White
2883.jpg,20-29,Male,White
2884.jpg,20-29,Male,White
2885.jpg,20-29,Male,White
2886.jpg,30-39,Male,Indian
2887.jpg,20-29,Male,White
2888.jpg,20-29,Male,White
2889.jpg,20-29,Male,White
289.jpg,20-29,Male,White
2890.jpg,20-29,Male,White
2891.jpg,20-29,Male,White
2892.jpg,20-29,Male,White
2893.jpg,20-29,Male,White
2894.jpg,30-39,Male,White
2895.jpg,20-29,Male,White
2896.jpg,20-29,Male,White
2897.jpg,20-29,Male,White
2898.jpg,20-29,Male,White
2899.jpg,20-29,Male,White
29.jpg,20-29,Male,White
290.jpg,20-29,Male,White
2901.jpg,below 20,Male,Asian
2902.jpg,20-29,Male,White
2903.jpg,20-29,Male,White
2904.jpg,20-29,Male,White
2905.jpg,20-29,Male,White
2906.jpg,20-29,Male,White
2907.jpg,20-29,Male,White
2908.jpg,20-29,Male,White
2909.jpg,20-29,Male,White
291.jpg,20-29,Male,White
2910.jpg,20-29,Male,White
2911.jpg,20-29,Male,White
2912.jpg,20-29,Male,White
2913.jpg,20-29,Male,White
2914.jpg,20-29,Male,White
2915.jpg,30-39,Male,Indian
2917.jpg,20-29,Male,White
2918.jpg,below 20,Male,White
2919.jpg,20-29,Male,White
292.jpg,20-29,Male,White
2920.jpg,20-29,Male,White
2921.jpg,20-29,Male,White
2922.jpg,20-29,Male,Indian
2923.jpg,20-29,Female,White
2924.jpg,20-29,Male,White
2925.jpg,20-29,Male,White
2926.jpg,20-29,Female,White
2927.jpg,20-29,Male,Indian
2928.jpg,20-29,Male,White
2929.jpg,20-29,Male,White
2930.jpg,20-29,Male,White
2931.jpg,20-29,Male,White
2932.jpg,20-29,Male,White
2933.jpg,20-29,Male,White
2934.jpg,20-29,Male,White
2935.jpg,20-29,Male,White
2936.jpg,20-29,Male,White
2937.jpg,20-29,Male,White
2938.jpg,20-29,Male,Indian
2939.jpg,20-29,Male,White
294.jpg,20-29,Male,White
2940.jpg,20-29,Male,White
2941.jpg,20-29,Female,White
2942.jpg,20-29,Male,White
2943.jpg,20-29,Male,White
2944.jpg,30-39,Female,Indian
2945.jpg,20-29,Male,White
2946.jpg,20-29,Male,White
2947.jpg,20-29,Male,White
2948.jpg,20-29,Male,White
2949.jpg,20-29,Male,White
295.jpg,20-29,Male,White
2950.jpg,20-29,Male,White
2951.jpg,20-29,Male,White
2952.jpg,20-29,Male,White
2953.jpg,20-29,Male,White
2954.jpg,20-29,Male,White
2955.jpg,20-29,Female,Asian
2956.jpg,30-39,Male,Asian
2957.jpg,20-29,Male,White
2958.jpg,20-29,Male,White
2959.jpg,20-29,Male,White
2960.jpg,20-29,Male,White
2961.jpg,20-29,Male,White
2962.jpg,20-29,Male,White
2963.jpg,20-29,Male,White
2964.jpg,20-29,Male,Asian
2965.jpg,20-29,Male,White
2966.jpg,20-29,Male,White
2967.jpg,20-29,Male,White
2968.jpg,20-29,Male,Black
2969.jpg,20-29,Male,White
297.jpg,20-29,Male,White
2970.jpg,20-29,Male,White
2971.jpg,20-29,Male,Asian
2973.jpg,20-29,Male,White
2974.jpg,20-29,Male,White
2975.jpg,20-29,Male,White
2976.jpg,20-29,Male,White
2977.jpg,20-29,Male,White
2978.jpg,20-29,Male,White
2979.jpg,20-29,Male,White
298.jpg,20-29,Male,White
2980.jpg,20-29,Male,White
2981.jpg,20-29,Male,White
2982.jpg,20-29,Male,White
2984.jpg,20-29,Male,White
2985.jpg,20-29,Male,White
2986.jpg,20-29,Male,White
2988.jpg,20-29,Male,White
299.jpg,20-29,Male,Indian
2990.jpg,20-29,Male,White
2991.jpg,below 20,Female,Asian
2992.jpg,20-29,Male,White
2993.jpg,20-29,Male,Black
2994.jpg,20-29,Male,White
2995.jpg,20-29,Male,White
2996.jpg,20-29,Male,Indian
2997.jpg,20-29,Male,White
2998.jpg,20-29,Male,White
2999.jpg,20-29,Female,White
3.jpg,20-29,Male,White
300.jpg,20-29,Male,White
3000.jpg,20-29,Male,White
302.jpg,20-29,Male,White
304.jpg,20-29,Male,White
305.jpg,20-29,Male,White
307.jpg,20-29,Male,White
308.jpg,20-29,Male,White
309.jpg,20-29,Male,White
31.jpg,20-29,Male,White
311.jpg,20-29,Male,White
312.jpg,20-29,Male,White
313.jpg,20-29,Female,White
314.jpg,20-29,Male,White
315.jpg,20-29,Male,White
316.jpg,20-29,Male,White
317.jpg,20-29,Male,White
319.jpg,20-29,Male,White
32.jpg,20-29,Male,White
320.jpg,20-29,Male,White
321.jpg,20-29,Male,White
322.jpg,20-29,Male,White
323.jpg,20-29,Male,White
325.jpg,20-29,Male,White
326.jpg,20-29,Male,White
327.jpg,20-29,Male,White
329.jpg,20-29,Male,White
33.jpg,20-29,Male,White
330.jpg,20-29,Male,White
332.jpg,20-29,Male,White
333.jpg,20-29,Male,White
334.jpg,20-29,Male,White
335.jpg,20-29,Male,White
336.jpg,20-29,Male,White
337.jpg,20-29,Male,White
338.jpg,20-29,Male,White
339.jpg,20-29,Male,White
34.jpg,20-29,Male,White
341.jpg,20-29,Male,White
342.jpg,20-29,Male,White
343.jpg,20-29,Male,White
344.jpg,20-29,Male,White
345.jpg,30-39,Female,White
346.jpg,30-39,Male,White
347.jpg,20-29,Male,White
348.jpg,20-29,Male,White
349.jpg,30-39,Male,White
35.jpg,20-29,Male,White
350.jpg,20-29,Male,White
351.jpg,20-29,Male,White
352.jpg,20-29,Male,White
353.jpg,20-29,Male,White
354.jpg,20-29,Male,White
355.jpg,20-29,Male,White
356.jpg,20-29,Male,White
357.jpg,20-29,Male,White
358.jpg,20-29,Female,White
359.jpg,20-29,Male,White
36.jpg,below 20,Female,White
360.jpg,20-29,Male,White
361.jpg,20-29,Male,White
362.jpg,20-29,Male,White
363.jpg,20-29,Male,White
364.jpg,20-29,Male,White
365.jpg,20-29,Male,White
366.jpg,20-29,Male,White
367.jpg,20-29,Male,White
368.jpg,20-29,Male,White
369.jpg,20-29,Male,White
37.jpg,20-29,Male,White
370.jpg,20-29,Male,White
371.jpg,20-29,Male,White
372.jpg,20-29,Male,White
373.jpg,20-29,Male,White
374.jpg,20-29,Male,White
375.jpg,20-29,Male,White
376.jpg,30-39,Male,Indian
377.jpg,below 20,Female,White
378.jpg,20-29,Male,White
379.jpg,20-29,Male,White
38.jpg,20-29,Male,White
380.jpg,20-29,Male,Asian
381.jpg,20-29,Male,White
382.jpg,20-29,Male,White
383.jpg,20-29,Male,White
384.jpg,20-29,Male,White
385.jpg,20-29,Male,White
386.jpg,20-29,Male,White
387.jpg,20-29,Male,White
388.jpg,30-39,Male,White
389.jpg,30-39,Male,White
39.jpg,20-29,Male,White
390.jpg,40-49,Male,Indian
391.jpg,20-29,Male,White
392.jpg,20-29,Male,White
393.jpg,20-29,Male,White
394.jpg,20-29,Male,White
395.jpg,20-29,Male,White
396.jpg,20-29,Male,White
397.jpg,20-29,Male,White
398.jpg,20-29,Male,White
399.jpg,20-29,Female,White
4.jpg,20-29,Male,White
40.jpg,20-29,Male,White
400.jpg,20-29,Male,White
401.jpg,20-29,Male,White
402.jpg,20-29,Male,White
403.jpg,20-29,Male,White
404.jpg,20-29,Male,White
405.jpg,20-29,Female,White
407.jpg,20-29,Male,White
408.jpg,20-29,Male,White
409.jpg,20-29,Male,White
41.jpg,20-29,Male,White
410.jpg,20-29,Male,White
411.jpg,20-29,Female,White
412.jpg,20-29,Female,White
413.jpg,20-29,Male,White
414.jpg,20-29,Male,White
415.jpg,20-29,Female,White
416.jpg,30-39,Male,White
417.jpg,20-29,Male,White
418.jpg,20-29,Male,Indian
419.jpg,20-29,Male,Indian
42.jpg,20-29,Male,White
420.jpg,20-29,Male,White
421.jpg,20-29,Male,White
422.jpg,30-39,Male,White
424.jpg,20-29,Male,Others
425.jpg,50+,Male,Indian
426.jpg,20-29,Male,White
428.jpg,20-29,Male,White
429.jpg,20-29,Male,Asian
43.jpg,20-29,Male,White
430.jpg,20-29,Male,Indian
431.jpg,20-29,Male,White
432.jpg,20-29,Male,White
433.jpg,20-29,Male,White
434.jpg,20-29,Female,White
435.jpg,20-29,Male,White
436.jpg,20-29,Male,White
437.jpg,20-29,Male,White
438.jpg,20-29,Male,White
439.jpg,20-29,Male,White
44.jpg,20-29,Male,White
440.jpg,20-29,Male,White
441.jpg,20-29,Male,White
442.jpg,30-39,Male,White
443.jpg,40-49,Male,White
444.jpg,20-29,Male,White
445.jpg,20-29,Male,White
446.jpg,30-39,Male,White
447.jpg,20-29,Male,White
448.jpg,20-29,Male,White
449.jpg,20-29,Male,White
45.jpg,20-29,Male,Asian
450.jpg,20-29,Male,White
451.jpg,below 20,Male,Asian
452.jpg,20-29,Male,White
453.jpg,20-29,Female,White
454.jpg,20-29,Female,Asian
455.jpg,20-29,Male,White
456.jpg,20-29,Male,White
457.jpg,20-29,Male,White
458.jpg,20-29,Male,White
459.jpg,20-29,Male,White
46.jpg,20-29,Male,White
460.jpg,20-29,Male,White
461.jpg,20-29,Male,White
462.jpg,20-29,Male,White
463.jpg,20-29,Male,White
464.jpg,20-29,Male,White
465.jpg,20-29,Female,White
466.jpg,20-29,Male,White
467.jpg,30-39,Male,Indian
468.jpg,20-29,Male,Indian
47.jpg,20-29,Female,Indian
470.jpg,20-29,Male,White
471.jpg,20-29,Male,White
472.jpg,20-29,Male,White
473.jpg,30-39,Male,White
474.jpg,below 20,Male,White
475.jpg,30-39,Male,White
476.jpg,20-29,Male,White
477.jpg,20-29,Male,Indian
478.jpg,20-29,Male,White
479.jpg,20-29,Male,White
48.jpg,20-29,Male,White
480.jpg,20-29,Male,White
481.jpg,20-29,Male,White
482.jpg,20-29,Male,White
485.jpg,20-29,Male,White
486.jpg,20-29,Male,White
487.jpg,20-29,Male,White
488.jpg,20-29,Male,White
489.jpg,20-29,Male,White
49.jpg,20-29,Male,White
490.jpg,20-29,Male,White
491.jpg,20-29,Male,White
492.jpg,20-29,Male,White
493.jpg,20-29,Female,White
494.jpg,20-29,Male,White
495.jpg,20-29,Male,White
496.jpg,20-29,Male,Indian
497.jpg,20-29,Male,White
498.jpg,20-29,Female,White
499.jpg,20-29,Male,White
5.jpg,30-39,Male,Indian
50.jpg,20-29,Male,White
500.jpg,20-29,Male,White
501.jpg,20-29,Male,White
502.jpg,20-29,Male,White
503.jpg,20-29,Male,White
504.jpg,20-29,Male,White
505.jpg,20-29,Male,White
506.jpg,20-29,Male,White
507.jpg,20-29,Male,White
509.jpg,20-29,Male,White
51.jpg,20-29,Male,White
510.jpg,20-29,Male,White
511.jpg,20-29,Male,White
512.jpg,20-29,Male,White
513.jpg,20-29,Male,White
514.jpg,20-29,Male,White
515.jpg,20-29,Male,White
516.jpg,20-29,Male,White
517.jpg,20-29,Male,White
518.jpg,20-29,Male,White
519.jpg,20-29,Male,White
52.jpg,20-29,Male,Indian
520.jpg,20-29,Male,White
521.jpg,20-29,Male,White
522.jpg,20-29,Male,White
523.jpg,20-29,Male,White
524.jpg,below 20,Male,White
525.jpg,20-29,Male,White
526.jpg,20-29,Male,White
527.jpg,20-29,Male,White
528.jpg,20-29,Male,White
529.jpg,20-29,Male,White
53.jpg,20-29,Male,White
530.jpg,30-39,Male,Black
531.jpg,20-29,Male,White
532.jpg,20-29,Male,White
533.jpg,50+,Male,White
535.jpg,30-39,Male,White
536.jpg,20-29,Male,Indian
537.jpg,20-29,Male,White
538.jpg,20-29,Male,White
539.jpg,20-29,Male,White
54.jpg,20-29,Male,White
540.jpg,20-29,Male,White
541.jpg,30-39,Male,White
543.jpg,20-29,Male,White
544.jpg,20-29,Male,White
545.jpg,20-29,Male,White
546.jpg,30-39,Male,White
547.jpg,20-29,Female,White
548.jpg,20-29,Male,White
549.jpg,20-29,Male,White
55.jpg,20-29,Male,White
550.jpg,20-29,Male,White
551.jpg,below 20,Female,Black
552.jpg,20-29,Male,Indian
553.jpg,20-29,Female,White
554.jpg,20-29,Male,White
556.jpg,20-29,Male,White
557.jpg,20-29,Male,White
558.jpg,20-29,Male,White
559.jpg,20-29,Male,White
56.jpg,20-29,Male,Asian
560.jpg,20-29,Male,White
561.jpg,20-29,Male,White
562.jpg,30-39,Male,White
563.jpg,20-29,Female,White
564.jpg,30-39,Male,White
565.jpg,20-29,Male,White
566.jpg,20-29,Male,White
567.jpg,20-29,Male,White
568.jpg,20-29,Male,White
569.jpg,20-29,Male,Black
57.jpg,20-29,Male,White
570.jpg,20-29,Male,Asian
571.jpg,20-29,Female,White
572.jpg,20-29,Female,White
574.jpg,30-39,Female,White
575.jpg,20-29,Male,White
576.jpg,20-29,Male,White
577.jpg,20-29,Female,White
578.jpg,20-29,Male,White
579.jpg,20-29,Male,White
58.jpg,20-29,Male,White
580.jpg,20-29,Female,Black
581.jpg,20-29,Male,White
582.jpg,30-39,Male,White
583.jpg,20-29,Male,White
584.jpg,20-29,Male,White
585.jpg,20-29,Male,White
586.jpg,30-39,Male,White
587.jpg,below 20,Male,White
588.jpg,20-29,Male,White
589.jpg,20-29,Female,Asian
59.jpg,30-39,Male,White
590.jpg,30-39,Male,White
591.jpg,20-29,Male,White
592.jpg,20-29,Male,White
593.jpg,20-29,Male,White
594.jpg,20-29,Male,White
595.jpg,20-29,Male,White
596.jpg,20-29,Male,White
597.jpg,20-29,Male,White
598.jpg,20-29,Male,White
599.jpg,20-29,Male,White
6.jpg,20-29,Male,White
60.jpg,20-29,Male,White
600.jpg,20-29,Male,White
601.jpg,20-29,Male,White
602.jpg,20-29,Male,White
603.jpg,20-29,Male,White
604.jpg,20-29,Male,White
605.jpg,30-39,Male,White
606.jpg,20-29,Male,White
607.jpg,below 20,Female,White
608.jpg,20-29,Male,White
609.jpg,20-29,Female,White
61.jpg,50+,Male,White
610.jpg,20-29,Male,White
611.jpg,20-29,Male,White
612.jpg,20-29,Male,White
613.jpg,20-29,Male,White
614.jpg,20-29,Male,White
615.jpg,20-29,Male,White
616.jpg,below 20,Male,White
617.jpg,20-29,Male,White
618.jpg,20-29,Male,White
619.jpg,20-29,Male,White
62.jpg,20-29,Male,White
620.jpg,20-29,Male,White
621.jpg,30-39,Male,Indian
622.jpg,20-29,Male,White
623.jpg,20-29,Male,White
624.jpg,30-39,Male,Indian
625.jpg,20-29,Male,White
626.jpg,20-29,Male,White
627.jpg,20-29,Male,White
628.jpg,20-29,Male,White
629.jpg,20-29,Male,Indian
63.jpg,20-29,Male,Indian
630.jpg,30-39,Male,Indian
631.jpg,30-39,Male,White
632.jpg,20-29,Male,White
633.jpg,20-29,Male,Indian
634.jpg,20-29,Male,Indian
635.jpg,20-29,Male,Indian
636.jpg,20-29,Male,Indian
637.jpg,20-29,Male,Indian
638.jpg,20-29,Male,White
639.jpg,20-29,Male,White
64.jpg,20-29,Male,White
640.jpg,20-29,Male,White
641.jpg,20-29,Male,White
642.jpg,20-29,Male,White
643.jpg,20-29,Female,Indian
644.jpg,20-29,Male,Indian
645.jpg,20-29,Male,White
646.jpg,20-29,Male,White
647.jpg,20-29,Male,White
648.jpg,20-29,Male,White
649.jpg,20-29,Male,White
65.jpg,20-29,Male,White
650.jpg,30-39,Male,White
651.jpg,20-29,Male,White
652.jpg,20-29,Male,White
653.jpg,20-29,Male,White
654.jpg,20-29,Male,White
656.jpg,20-29,Male,Indian
657.jpg,30-39,Male,White
658.jpg,20-29,Male,White
659.jpg,30-39,Male,Indian
660.jpg,20-29,Male,White
661.jpg,20-29,Male,White
662.jpg,20-29,Male,White
663.jpg,20-29,Male,White
664.jpg,20-29,Male,White
665.jpg,20-29,Male,White
666.jpg,20-29,Male,White
668.jpg,20-29,Male,White
67.jpg,20-29,Male,White
670.jpg,20-29,Male,White
671.jpg,below 20,Female,White
672.jpg,30-39,Male,White
673.jpg,20-29,Female,White
674.jpg,20-29,Male,White
675.jpg,20-29,Male,White
676.jpg,20-29,Male,White
677.jpg,20-29,Male,White
678.jpg,below 20,Female,White
679.jpg,30-39,Male,Indian
68.jpg,20-29,Male,White
680.jpg,20-29,Male,Indian
681.jpg,20-29,Female,Asian
682.jpg,30-39,Male,Indian
683.jpg,20-29,Male,White
684.jpg,20-29,Male,White
685.jpg,20-29,Male,White
686.jpg,20-29,Female,White
687.jpg,below 20,Male,White
688.jpg,20-29,Male,White
689.jpg,20-29,Male,White
69.jpg,30-39,Male,White
690.jpg,20-29,Male,White
691.jpg,20-29,Male,White
693.jpg,20-29,Male,White
694.jpg,20-29,Male,White
695.jpg,20-29,Male,White
696.jpg,20-29,Male,White
697.jpg,20-29,Male,White
698.jpg,20-29,Female,White
699.jpg,20-29,Male,White
7.jpg,20-29,Male,White
70.jpg,20-29,Male,White
700.jpg,20-29,Male,White
701.jpg,20-29,Male,White
702.jpg,20-29,Female,White
703.jpg,20-29,Male,White
704.jpg,20-29,Male,White
705.jpg,20-29,Male,Black
706.jpg,20-29,Female,White
707.jpg,20-29,Male,White
708.jpg,20-29,Male,White
709.jpg,20-29,Male,White
71.jpg,20-29,Male,White
710.jpg,20-29,Male,White
711.jpg,20-29,Male,White
712.jpg,30-39,Male,White
713.jpg,20-29,Male,Others
714.jpg,20-29,Male,White
715.jpg,20-29,Male,White
716.jpg,30-39,Male,White
717.jpg,20-29,Female,White
718.jpg,20-29,Female,White
719.jpg,20-29,Male,White
72.jpg,20-29,Male,White
720.jpg,30-39,Male,White
721.jpg,below 20,Male,White
722.jpg,20-29,Female,White
723.jpg,20-29,Male,White
724.jpg,20-29,Male,White
726.jpg,20-29,Male,White
728.jpg,below 20,Male,Asian
729.jpg,20-29,Male,White
73.jpg,20-29,Male,White
730.jpg,20-29,Male,White
731.jpg,20-29,Male,Asian
732.jpg,20-29,Male,White
733.jpg,20-29,Male,Asian
734.jpg,20-29,Male,White
735.jpg,20-29,Male,Asian
736.jpg,20-29,Female,White
737.jpg,20-29,Male,White
738.jpg,20-29,Male,White
739.jpg,30-39,Male,White
74.jpg,20-29,Male,White
740.jpg,30-39,Female,White
742.jpg,20-29,Male,White
743.jpg,20-29,Male,White
744.jpg,20-29,Male,White
745.jpg,30-39,Male,White
746.jpg,20-29,Male,White
747.jpg,20-29,Male,Indian
748.jpg,30-39,Male,Asian
749.jpg,20-29,Male,White
75.jpg,20-29,Male,White
750.jpg,20-29,Male,White
751.jpg,below 20,Male,White
752.jpg,below 20,Female,White
753.jpg,30-39,Male,White
755.jpg,below 20,Female,White
756.jpg,20-29,Male,White
757.jpg,20-29,Male,White
758.jpg,20-29,Male,Indian
759.jpg,20-29,Male,White
76.jpg,20-29,Male,White
760.jpg,20-29,Male,White
761.jpg,20-29,Male,White
762.jpg,20-29,Male,White
763.jpg,30-39,Male,Indian
764.jpg,20-29,Male,Black
765.jpg,20-29,Male,Asian
766.jpg,20-29,Male,White
768.jpg,20-29,Male,White
769.jpg,50+,Male,White
77.jpg,20-29,Female,White
770.jpg,20-29,Male,White
771.jpg,20-29,Male,White
772.jpg,20-29,Male,White
774.jpg,20-29,Male,White
775.jpg,20-29,Male,White
776.jpg,20-29,Male,White
777.jpg,30-39,Female,White
778.jpg,20-29,Female,White
78.jpg,20-29,Male,White
780.jpg,20-29,Male,White
781.jpg,20-29,Male,White
782.jpg,40-49,Male,Indian
783.jpg,20-29,Male,White
784.jpg,20-29,Male,White
785.jpg,20-29,Male,White
786.jpg,20-29,Male,White
787.jpg,20-29,Male,White
788.jpg,20-29,Female,White
789.jpg,20-29,Male,White
79.jpg,20-29,Male,White
790.jpg,20-29,Male,White
791.jpg,20-29,Male,White
792.jpg,20-29,Male,Indian
793.jpg,20-29,Male,White
794.jpg,30-39,Male,Black
795.jpg,20-29,Male,White
796.jpg,below 20,Male,White
797.jpg,20-29,Male,White
798.jpg,20-29,Male,Indian
799.jpg,20-29,Male,Indian
8.jpg,20-29,Male,White
80.jpg,20-29,Male,White
800.jpg,20-29,Male,White
801.jpg,20-29,Male,Indian
802.jpg,20-29,Male,White
803.jpg,20-29,Male,White
804.jpg,20-29,Male,Asian
805.jpg,20-29,Male,White
806.jpg,20-29,Male,White
807.jpg,20-29,Male,White
808.jpg,20-29,Male,White
81.jpg,20-29,Male,White
810.jpg,20-29,Male,White
811.jpg,20-29,Male,White
812.jpg,30-39,Male,White
813.jpg,20-29,Male,Indian
815.jpg,below 20,Female,White
816.jpg,30-39,Male,Black
817.jpg,20-29,Male,White
818.jpg,30-39,Male,White
819.jpg,30-39,Female,White
82.jpg,20-29,Male,Asian
820.jpg,30-39,Male,Indian
821.jpg,20-29,Male,White
823.jpg,20-29,Male,Indian
824.jpg,30-39,Male,Indian
825.jpg,20-29,Male,White
826.jpg,30-39,Male,White
827.jpg,20-29,Male,White
828.jpg,20-29,Male,White
829.jpg,20-29,Male,White
83.jpg,30-39,Male,White
830.jpg,20-29,Male,White
831.jpg,20-29,Male,White
832.jpg,30-39,Male,White
833.jpg,20-29,Male,White
834.jpg,30-39,Male,White
835.jpg,20-29,Male,White
836.jpg,20-29,Male,White
838.jpg,20-29,Male,White
839.jpg,20-29,Male,Black
84.jpg,20-29,Male,White
840.jpg,20-29,Male,White
841.jpg,20-29,Male,White
842.jpg,20-29,Male,White
843.jpg,below 20,Female,White
844.jpg,20-29,Male,White
845.jpg,20-29,Male,White
846.jpg,20-29,Male,White
847.jpg,20-29,Male,White
848.jpg,20-29,Male,Indian
849.jpg,20-29,Male,White
85.jpg,20-29,Male,White
850.jpg,30-39,Female,White
851.jpg,20-29,Male,White
852.jpg,20-29,Male,White
853.jpg,20-29,Male,White
854.jpg,20-29,Male,White
855.jpg,20-29,Male,White
856.jpg,20-29,Male,White
857.jpg,20-29,Male,White
858.jpg,30-39,Female,Indian
859.jpg,20-29,Male,White
86.jpg,20-29,Female,White
860.jpg,20-29,Male,White
861.jpg,20-29,Male,White
862.jpg,20-29,Male,White
863.jpg,20-29,Male,White
864.jpg,20-29,Male,White
865.jpg,20-29,Male,White
866.jpg,20-29,Male,White
867.jpg,20-29,Male,White
868.jpg,20-29,Male,White
869.jpg,20-29,Male,White
87.jpg,20-29,Male,White
870.jpg,20-29,Male,White
871.jpg,20-29,Female,Asian
872.jpg,30-39,Male,White
873.jpg,20-29,Male,White
874.jpg,below 20,Male,Asian
875.jpg,20-29,Female,White
877.jpg,20-29,Male,White
878.jpg,20-29,Female,Asian
879.jpg,20-29,Male,White
88.jpg,20-29,Male,White
881.jpg,20-29,Male,Indian
882.jpg,20-29,Male,White
883.jpg,20-29,Female,White
884.jpg,20-29,Male,White
885.jpg,20-29,Male,Asian
886.jpg,20-29,Male,Asian
887.jpg,20-29,Male,White
888.jpg,20-29,Female,Black
889.jpg,20-29,Male,Indian
89.jpg,20-29,Male,White
891.jpg,30-39,Male,Indian
892.jpg,20-29,Male,White
893.jpg,20-29,Female,White
894.jpg,20-29,Male,White
895.jpg,20-29,Female,Black
897.jpg,below 20,Female,White
898.jpg,20-29,Male,White
899.jpg,20-29,Male,White
9.jpg,20-29,Male,White
90.jpg,20-29,Male,White
900.jpg,20-29,Male,White
902.jpg,20-29,Male,White
903.jpg,20-29,Male,White
904.jpg,20-29,Male,White
906.jpg,20-29,Female,White
907.jpg,20-29,Female,White
908.jpg,20-29,Female,White
909.jpg,below 20,Female,White
91.jpg,20-29,Male,White
910.jpg,20-29,Male,White
911.jpg,30-39,Female,White
912.jpg,below 20,Male,Asian
913.jpg,20-29,Male,White
914.jpg,20-29,Male,White
915.jpg,30-39,Male,White
916.jpg,20-29,Male,White
917.jpg,20-29,Male,White
918.jpg,20-29,Male,Indian
919.jpg,20-29,Male,White
92.jpg,20-29,Female,White
920.jpg,20-29,Male,White
921.jpg,20-29,Female,White
922.jpg,20-29,Male,White
923.jpg,30-39,Male,White
924.jpg,20-29,Male,White
925.jpg,20-29,Male,White
926.jpg,20-29,Male,White
927.jpg,20-29,Female,Asian
928.jpg,20-29,Male,White
929.jpg,20-29,Male,White
93.jpg,20-29,Male,White
930.jpg,below 20,Male,White
932.jpg,30-39,Female,White
933.jpg,20-29,Male,White
934.jpg,20-29,Male,White
935.jpg,20-29,Male,White
936.jpg,20-29,Male,White
937.jpg,20-29,Male,White
938.jpg,20-29,Male,White
939.jpg,20-29,Male,White
94.jpg,30-39,Male,White
940.jpg,20-29,Male,White
941.jpg,20-29,Male,White
942.jpg,20-29,Male,White
943.jpg,20-29,Male,White
944.jpg,20-29,Male,White
945.jpg,20-29,Male,White
946.jpg,20-29,Male,White
947.jpg,20-29,Male,White
948.jpg,20-29,Male,White
949.jpg,20-29,Female,White
95.jpg,20-29,Male,White
950.jpg,20-29,Male,White
951.jpg,20-29,Male,White
952.jpg,20-29,Male,White
953.jpg,20-29,Male,White
954.jpg,20-29,Male,White
955.jpg,20-29,Male,White
956.jpg,20-29,Female,White
957.jpg,20-29,Male,White
958.jpg,20-29,Male,White
959.jpg,30-39,Male,Indian
96.jpg,20-29,Male,White
961.jpg,20-29,Female,White
962.jpg,20-29,Male,White
963.jpg,20-29,Male,White
964.jpg,20-29,Male,Asian
965.jpg,20-29,Male,White
967.jpg,20-29,Male,Indian
968.jpg,30-39,Male,White
969.jpg,20-29,Female,White
97.jpg,20-29,Male,White
970.jpg,below 20,Male,Asian
972.jpg,20-29,Male,White
973.jpg,20-29,Male,White
974.jpg,20-29,Male,White
975.jpg,30-39,Male,White
976.jpg,20-29,Male,White
977.jpg,20-29,Male,White
978.jpg,30-39,Female,White
979.jpg,20-29,Male,White
98.jpg,20-29,Female,White
980.jpg,20-29,Male,White
981.jpg,20-29,Male,White
982.jpg,20-29,Female,White
983.jpg,20-29,Female,White
985.jpg,30-39,Male,White
986.jpg,20-29,Male,White
987.jpg,20-29,Female,White
988.jpg,20-29,Male,White
989.jpg,20-29,Male,White
99.jpg,20-29,Male,White
990.jpg,20-29,Male,White
991.jpg,below 20,Female,Black
992.jpg,20-29,Female,White
993.jpg,20-29,Male,Indian
994.jpg,20-29,Female,White
995.jpg,30-39,Male,White
996.jpg,20-29,Male,White
997.jpg,20-29,Male,White
998.jpg,20-29,Male,White
999.jpg,20-29,Male,Indian
