1.jpg,50-59,Male,Others
10.jpg,10-19,Female,Black
100.jpg,30-39,Male,White
1000.jpg,20-29,Male,White
1001.jpg,30-39,Male,White
1002.jpg,20-29,Male,White
1003.jpg,30-39,Male,White
1004.jpg,30-39,Male,White
1005.jpg,20-29,Male,Others
1006.jpg,40-49,Female,White
1007.jpg,20-29,Male,Asian
1008.jpg,30-39,Male,Black
1009.jpg,30-39,Male,Asian
101.jpg,10-19,Male,Others
1010.jpg,30-39,Male,Black
1011.jpg,50-59,Male,Indian
1012.jpg,3-9,Female,Asian
1013.jpg,30-39,Male,Asian
1014.jpg,30-39,Male,Indian
1015.jpg,40-49,Male,White
1016.jpg,20-29,Male,Indian
1017.jpg,20-29,Male,Others
1018.jpg,20-29,Male,Others
1019.jpg,20-29,Male,Others
102.jpg,30-39,Male,White
1020.jpg,20-29,Male,Indian
1021.jpg,30-39,Male,Others
1022.jpg,30-39,Male,Asian
1023.jpg,40-49,Male,Others
1024.jpg,30-39,Male,Asian
1025.jpg,10-19,Male,Others
1026.jpg,30-39,Female,Others
1027.jpg,30-39,Female,Others
1028.jpg,10-19,Female,Others
1029.jpg,30-39,Female,Black
103.jpg,10-19,Male,Asian
1030.jpg,10-19,Female,Black
1031.jpg,20-29,Male,Black
1032.jpg,3-9,Female,Indian
1033.jpg,20-29,Female,Indian
1034.jpg,20-29,Female,Black
1035.jpg,20-29,Female,Black
1036.jpg,20-29,Female,Black
1037.jpg,30-39,Female,White
1038.jpg,20-29,Male,Asian
1039.jpg,10-19,Female,Asian
104.jpg,30-39,Male,White
1040.jpg,10-19,Male,Asian
1041.jpg,10-19,Female,Asian
1042.jpg,30-39,Female,Asian
1043.jpg,20-29,Female,Asian
1044.jpg,20-29,Female,Asian
1045.jpg,20-29,Female,Asian
1046.jpg,10-19,Female,Asian
1047.jpg,10-19,Female,Asian
1048.jpg,20-29,Female,Asian
1049.jpg,3-9,Female,Asian
105.jpg,20-29,Male,Indian
1050.jpg,none,none,none
1051.jpg,20-29,Female,Asian
1052.jpg,20-29,Female,Asian
1053.jpg,20-29,Female,Asian
1054.jpg,20-29,Female,Asian
1055.jpg,20-29,Female,Asian
1056.jpg,10-19,Female,Others
1057.jpg,10-19,Female,Indian
1058.jpg,3-9,Male,Others
1059.jpg,20-29,Female,Asian
106.jpg,20-29,Male,White
1060.jpg,20-29,Female,White
1061.jpg,20-29,Female,White
1062.jpg,3-9,Male,Others
1063.jpg,30-39,Male,Asian
1064.jpg,30-39,Male,White
1065.jpg,30-39,Male,White
1066.jpg,more than 70,Male,White
1067.jpg,30-39,Male,White
1068.jpg,10-19,Male,White
1069.jpg,10-19,Male,White
107.jpg,20-29,Male,White
1070.jpg,20-29,Male,Others
1071.jpg,30-39,Male,White
1072.jpg,30-39,Male,Others
1073.jpg,20-29,Male,White
1074.jpg,50-59,Female,White
1075.jpg,40-49,Male,Asian
1076.jpg,30-39,Male,White
1077.jpg,30-39,Male,White
1078.jpg,20-29,Male,Others
1079.jpg,20-29,Male,Asian
108.jpg,30-39,Male,Others
1080.jpg,30-39,Male,Others
1081.jpg,20-29,Male,Others
1082.jpg,30-39,Male,Others
1083.jpg,30-39,Male,Others
1084.jpg,20-29,Male,Black
1085.jpg,20-29,Male,Asian
1086.jpg,none,none,none
1087.jpg,10-19,Male,Black
1088.jpg,30-39,Male,Black
1089.jpg,30-39,Male,Black
109.jpg,3-9,Male,Asian
1090.jpg,40-49,Male,Black
1091.jpg,30-39,Male,Black
1092.jpg,50-59,Male,Black
1093.jpg,30-39,Male,Black
1094.jpg,10-19,Male,Others
1095.jpg,50-59,Male,Black
1096.jpg,10-19,Male,Indian
1097.jpg,20-29,Male,Indian
1098.jpg,30-39,Male,Black
1099.jpg,10-19,Male,Others
11.jpg,10-19,Male,Others
110.jpg,20-29,Male,Asian
1100.jpg,20-29,Female,Asian
1101.jpg,20-29,Female,Asian
1102.jpg,20-29,Male,Asian
1103.jpg,10-19,Male,Asian
1104.jpg,10-19,Female,Asian
1105.jpg,20-29,Male,Indian
1106.jpg,30-39,Male,Indian
1107.jpg,20-29,Male,Asian
1108.jpg,20-29,Male,Indian
1109.jpg,3-9,Male,Asian
111.jpg,20-29,Male,White
1110.jpg,20-29,Male,Indian
1111.jpg,none,none,none
1112.jpg,10-19,Male,Others
1113.jpg,20-29,Male,Indian
1114.jpg,20-29,Male,Asian
1115.jpg,10-19,Male,Indian
1116.jpg,3-9,Male,Indian
1117.jpg,30-39,Male,Asian
1118.jpg,30-39,Male,Asian
1119.jpg,30-39,Male,Asian
112.jpg,20-29,Female,Others
1120.jpg,10-19,Male,Others
1121.jpg,30-39,Male,Asian
1122.jpg,50-59,Male,Others
1123.jpg,20-29,Male,Others
1124.jpg,none,none,none
1125.jpg,20-29,Male,Others
1126.jpg,30-39,Male,White
1127.jpg,3-9,Female,Others
1128.jpg,30-39,Female,Black
1129.jpg,20-29,Female,Others
113.jpg,20-29,Male,Asian
1130.jpg,30-39,Male,Asian
1131.jpg,none,none,none
1132.jpg,30-39,Male,Black
1133.jpg,20-29,Female,Asian
1134.jpg,20-29,Female,Others
1135.jpg,20-29,Female,Others
1136.jpg,20-29,Male,White
1137.jpg,30-39,Female,Others
1138.jpg,30-39,Female,White
1139.jpg,30-39,Female,Others
114.jpg,30-39,Female,White
1140.jpg,40-49,Male,Others
1141.jpg,30-39,Female,Others
1142.jpg,10-19,Female,Asian
1143.jpg,10-19,Male,Asian
1144.jpg,30-39,Male,Others
1145.jpg,10-19,Male,Asian
1146.jpg,30-39,Male,Black
1147.jpg,20-29,Male,Asian
1148.jpg,20-29,Female,White
1149.jpg,30-39,Male,Black
115.jpg,20-29,Male,Black
1150.jpg,30-39,Male,White
1151.jpg,30-39,Male,Black
1152.jpg,20-29,Female,Asian
1153.jpg,30-39,Female,Asian
1154.jpg,10-19,Female,Indian
1155.jpg,30-39,Female,Black
1156.jpg,30-39,Female,Black
1157.jpg,20-29,Female,Black
1158.jpg,20-29,Female,Asian
1159.jpg,10-19,Female,White
116.jpg,20-29,Female,Black
1160.jpg,20-29,Female,Asian
1161.jpg,30-39,Female,Others
1162.jpg,20-29,Male,Asian
1163.jpg,20-29,Male,Asian
1164.jpg,20-29,Male,Asian
1165.jpg,20-29,Female,Asian
1166.jpg,10-19,Male,Asian
1167.jpg,20-29,Male,Asian
1168.jpg,20-29,Female,Asian
1169.jpg,20-29,Female,Asian
117.jpg,30-39,Male,White
1170.jpg,3-9,Female,Asian
1171.jpg,30-39,Female,Asian
1172.jpg,10-19,Female,Asian
1173.jpg,3-9,Male,Asian
1174.jpg,20-29,Female,Asian
1175.jpg,20-29,Female,Others
1176.jpg,20-29,Female,Others
1177.jpg,40-49,Female,Indian
1178.jpg,20-29,Female,Indian
1179.jpg,10-19,Male,Others
118.jpg,20-29,Female,White
1180.jpg,10-19,Female,Asian
1181.jpg,10-19,Female,Indian
1182.jpg,10-19,Male,Asian
1183.jpg,20-29,Male,Asian
1184.jpg,30-39,Female,Indian
1185.jpg,20-29,Female,Asian
1186.jpg,20-29,Male,Asian
1187.jpg,40-49,Female,Others
1188.jpg,20-29,Female,Asian
1189.jpg,3-9,Female,Asian
119.jpg,10-19,Male,Asian
1190.jpg,20-29,Female,Others
1191.jpg,20-29,Female,Others
1192.jpg,40-49,Male,White
1193.jpg,30-39,Male,Asian
1194.jpg,30-39,Male,Black
1195.jpg,10-19,Male,Black
1196.jpg,20-29,Male,White
1197.jpg,20-29,Female,White
1198.jpg,20-29,Male,Indian
1199.jpg,20-29,Male,White
12.jpg,3-9,Male,Black
120.jpg,20-29,Male,White
1200.jpg,20-29,Male,Asian
1201.jpg,40-49,Male,Others
1202.jpg,40-49,Male,White
1203.jpg,40-49,Female,Indian
1204.jpg,30-39,Male,Others
1205.jpg,30-39,Male,White
1206.jpg,20-29,Female,Black
1207.jpg,30-39,Male,Black
1208.jpg,20-29,Male,Black
1209.jpg,20-29,Male,Others
121.jpg,10-19,Male,Indian
1210.jpg,30-39,Male,Black
1211.jpg,none,none,none
1212.jpg,3-9,Male,Black
1213.jpg,40-49,Male,Indian
1214.jpg,none,none,none
1215.jpg,20-29,Male,Black
1216.jpg,50-59,Male,Others
1217.jpg,30-39,Male,Others
1218.jpg,30-39,Male,Indian
1219.jpg,40-49,Male,Others
122.jpg,20-29,Male,Black
1220.jpg,30-39,Male,Asian
1221.jpg,10-19,Male,Asian
1222.jpg,50-59,Male,Indian
1223.jpg,20-29,Male,Asian
1224.jpg,30-39,Male,Others
1225.jpg,20-29,Male,Asian
1226.jpg,30-39,Male,White
1227.jpg,30-39,Female,White
1228.jpg,20-29,Female,White
1229.jpg,20-29,Female,Others
123.jpg,20-29,Male,Asian
1230.jpg,20-29,Male,Others
1231.jpg,20-29,Female,White
1232.jpg,10-19,Female,White
1233.jpg,20-29,Female,White
1234.jpg,30-39,Female,Others
1235.jpg,20-29,Female,White
1236.jpg,none,none,none
1237.jpg,50-59,Female,Others
1238.jpg,20-29,Female,Asian
1239.jpg,20-29,Male,White
124.jpg,40-49,Male,Black
1240.jpg,20-29,Female,Black
1241.jpg,10-19,Female,Indian
1242.jpg,10-19,Female,Asian
1243.jpg,20-29,Male,Black
1244.jpg,20-29,Female,Black
1245.jpg,20-29,Female,Black
1246.jpg,20-29,Female,Indian
1247.jpg,10-19,Female,Others
1248.jpg,20-29,Male,Asian
1249.jpg,30-39,Female,Others
125.jpg,none,none,none
1250.jpg,10-19,Male,Asian
1251.jpg,20-29,Female,Asian
1252.jpg,20-29,Female,Asian
1253.jpg,none,none,none
1254.jpg,20-29,Female,Asian
1255.jpg,30-39,Female,Asian
1256.jpg,10-19,Male,Others
1257.jpg,20-29,Female,White
1258.jpg,20-29,Female,Others
1259.jpg,none,none,none
126.jpg,10-19,Male,Indian
1260.jpg,0-2,Male,White
1261.jpg,0-2,Male,Asian
1262.jpg,10-19,Female,Others
1263.jpg,3-9,Male,White
1264.jpg,3-9,Male,Asian
1265.jpg,3-9,Male,White
1266.jpg,3-9,Male,White
1267.jpg,20-29,Female,Others
1268.jpg,3-9,Male,White
1269.jpg,0-2,Male,Asian
127.jpg,30-39,Male,White
1270.jpg,30-39,Female,White
1271.jpg,0-2,Male,Asian
1272.jpg,0-2,Male,White
1273.jpg,30-39,Male,Asian
1274.jpg,0-2,Male,Asian
1275.jpg,30-39,Male,White
1276.jpg,30-39,Male,Asian
1277.jpg,0-2,Male,Others
1278.jpg,30-39,Male,Asian
1279.jpg,3-9,Male,Asian
128.jpg,20-29,Female,White
1280.jpg,3-9,Male,Asian
1281.jpg,0-2,Male,Asian
1282.jpg,0-2,Male,Asian
1283.jpg,0-2,Female,Asian
1284.jpg,30-39,Male,White
1285.jpg,0-2,Male,Asian
1286.jpg,0-2,Male,Indian
1287.jpg,0-2,Male,Asian
1288.jpg,0-2,Male,Others
1289.jpg,30-39,Male,Asian
129.jpg,20-29,Female,Asian
1290.jpg,0-2,Male,Asian
1291.jpg,20-29,Male,Asian
1292.jpg,20-29,Male,Asian
1293.jpg,0-2,Male,Asian
1294.jpg,0-2,Female,White
1295.jpg,3-9,Male,Asian
1296.jpg,3-9,Male,Indian
1297.jpg,3-9,Male,Asian
1298.jpg,none,none,none
1299.jpg,0-2,Female,White
13.jpg,3-9,Male,Others
130.jpg,30-39,Female,Others
1300.jpg,0-2,Male,Asian
1301.jpg,none,none,none
1302.jpg,0-2,Female,Asian
1303.jpg,none,none,none
1304.jpg,0-2,Female,Asian
1305.jpg,20-29,Male,White
1306.jpg,0-2,Male,Asian
1307.jpg,none,none,none
1308.jpg,3-9,Male,Asian
1309.jpg,30-39,Male,Asian
131.jpg,10-19,Female,Others
1310.jpg,0-2,Male,Indian
1311.jpg,30-39,Male,White
1312.jpg,0-2,Male,Asian
1313.jpg,none,none,none
1314.jpg,0-2,Male,Asian
1315.jpg,3-9,Male,Asian
1316.jpg,0-2,Male,Asian
1317.jpg,3-9,Male,Asian
1318.jpg,0-2,Male,Asian
1319.jpg,3-9,Male,Asian
132.jpg,30-39,Male,White
1320.jpg,3-9,Male,Asian
1321.jpg,3-9,Male,Indian
1322.jpg,none,none,none
1323.jpg,none,none,none
1324.jpg,20-29,Male,Asian
1325.jpg,20-29,Female,Asian
1326.jpg,3-9,Female,Asian
1327.jpg,0-2,Male,White
1328.jpg,30-39,Male,Black
1329.jpg,3-9,Male,Asian
133.jpg,20-29,Female,White
1330.jpg,0-2,Male,Asian
1331.jpg,0-2,Male,Asian
1332.jpg,none,none,none
1333.jpg,3-9,Male,Asian
1334.jpg,0-2,Male,Asian
1335.jpg,30-39,Male,Asian
1336.jpg,3-9,Male,Asian
1337.jpg,60-69,Male,Asian
1338.jpg,20-29,Male,Others
1339.jpg,30-39,Male,Others
134.jpg,20-29,Female,White
1340.jpg,30-39,Male,White
1341.jpg,30-39,Male,Others
1342.jpg,20-29,Male,White
1343.jpg,30-39,Male,Others
1344.jpg,40-49,Male,White
1345.jpg,30-39,Male,Others
1346.jpg,20-29,Male,White
1347.jpg,30-39,Male,White
1348.jpg,30-39,Male,Others
1349.jpg,20-29,Male,Others
135.jpg,30-39,Female,White
1350.jpg,30-39,Male,Others
1351.jpg,20-29,Male,Others
1352.jpg,30-39,Male,White
1353.jpg,30-39,Male,Black
1354.jpg,40-49,Male,Asian
1355.jpg,30-39,Male,Indian
1356.jpg,20-29,Male,Indian
1357.jpg,40-49,Male,Black
1358.jpg,50-59,Male,Indian
1359.jpg,30-39,Male,Others
136.jpg,20-29,Male,Indian
1360.jpg,20-29,Male,Black
1361.jpg,30-39,Male,Asian
1362.jpg,20-29,Male,Indian
1363.jpg,20-29,Male,Asian
1364.jpg,10-19,Male,Asian
1365.jpg,20-29,Female,Asian
1366.jpg,20-29,Male,Asian
1367.jpg,20-29,Female,Others
1368.jpg,none,none,none
1369.jpg,10-19,Male,Asian
137.jpg,20-29,Female,White
1370.jpg,20-29,Male,White
1371.jpg,30-39,Male,Indian
1372.jpg,10-19,Male,Asian
1373.jpg,none,none,none
1374.jpg,20-29,Male,Asian
1375.jpg,10-19,Female,Asian
1376.jpg,30-39,Female,White
1377.jpg,20-29,Male,Asian
1378.jpg,50-59,Male,White
1379.jpg,30-39,Female,Others
138.jpg,10-19,Female,Asian
1380.jpg,30-39,Female,Others
1381.jpg,20-29,Male,White
1382.jpg,40-49,Female,White
1383.jpg,20-29,Female,White
1384.jpg,20-29,Female,White
1385.jpg,20-29,Female,Others
1386.jpg,30-39,Female,Asian
1387.jpg,none,none,none
1388.jpg,30-39,Female,White
1389.jpg,30-39,Female,Others
139.jpg,3-9,Male,Black
1390.jpg,30-39,Male,Indian
1391.jpg,20-29,Female,White
1392.jpg,20-29,Male,Asian
1393.jpg,20-29,Male,Others
1394.jpg,30-39,Female,Others
1395.jpg,20-29,Female,Others
1396.jpg,none,none,none
1397.jpg,30-39,Male,White
1398.jpg,30-39,Female,Others
1399.jpg,30-39,Female,Others
14.jpg,40-49,Male,Others
140.jpg,none,none,none
1400.jpg,30-39,Male,Others
1401.jpg,20-29,Female,Others
1402.jpg,10-19,Male,Black
1403.jpg,20-29,Male,Black
1404.jpg,20-29,Female,Asian
1405.jpg,10-19,Female,Asian
1406.jpg,20-29,Female,Asian
1407.jpg,20-29,Female,Others
1408.jpg,20-29,Female,Indian
1409.jpg,20-29,Female,White
141.jpg,20-29,Female,White
1410.jpg,20-29,Female,Others
1411.jpg,20-29,Female,White
1412.jpg,20-29,Female,Asian
1413.jpg,30-39,Male,Asian
1414.jpg,20-29,Female,Asian
1415.jpg,30-39,Male,White
1416.jpg,30-39,Male,Asian
1417.jpg,10-19,Male,Indian
1418.jpg,20-29,Female,Indian
1419.jpg,20-29,Male,Indian
142.jpg,40-49,Female,White
1420.jpg,20-29,Female,Indian
1421.jpg,20-29,Male,Asian
1422.jpg,20-29,Male,Indian
1423.jpg,20-29,Female,Indian
1424.jpg,20-29,Male,Asian
1425.jpg,20-29,Male,Asian
1426.jpg,20-29,Female,Others
1427.jpg,20-29,Female,Black
1428.jpg,30-39,Female,Others
1429.jpg,20-29,Male,Asian
143.jpg,none,none,none
1430.jpg,20-29,Female,White
1431.jpg,30-39,Female,White
1432.jpg,20-29,Male,Others
1433.jpg,20-29,Female,Indian
1434.jpg,20-29,Male,White
1435.jpg,3-9,Male,White
1436.jpg,20-29,Male,Asian
1437.jpg,30-39,Male,Black
1438.jpg,20-29,Male,Black
1439.jpg,20-29,Male,Black
144.jpg,3-9,Female,Black
1440.jpg,20-29,Male,Black
1441.jpg,50-59,Male,Black
1442.jpg,10-19,Male,Asian
1443.jpg,30-39,Female,White
1444.jpg,30-39,Male,Indian
1445.jpg,10-19,Male,Asian
1446.jpg,40-49,Male,Indian
1447.jpg,20-29,Male,White
1448.jpg,40-49,Male,White
1449.jpg,50-59,Male,Asian
145.jpg,20-29,Female,Asian
1450.jpg,20-29,Female,White
1451.jpg,30-39,Female,Indian
1452.jpg,20-29,Female,Black
1453.jpg,3-9,Male,Black
1454.jpg,3-9,Male,Others
1455.jpg,40-49,Female,Asian
1456.jpg,40-49,Female,Black
1457.jpg,3-9,Female,Black
1458.jpg,20-29,Female,Asian
1459.jpg,30-39,Male,Indian
146.jpg,10-19,Female,Asian
1460.jpg,20-29,Female,White
1461.jpg,20-29,Female,Black
1462.jpg,20-29,Female,Black
1463.jpg,30-39,Female,Asian
1464.jpg,20-29,Female,Asian
1465.jpg,10-19,Male,Indian
1466.jpg,30-39,Male,Indian
1467.jpg,30-39,Female,White
1468.jpg,30-39,Male,Asian
1469.jpg,20-29,Female,White
147.jpg,30-39,Male,Indian
1470.jpg,20-29,Female,Others
1471.jpg,20-29,Male,White
1472.jpg,30-39,Male,White
1473.jpg,30-39,Male,Others
1474.jpg,30-39,Male,White
1475.jpg,20-29,Male,Black
1476.jpg,30-39,Male,Others
1477.jpg,10-19,Female,White
1478.jpg,20-29,Male,White
1479.jpg,30-39,Male,White
148.jpg,20-29,Female,Others
1480.jpg,30-39,Male,White
1481.jpg,20-29,Female,White
1482.jpg,30-39,Male,White
1483.jpg,30-39,Male,Others
1484.jpg,50-59,Male,White
1485.jpg,60-69,Male,Black
1486.jpg,20-29,Male,White
1487.jpg,20-29,Male,Others
1488.jpg,30-39,Male,Asian
1489.jpg,30-39,Male,Indian
149.jpg,20-29,Male,Others
1490.jpg,30-39,Male,Black
1491.jpg,10-19,Male,Black
1492.jpg,none,none,none
1493.jpg,30-39,Male,Black
1494.jpg,20-29,Male,Black
1495.jpg,30-39,Male,Black
1496.jpg,30-39,Male,Indian
1497.jpg,30-39,Male,Black
1498.jpg,50-59,Male,Asian
1499.jpg,30-39,Female,Asian
15.jpg,10-19,Male,Asian
150.jpg,30-39,Female,Others
1500.jpg,30-39,Male,Asian
1501.jpg,20-29,Male,Others
1502.jpg,50-59,Male,Others
1503.jpg,30-39,Male,Indian
1504.jpg,30-39,Male,Asian
1505.jpg,30-39,Female,Others
1506.jpg,30-39,Female,White
1507.jpg,20-29,Female,Asian
1508.jpg,20-29,Male,White
1509.jpg,none,none,none
151.jpg,20-29,Female,Others
1510.jpg,20-29,Female,White
1511.jpg,30-39,Male,Indian
1512.jpg,20-29,Female,White
1513.jpg,30-39,Male,White
1514.jpg,40-49,Female,White
1515.jpg,20-29,Female,Others
1516.jpg,20-29,Female,Others
1517.jpg,20-29,Female,White
1518.jpg,20-29,Male,Asian
1519.jpg,none,none,none
152.jpg,20-29,Male,Black
1520.jpg,10-19,Male,Asian
1521.jpg,30-39,Female,White
1522.jpg,30-39,Female,White
1523.jpg,30-39,Male,Others
1524.jpg,10-19,Male,Black
1525.jpg,20-29,Male,Asian
1526.jpg,20-29,Male,Asian
1527.jpg,30-39,Male,White
1528.jpg,10-19,Female,Asian
1529.jpg,10-19,Female,Others
153.jpg,20-29,Female,White
1530.jpg,10-19,Female,Black
1531.jpg,20-29,Female,Asian
1532.jpg,30-39,Female,Black
1533.jpg,20-29,Female,White
1534.jpg,20-29,Female,Asian
1535.jpg,30-39,Female,Indian
1536.jpg,30-39,Female,Asian
1537.jpg,10-19,Female,Black
1538.jpg,20-29,Male,Asian
1539.jpg,3-9,Female,Black
154.jpg,30-39,Female,White
1540.jpg,20-29,Female,Asian
1541.jpg,10-19,Male,White
1542.jpg,40-49,Female,Others
1543.jpg,3-9,Female,White
1544.jpg,20-29,Female,Others
1545.jpg,20-29,Female,White
1546.jpg,30-39,Female,Asian
1547.jpg,30-39,Female,Asian
1548.jpg,20-29,Male,Asian
1549.jpg,10-19,Female,Others
155.jpg,20-29,Female,White
1550.jpg,10-19,Female,Others
1551.jpg,30-39,Female,Others
1552.jpg,20-29,Female,Others
1553.jpg,20-29,Male,Indian
1554.jpg,20-29,Female,White
1555.jpg,20-29,Female,Asian
1556.jpg,10-19,Female,Indian
1557.jpg,30-39,Female,Asian
1558.jpg,20-29,Male,Others
1559.jpg,20-29,Female,White
156.jpg,20-29,Female,White
1560.jpg,30-39,Female,White
1561.jpg,30-39,Male,White
1562.jpg,30-39,Male,Indian
1563.jpg,10-19,Male,Asian
1564.jpg,20-29,Female,Others
1565.jpg,40-49,Female,White
1566.jpg,20-29,Female,Others
1567.jpg,20-29,Female,Asian
1568.jpg,30-39,Female,Others
1569.jpg,30-39,Female,Asian
157.jpg,3-9,Male,Asian
1570.jpg,20-29,Female,Black
1571.jpg,10-19,Female,Asian
1572.jpg,20-29,Female,Asian
1573.jpg,20-29,Female,Others
1574.jpg,20-29,Female,White
1575.jpg,50-59,Male,White
1576.jpg,20-29,Male,Asian
1577.jpg,40-49,Male,Others
1578.jpg,30-39,Male,White
1579.jpg,30-39,Female,White
158.jpg,30-39,Male,Others
1580.jpg,10-19,Male,Others
1581.jpg,20-29,Male,White
1582.jpg,30-39,Male,White
1583.jpg,20-29,Male,Others
1584.jpg,20-29,Male,Indian
1585.jpg,20-29,Male,Black
1586.jpg,20-29,Male,Black
1587.jpg,30-39,Male,Indian
1588.jpg,40-49,Male,Black
1589.jpg,20-29,Male,White
159.jpg,10-19,Female,Indian
1590.jpg,none,none,none
1591.jpg,50-59,Male,Others
1592.jpg,20-29,Male,Asian
1593.jpg,10-19,Male,Indian
1594.jpg,20-29,Male,Black
1595.jpg,50-59,Male,Indian
1596.jpg,30-39,Male,Others
1597.jpg,30-39,Male,Indian
1598.jpg,30-39,Female,Others
1599.jpg,10-19,Male,Asian
16.jpg,10-19,Female,Asian
160.jpg,20-29,Female,Asian
1600.jpg,30-39,Female,White
1601.jpg,20-29,Male,White
1602.jpg,20-29,Female,Asian
1603.jpg,10-19,Female,Asian
1604.jpg,20-29,Female,White
1605.jpg,10-19,Female,Black
1606.jpg,10-19,Female,Asian
1607.jpg,20-29,Male,Black
1608.jpg,30-39,Female,Asian
1609.jpg,10-19,Male,Indian
161.jpg,0-2,Male,Asian
1610.jpg,20-29,Female,Asian
1611.jpg,20-29,Female,Black
1612.jpg,20-29,Male,Indian
1613.jpg,20-29,Female,Others
1614.jpg,20-29,Female,Black
1615.jpg,30-39,Female,Others
1616.jpg,20-29,Female,Indian
1617.jpg,30-39,Male,Black
1618.jpg,30-39,Female,White
1619.jpg,20-29,Male,Black
162.jpg,30-39,Male,White
1620.jpg,10-19,Male,Black
1621.jpg,20-29,Female,Asian
1622.jpg,30-39,Female,White
1623.jpg,20-29,Female,Others
1624.jpg,20-29,Male,Indian
1625.jpg,30-39,Male,White
1626.jpg,60-69,Male,White
1627.jpg,60-69,Male,Others
1628.jpg,30-39,Male,White
1629.jpg,30-39,Male,Others
163.jpg,0-2,Male,Asian
1630.jpg,60-69,Male,Indian
1631.jpg,30-39,Male,Others
1632.jpg,30-39,Male,White
1633.jpg,40-49,Male,Others
1634.jpg,30-39,Male,White
1635.jpg,30-39,Male,White
1636.jpg,20-29,Male,Others
1637.jpg,20-29,Male,White
1638.jpg,20-29,Male,Asian
1639.jpg,30-39,Male,White
164.jpg,10-19,Female,White
1640.jpg,40-49,Male,Others
1641.jpg,40-49,Male,White
1642.jpg,50-59,Male,Black
1643.jpg,30-39,Female,White
1644.jpg,20-29,Male,White
1645.jpg,20-29,Male,Asian
1646.jpg,40-49,Female,Asian
1647.jpg,30-39,Male,Black
1648.jpg,30-39,Male,Others
1649.jpg,50-59,Male,Others
165.jpg,0-2,Female,White
1650.jpg,20-29,Female,White
1651.jpg,10-19,Male,White
1652.jpg,30-39,Male,Asian
1653.jpg,30-39,Male,Black
1654.jpg,30-39,Male,Asian
1655.jpg,20-29,Male,Others
1656.jpg,20-29,Male,Black
1657.jpg,50-59,Male,Black
1658.jpg,40-49,Male,Black
1659.jpg,40-49,Male,Indian
166.jpg,0-2,Male,White
1660.jpg,30-39,Male,White
1661.jpg,30-39,Male,Black
1662.jpg,30-39,Male,Indian
1663.jpg,20-29,Male,Indian
1664.jpg,20-29,Female,Black
1665.jpg,30-39,Male,Black
1666.jpg,20-29,Male,White
1667.jpg,20-29,Female,Asian
1668.jpg,20-29,Male,Asian
1669.jpg,20-29,Male,Asian
167.jpg,none,none,none
1670.jpg,30-39,Male,Others
1671.jpg,40-49,Male,Indian
1672.jpg,30-39,Male,White
1673.jpg,40-49,Male,Black
1674.jpg,30-39,Male,Black
1675.jpg,50-59,Male,Asian
1676.jpg,30-39,Female,Indian
1677.jpg,20-29,Male,Asian
1678.jpg,40-49,Male,Indian
1679.jpg,30-39,Male,Asian
168.jpg,0-2,Male,White
1680.jpg,3-9,Male,Asian
1681.jpg,30-39,Male,White
1682.jpg,20-29,Male,Indian
1683.jpg,30-39,Male,Indian
1684.jpg,10-19,Female,Indian
1685.jpg,20-29,Female,Asian
1686.jpg,20-29,Male,White
1687.jpg,20-29,Male,White
1688.jpg,10-19,Female,Indian
1689.jpg,20-29,Female,Asian
169.jpg,30-39,Male,Others
1690.jpg,20-29,Female,Others
1691.jpg,10-19,Female,Indian
1692.jpg,20-29,Female,White
1693.jpg,40-49,Female,Asian
1694.jpg,20-29,Female,White
1695.jpg,30-39,Female,White
1696.jpg,20-29,Female,Others
1697.jpg,20-29,Female,Others
1698.jpg,20-29,Male,Others
1699.jpg,20-29,Female,Asian
17.jpg,10-19,Female,Indian
170.jpg,0-2,Male,Asian
1700.jpg,20-29,Female,Indian
1701.jpg,30-39,Male,Asian
1702.jpg,0-2,Male,Asian
1703.jpg,10-19,Male,Black
1704.jpg,10-19,Female,Black
1705.jpg,20-29,Male,Indian
1706.jpg,3-9,Female,Black
1707.jpg,none,none,none
1708.jpg,20-29,Female,White
1709.jpg,20-29,Male,Asian
171.jpg,20-29,Female,Asian
1710.jpg,30-39,Female,Others
1711.jpg,20-29,Female,Black
1712.jpg,20-29,Female,Indian
1713.jpg,20-29,Male,Asian
1714.jpg,10-19,Male,White
1715.jpg,10-19,Female,Black
1716.jpg,10-19,Male,Others
1717.jpg,20-29,Female,White
1718.jpg,20-29,Male,Indian
1719.jpg,20-29,Female,Indian
172.jpg,0-2,Male,White
1720.jpg,40-49,Male,Others
1721.jpg,30-39,Female,Asian
1722.jpg,20-29,Female,White
1723.jpg,30-39,Female,Asian
1724.jpg,40-49,Male,White
1725.jpg,40-49,Male,White
1726.jpg,30-39,Male,White
1727.jpg,30-39,Male,Others
1728.jpg,30-39,Male,White
1729.jpg,50-59,Male,White
173.jpg,0-2,Male,Others
1730.jpg,20-29,Female,White
1731.jpg,20-29,Female,White
1732.jpg,50-59,Female,Asian
1733.jpg,50-59,Female,Black
1734.jpg,30-39,Male,Indian
1735.jpg,30-39,Male,Indian
1736.jpg,30-39,Male,Black
1737.jpg,30-39,Male,Asian
1738.jpg,20-29,Male,Black
1739.jpg,60-69,Female,Black
174.jpg,0-2,Male,White
1740.jpg,50-59,Male,Asian
1741.jpg,60-69,Male,Asian
1742.jpg,20-29,Male,White
1743.jpg,40-49,Male,Asian
1744.jpg,30-39,Male,Others
1745.jpg,30-39,Male,Asian
1746.jpg,50-59,Male,White
1747.jpg,30-39,Male,Indian
1748.jpg,40-49,Male,Asian
1749.jpg,10-19,Male,Black
175.jpg,20-29,Female,Others
1750.jpg,20-29,Male,Indian
1751.jpg,40-49,Female,Indian
1752.jpg,50-59,Male,Others
1753.jpg,30-39,Male,Others
1754.jpg,20-29,Male,Others
1755.jpg,30-39,Male,Others
1756.jpg,20-29,Female,White
1757.jpg,40-49,Female,Asian
1758.jpg,40-49,Female,White
1759.jpg,30-39,Female,Indian
176.jpg,0-2,Female,Others
1760.jpg,20-29,Male,Others
1761.jpg,30-39,Male,Indian
1762.jpg,30-39,Female,White
1763.jpg,20-29,Female,White
1764.jpg,30-39,Male,White
1765.jpg,20-29,Female,White
1766.jpg,30-39,Female,White
1767.jpg,40-49,Female,Black
1768.jpg,20-29,Female,Asian
1769.jpg,30-39,Female,Black
177.jpg,0-2,Female,Asian
1770.jpg,10-19,Female,Black
1771.jpg,20-29,Female,Asian
1772.jpg,10-19,Female,Black
1773.jpg,20-29,Female,Indian
1774.jpg,40-49,Female,Black
1775.jpg,10-19,Male,Black
1776.jpg,20-29,Female,Asian
1777.jpg,20-29,Female,White
1778.jpg,0-2,Female,Others
1779.jpg,30-39,Male,Indian
178.jpg,30-39,Male,Asian
1780.jpg,20-29,Female,White
1781.jpg,30-39,Female,Others
1782.jpg,20-29,Female,Asian
1783.jpg,20-29,Male,Black
1784.jpg,20-29,Male,White
1785.jpg,30-39,Male,Others
1786.jpg,30-39,Male,White
1787.jpg,30-39,Male,White
1788.jpg,30-39,Male,White
1789.jpg,40-49,Male,White
179.jpg,3-9,Male,Asian
1790.jpg,20-29,Male,Black
1791.jpg,40-49,Male,Black
1792.jpg,20-29,Male,Black
1793.jpg,20-29,Male,Black
1794.jpg,20-29,Male,Asian
1795.jpg,50-59,Male,Indian
1796.jpg,30-39,Male,Others
1797.jpg,30-39,Male,Indian
1798.jpg,50-59,Male,White
1799.jpg,30-39,Male,Others
18.jpg,20-29,Female,White
180.jpg,0-2,Male,Asian
1800.jpg,40-49,Male,Asian
1801.jpg,30-39,Male,Others
1802.jpg,30-39,Male,Asian
1803.jpg,50-59,Male,Others
1804.jpg,20-29,Male,White
1805.jpg,10-19,Male,White
1806.jpg,30-39,Male,White
1807.jpg,20-29,Male,White
1808.jpg,30-39,Male,White
1809.jpg,30-39,Female,White
181.jpg,none,none,none
1810.jpg,30-39,Male,Asian
1811.jpg,20-29,Female,White
1812.jpg,30-39,Male,Others
1813.jpg,30-39,Male,Indian
1814.jpg,30-39,Male,Black
1815.jpg,30-39,Female,Black
1816.jpg,30-39,Male,White
1817.jpg,40-49,Male,Others
1818.jpg,30-39,Male,White
1819.jpg,50-59,Male,White
182.jpg,0-2,Male,Asian
1820.jpg,30-39,Male,White
1821.jpg,20-29,Male,White
1822.jpg,40-49,Female,Asian
1823.jpg,20-29,Male,Asian
1824.jpg,40-49,Male,White
1825.jpg,30-39,Male,Black
1826.jpg,30-39,Male,Indian
1827.jpg,30-39,Male,Others
1828.jpg,30-39,Male,Black
1829.jpg,30-39,Male,Indian
183.jpg,none,none,none
1830.jpg,50-59,Male,Asian
1831.jpg,30-39,Male,White
1832.jpg,30-39,Male,Asian
1833.jpg,50-59,Male,Asian
1834.jpg,30-39,Male,Others
1835.jpg,50-59,Female,Others
1836.jpg,30-39,Female,Black
1837.jpg,40-49,Female,Others
1838.jpg,20-29,Male,Indian
1839.jpg,20-29,Male,White
184.jpg,none,none,none
1840.jpg,20-29,Female,Asian
1841.jpg,30-39,Female,White
1842.jpg,50-59,Female,Black
1843.jpg,10-19,Female,Asian
1844.jpg,30-39,Female,Asian
1845.jpg,20-29,Female,Others
1846.jpg,20-29,Female,Asian
1847.jpg,30-39,Female,Black
1848.jpg,20-29,Female,Asian
1849.jpg,30-39,Male,Black
185.jpg,3-9,Male,Asian
1850.jpg,20-29,Female,Asian
1851.jpg,40-49,Male,Asian
1852.jpg,20-29,Male,White
1853.jpg,20-29,Male,White
1854.jpg,10-19,Male,Others
1855.jpg,20-29,Female,Others
1856.jpg,30-39,Male,Black
1857.jpg,20-29,Female,Asian
1858.jpg,10-19,Male,Asian
1859.jpg,40-49,Male,Others
186.jpg,3-9,Male,Asian
1860.jpg,50-59,Male,White
1861.jpg,50-59,Male,Others
1862.jpg,50-59,Male,Others
1863.jpg,20-29,Male,Others
1864.jpg,30-39,Male,Others
1865.jpg,20-29,Male,Others
1866.jpg,40-49,Male,White
1867.jpg,50-59,Male,White
1868.jpg,30-39,Male,White
1869.jpg,20-29,Male,White
187.jpg,3-9,Male,Asian
1870.jpg,30-39,Male,White
1871.jpg,30-39,Male,Others
1872.jpg,50-59,Male,White
1873.jpg,none,none,none
1874.jpg,30-39,Male,Others
1875.jpg,40-49,Male,Black
1876.jpg,50-59,Male,Black
1877.jpg,30-39,Male,Black
1878.jpg,30-39,Male,Asian
1879.jpg,40-49,Male,Indian
188.jpg,none,none,none
1880.jpg,50-59,Male,Others
1881.jpg,50-59,Male,Indian
1882.jpg,20-29,Female,Asian
1883.jpg,30-39,Male,White
1884.jpg,60-69,Male,Asian
1885.jpg,20-29,Female,White
1886.jpg,30-39,Male,Asian
1887.jpg,40-49,Male,Black
1888.jpg,20-29,Female,Black
1889.jpg,20-29,Male,Others
189.jpg,0-2,Male,Asian
1890.jpg,30-39,Female,White
1891.jpg,20-29,Female,Indian
1892.jpg,40-49,Male,Black
1893.jpg,0-2,Male,Asian
1894.jpg,3-9,Male,Others
1895.jpg,3-9,Male,Others
1896.jpg,10-19,Male,Indian
1897.jpg,3-9,Female,Black
1898.jpg,0-2,Male,Asian
1899.jpg,0-2,Male,Asian
19.jpg,20-29,Female,Others
190.jpg,0-2,Male,Asian
1900.jpg,none,none,none
1901.jpg,3-9,Male,Asian
1902.jpg,3-9,Male,Asian
1903.jpg,20-29,Female,Others
1904.jpg,0-2,Male,Asian
1905.jpg,3-9,Male,Asian
1906.jpg,0-2,Female,Asian
1907.jpg,none,none,none
1908.jpg,0-2,Female,Asian
1909.jpg,3-9,Female,Asian
191.jpg,3-9,Male,Asian
1910.jpg,0-2,Female,White
1911.jpg,0-2,Male,White
1912.jpg,0-2,Male,White
1913.jpg,3-9,Female,White
1914.jpg,0-2,Female,White
1915.jpg,3-9,Male,Black
1916.jpg,3-9,Male,Asian
1917.jpg,3-9,Male,Asian
1918.jpg,3-9,Male,White
1919.jpg,0-2,Male,Asian
192.jpg,3-9,Male,Asian
1920.jpg,30-39,Male,Asian
1921.jpg,0-2,Male,White
1922.jpg,20-29,Female,Asian
1923.jpg,20-29,Male,Asian
1924.jpg,none,none,none
1925.jpg,none,none,none
1926.jpg,3-9,Male,White
1927.jpg,3-9,Male,Asian
1928.jpg,3-9,Male,Asian
1929.jpg,none,none,none
193.jpg,0-2,Male,Asian
1930.jpg,0-2,Male,Others
1931.jpg,30-39,Female,Asian
1932.jpg,10-19,Female,Asian
1933.jpg,3-9,Female,Asian
1934.jpg,10-19,Male,Asian
1935.jpg,50-59,Male,Asian
1936.jpg,30-39,Male,White
1937.jpg,30-39,Male,White
1938.jpg,20-29,Male,White
1939.jpg,20-29,Male,Others
194.jpg,none,none,none
1940.jpg,40-49,Male,White
1941.jpg,40-49,Male,White
1942.jpg,40-49,Male,White
1943.jpg,20-29,Male,White
1944.jpg,30-39,Male,White
1945.jpg,50-59,Male,Asian
1946.jpg,30-39,Male,White
1947.jpg,30-39,Male,Others
1948.jpg,30-39,Male,White
1949.jpg,60-69,Male,White
195.jpg,3-9,Male,Asian
1950.jpg,50-59,Male,Asian
1951.jpg,40-49,Female,White
1952.jpg,40-49,Male,White
1953.jpg,30-39,Male,Indian
1954.jpg,30-39,Male,White
1955.jpg,30-39,Male,White
1956.jpg,50-59,Male,White
1957.jpg,30-39,Male,White
1958.jpg,50-59,Male,White
1959.jpg,40-49,Male,White
196.jpg,none,none,none
1960.jpg,20-29,Male,White
1961.jpg,60-69,Male,White
1962.jpg,30-39,Male,Others
1963.jpg,30-39,Male,Others
1964.jpg,30-39,Female,Others
1965.jpg,60-69,Male,Indian
1966.jpg,30-39,Male,Asian
1967.jpg,30-39,Male,Black
1968.jpg,30-39,Male,Black
1969.jpg,50-59,Female,Black
197.jpg,none,none,none
1970.jpg,40-49,Male,Indian
1971.jpg,20-29,Male,Asian
1972.jpg,50-59,Male,Asian
1973.jpg,60-69,Male,Asian
1974.jpg,50-59,Male,Others
1975.jpg,30-39,Male,Others
1976.jpg,20-29,Male,Black
1977.jpg,none,none,none
1978.jpg,20-29,Male,Indian
1979.jpg,50-59,Male,Others
198.jpg,10-19,Male,Asian
1980.jpg,30-39,Female,White
1981.jpg,50-59,Male,White
1982.jpg,40-49,Male,Asian
1983.jpg,30-39,Female,White
1984.jpg,40-49,Female,Asian
1985.jpg,20-29,Female,White
1986.jpg,30-39,Male,White
1987.jpg,20-29,Male,White
1988.jpg,30-39,Female,Asian
1989.jpg,40-49,Female,White
199.jpg,none,none,none
1990.jpg,30-39,Female,White
1991.jpg,20-29,Female,Asian
1992.jpg,40-49,Male,Black
1993.jpg,10-19,Female,Others
1994.jpg,10-19,Female,Others
1995.jpg,20-29,Male,Asian
1996.jpg,30-39,Female,Black
1997.jpg,20-29,Male,Others
1998.jpg,20-29,Female,Black
1999.jpg,30-39,Male,Indian
2.jpg,10-19,Male,Others
20.jpg,3-9,Female,White
200.jpg,30-39,Male,Asian
2000.jpg,20-29,Female,Asian
2001.jpg,20-29,Female,Black
2002.jpg,20-29,Female,Asian
2003.jpg,60-69,Female,Asian
2004.jpg,20-29,Female,Asian
2005.jpg,30-39,Female,Asian
2006.jpg,30-39,Male,Asian
2007.jpg,30-39,Female,White
2008.jpg,50-59,Male,White
2009.jpg,30-39,Male,Others
201.jpg,3-9,Male,Asian
2010.jpg,10-19,Male,Indian
2011.jpg,30-39,Male,Black
2012.jpg,40-49,Male,Others
2013.jpg,40-49,Male,Asian
2014.jpg,30-39,Male,Black
2015.jpg,20-29,Female,White
2016.jpg,30-39,Male,Asian
2017.jpg,10-19,Male,Black
2018.jpg,20-29,Female,White
2019.jpg,30-39,Male,Others
202.jpg,0-2,Male,White
2020.jpg,30-39,Male,White
2021.jpg,20-29,Male,Asian
2022.jpg,50-59,Male,White
2023.jpg,50-59,Male,White
2024.jpg,40-49,Male,Others
2025.jpg,40-49,Male,White
2026.jpg,none,none,none
2027.jpg,30-39,Male,Indian
2028.jpg,40-49,Male,White
2029.jpg,30-39,Male,Indian
203.jpg,3-9,Male,Asian
2030.jpg,30-39,Male,Black
2031.jpg,50-59,Male,White
2032.jpg,30-39,Male,Black
2033.jpg,20-29,Female,Black
2034.jpg,40-49,Male,Asian
2035.jpg,30-39,Male,Others
2036.jpg,30-39,Male,Indian
2037.jpg,30-39,Male,Others
2038.jpg,30-39,Male,Others
2039.jpg,40-49,Male,White
204.jpg,3-9,Male,Asian
2040.jpg,30-39,Male,Indian
2041.jpg,30-39,Male,Indian
2042.jpg,30-39,Male,White
2043.jpg,20-29,Male,White
2044.jpg,30-39,Female,Asian
2045.jpg,30-39,Female,Others
2046.jpg,30-39,Female,Asian
2047.jpg,30-39,Female,Others
2048.jpg,10-19,Female,White
2049.jpg,20-29,Male,Asian
205.jpg,30-39,Male,Asian
2050.jpg,20-29,Female,Indian
2051.jpg,30-39,Female,Indian
2052.jpg,30-39,Male,Indian
2053.jpg,20-29,Male,Asian
2054.jpg,30-39,Male,White
2055.jpg,50-59,Female,Black
2056.jpg,50-59,Male,Indian
2057.jpg,20-29,Female,Others
2058.jpg,40-49,Male,White
2059.jpg,40-49,Male,Indian
206.jpg,20-29,Male,Asian
2060.jpg,0-2,Female,Indian
2061.jpg,30-39,Male,Indian
2062.jpg,50-59,Male,Indian
2063.jpg,40-49,Male,Indian
2064.jpg,30-39,Male,White
2065.jpg,50-59,Male,Others
2066.jpg,30-39,Male,White
2067.jpg,10-19,Female,Asian
2068.jpg,30-39,Male,White
2069.jpg,40-49,Male,Asian
207.jpg,0-2,Male,Asian
2070.jpg,50-59,Male,White
2071.jpg,30-39,Male,White
2072.jpg,30-39,Male,White
2073.jpg,50-59,Male,White
2074.jpg,50-59,Male,Others
2075.jpg,40-49,Male,White
2076.jpg,50-59,Male,White
2077.jpg,30-39,Male,White
2078.jpg,20-29,Male,Asian
2079.jpg,none,none,none
208.jpg,3-9,Male,Asian
2080.jpg,10-19,Male,Black
2081.jpg,30-39,Male,Asian
2082.jpg,30-39,Male,White
2083.jpg,0-2,Male,White
2084.jpg,50-59,Male,White
2085.jpg,20-29,Male,Black
2086.jpg,20-29,Female,Others
2087.jpg,none,none,none
2088.jpg,50-59,Male,Black
2089.jpg,20-29,Male,Indian
209.jpg,10-19,Male,Asian
2090.jpg,none,none,none
2091.jpg,none,none,none
2092.jpg,30-39,Male,Indian
2093.jpg,50-59,Male,Others
2094.jpg,50-59,Male,Others
2095.jpg,20-29,Male,Asian
2096.jpg,50-59,Male,Asian
2097.jpg,40-49,Male,Others
2098.jpg,30-39,Male,Indian
2099.jpg,50-59,Male,Indian
21.jpg,30-39,Female,Asian
210.jpg,3-9,Male,Asian
2100.jpg,40-49,Male,Indian
2101.jpg,40-49,Male,Asian
2102.jpg,50-59,Male,Others
2103.jpg,50-59,Male,Asian
2104.jpg,40-49,Male,Others
2105.jpg,20-29,Male,Asian
2106.jpg,30-39,Male,Others
2107.jpg,30-39,Male,Others
2108.jpg,30-39,Male,White
2109.jpg,40-49,Male,White
211.jpg,30-39,Male,Asian
2110.jpg,20-29,Female,White
2111.jpg,10-19,Female,Asian
2112.jpg,20-29,Male,Asian
2113.jpg,40-49,Female,White
2114.jpg,20-29,Female,White
2115.jpg,30-39,Female,White
2116.jpg,10-19,Female,Asian
2117.jpg,20-29,Male,Indian
2118.jpg,30-39,Female,Indian
2119.jpg,10-19,Female,Indian
212.jpg,0-2,Male,Asian
2120.jpg,20-29,Female,Black
2121.jpg,10-19,Male,Asian
2122.jpg,3-9,Female,Asian
2123.jpg,40-49,Male,White
2124.jpg,30-39,Male,Indian
2125.jpg,20-29,Male,White
2126.jpg,50-59,Male,White
2127.jpg,50-59,Male,Asian
2128.jpg,30-39,Male,White
2129.jpg,30-39,Male,Others
213.jpg,0-2,Male,Asian
2130.jpg,30-39,Male,Black
2131.jpg,30-39,Male,Asian
2132.jpg,40-49,Male,Indian
2133.jpg,30-39,Male,White
2134.jpg,50-59,Male,White
2135.jpg,50-59,Male,Indian
2136.jpg,30-39,Female,White
2137.jpg,30-39,Female,Others
2138.jpg,10-19,Male,White
2139.jpg,20-29,Female,Asian
214.jpg,10-19,Male,Asian
2140.jpg,20-29,Female,Indian
2141.jpg,40-49,Male,Asian
2142.jpg,50-59,Male,Others
2143.jpg,50-59,Male,White
2144.jpg,none,none,none
2145.jpg,50-59,Male,Black
2146.jpg,30-39,Male,Indian
2147.jpg,30-39,Male,White
2148.jpg,50-59,Male,White
2149.jpg,20-29,Male,Others
215.jpg,none,none,none
2150.jpg,60-69,Male,White
2151.jpg,50-59,Male,White
2152.jpg,40-49,Male,Others
2153.jpg,40-49,Male,Asian
2154.jpg,30-39,Male,Indian
2155.jpg,50-59,Male,Asian
2156.jpg,40-49,Male,Indian
2157.jpg,50-59,Male,Others
2158.jpg,60-69,Male,Others
2159.jpg,60-69,Male,Others
216.jpg,none,none,none
2160.jpg,10-19,Male,Indian
2161.jpg,20-29,Female,Others
2162.jpg,60-69,Female,Asian
2163.jpg,30-39,Male,White
2164.jpg,10-19,Male,White
2165.jpg,20-29,Female,Indian
2166.jpg,20-29,Female,Indian
2167.jpg,50-59,Male,White
2168.jpg,30-39,Male,White
2169.jpg,50-59,Male,Asian
217.jpg,0-2,Male,Asian
2170.jpg,60-69,Male,White
2171.jpg,20-29,Male,Asian
2172.jpg,30-39,Male,White
2173.jpg,30-39,Male,Black
2174.jpg,30-39,Male,Asian
2175.jpg,20-29,Male,Others
2176.jpg,30-39,Male,White
2177.jpg,20-29,Female,White
2178.jpg,20-29,Male,White
2179.jpg,60-69,Female,White
218.jpg,none,none,none
2180.jpg,20-29,Female,Indian
2181.jpg,20-29,Female,Indian
2182.jpg,20-29,Female,Others
2183.jpg,30-39,Male,White
2184.jpg,50-59,Male,White
2185.jpg,50-59,Male,Asian
2186.jpg,50-59,Male,White
2187.jpg,60-69,Male,Asian
2188.jpg,50-59,Male,Others
2189.jpg,30-39,Male,Indian
219.jpg,3-9,Male,Asian
2190.jpg,50-59,Male,Asian
2191.jpg,20-29,Female,White
2192.jpg,20-29,Female,White
2193.jpg,20-29,Female,White
2194.jpg,30-39,Female,White
2195.jpg,50-59,Female,White
2196.jpg,50-59,Female,Indian
2197.jpg,20-29,Female,Others
2198.jpg,0-2,Male,Asian
2199.jpg,0-2,Male,White
22.jpg,3-9,Male,Asian
220.jpg,20-29,Male,Asian
2200.jpg,0-2,Male,Asian
2201.jpg,3-9,Male,Asian
2202.jpg,20-29,Female,White
2203.jpg,3-9,Male,White
2204.jpg,3-9,Male,Others
2205.jpg,none,none,none
2206.jpg,3-9,Male,Asian
2207.jpg,50-59,Male,Asian
2208.jpg,3-9,Male,Asian
2209.jpg,0-2,Female,Asian
221.jpg,0-2,Male,Asian
2210.jpg,more than 70,Male,Asian
2211.jpg,20-29,Male,Asian
2212.jpg,3-9,Male,Others
2213.jpg,none,none,none
2214.jpg,0-2,Male,Asian
2215.jpg,3-9,Male,Asian
2216.jpg,0-2,Female,White
2217.jpg,3-9,Female,White
2218.jpg,0-2,Male,Others
2219.jpg,3-9,Male,Black
222.jpg,0-2,Male,Asian
2220.jpg,0-2,Female,Others
2221.jpg,3-9,Female,Asian
2222.jpg,none,none,none
2223.jpg,30-39,Male,Others
2224.jpg,10-19,Female,Asian
2225.jpg,20-29,Male,Asian
2226.jpg,30-39,Male,Others
2227.jpg,3-9,Female,Others
2228.jpg,10-19,Male,Others
2229.jpg,3-9,Male,Asian
223.jpg,40-49,Male,Asian
2230.jpg,0-2,Female,Asian
2231.jpg,3-9,Male,Asian
2232.jpg,30-39,Male,White
2233.jpg,3-9,Female,Asian
2234.jpg,0-2,Female,Asian
2235.jpg,3-9,Male,Asian
2236.jpg,50-59,Male,White
2237.jpg,50-59,Female,White
2238.jpg,40-49,Male,Others
2239.jpg,60-69,Male,Others
224.jpg,0-2,Female,White
2240.jpg,60-69,Male,Asian
2241.jpg,40-49,Male,Others
2242.jpg,40-49,Male,Others
2243.jpg,30-39,Male,White
2244.jpg,50-59,Male,White
2245.jpg,30-39,Male,White
2246.jpg,40-49,Male,White
2247.jpg,40-49,Male,Others
2248.jpg,50-59,Male,White
2249.jpg,40-49,Male,White
225.jpg,0-2,Male,Asian
2250.jpg,30-39,Female,Indian
2251.jpg,50-59,Male,Others
2252.jpg,30-39,Male,Others
2253.jpg,50-59,Male,White
2254.jpg,20-29,Male,Asian
2255.jpg,40-49,Male,White
2256.jpg,50-59,Male,Others
2257.jpg,30-39,Female,Black
2258.jpg,60-69,Female,Black
2259.jpg,30-39,Male,Black
226.jpg,0-2,Male,Asian
2260.jpg,30-39,Male,Others
2261.jpg,20-29,Male,Black
2262.jpg,50-59,Male,Asian
2263.jpg,30-39,Male,Black
2264.jpg,40-49,Female,Asian
2265.jpg,50-59,Male,White
2266.jpg,30-39,Male,Asian
2267.jpg,30-39,Male,Indian
2268.jpg,30-39,Male,White
2269.jpg,50-59,Male,Indian
227.jpg,0-2,Male,Asian
2270.jpg,50-59,Male,Others
2271.jpg,30-39,Male,Indian
2272.jpg,50-59,Male,Indian
2273.jpg,40-49,Male,Others
2274.jpg,40-49,Male,Indian
2275.jpg,30-39,Male,Black
2276.jpg,50-59,Male,Others
2277.jpg,50-59,Male,Indian
2278.jpg,50-59,Male,Others
2279.jpg,40-49,Male,White
228.jpg,none,none,none
2280.jpg,30-39,Male,White
2281.jpg,20-29,Female,White
2282.jpg,30-39,Female,White
2283.jpg,20-29,Female,White
2284.jpg,20-29,Female,White
2285.jpg,20-29,Female,Others
2286.jpg,20-29,Male,White
2287.jpg,40-49,Male,White
2288.jpg,50-59,Female,Others
2289.jpg,50-59,Female,White
229.jpg,0-2,Male,White
2290.jpg,30-39,Male,Asian
2291.jpg,50-59,Female,Asian
2292.jpg,50-59,Male,Indian
2293.jpg,30-39,Female,Others
2294.jpg,50-59,Male,Others
2295.jpg,60-69,Male,Others
2296.jpg,40-49,Male,Black
2297.jpg,50-59,Male,White
2298.jpg,50-59,Male,Asian
2299.jpg,50-59,Male,White
23.jpg,3-9,Male,Asian
230.jpg,0-2,Male,Asian
2300.jpg,50-59,Male,White
2301.jpg,more than 70,Male,White
2302.jpg,50-59,Male,White
2303.jpg,30-39,Male,Indian
2304.jpg,40-49,Male,Others
2305.jpg,30-39,Male,Others
2306.jpg,30-39,Female,White
2307.jpg,40-49,Male,Black
2308.jpg,30-39,Male,White
2309.jpg,40-49,Male,Asian
231.jpg,none,none,none
2310.jpg,50-59,Female,Indian
2311.jpg,30-39,Female,Asian
2312.jpg,20-29,Male,Others
2313.jpg,30-39,Male,White
2314.jpg,50-59,Male,White
2315.jpg,50-59,Male,White
2316.jpg,30-39,Male,Asian
2317.jpg,none,none,none
2318.jpg,20-29,Male,White
2319.jpg,30-39,Male,Black
232.jpg,30-39,Female,Asian
2320.jpg,30-39,Male,Asian
2321.jpg,20-29,Female,Asian
2322.jpg,50-59,Male,Asian
2323.jpg,40-49,Male,Indian
2324.jpg,40-49,Male,Others
2325.jpg,50-59,Male,Indian
2326.jpg,50-59,Male,Black
2327.jpg,50-59,Male,Others
2328.jpg,30-39,Male,White
2329.jpg,60-69,Male,Others
233.jpg,3-9,Male,Indian
2330.jpg,40-49,Male,Others
2331.jpg,30-39,Male,White
2332.jpg,50-59,Male,White
2333.jpg,20-29,Female,White
2334.jpg,20-29,Male,White
2335.jpg,20-29,Male,Asian
2336.jpg,30-39,Female,White
2337.jpg,20-29,Female,Black
2338.jpg,20-29,Female,Asian
2339.jpg,30-39,Male,White
234.jpg,3-9,Male,Asian
2340.jpg,20-29,Male,White
2341.jpg,30-39,Male,White
2342.jpg,30-39,Male,White
2343.jpg,30-39,Male,White
2344.jpg,30-39,Male,Others
2345.jpg,40-49,Male,White
2346.jpg,60-69,Male,White
2347.jpg,30-39,Female,White
2348.jpg,60-69,Male,White
2349.jpg,60-69,Male,White
235.jpg,0-2,Male,Asian
2350.jpg,60-69,Male,White
2351.jpg,60-69,Male,Others
2352.jpg,60-69,Female,Asian
2353.jpg,20-29,Male,Others
2354.jpg,40-49,Male,Black
2355.jpg,40-49,Male,Indian
2356.jpg,50-59,Male,Black
2357.jpg,20-29,Male,White
2358.jpg,20-29,Female,White
2359.jpg,20-29,Female,Others
236.jpg,3-9,Male,Asian
2360.jpg,50-59,Female,White
2361.jpg,20-29,Male,White
2362.jpg,30-39,Female,Black
2363.jpg,20-29,Male,Asian
2364.jpg,30-39,Female,Others
2365.jpg,20-29,Female,Others
2366.jpg,30-39,Male,Others
2367.jpg,30-39,Male,Asian
2368.jpg,60-69,Male,Others
2369.jpg,20-29,Male,Asian
237.jpg,none,none,none
2370.jpg,40-49,Male,White
2371.jpg,20-29,Male,Black
2372.jpg,60-69,Male,Black
2373.jpg,30-39,Male,Others
2374.jpg,30-39,Male,Others
2375.jpg,50-59,Male,Black
2376.jpg,50-59,Male,White
2377.jpg,20-29,Male,Black
2378.jpg,60-69,Male,Asian
2379.jpg,30-39,Male,Indian
238.jpg,20-29,Male,Asian
2380.jpg,50-59,Male,Others
2381.jpg,40-49,Male,Indian
2382.jpg,50-59,Male,Indian
2383.jpg,none,none,none
2384.jpg,50-59,Male,Asian
2385.jpg,50-59,Male,Others
2386.jpg,50-59,Male,Others
2387.jpg,30-39,Male,Asian
2388.jpg,50-59,Male,Others
2389.jpg,40-49,Male,Others
239.jpg,3-9,Male,Others
2390.jpg,60-69,Male,White
2391.jpg,40-49,Male,Others
2392.jpg,60-69,Male,Black
2393.jpg,50-59,Male,Others
2394.jpg,40-49,Male,Others
2395.jpg,50-59,Male,White
2396.jpg,20-29,Female,White
2397.jpg,30-39,Female,White
2398.jpg,40-49,Male,White
2399.jpg,20-29,Female,White
24.jpg,30-39,Male,White
240.jpg,3-9,Male,Asian
2400.jpg,20-29,Female,White
2401.jpg,more than 70,Male,Indian
2402.jpg,40-49,Female,Asian
2403.jpg,50-59,Male,Asian
2404.jpg,30-39,Female,White
2405.jpg,20-29,Female,Others
2406.jpg,50-59,Male,White
2407.jpg,50-59,Male,Others
2408.jpg,40-49,Male,Others
2409.jpg,40-49,Male,White
241.jpg,0-2,Male,Others
2410.jpg,30-39,Female,Indian
2411.jpg,50-59,Male,White
2412.jpg,50-59,Male,White
2413.jpg,20-29,Male,White
2414.jpg,50-59,Male,Asian
2415.jpg,40-49,Male,White
2416.jpg,50-59,Male,Asian
2417.jpg,50-59,Male,White
2418.jpg,30-39,Male,Black
2419.jpg,40-49,Male,White
242.jpg,30-39,Male,Others
2420.jpg,40-49,Male,Black
2421.jpg,none,none,none
2422.jpg,30-39,Male,Asian
2423.jpg,50-59,Female,Asian
2424.jpg,50-59,Male,Asian
2425.jpg,50-59,Male,Indian
2426.jpg,20-29,Female,Others
2427.jpg,30-39,Male,Others
2428.jpg,50-59,Male,Indian
2429.jpg,50-59,Male,Others
243.jpg,3-9,Male,Indian
2430.jpg,30-39,Male,Indian
2431.jpg,30-39,Male,White
2432.jpg,60-69,Male,Indian
2433.jpg,50-59,Male,Others
2434.jpg,60-69,Male,Indian
2435.jpg,20-29,Male,Asian
2436.jpg,50-59,Male,White
2437.jpg,30-39,Male,Asian
2438.jpg,20-29,Female,White
2439.jpg,50-59,Female,White
244.jpg,none,none,none
2440.jpg,20-29,Female,White
2441.jpg,20-29,Male,White
2442.jpg,10-19,Female,Black
2443.jpg,20-29,Female,Asian
2444.jpg,50-59,Male,Others
2445.jpg,50-59,Male,White
2446.jpg,50-59,Male,Asian
2447.jpg,50-59,Male,White
2448.jpg,30-39,Male,Black
2449.jpg,30-39,Male,White
245.jpg,3-9,Male,Asian
2450.jpg,50-59,Female,White
2451.jpg,40-49,Male,White
2452.jpg,50-59,Male,Black
2453.jpg,50-59,Male,Black
2454.jpg,40-49,Male,Black
2455.jpg,50-59,Male,Black
2456.jpg,40-49,Male,Black
2457.jpg,60-69,Male,Asian
2458.jpg,50-59,Male,Asian
2459.jpg,50-59,Male,Indian
246.jpg,0-2,Male,Asian
2460.jpg,none,none,none
2461.jpg,20-29,Male,White
2462.jpg,20-29,Female,Asian
2463.jpg,20-29,Male,Asian
2464.jpg,30-39,Female,Others
2465.jpg,30-39,Female,Others
2466.jpg,20-29,Female,White
2467.jpg,10-19,Female,Black
2468.jpg,40-49,Male,Asian
2469.jpg,30-39,Female,Black
247.jpg,none,none,none
2470.jpg,3-9,Female,Black
2471.jpg,20-29,Male,Asian
2472.jpg,50-59,Male,White
2473.jpg,10-19,Male,White
2474.jpg,more than 70,Male,White
2475.jpg,50-59,Male,White
2476.jpg,50-59,Male,Others
2477.jpg,40-49,Male,Indian
2478.jpg,40-49,Male,White
2479.jpg,40-49,Male,White
248.jpg,0-2,Male,Others
2480.jpg,60-69,Female,Asian
2481.jpg,40-49,Male,White
2482.jpg,50-59,Male,White
2483.jpg,20-29,Male,White
2484.jpg,50-59,Male,Others
2485.jpg,30-39,Male,White
2486.jpg,50-59,Male,Others
2487.jpg,40-49,Male,White
2488.jpg,30-39,Female,Others
2489.jpg,50-59,Male,Others
249.jpg,40-49,Male,White
2490.jpg,60-69,Male,White
2491.jpg,50-59,Male,White
2492.jpg,40-49,Male,Asian
2493.jpg,40-49,Male,White
2494.jpg,60-69,Male,Others
2495.jpg,50-59,Male,Black
2496.jpg,30-39,Male,Others
2497.jpg,60-69,Male,White
2498.jpg,none,none,none
2499.jpg,50-59,Male,White
25.jpg,3-9,Male,Others
250.jpg,0-2,Male,Others
2500.jpg,60-69,Female,White
2501.jpg,50-59,Male,White
2502.jpg,30-39,Male,White
2503.jpg,30-39,Male,Indian
2504.jpg,50-59,Male,Asian
2505.jpg,50-59,Male,Indian
2506.jpg,60-69,Male,Others
2507.jpg,50-59,Male,White
2508.jpg,40-49,Male,Asian
2509.jpg,50-59,Male,Others
251.jpg,30-39,Male,Others
2510.jpg,20-29,Male,Others
2511.jpg,50-59,Male,Asian
2512.jpg,50-59,Male,Others
2513.jpg,60-69,Male,Others
2514.jpg,60-69,Male,Asian
2515.jpg,30-39,Male,Others
2516.jpg,50-59,Male,Indian
2517.jpg,20-29,Male,Indian
2518.jpg,60-69,Male,Indian
2519.jpg,40-49,Male,Asian
252.jpg,none,none,none
2520.jpg,50-59,Male,Asian
2521.jpg,30-39,Male,Asian
2522.jpg,50-59,Female,Black
2523.jpg,30-39,Female,Black
2524.jpg,30-39,Male,Asian
2525.jpg,50-59,Male,Others
2526.jpg,20-29,Male,Asian
2527.jpg,60-69,Male,White
2528.jpg,40-49,Male,Others
2529.jpg,30-39,Male,Indian
253.jpg,0-2,Male,Asian
2530.jpg,0-2,Female,Asian
2531.jpg,3-9,Female,Asian
2532.jpg,3-9,Male,Black
2533.jpg,0-2,Female,Asian
2534.jpg,3-9,Male,Asian
2535.jpg,3-9,Male,Others
2536.jpg,0-2,Male,Asian
2537.jpg,3-9,Male,Others
2538.jpg,30-39,Male,Others
2539.jpg,3-9,Female,Asian
254.jpg,20-29,Male,Asian
2540.jpg,3-9,Female,Asian
2541.jpg,3-9,Female,White
2542.jpg,20-29,Female,Others
2543.jpg,50-59,Male,White
2544.jpg,30-39,Male,Asian
2545.jpg,3-9,Female,Others
2546.jpg,3-9,Female,Asian
2547.jpg,30-39,Male,Asian
2548.jpg,0-2,Male,Asian
2549.jpg,20-29,Male,Asian
255.jpg,30-39,Male,White
2550.jpg,none,none,none
2551.jpg,none,none,none
2552.jpg,none,none,none
2553.jpg,0-2,Male,Asian
2554.jpg,30-39,Female,Asian
2555.jpg,20-29,Male,White
2556.jpg,10-19,Female,Indian
2557.jpg,50-59,Male,White
2558.jpg,30-39,Male,Others
2559.jpg,50-59,Male,White
256.jpg,0-2,Male,Asian
2560.jpg,30-39,Male,White
2561.jpg,50-59,Female,Indian
2562.jpg,30-39,Male,Indian
2563.jpg,30-39,Male,Others
2564.jpg,60-69,Male,White
2565.jpg,60-69,Male,White
2566.jpg,50-59,Male,Asian
2567.jpg,20-29,Male,White
2568.jpg,40-49,Male,White
2569.jpg,10-19,Male,White
257.jpg,none,none,none
2570.jpg,60-69,Male,Others
2571.jpg,30-39,Male,White
2572.jpg,60-69,Male,Black
2573.jpg,30-39,Male,Asian
2574.jpg,50-59,Male,Others
2575.jpg,40-49,Male,Asian
2576.jpg,20-29,Male,White
2577.jpg,50-59,Male,Others
2578.jpg,50-59,Male,Others
2579.jpg,10-19,Female,Indian
258.jpg,3-9,Male,Asian
2580.jpg,30-39,Male,Indian
2581.jpg,50-59,Male,Others
2582.jpg,40-49,Male,Indian
2583.jpg,40-49,Male,Black
2584.jpg,50-59,Male,Indian
2585.jpg,20-29,Female,Asian
2586.jpg,20-29,Male,Asian
2587.jpg,50-59,Female,Asian
2588.jpg,20-29,Female,White
2589.jpg,3-9,Female,White
259.jpg,60-69,Male,White
2590.jpg,10-19,Male,White
2591.jpg,3-9,Male,Black
2592.jpg,30-39,Female,Asian
2593.jpg,50-59,Female,Asian
2594.jpg,20-29,Male,White
2595.jpg,10-19,Male,Others
2596.jpg,30-39,Female,White
2597.jpg,20-29,Female,White
2598.jpg,20-29,Female,Black
2599.jpg,50-59,Male,Indian
26.jpg,3-9,Male,White
260.jpg,0-2,Female,White
2600.jpg,30-39,Male,Black
2601.jpg,40-49,Male,Indian
2602.jpg,50-59,Male,White
2603.jpg,60-69,Male,Others
2604.jpg,50-59,Male,Asian
2605.jpg,20-29,Male,Black
2606.jpg,30-39,Male,White
2607.jpg,50-59,Male,White
2608.jpg,50-59,Male,Others
2609.jpg,40-49,Male,Black
261.jpg,0-2,Male,Others
2610.jpg,50-59,Male,Asian
2611.jpg,none,none,none
2612.jpg,50-59,Male,Asian
2613.jpg,50-59,Male,Asian
2614.jpg,20-29,Male,Others
2615.jpg,50-59,Male,Indian
2616.jpg,60-69,Male,Others
2617.jpg,50-59,Male,Others
2618.jpg,30-39,Female,Asian
2619.jpg,none,none,none
262.jpg,50-59,Male,Asian
2620.jpg,40-49,Male,Asian
2621.jpg,40-49,Male,Others
2622.jpg,30-39,Male,Asian
2623.jpg,30-39,Male,Others
2624.jpg,50-59,Male,Others
2625.jpg,more than 70,Male,Others
2626.jpg,50-59,Male,White
2627.jpg,more than 70,Male,Others
2628.jpg,50-59,Male,White
2629.jpg,50-59,Male,Asian
263.jpg,none,none,none
2630.jpg,20-29,Male,Others
2631.jpg,30-39,Female,White
2632.jpg,more than 70,Male,Black
2633.jpg,50-59,Male,White
2634.jpg,50-59,Male,Asian
2635.jpg,50-59,Male,White
2636.jpg,20-29,Female,Asian
2637.jpg,30-39,Female,White
2638.jpg,50-59,Female,Others
2639.jpg,50-59,Female,Others
264.jpg,none,none,none
2640.jpg,50-59,Male,White
2641.jpg,30-39,Male,Asian
2642.jpg,50-59,Male,Asian
2643.jpg,50-59,Male,White
2644.jpg,50-59,Male,Asian
2645.jpg,30-39,Male,Others
2646.jpg,50-59,Male,Asian
2647.jpg,60-69,Male,Indian
2648.jpg,40-49,Male,Indian
2649.jpg,30-39,Male,Asian
265.jpg,30-39,Male,White
2650.jpg,60-69,Male,Indian
2651.jpg,30-39,Male,Black
2652.jpg,50-59,Female,Others
2653.jpg,40-49,Female,White
2654.jpg,30-39,Female,Others
2655.jpg,50-59,Male,White
2656.jpg,50-59,Male,White
2657.jpg,40-49,Male,White
2658.jpg,50-59,Male,Asian
2659.jpg,60-69,Male,Black
266.jpg,30-39,Female,Asian
2660.jpg,30-39,Male,Black
2661.jpg,50-59,Male,White
2662.jpg,60-69,Male,White
2663.jpg,50-59,Male,Asian
2664.jpg,60-69,Male,Others
2665.jpg,50-59,Male,Asian
2666.jpg,50-59,Male,White
2667.jpg,30-39,Male,Others
2668.jpg,50-59,Male,Indian
2669.jpg,50-59,Male,White
267.jpg,0-2,Male,Asian
2670.jpg,30-39,Male,Others
2671.jpg,60-69,Female,White
2672.jpg,none,none,none
2673.jpg,50-59,Male,White
2674.jpg,50-59,Male,Asian
2675.jpg,none,none,none
2676.jpg,10-19,Male,Black
2677.jpg,60-69,Male,Black
2678.jpg,more than 70,Female,Black
2679.jpg,40-49,Male,Others
268.jpg,20-29,Male,White
2680.jpg,60-69,Male,Others
2681.jpg,50-59,Male,Black
2682.jpg,50-59,Male,Others
2683.jpg,50-59,Male,Indian
2684.jpg,50-59,Male,Others
2685.jpg,20-29,Female,Others
2686.jpg,50-59,Male,White
2687.jpg,20-29,Female,White
2688.jpg,3-9,Male,Others
2689.jpg,50-59,Female,White
269.jpg,3-9,Male,Asian
2690.jpg,30-39,Male,Asian
2691.jpg,none,none,none
2692.jpg,30-39,Male,White
2693.jpg,30-39,Male,Others
2694.jpg,20-29,Female,Asian
2695.jpg,20-29,Female,Black
2696.jpg,60-69,Male,Asian
2697.jpg,50-59,Female,Black
2698.jpg,50-59,Male,Indian
2699.jpg,60-69,Male,Asian
27.jpg,30-39,Female,Asian
270.jpg,0-2,Male,Others
2700.jpg,50-59,Male,White
2701.jpg,30-39,Male,Others
2702.jpg,30-39,Male,Others
2703.jpg,30-39,Female,White
2704.jpg,20-29,Female,White
2705.jpg,50-59,Male,Asian
2706.jpg,60-69,Male,White
2707.jpg,60-69,Male,Indian
2708.jpg,50-59,Male,Black
2709.jpg,50-59,Male,Others
271.jpg,30-39,Male,White
2710.jpg,50-59,Male,Indian
2711.jpg,60-69,Male,White
2712.jpg,30-39,Female,White
2713.jpg,none,none,none
2714.jpg,50-59,Male,Black
2715.jpg,60-69,Male,White
2716.jpg,60-69,Male,White
2717.jpg,30-39,Male,White
2718.jpg,60-69,Male,White
2719.jpg,60-69,Male,Others
272.jpg,none,none,none
2720.jpg,30-39,Male,Others
2721.jpg,none,none,none
2722.jpg,50-59,Male,Asian
2723.jpg,50-59,Male,Asian
2724.jpg,30-39,Male,Black
2725.jpg,50-59,Male,Others
2726.jpg,30-39,Female,Black
2727.jpg,20-29,Female,White
2728.jpg,30-39,Male,White
2729.jpg,40-49,Male,Others
273.jpg,0-2,Male,White
2730.jpg,50-59,Male,Others
2731.jpg,20-29,Female,White
2732.jpg,50-59,Female,White
2733.jpg,40-49,Female,White
2734.jpg,30-39,Female,White
2735.jpg,30-39,Male,Others
2736.jpg,30-39,Male,Others
2737.jpg,more than 70,Male,Black
2738.jpg,3-9,Male,Asian
2739.jpg,0-2,Male,Asian
274.jpg,30-39,Male,White
2740.jpg,3-9,Male,White
2741.jpg,30-39,Male,White
2742.jpg,20-29,Female,Asian
2743.jpg,10-19,Female,White
2744.jpg,3-9,Female,Indian
2745.jpg,40-49,Male,Asian
2746.jpg,3-9,Male,Asian
2747.jpg,3-9,Male,Asian
2748.jpg,20-29,Male,Asian
2749.jpg,20-29,Male,Indian
275.jpg,10-19,Female,White
2750.jpg,30-39,Female,Asian
2751.jpg,10-19,Male,Indian
2752.jpg,3-9,Male,Indian
2753.jpg,50-59,Male,Others
2754.jpg,60-69,Male,White
2755.jpg,50-59,Male,White
2756.jpg,60-69,Male,Others
2757.jpg,50-59,Male,White
2758.jpg,more than 70,Male,White
2759.jpg,50-59,Male,White
276.jpg,0-2,Male,White
2760.jpg,60-69,Male,Black
2761.jpg,60-69,Male,Black
2762.jpg,30-39,Male,Asian
2763.jpg,10-19,Male,Black
2764.jpg,50-59,Male,White
2765.jpg,10-19,Male,Asian
2766.jpg,20-29,Female,Indian
2767.jpg,20-29,Male,Black
2768.jpg,60-69,Male,Others
2769.jpg,50-59,Male,Others
277.jpg,none,none,none
2770.jpg,more than 70,Male,Black
2771.jpg,20-29,Female,White
2772.jpg,more than 70,Male,White
2773.jpg,20-29,Female,Black
2774.jpg,10-19,Male,Black
2775.jpg,50-59,Male,Others
2776.jpg,40-49,Male,Black
2777.jpg,20-29,Female,Others
2778.jpg,30-39,Male,White
2779.jpg,60-69,Male,White
278.jpg,20-29,Female,Asian
2780.jpg,20-29,Male,White
2781.jpg,30-39,Female,Others
2782.jpg,40-49,Female,Asian
2783.jpg,50-59,Male,White
2784.jpg,30-39,Male,Black
2785.jpg,50-59,Male,White
2786.jpg,40-49,Male,Others
2787.jpg,50-59,Male,Others
2788.jpg,50-59,Male,White
2789.jpg,30-39,Male,Black
279.jpg,0-2,Female,Asian
2790.jpg,50-59,Female,White
2791.jpg,60-69,Male,White
2792.jpg,60-69,Male,Asian
2793.jpg,30-39,Male,White
2794.jpg,50-59,Male,Others
2795.jpg,60-69,Male,Asian
2796.jpg,50-59,Male,Asian
2797.jpg,50-59,Male,Others
2798.jpg,50-59,Male,White
2799.jpg,60-69,Male,Indian
28.jpg,30-39,Female,Asian
280.jpg,20-29,Female,Asian
2800.jpg,60-69,Male,White
2801.jpg,50-59,Male,White
2802.jpg,60-69,Male,White
2803.jpg,50-59,Male,White
2804.jpg,more than 70,Male,White
2805.jpg,60-69,Male,Black
2806.jpg,50-59,Male,Black
2807.jpg,30-39,Male,Others
2808.jpg,50-59,Male,Asian
2809.jpg,40-49,Male,Black
281.jpg,0-2,Female,White
2810.jpg,60-69,Male,Black
2811.jpg,50-59,Male,Black
2812.jpg,50-59,Male,White
2813.jpg,40-49,Male,White
2814.jpg,30-39,Male,Asian
2815.jpg,50-59,Male,Asian
2816.jpg,30-39,Male,White
2817.jpg,20-29,Female,White
2818.jpg,50-59,Male,White
2819.jpg,more than 70,Male,White
282.jpg,0-2,Female,White
2820.jpg,60-69,Male,White
2821.jpg,none,none,none
2822.jpg,40-49,Male,White
2823.jpg,50-59,Male,Others
2824.jpg,60-69,Male,Black
2825.jpg,50-59,Male,Indian
2826.jpg,3-9,Female,White
2827.jpg,50-59,Female,Indian
2828.jpg,30-39,Female,Black
2829.jpg,30-39,Male,Black
283.jpg,0-2,Male,White
2830.jpg,50-59,Male,Asian
2831.jpg,60-69,Male,White
2832.jpg,20-29,Male,White
2833.jpg,30-39,Male,Others
2834.jpg,50-59,Male,White
2835.jpg,50-59,Male,White
2836.jpg,more than 70,Male,Indian
2837.jpg,30-39,Male,Asian
2838.jpg,60-69,Male,Asian
2839.jpg,50-59,Male,Asian
284.jpg,3-9,Male,Asian
2840.jpg,60-69,Male,Asian
2841.jpg,0-2,Male,White
2842.jpg,50-59,Male,Asian
2843.jpg,60-69,Male,Others
2844.jpg,50-59,Male,White
2845.jpg,20-29,Female,White
2846.jpg,60-69,Male,White
2847.jpg,30-39,Male,Asian
2848.jpg,60-69,Male,Asian
2849.jpg,60-69,Female,White
285.jpg,3-9,Male,Others
2850.jpg,50-59,Male,White
2851.jpg,3-9,Male,White
2852.jpg,20-29,Female,Asian
2853.jpg,30-39,Male,White
2854.jpg,none,none,none
2855.jpg,3-9,Female,Asian
2856.jpg,0-2,Male,White
2857.jpg,3-9,Male,Black
2858.jpg,20-29,Male,Asian
2859.jpg,20-29,Female,Black
286.jpg,none,none,none
2860.jpg,none,none,none
2861.jpg,20-29,Male,Asian
2862.jpg,3-9,Female,White
2863.jpg,none,none,none
2864.jpg,20-29,Male,Asian
2865.jpg,3-9,Male,Indian
2866.jpg,30-39,Female,Asian
2867.jpg,10-19,Male,Others
2868.jpg,50-59,Male,Asian
2869.jpg,30-39,Male,Others
287.jpg,0-2,Male,White
2870.jpg,more than 70,Female,Indian
2871.jpg,50-59,Male,Others
2872.jpg,60-69,Male,White
2873.jpg,50-59,Male,White
2874.jpg,50-59,Female,Indian
2875.jpg,60-69,Male,White
2876.jpg,50-59,Male,White
2877.jpg,50-59,Male,White
2878.jpg,50-59,Male,White
2879.jpg,none,none,none
288.jpg,none,none,none
2880.jpg,60-69,Male,Asian
2881.jpg,20-29,Female,White
2882.jpg,20-29,Female,Others
2883.jpg,20-29,Male,Others
2884.jpg,20-29,Female,Asian
2885.jpg,50-59,Male,White
2886.jpg,30-39,Female,Asian
2887.jpg,more than 70,Female,White
2888.jpg,50-59,Male,Others
2889.jpg,more than 70,Male,Others
289.jpg,0-2,Male,Asian
2890.jpg,60-69,Female,White
2891.jpg,50-59,Male,Asian
2892.jpg,50-59,Male,White
2893.jpg,60-69,Male,White
2894.jpg,none,none,none
2895.jpg,50-59,Male,White
2896.jpg,50-59,Male,White
2897.jpg,30-39,Male,White
2898.jpg,none,none,none
2899.jpg,50-59,Male,White
29.jpg,20-29,Male,White
290.jpg,20-29,Male,Asian
2900.jpg,60-69,Male,Indian
2901.jpg,60-69,Male,Asian
2902.jpg,30-39,Male,Others
2903.jpg,50-59,Male,Others
2904.jpg,more than 70,Male,Indian
2905.jpg,60-69,Male,White
2906.jpg,30-39,Female,Asian
2907.jpg,60-69,Male,White
2908.jpg,30-39,Male,White
2909.jpg,50-59,Male,Asian
291.jpg,0-2,Female,White
2910.jpg,60-69,Male,White
2911.jpg,30-39,Female,Asian
2912.jpg,50-59,Male,White
2913.jpg,60-69,Male,Asian
2914.jpg,50-59,Male,White
2915.jpg,30-39,Female,Asian
2916.jpg,40-49,Male,Indian
2917.jpg,30-39,Female,White
2918.jpg,none,none,none
2919.jpg,60-69,Male,Others
292.jpg,0-2,Female,White
2920.jpg,50-59,Male,Others
2921.jpg,60-69,Female,Asian
2922.jpg,60-69,Female,White
2923.jpg,30-39,Female,Asian
2924.jpg,60-69,Male,Asian
2925.jpg,60-69,Female,Asian
2926.jpg,none,none,none
2927.jpg,60-69,Male,Asian
2928.jpg,more than 70,Male,White
2929.jpg,more than 70,Male,Black
293.jpg,3-9,Male,Black
2930.jpg,60-69,Male,Asian
2931.jpg,50-59,Female,Black
2932.jpg,30-39,Male,Indian
2933.jpg,3-9,Male,White
2934.jpg,20-29,Female,Asian
2935.jpg,3-9,Male,Asian
2936.jpg,30-39,Male,White
2937.jpg,30-39,Female,White
2938.jpg,40-49,Male,Asian
2939.jpg,20-29,Female,White
294.jpg,0-2,Male,Asian
2940.jpg,3-9,Male,Indian
2941.jpg,20-29,Female,Others
2942.jpg,10-19,Female,Asian
2943.jpg,10-19,Female,Others
2944.jpg,10-19,Female,White
2945.jpg,3-9,Male,White
2946.jpg,none,none,none
2947.jpg,20-29,Female,Asian
2948.jpg,30-39,Male,Asian
2949.jpg,20-29,Female,Asian
295.jpg,0-2,Male,Asian
2950.jpg,60-69,Male,Asian
2951.jpg,3-9,Female,Others
2952.jpg,30-39,Male,Asian
2953.jpg,3-9,Male,White
2954.jpg,20-29,Female,Others
2955.jpg,20-29,Female,White
2956.jpg,20-29,Female,Asian
2957.jpg,3-9,Female,Others
2958.jpg,10-19,Female,Indian
2959.jpg,30-39,Female,White
296.jpg,0-2,Male,Asian
2960.jpg,10-19,Female,Asian
2961.jpg,3-9,Female,White
2962.jpg,30-39,Male,Others
2963.jpg,60-69,Male,Indian
2964.jpg,30-39,Male,Asian
2965.jpg,60-69,Female,Others
2966.jpg,60-69,Male,White
2967.jpg,40-49,Male,Asian
2968.jpg,50-59,Male,Asian
2969.jpg,50-59,Male,White
297.jpg,3-9,Male,Black
2970.jpg,more than 70,Female,Others
2971.jpg,20-29,Female,Black
2972.jpg,none,none,none
2973.jpg,60-69,Male,Others
2974.jpg,60-69,Male,White
2975.jpg,20-29,Female,White
2976.jpg,10-19,Male,Others
2977.jpg,20-29,Male,White
2978.jpg,3-9,Male,White
2979.jpg,3-9,Male,White
298.jpg,0-2,Male,Others
2980.jpg,50-59,Male,White
2981.jpg,0-2,Male,White
2982.jpg,30-39,Male,Asian
2983.jpg,0-2,Male,Asian
2984.jpg,3-9,Female,White
2985.jpg,30-39,Male,White
2986.jpg,30-39,Female,Indian
2987.jpg,10-19,Female,Others
2988.jpg,40-49,Male,Asian
2989.jpg,40-49,Male,White
299.jpg,0-2,Male,Asian
2990.jpg,more than 70,Female,White
2991.jpg,20-29,Male,White
2992.jpg,20-29,Female,Black
2993.jpg,10-19,Male,Black
2994.jpg,3-9,Male,Black
2995.jpg,50-59,Female,Black
2996.jpg,3-9,Male,Asian
2997.jpg,0-2,Male,White
2998.jpg,20-29,Female,White
2999.jpg,30-39,Female,White
3.jpg,20-29,Male,Asian
30.jpg,none,none,none
300.jpg,0-2,Male,Asian
3000.jpg,30-39,Male,Asian
301.jpg,30-39,Female,Asian
302.jpg,0-2,Male,Asian
303.jpg,none,none,none
304.jpg,0-2,Male,Asian
305.jpg,3-9,Male,White
306.jpg,none,none,none
307.jpg,10-19,Male,Asian
308.jpg,0-2,Male,Asian
309.jpg,0-2,Male,Asian
31.jpg,20-29,Male,Others
310.jpg,0-2,Male,Asian
311.jpg,0-2,Male,Asian
312.jpg,0-2,Male,White
313.jpg,3-9,Male,Asian
314.jpg,3-9,Male,Asian
315.jpg,0-2,Female,White
316.jpg,3-9,Male,Asian
317.jpg,0-2,Female,Asian
318.jpg,none,none,none
319.jpg,0-2,Male,Indian
32.jpg,20-29,Female,White
320.jpg,0-2,Male,Indian
321.jpg,none,none,none
322.jpg,0-2,Male,Asian
323.jpg,3-9,Male,Others
324.jpg,none,none,none
325.jpg,3-9,Male,Asian
326.jpg,30-39,Male,Asian
327.jpg,20-29,Female,White
328.jpg,0-2,Female,White
329.jpg,3-9,Female,Indian
33.jpg,3-9,Male,Asian
330.jpg,0-2,Male,White
331.jpg,0-2,Male,Asian
332.jpg,3-9,Male,Others
333.jpg,3-9,Male,White
334.jpg,20-29,Male,Others
335.jpg,3-9,Male,Others
336.jpg,20-29,Male,Others
337.jpg,20-29,Female,White
338.jpg,20-29,Female,Indian
339.jpg,30-39,Male,White
34.jpg,20-29,Female,Asian
340.jpg,30-39,Male,White
341.jpg,none,none,none
342.jpg,20-29,Male,Asian
343.jpg,none,none,none
344.jpg,20-29,Male,White
345.jpg,20-29,Male,Others
346.jpg,30-39,Male,Others
347.jpg,20-29,Female,Asian
348.jpg,30-39,Female,Indian
349.jpg,20-29,Male,Asian
35.jpg,20-29,Male,Others
350.jpg,20-29,Female,Asian
351.jpg,30-39,Male,White
352.jpg,30-39,Female,White
353.jpg,20-29,Female,White
354.jpg,20-29,Female,White
355.jpg,20-29,Female,Others
356.jpg,20-29,Female,Others
357.jpg,30-39,Female,Others
358.jpg,10-19,Female,Others
359.jpg,30-39,Male,Indian
36.jpg,10-19,Female,Indian
360.jpg,20-29,Male,Others
361.jpg,20-29,Female,Asian
362.jpg,30-39,Female,Asian
363.jpg,10-19,Male,Asian
364.jpg,3-9,Female,White
365.jpg,20-29,Female,White
366.jpg,20-29,Female,Asian
367.jpg,20-29,Female,White
368.jpg,30-39,Male,Indian
369.jpg,3-9,Female,White
37.jpg,20-29,Male,White
370.jpg,10-19,Female,Others
371.jpg,20-29,Female,Asian
372.jpg,20-29,Male,Asian
373.jpg,20-29,Male,Others
374.jpg,20-29,Male,White
375.jpg,20-29,Female,White
376.jpg,30-39,Male,Indian
377.jpg,50-59,Female,Black
378.jpg,30-39,Male,Asian
379.jpg,20-29,Male,Asian
38.jpg,10-19,Female,White
380.jpg,20-29,Male,Asian
381.jpg,10-19,Male,Indian
382.jpg,0-2,Male,Asian
383.jpg,30-39,Female,White
384.jpg,20-29,Female,Indian
385.jpg,20-29,Female,White
386.jpg,20-29,Female,White
387.jpg,30-39,Female,Asian
388.jpg,20-29,Female,Asian
389.jpg,20-29,Female,Asian
39.jpg,3-9,Male,White
390.jpg,30-39,Male,Black
391.jpg,20-29,Female,Others
392.jpg,20-29,Female,Asian
393.jpg,20-29,Male,Asian
394.jpg,10-19,Female,Others
395.jpg,30-39,Male,White
396.jpg,10-19,Female,Asian
397.jpg,10-19,Male,Indian
398.jpg,20-29,Female,Asian
399.jpg,20-29,Female,Asian
4.jpg,30-39,Female,Asian
40.jpg,20-29,Male,White
400.jpg,20-29,Female,Asian
401.jpg,20-29,Female,Asian
402.jpg,10-19,Female,Others
403.jpg,30-39,Male,Others
404.jpg,30-39,Male,Others
405.jpg,20-29,Female,Indian
406.jpg,20-29,Male,Others
407.jpg,20-29,Male,Asian
408.jpg,20-29,Female,Others
409.jpg,20-29,Female,White
41.jpg,40-49,Male,Others
410.jpg,30-39,Female,White
411.jpg,20-29,Female,Asian
412.jpg,20-29,Female,Asian
413.jpg,20-29,Female,Asian
414.jpg,20-29,Female,Others
415.jpg,20-29,Female,Asian
416.jpg,10-19,Male,Asian
417.jpg,30-39,Male,Others
418.jpg,20-29,Male,Asian
419.jpg,30-39,Male,White
42.jpg,20-29,Female,White
420.jpg,20-29,Male,White
421.jpg,20-29,Male,Others
422.jpg,3-9,Male,Black
423.jpg,30-39,Female,Asian
424.jpg,20-29,Male,Black
425.jpg,20-29,Male,Indian
426.jpg,20-29,Male,Asian
427.jpg,0-2,Female,White
428.jpg,30-39,Male,Asian
429.jpg,3-9,Male,Asian
43.jpg,3-9,Female,Others
430.jpg,10-19,Male,Others
431.jpg,20-29,Male,Indian
432.jpg,50-59,Male,Asian
433.jpg,20-29,Male,Asian
434.jpg,20-29,Male,Asian
435.jpg,30-39,Male,Asian
436.jpg,20-29,Female,Indian
437.jpg,30-39,Female,White
438.jpg,20-29,Male,Asian
439.jpg,20-29,Female,White
44.jpg,3-9,Female,White
440.jpg,30-39,Female,Others
441.jpg,20-29,Female,Others
442.jpg,20-29,Male,Black
443.jpg,30-39,Female,Black
444.jpg,20-29,Male,White
445.jpg,10-19,Female,Asian
446.jpg,10-19,Female,Asian
447.jpg,3-9,Female,Others
448.jpg,30-39,Female,Asian
449.jpg,30-39,Male,Others
45.jpg,20-29,Female,Asian
450.jpg,20-29,Female,Indian
451.jpg,30-39,Male,Indian
452.jpg,20-29,Female,Asian
453.jpg,30-39,Female,Others
454.jpg,30-39,Male,Others
455.jpg,20-29,Female,White
456.jpg,30-39,Female,Asian
457.jpg,40-49,Female,Indian
458.jpg,10-19,Male,Asian
459.jpg,20-29,Male,Others
46.jpg,3-9,Male,Asian
460.jpg,10-19,Female,Others
461.jpg,30-39,Male,Others
462.jpg,20-29,Male,White
463.jpg,30-39,Female,White
464.jpg,30-39,Male,White
465.jpg,60-69,Female,Black
466.jpg,10-19,Female,Black
467.jpg,10-19,Male,Black
468.jpg,40-49,Male,Black
469.jpg,20-29,Female,White
47.jpg,10-19,Female,Indian
470.jpg,20-29,Female,Asian
471.jpg,20-29,Male,Indian
472.jpg,10-19,Male,Asian
473.jpg,30-39,Male,Asian
474.jpg,none,none,none
475.jpg,30-39,Male,Asian
476.jpg,20-29,Male,Others
477.jpg,30-39,Male,Indian
478.jpg,20-29,Female,White
479.jpg,30-39,Male,Indian
48.jpg,50-59,Male,White
480.jpg,30-39,Male,Others
481.jpg,30-39,Male,White
482.jpg,10-19,Male,White
483.jpg,20-29,Male,Others
484.jpg,20-29,Female,Black
485.jpg,20-29,Female,Others
486.jpg,20-29,Female,White
487.jpg,20-29,Male,Asian
488.jpg,30-39,Female,White
489.jpg,20-29,Female,White
49.jpg,40-49,Male,White
490.jpg,20-29,Female,White
491.jpg,20-29,Female,Indian
492.jpg,20-29,Male,White
493.jpg,10-19,Female,Black
494.jpg,20-29,Female,Black
495.jpg,3-9,Female,Indian
496.jpg,3-9,Female,Indian
497.jpg,30-39,Female,Others
498.jpg,10-19,Female,Black
499.jpg,10-19,Male,Asian
5.jpg,30-39,Male,Asian
50.jpg,20-29,Female,White
500.jpg,10-19,Female,Asian
501.jpg,20-29,Female,Asian
502.jpg,20-29,Female,Asian
503.jpg,20-29,Female,Asian
504.jpg,3-9,Female,Asian
505.jpg,30-39,Female,White
506.jpg,20-29,Female,Asian
507.jpg,none,none,none
508.jpg,20-29,Female,Others
509.jpg,20-29,Female,Asian
51.jpg,0-2,Male,Others
510.jpg,20-29,Female,White
511.jpg,10-19,Male,Others
512.jpg,20-29,Male,Indian
513.jpg,30-39,Male,Asian
514.jpg,20-29,Female,Others
515.jpg,20-29,Female,Others
516.jpg,20-29,Female,Others
517.jpg,20-29,Male,Indian
518.jpg,30-39,Male,White
519.jpg,20-29,Male,Others
52.jpg,20-29,Female,Indian
520.jpg,40-49,Male,White
521.jpg,30-39,Male,White
522.jpg,30-39,Male,White
523.jpg,40-49,Male,Others
524.jpg,none,none,none
525.jpg,10-19,Male,Black
526.jpg,30-39,Male,Black
527.jpg,30-39,Female,Asian
528.jpg,20-29,Male,Indian
529.jpg,20-29,Male,Black
53.jpg,3-9,Male,Indian
530.jpg,30-39,Male,Indian
531.jpg,3-9,Male,Black
532.jpg,10-19,Male,Black
533.jpg,10-19,Male,Black
534.jpg,3-9,Male,Indian
535.jpg,40-49,Male,Black
536.jpg,40-49,Female,Black
537.jpg,20-29,Male,Asian
538.jpg,10-19,Male,Black
539.jpg,3-9,Male,Indian
54.jpg,20-29,Male,Asian
540.jpg,20-29,Female,Asian
541.jpg,20-29,Female,Asian
542.jpg,20-29,Male,Asian
543.jpg,30-39,Male,Asian
544.jpg,20-29,Male,Asian
545.jpg,30-39,Male,Others
546.jpg,30-39,Male,Asian
547.jpg,20-29,Male,Indian
548.jpg,10-19,Male,Black
549.jpg,10-19,Male,White
55.jpg,20-29,Female,Asian
550.jpg,30-39,Male,Others
551.jpg,20-29,Male,Others
552.jpg,20-29,Male,Indian
553.jpg,20-29,Female,Asian
554.jpg,30-39,Female,Others
555.jpg,20-29,Male,White
556.jpg,20-29,Female,Asian
557.jpg,20-29,Female,Black
558.jpg,20-29,Female,Indian
559.jpg,20-29,Female,White
56.jpg,30-39,Male,Others
560.jpg,20-29,Male,White
561.jpg,20-29,Female,White
562.jpg,20-29,Male,Others
563.jpg,20-29,Male,Others
564.jpg,3-9,Male,Asian
565.jpg,20-29,Male,White
566.jpg,20-29,Female,Asian
567.jpg,20-29,Female,Asian
568.jpg,20-29,Female,Others
569.jpg,3-9,Female,Black
57.jpg,10-19,Female,Others
570.jpg,20-29,Female,Others
571.jpg,10-19,Female,Black
572.jpg,20-29,Male,Indian
573.jpg,none,none,none
574.jpg,40-49,Female,Black
575.jpg,20-29,Female,White
576.jpg,30-39,Male,Asian
577.jpg,30-39,Female,Asian
578.jpg,30-39,Male,Asian
579.jpg,20-29,Female,Asian
58.jpg,10-19,Female,Black
580.jpg,10-19,Female,Asian
581.jpg,30-39,Female,Asian
582.jpg,30-39,Male,Asian
583.jpg,50-59,Female,Asian
584.jpg,30-39,Male,Indian
585.jpg,20-29,Female,Asian
586.jpg,20-29,Female,Others
587.jpg,10-19,Female,Indian
588.jpg,30-39,Female,Asian
589.jpg,20-29,Female,Asian
59.jpg,10-19,Female,Indian
590.jpg,20-29,Female,Others
591.jpg,20-29,Female,White
592.jpg,20-29,Male,Asian
593.jpg,30-39,Male,Others
594.jpg,20-29,Female,Others
595.jpg,20-29,Female,Asian
596.jpg,3-9,Female,Asian
597.jpg,20-29,Female,Asian
598.jpg,20-29,Female,Others
599.jpg,30-39,Male,Others
6.jpg,10-19,Male,Asian
60.jpg,20-29,Female,Indian
600.jpg,10-19,Female,Others
601.jpg,50-59,Male,Asian
602.jpg,30-39,Female,White
603.jpg,40-49,Female,Others
604.jpg,10-19,Female,Asian
605.jpg,20-29,Female,Asian
606.jpg,20-29,Female,Others
607.jpg,20-29,Female,Indian
608.jpg,20-29,Female,White
609.jpg,20-29,Female,Others
61.jpg,20-29,Female,Black
610.jpg,40-49,Male,White
611.jpg,20-29,Female,Asian
612.jpg,30-39,Female,Indian
613.jpg,20-29,Female,Indian
614.jpg,20-29,Female,Asian
615.jpg,20-29,Female,Asian
616.jpg,20-29,Female,White
617.jpg,none,none,none
618.jpg,20-29,Female,Black
619.jpg,30-39,Male,Others
62.jpg,0-2,Male,Indian
620.jpg,50-59,Male,White
621.jpg,20-29,Male,Others
622.jpg,30-39,Male,White
623.jpg,30-39,Male,Others
624.jpg,30-39,Male,Others
625.jpg,30-39,Male,White
626.jpg,20-29,Male,Indian
627.jpg,20-29,Male,White
628.jpg,20-29,Female,Asian
629.jpg,50-59,Male,Black
63.jpg,50-59,Male,Others
630.jpg,20-29,Male,Indian
631.jpg,50-59,Male,Others
632.jpg,20-29,Male,Black
633.jpg,20-29,Male,Indian
634.jpg,50-59,Male,Black
635.jpg,30-39,Male,Indian
636.jpg,20-29,Male,Black
637.jpg,40-49,Male,Black
638.jpg,10-19,Male,Asian
639.jpg,30-39,Male,Asian
64.jpg,3-9,Male,White
640.jpg,30-39,Male,White
641.jpg,30-39,Male,Asian
642.jpg,3-9,Male,White
643.jpg,10-19,Male,Indian
644.jpg,30-39,Male,Others
645.jpg,30-39,Male,Indian
646.jpg,20-29,Male,Others
647.jpg,20-29,Male,Others
648.jpg,20-29,Male,Others
649.jpg,50-59,Male,Others
65.jpg,20-29,Male,Asian
650.jpg,30-39,Male,Black
651.jpg,40-49,Male,Indian
652.jpg,30-39,Male,Asian
653.jpg,20-29,Male,Asian
654.jpg,30-39,Female,White
655.jpg,20-29,Female,White
656.jpg,20-29,Female,White
657.jpg,30-39,Male,Others
658.jpg,20-29,Female,Indian
659.jpg,30-39,Male,Others
66.jpg,20-29,Female,Asian
660.jpg,20-29,Female,White
661.jpg,20-29,Female,White
662.jpg,20-29,Female,Asian
663.jpg,20-29,Female,Others
664.jpg,20-29,Female,White
665.jpg,20-29,Male,White
666.jpg,20-29,Female,White
667.jpg,0-2,Male,Asian
668.jpg,20-29,Male,White
669.jpg,none,none,none
67.jpg,3-9,Male,Asian
670.jpg,20-29,Male,White
671.jpg,20-29,Male,White
672.jpg,0-2,Male,Indian
673.jpg,20-29,Male,Indian
674.jpg,20-29,Female,Indian
675.jpg,30-39,Female,Black
676.jpg,20-29,Female,Black
677.jpg,20-29,Male,Asian
678.jpg,3-9,Female,Black
679.jpg,30-39,Female,Others
68.jpg,20-29,Male,White
680.jpg,20-29,Male,Others
681.jpg,20-29,Female,Asian
682.jpg,20-29,Female,Black
683.jpg,20-29,Male,Asian
684.jpg,30-39,Male,Others
685.jpg,20-29,Male,Black
686.jpg,20-29,Female,Black
687.jpg,20-29,Female,Black
688.jpg,20-29,Male,Indian
689.jpg,30-39,Male,White
69.jpg,3-9,Male,Asian
690.jpg,20-29,Female,Asian
691.jpg,3-9,Female,Asian
692.jpg,20-29,Male,Asian
693.jpg,20-29,Female,Asian
694.jpg,30-39,Female,Asian
695.jpg,20-29,Female,Asian
696.jpg,20-29,Female,Asian
697.jpg,20-29,Female,Others
698.jpg,3-9,Male,Others
699.jpg,20-29,Female,Asian
7.jpg,3-9,Male,Asian
70.jpg,20-29,Female,Others
700.jpg,20-29,Female,Others
701.jpg,20-29,Female,Indian
702.jpg,20-29,Female,Indian
703.jpg,20-29,Female,Indian
704.jpg,20-29,Female,Indian
705.jpg,30-39,Male,Black
706.jpg,10-19,Male,Asian
707.jpg,40-49,Male,Indian
708.jpg,20-29,Male,Indian
709.jpg,30-39,Female,Others
71.jpg,20-29,Male,White
710.jpg,20-29,Female,Others
711.jpg,none,none,none
712.jpg,30-39,Female,Asian
713.jpg,10-19,Female,Indian
714.jpg,20-29,Male,Asian
715.jpg,30-39,Male,Asian
716.jpg,20-29,Male,Others
717.jpg,20-29,Female,Asian
718.jpg,20-29,Female,Asian
719.jpg,40-49,Male,Others
72.jpg,20-29,Female,Indian
720.jpg,30-39,Male,Black
721.jpg,10-19,Female,Black
722.jpg,3-9,Male,Asian
723.jpg,40-49,Female,White
724.jpg,20-29,Male,White
725.jpg,30-39,Male,White
726.jpg,30-39,Male,Indian
727.jpg,20-29,Male,Others
728.jpg,10-19,Male,White
729.jpg,20-29,Male,White
73.jpg,20-29,Female,Asian
730.jpg,30-39,Male,White
731.jpg,10-19,Male,Black
732.jpg,20-29,Male,Asian
733.jpg,30-39,Male,Asian
734.jpg,20-29,Male,White
735.jpg,20-29,Male,White
736.jpg,20-29,Male,Others
737.jpg,30-39,Male,White
738.jpg,20-29,Male,White
739.jpg,30-39,Male,White
74.jpg,20-29,Female,Asian
740.jpg,40-49,Female,Others
741.jpg,20-29,Male,Others
742.jpg,20-29,Male,Black
743.jpg,30-39,Male,Indian
744.jpg,30-39,Male,White
745.jpg,30-39,Male,Asian
746.jpg,30-39,Male,Black
747.jpg,10-19,Male,Asian
748.jpg,30-39,Female,Black
749.jpg,20-29,Male,Asian
75.jpg,30-39,Female,Asian
750.jpg,30-39,Male,Asian
751.jpg,20-29,Male,Others
752.jpg,30-39,Male,Asian
753.jpg,50-59,Male,Black
754.jpg,30-39,Male,Black
755.jpg,10-19,Male,Black
756.jpg,40-49,Male,Black
757.jpg,20-29,Female,White
758.jpg,3-9,Male,Black
759.jpg,10-19,Male,Black
76.jpg,10-19,Male,Asian
760.jpg,20-29,Male,Asian
761.jpg,30-39,Male,Black
762.jpg,20-29,Male,Others
763.jpg,30-39,Male,Asian
764.jpg,20-29,Male,Black
765.jpg,10-19,Male,Indian
766.jpg,10-19,Male,Indian
767.jpg,none,none,none
768.jpg,40-49,Male,Black
769.jpg,20-29,Male,Black
77.jpg,20-29,Female,Asian
770.jpg,30-39,Male,Black
771.jpg,30-39,Male,Indian
772.jpg,30-39,Male,Asian
773.jpg,20-29,Male,Asian
774.jpg,20-29,Male,Indian
775.jpg,30-39,Male,Black
776.jpg,20-29,Female,Asian
777.jpg,30-39,Male,Asian
778.jpg,10-19,Female,Indian
779.jpg,30-39,Male,Black
78.jpg,30-39,Female,White
780.jpg,20-29,Female,Others
781.jpg,30-39,Male,Asian
782.jpg,10-19,Male,Asian
783.jpg,20-29,Male,Asian
784.jpg,30-39,Male,Asian
785.jpg,20-29,Male,Asian
786.jpg,20-29,Male,Asian
787.jpg,20-29,Male,White
788.jpg,20-29,Female,Asian
789.jpg,30-39,Male,White
79.jpg,20-29,Male,Others
790.jpg,30-39,Male,White
791.jpg,20-29,Male,Others
792.jpg,20-29,Male,Asian
793.jpg,30-39,Male,Indian
794.jpg,30-39,Male,Indian
795.jpg,30-39,Male,Indian
796.jpg,0-2,Male,Asian
797.jpg,10-19,Male,Others
798.jpg,10-19,Male,Others
799.jpg,20-29,Male,Others
8.jpg,3-9,Male,Others
80.jpg,30-39,Male,Indian
800.jpg,20-29,Male,Indian
801.jpg,3-9,Male,Asian
802.jpg,3-9,Male,Others
803.jpg,30-39,Male,White
804.jpg,30-39,Male,Others
805.jpg,30-39,Male,Others
806.jpg,20-29,Male,Others
807.jpg,40-49,Male,Asian
808.jpg,30-39,Male,Others
809.jpg,50-59,Male,Indian
81.jpg,20-29,Male,White
810.jpg,20-29,Male,Others
811.jpg,30-39,Male,Others
812.jpg,20-29,Male,Asian
813.jpg,30-39,Male,Indian
814.jpg,30-39,Male,Asian
815.jpg,10-19,Male,Others
816.jpg,30-39,Male,Others
817.jpg,20-29,Male,Asian
818.jpg,30-39,Male,Indian
819.jpg,30-39,Male,Indian
82.jpg,3-9,Male,Asian
820.jpg,10-19,Male,Black
821.jpg,30-39,Male,Others
822.jpg,3-9,Male,Black
823.jpg,20-29,Male,Asian
824.jpg,30-39,Male,Black
825.jpg,20-29,Male,Others
826.jpg,20-29,Male,Indian
827.jpg,30-39,Male,White
828.jpg,20-29,Male,Others
829.jpg,10-19,Male,Asian
83.jpg,none,none,none
830.jpg,30-39,Male,White
831.jpg,20-29,Male,Others
832.jpg,30-39,Male,Others
833.jpg,40-49,Male,Indian
834.jpg,30-39,Female,Others
835.jpg,40-49,Male,Asian
836.jpg,20-29,Male,White
837.jpg,20-29,Female,Asian
838.jpg,30-39,Female,White
839.jpg,30-39,Male,Others
84.jpg,20-29,Female,White
840.jpg,20-29,Female,White
841.jpg,30-39,Female,White
842.jpg,20-29,Female,White
843.jpg,30-39,Female,Black
844.jpg,20-29,Male,Others
845.jpg,20-29,Male,Asian
846.jpg,10-19,Male,White
847.jpg,30-39,Female,Others
848.jpg,30-39,Male,White
849.jpg,20-29,Female,White
85.jpg,20-29,Female,White
850.jpg,20-29,Female,Indian
851.jpg,20-29,Male,Indian
852.jpg,20-29,Male,Others
853.jpg,20-29,Male,Others
854.jpg,20-29,Female,White
855.jpg,10-19,Female,Others
856.jpg,30-39,Male,Asian
857.jpg,30-39,Male,Others
858.jpg,50-59,Male,White
859.jpg,30-39,Female,Others
86.jpg,20-29,Female,White
860.jpg,0-2,Male,Others
861.jpg,20-29,Male,White
862.jpg,20-29,Female,Asian
863.jpg,20-29,Male,White
864.jpg,20-29,Female,Others
865.jpg,20-29,Female,Asian
866.jpg,3-9,Female,White
867.jpg,30-39,Female,White
868.jpg,20-29,Female,Asian
869.jpg,30-39,Female,Asian
87.jpg,20-29,Male,Others
870.jpg,3-9,Female,Black
871.jpg,30-39,Female,Black
872.jpg,3-9,Male,Black
873.jpg,30-39,Female,Asian
874.jpg,10-19,Female,Black
875.jpg,20-29,Female,Asian
876.jpg,10-19,Female,Black
877.jpg,20-29,Female,Black
878.jpg,20-29,Female,Asian
879.jpg,10-19,Male,Black
88.jpg,20-29,Female,White
880.jpg,none,none,none
881.jpg,50-59,Male,Asian
882.jpg,20-29,Male,Asian
883.jpg,20-29,Female,Black
884.jpg,10-19,Male,Others
885.jpg,none,none,none
886.jpg,20-29,Female,Black
887.jpg,20-29,Female,Indian
888.jpg,20-29,Male,Asian
889.jpg,20-29,Female,Black
89.jpg,10-19,Female,Others
890.jpg,20-29,Male,Indian
891.jpg,10-19,Female,Black
892.jpg,3-9,Male,Others
893.jpg,30-39,Female,Black
894.jpg,3-9,Male,Asian
895.jpg,20-29,Female,Indian
896.jpg,30-39,Female,Others
897.jpg,10-19,Male,Indian
898.jpg,3-9,Male,Black
899.jpg,30-39,Male,Asian
9.jpg,30-39,Female,White
90.jpg,20-29,Female,White
900.jpg,50-59,Male,Others
901.jpg,20-29,Male,Black
902.jpg,3-9,Male,Asian
903.jpg,10-19,Male,Black
904.jpg,20-29,Female,Asian
905.jpg,10-19,Female,Black
906.jpg,20-29,Female,Others
907.jpg,20-29,Female,Black
908.jpg,20-29,Female,Black
909.jpg,3-9,Female,Asian
91.jpg,20-29,Male,Asian
910.jpg,20-29,Female,Others
911.jpg,3-9,Female,Black
912.jpg,20-29,Female,Black
913.jpg,3-9,Male,Black
914.jpg,20-29,Female,Asian
915.jpg,30-39,Male,Black
916.jpg,10-19,Female,Asian
917.jpg,20-29,Female,White
918.jpg,20-29,Male,White
919.jpg,10-19,Male,Asian
92.jpg,20-29,Male,Others
920.jpg,30-39,Female,Asian
921.jpg,20-29,Female,Asian
922.jpg,3-9,Female,Asian
923.jpg,20-29,Female,Asian
924.jpg,30-39,Female,White
925.jpg,20-29,Male,White
926.jpg,30-39,Male,Others
927.jpg,20-29,Male,Asian
928.jpg,20-29,Male,Asian
929.jpg,20-29,Female,White
93.jpg,20-29,Female,White
930.jpg,20-29,Female,Asian
931.jpg,20-29,Male,Asian
932.jpg,20-29,Female,Asian
933.jpg,20-29,Female,Asian
934.jpg,20-29,Female,Asian
935.jpg,20-29,Female,Indian
936.jpg,20-29,Male,White
937.jpg,20-29,Female,Asian
938.jpg,20-29,Female,Asian
939.jpg,30-39,Female,Asian
94.jpg,10-19,Female,Black
940.jpg,20-29,Female,White
941.jpg,20-29,Female,Others
942.jpg,20-29,Female,White
943.jpg,20-29,Female,Asian
944.jpg,10-19,Female,Others
945.jpg,10-19,Male,Others
946.jpg,10-19,Female,Others
947.jpg,20-29,Male,Others
948.jpg,20-29,Female,Indian
949.jpg,10-19,Female,Indian
95.jpg,20-29,Male,Asian
950.jpg,3-9,Male,Others
951.jpg,10-19,Female,Others
952.jpg,30-39,Male,Others
953.jpg,10-19,Male,Asian
954.jpg,20-29,Male,Others
955.jpg,30-39,Male,Asian
956.jpg,20-29,Female,White
957.jpg,20-29,Female,White
958.jpg,3-9,Female,Indian
959.jpg,10-19,Female,Asian
96.jpg,30-39,Male,Indian
960.jpg,30-39,Male,Asian
961.jpg,20-29,Female,Others
962.jpg,20-29,Male,Others
963.jpg,20-29,Female,White
964.jpg,40-49,Female,Asian
965.jpg,10-19,Female,Indian
966.jpg,50-59,Male,Black
967.jpg,20-29,Male,Indian
968.jpg,20-29,Female,Black
969.jpg,40-49,Female,Indian
97.jpg,30-39,Male,Indian
970.jpg,30-39,Female,Asian
971.jpg,10-19,Female,White
972.jpg,10-19,Female,Indian
973.jpg,20-29,Female,White
974.jpg,20-29,Female,Asian
975.jpg,20-29,Female,Asian
976.jpg,30-39,Female,Others
977.jpg,20-29,Female,Indian
978.jpg,20-29,Female,Asian
979.jpg,30-39,Female,White
98.jpg,10-19,Female,Others
980.jpg,20-29,Male,Asian
981.jpg,20-29,Female,Others
982.jpg,20-29,Female,Others
983.jpg,20-29,Female,White
984.jpg,30-39,Female,Others
985.jpg,20-29,Female,Asian
986.jpg,20-29,Female,White
987.jpg,20-29,Female,Asian
988.jpg,30-39,Female,Others
989.jpg,20-29,Female,White
99.jpg,20-29,Female,Asian
990.jpg,10-19,Female,White
991.jpg,20-29,Male,Others
992.jpg,3-9,Male,Asian
993.jpg,3-9,Male,White
994.jpg,20-29,Female,Indian
995.jpg,20-29,Female,Others
996.jpg,20-29,Female,Others
997.jpg,10-19,Male,White
998.jpg,20-29,Male,Indian
999.jpg,60-69,Male,White
