1.jpg,30-39,Male,Black
10.jpg,30-39,Male,Black
100.jpg,20-29,Female,Asian
1000.jpg,20-29,Male,Asian
1001.jpg,20-29,Female,Asian
1002.jpg,30-39,Male,White
1003.jpg,30-39,Male,Asian
1004.jpg,20-29,Female,White
1005.jpg,30-39,Male,Indian
1006.jpg,30-39,Male,Asian
1007.jpg,20-29,Male,White
1008.jpg,20-29,Male,Asian
1009.jpg,20-29,Male,Asian
101.jpg,30-39,Female,Indian
1010.jpg,20-29,Male,White
1011.jpg,40-49,Female,White
1012.jpg,30-39,Female,White
1013.jpg,40-49,Male,White
1015.jpg,30-39,Female,Indian
1016.jpg,30-39,Female,Indian
1017.jpg,20-29,Female,Indian
1018.jpg,30-39,Male,Asian
102.jpg,30-39,Female,White
1020.jpg,20-29,Male,White
1021.jpg,30-39,Male,Indian
1022.jpg,20-29,Male,Asian
1023.jpg,30-39,Male,White
1024.jpg,20-29,Female,Asian
1025.jpg,30-39,Male,Asian
1026.jpg,30-39,Male,Asian
1027.jpg,20-29,Female,Asian
1028.jpg,30-39,Female,White
1029.jpg,20-29,Female,Asian
103.jpg,30-39,Female,Asian
1030.jpg,20-29,Female,Asian
1031.jpg,30-39,Female,Asian
1032.jpg,30-39,Female,Asian
1033.jpg,30-39,Male,White
1034.jpg,20-29,Female,Asian
1035.jpg,30-39,Female,Asian
1036.jpg,20-29,Male,Asian
1037.jpg,20-29,Female,Asian
1038.jpg,30-39,Female,Asian
1039.jpg,20-29,Male,Asian
104.jpg,40-49,Male,Black
1040.jpg,20-29,Male,Asian
1041.jpg,40-49,Male,Asian
1042.jpg,30-39,Female,Asian
1043.jpg,50-59,Male,Asian
1044.jpg,30-39,Female,Asian
1045.jpg,20-29,Female,White
1046.jpg,30-39,Male,Black
1047.jpg,30-39,Male,Black
1048.jpg,30-39,Male,White
1049.jpg,30-39,Male,Black
105.jpg,20-29,Male,Black
1050.jpg,20-29,Male,Indian
1051.jpg,30-39,Female,White
1052.jpg,30-39,Male,Black
1053.jpg,40-49,Male,White
1054.jpg,20-29,Female,Asian
1056.jpg,30-39,Male,Indian
1057.jpg,40-49,Male,Indian
1058.jpg,20-29,Male,Asian
1059.jpg,30-39,Male,Asian
106.jpg,30-39,Female,White
1060.jpg,20-29,Female,Asian
1061.jpg,30-39,Female,White
1062.jpg,30-39,Female,Asian
1063.jpg,30-39,Female,White
1064.jpg,30-39,Male,Indian
1065.jpg,40-49,Male,White
1066.jpg,20-29,Male,White
1067.jpg,20-29,Male,Black
1068.jpg,30-39,Female,White
1069.jpg,30-39,Female,Indian
1070.jpg,20-29,Male,Asian
1071.jpg,20-29,Male,Indian
1073.jpg,40-49,Male,Black
1074.jpg,20-29,Male,White
1075.jpg,30-39,Male,White
1076.jpg,30-39,Female,White
1077.jpg,30-39,Female,White
1078.jpg,30-39,Male,White
108.jpg,20-29,Male,Indian
1080.jpg,30-39,Male,White
1081.jpg,30-39,Female,White
1083.jpg,30-39,Female,White
1084.jpg,30-39,Female,Indian
1085.jpg,30-39,Female,Black
1086.jpg,20-29,Male,Black
1087.jpg,30-39,Male,Indian
1088.jpg,20-29,Male,Black
1089.jpg,30-39,Male,Asian
109.jpg,50-59,Male,White
1090.jpg,20-29,Female,White
1091.jpg,20-29,Female,White
1092.jpg,30-39,Female,White
1093.jpg,30-39,Female,Indian
1094.jpg,30-39,Male,Black
1096.jpg,20-29,Male,White
1097.jpg,30-39,Male,Indian
1098.jpg,30-39,Female,Black
1099.jpg,20-29,Male,White
11.jpg,20-29,Male,White
110.jpg,30-39,Male,Black
1100.jpg,20-29,Male,Asian
1101.jpg,30-39,Male,Asian
1102.jpg,30-39,Male,Asian
1103.jpg,30-39,Male,Indian
1104.jpg,30-39,Male,Indian
1105.jpg,30-39,Male,Indian
1106.jpg,40-49,Male,Asian
1107.jpg,40-49,Male,White
1109.jpg,30-39,Male,Indian
111.jpg,30-39,Male,Indian
1110.jpg,20-29,Male,Black
1111.jpg,20-29,Male,Black
1112.jpg,20-29,Male,Black
1113.jpg,20-29,Male,White
1114.jpg,30-39,Male,Indian
1115.jpg,40-49,Male,White
1116.jpg,40-49,Male,Black
1117.jpg,20-29,Male,Black
1118.jpg,30-39,Male,White
1119.jpg,30-39,Male,White
112.jpg,20-29,Female,Indian
1120.jpg,30-39,Male,White
1121.jpg,20-29,Male,White
1122.jpg,30-39,Female,Asian
1123.jpg,30-39,Female,White
1124.jpg,30-39,Female,White
1125.jpg,20-29,Female,Indian
1126.jpg,20-29,Female,Asian
1127.jpg,30-39,Male,Asian
1128.jpg,20-29,Female,White
1129.jpg,20-29,Male,White
113.jpg,20-29,Female,Indian
1130.jpg,30-39,Male,Black
1131.jpg,30-39,Female,White
1132.jpg,30-39,Female,White
1133.jpg,30-39,Female,White
1134.jpg,30-39,Female,White
1135.jpg,30-39,Female,Black
1137.jpg,20-29,Male,Black
1138.jpg,20-29,Male,Asian
1139.jpg,30-39,Female,Indian
114.jpg,30-39,Female,Indian
1140.jpg,20-29,Male,Asian
1141.jpg,40-49,Male,Indian
1142.jpg,30-39,Male,Indian
1143.jpg,30-39,Male,Indian
1144.jpg,20-29,Male,Asian
1145.jpg,30-39,Male,White
1146.jpg,30-39,Female,White
1147.jpg,30-39,Male,Indian
1148.jpg,40-49,Female,White
1149.jpg,30-39,Male,White
115.jpg,30-39,Female,Indian
1150.jpg,30-39,Male,Indian
1151.jpg,30-39,Female,Indian
1152.jpg,30-39,Female,Black
1153.jpg,30-39,Male,Indian
1154.jpg,20-29,Male,Black
1155.jpg,30-39,Male,White
1156.jpg,50-59,Male,White
1157.jpg,30-39,Male,White
1159.jpg,20-29,Male,White
116.jpg,30-39,Male,White
1160.jpg,40-49,Male,Indian
1161.jpg,50-59,Male,White
1162.jpg,30-39,Male,Black
1163.jpg,40-49,Male,White
1164.jpg,40-49,Male,White
1165.jpg,20-29,Male,Asian
1166.jpg,20-29,Male,Asian
1167.jpg,40-49,Male,Black
1168.jpg,40-49,Male,White
1169.jpg,30-39,Female,White
117.jpg,30-39,Female,White
1170.jpg,20-29,Female,White
1171.jpg,40-49,Male,White
1172.jpg,30-39,Male,Black
1173.jpg,20-29,Male,Black
1174.jpg,30-39,Female,Black
1175.jpg,30-39,Female,White
1176.jpg,30-39,Female,White
1177.jpg,30-39,Female,White
1178.jpg,30-39,Female,Asian
1179.jpg,30-39,Male,Asian
118.jpg,20-29,Female,Indian
1180.jpg,20-29,Male,Asian
1181.jpg,20-29,Male,Asian
1182.jpg,30-39,Female,White
1183.jpg,40-49,Male,Indian
1184.jpg,20-29,Male,White
1186.jpg,20-29,Male,Black
1187.jpg,30-39,Male,White
1188.jpg,30-39,Male,Black
1189.jpg,20-29,Female,Indian
119.jpg,20-29,Female,Asian
1190.jpg,20-29,Male,White
1191.jpg,20-29,Female,White
1192.jpg,20-29,Female,White
1193.jpg,30-39,Female,Asian
1194.jpg,20-29,Female,Asian
1195.jpg,30-39,Female,Indian
1196.jpg,30-39,Female,White
1197.jpg,20-29,Female,Indian
1198.jpg,20-29,Female,Indian
1199.jpg,30-39,Female,Black
12.jpg,30-39,Male,White
120.jpg,20-29,Female,Asian
1200.jpg,30-39,Male,Asian
1201.jpg,40-49,Male,Asian
1202.jpg,40-49,Male,Asian
1204.jpg,30-39,Male,White
1205.jpg,30-39,Female,Asian
1206.jpg,30-39,Female,Indian
1207.jpg,20-29,Male,Indian
1208.jpg,20-29,Male,Asian
1209.jpg,20-29,Male,Asian
121.jpg,30-39,Female,White
1210.jpg,20-29,Female,Asian
1211.jpg,20-29,Male,Asian
1212.jpg,20-29,Male,Asian
1213.jpg,20-29,Male,Asian
1214.jpg,30-39,Female,White
1215.jpg,30-39,Female,Asian
1216.jpg,20-29,Female,Asian
1217.jpg,30-39,Female,Indian
1218.jpg,30-39,Female,White
1219.jpg,30-39,Female,Indian
122.jpg,30-39,Female,White
1220.jpg,30-39,Female,Asian
1221.jpg,30-39,Female,Asian
1222.jpg,30-39,Female,Indian
1223.jpg,20-29,Male,Black
1224.jpg,30-39,Male,Indian
1225.jpg,30-39,Male,Indian
1226.jpg,20-29,Male,Black
1227.jpg,20-29,Male,Asian
1228.jpg,30-39,Male,White
1229.jpg,40-49,Male,Asian
123.jpg,30-39,Male,White
1230.jpg,30-39,Female,Asian
1231.jpg,30-39,Male,Asian
1232.jpg,20-29,Male,Asian
1233.jpg,30-39,Male,White
1234.jpg,30-39,Male,Asian
1235.jpg,20-29,Male,Asian
1236.jpg,30-39,Female,Asian
1237.jpg,30-39,Female,Asian
1238.jpg,30-39,Female,Asian
1239.jpg,30-39,Female,Asian
1240.jpg,30-39,Female,Asian
1241.jpg,30-39,Female,Asian
1242.jpg,40-49,Male,Asian
1243.jpg,30-39,Female,Indian
1244.jpg,20-29,Male,White
1245.jpg,30-39,Male,Asian
1246.jpg,30-39,Female,Asian
1247.jpg,30-39,Female,Asian
1248.jpg,20-29,Male,Asian
1249.jpg,30-39,Female,Indian
125.jpg,30-39,Male,White
1250.jpg,30-39,Male,White
1251.jpg,30-39,Female,White
1252.jpg,30-39,Female,Black
1254.jpg,30-39,Female,White
1255.jpg,30-39,Female,Asian
1256.jpg,20-29,Female,White
1257.jpg,20-29,Male,Asian
1258.jpg,30-39,Male,White
1259.jpg,20-29,Male,White
126.jpg,30-39,Male,Indian
1260.jpg,40-49,Male,Black
1261.jpg,30-39,Male,Black
1262.jpg,30-39,Female,White
1263.jpg,40-49,Male,White
1264.jpg,40-49,Male,Indian
1265.jpg,20-29,Male,Indian
1266.jpg,20-29,Male,Indian
1267.jpg,20-29,Male,White
1268.jpg,30-39,Male,White
127.jpg,30-39,Male,Black
1271.jpg,20-29,Male,Asian
1272.jpg,30-39,Male,White
1273.jpg,20-29,Male,Black
1274.jpg,30-39,Female,White
1275.jpg,30-39,Female,Black
1276.jpg,20-29,Male,Indian
1277.jpg,20-29,Female,Black
1278.jpg,30-39,Female,Black
1279.jpg,20-29,Female,Black
128.jpg,30-39,Male,White
1280.jpg,20-29,Male,White
1281.jpg,30-39,Male,Black
1282.jpg,20-29,Male,Black
1283.jpg,30-39,Female,White
1284.jpg,20-29,Male,Black
1285.jpg,20-29,Female,Black
1286.jpg,20-29,Male,Black
1287.jpg,40-49,Male,Indian
1288.jpg,30-39,Male,White
1289.jpg,20-29,Male,Black
129.jpg,30-39,Female,White
1290.jpg,20-29,Male,White
1291.jpg,30-39,Female,Asian
1292.jpg,20-29,Female,White
1293.jpg,20-29,Female,White
1295.jpg,30-39,Female,White
1296.jpg,20-29,Female,White
1297.jpg,30-39,Female,White
1298.jpg,30-39,Female,White
1299.jpg,20-29,Female,White
13.jpg,30-39,Female,Black
130.jpg,30-39,Male,Indian
1300.jpg,20-29,Female,White
1301.jpg,30-39,Female,White
1302.jpg,30-39,Female,White
1303.jpg,30-39,Female,White
1304.jpg,30-39,Female,White
1305.jpg,20-29,Female,Asian
1306.jpg,20-29,Male,Black
1307.jpg,40-49,Male,Asian
1308.jpg,20-29,Male,Asian
1309.jpg,20-29,Male,Asian
131.jpg,20-29,Male,Indian
1310.jpg,30-39,Male,Indian
1311.jpg,30-39,Male,White
1312.jpg,30-39,Male,Asian
1313.jpg,30-39,Female,White
1314.jpg,20-29,Male,Asian
1315.jpg,30-39,Male,Asian
1316.jpg,20-29,Male,Asian
1317.jpg,30-39,Male,White
1318.jpg,20-29,Male,Asian
1319.jpg,30-39,Male,Asian
132.jpg,30-39,Male,White
1320.jpg,30-39,Male,Asian
1321.jpg,20-29,Male,Asian
1322.jpg,30-39,Male,Asian
1323.jpg,20-29,Male,Indian
1324.jpg,30-39,Male,Indian
1325.jpg,20-29,Male,Asian
1326.jpg,30-39,Male,White
1327.jpg,30-39,Female,White
1328.jpg,30-39,Female,Indian
1329.jpg,20-29,Female,Indian
133.jpg,20-29,Female,Asian
1330.jpg,20-29,Male,Indian
1331.jpg,30-39,Male,White
1332.jpg,30-39,Male,Indian
1333.jpg,40-49,Male,Black
1334.jpg,20-29,Female,Asian
1335.jpg,20-29,Male,Asian
1336.jpg,20-29,Female,White
1337.jpg,20-29,Male,Indian
1338.jpg,30-39,Female,Indian
1339.jpg,30-39,Male,Asian
134.jpg,30-39,Female,White
1340.jpg,20-29,Female,Indian
1341.jpg,30-39,Male,Indian
1342.jpg,40-49,Male,Indian
1343.jpg,30-39,Female,Asian
1344.jpg,30-39,Female,White
1345.jpg,30-39,Female,White
1346.jpg,30-39,Female,Indian
1347.jpg,30-39,Female,Indian
1348.jpg,40-49,Male,Indian
1349.jpg,30-39,Female,Indian
135.jpg,30-39,Female,White
1350.jpg,30-39,Female,Indian
1351.jpg,30-39,Female,Indian
1352.jpg,30-39,Female,Indian
1353.jpg,30-39,Female,Indian
1354.jpg,30-39,Female,Indian
1355.jpg,30-39,Female,Indian
1356.jpg,30-39,Male,White
1357.jpg,30-39,Female,Black
1358.jpg,20-29,Male,Asian
1359.jpg,30-39,Female,Indian
136.jpg,20-29,Male,Black
1360.jpg,30-39,Male,Asian
1361.jpg,30-39,Female,Asian
1362.jpg,30-39,Male,Asian
1363.jpg,20-29,Male,Indian
1364.jpg,20-29,Male,Asian
1365.jpg,20-29,Female,Asian
1366.jpg,20-29,Female,Asian
1367.jpg,30-39,Male,Asian
1368.jpg,30-39,Female,Asian
1369.jpg,20-29,Male,Indian
137.jpg,20-29,Male,Black
1371.jpg,30-39,Female,Indian
1372.jpg,30-39,Female,White
1373.jpg,20-29,Male,Black
1374.jpg,30-39,Female,Black
1375.jpg,30-39,Female,Indian
1376.jpg,20-29,Female,White
1377.jpg,30-39,Male,Black
1378.jpg,30-39,Male,Asian
1379.jpg,30-39,Female,White
138.jpg,30-39,Male,White
1380.jpg,30-39,Female,White
1381.jpg,20-29,Male,Indian
1382.jpg,30-39,Female,Asian
1383.jpg,20-29,Male,Asian
1384.jpg,20-29,Female,Black
1385.jpg,30-39,Female,Indian
1386.jpg,20-29,Female,Indian
1387.jpg,30-39,Female,Indian
1388.jpg,30-39,Female,Asian
139.jpg,30-39,Female,Asian
1390.jpg,30-39,Female,Indian
1391.jpg,30-39,Female,White
1392.jpg,30-39,Female,White
1393.jpg,30-39,Female,White
1394.jpg,30-39,Female,White
1395.jpg,30-39,Female,White
1396.jpg,30-39,Male,White
1397.jpg,30-39,Female,White
1398.jpg,20-29,Female,White
1399.jpg,30-39,Female,Black
14.jpg,20-29,Male,Indian
140.jpg,30-39,Female,White
1400.jpg,30-39,Female,Black
1401.jpg,30-39,Female,White
1402.jpg,30-39,Male,White
1403.jpg,30-39,Female,Black
1404.jpg,30-39,Male,Indian
1405.jpg,30-39,Female,Asian
1406.jpg,30-39,Female,Indian
1407.jpg,30-39,Female,Asian
1408.jpg,40-49,Male,Asian
1409.jpg,20-29,Male,White
141.jpg,40-49,Male,Indian
1410.jpg,20-29,Female,White
1411.jpg,30-39,Female,Indian
1412.jpg,20-29,Female,Indian
1413.jpg,50-59,Male,Indian
1414.jpg,30-39,Female,White
1415.jpg,40-49,Male,Asian
1416.jpg,30-39,Male,White
1417.jpg,20-29,Male,Asian
1418.jpg,20-29,Male,Asian
142.jpg,30-39,Female,Indian
1420.jpg,20-29,Male,Black
1421.jpg,20-29,Male,Black
1422.jpg,30-39,Female,Black
1423.jpg,30-39,Male,White
1424.jpg,30-39,Male,Asian
1425.jpg,40-49,Male,Black
1426.jpg,30-39,Female,Black
1427.jpg,30-39,Male,Indian
1428.jpg,30-39,Female,Asian
1429.jpg,30-39,Female,Asian
143.jpg,30-39,Female,Asian
1430.jpg,30-39,Male,White
1431.jpg,30-39,Male,Indian
1432.jpg,40-49,Female,Asian
1433.jpg,20-29,Female,Asian
1434.jpg,30-39,Female,Asian
1435.jpg,30-39,Female,White
1436.jpg,30-39,Female,Black
1437.jpg,30-39,Female,Black
1438.jpg,30-39,Male,White
1439.jpg,30-39,Male,White
144.jpg,30-39,Female,Asian
1441.jpg,40-49,Male,Asian
1442.jpg,30-39,Male,Black
1443.jpg,30-39,Male,Black
1444.jpg,20-29,Male,Asian
1445.jpg,60-69,Male,Asian
1446.jpg,30-39,Male,Asian
1447.jpg,30-39,Male,Asian
1448.jpg,30-39,Male,Indian
145.jpg,40-49,Female,White
1450.jpg,40-49,Female,Black
1451.jpg,30-39,Female,Asian
1452.jpg,30-39,Female,Indian
1453.jpg,30-39,Male,Asian
1454.jpg,30-39,Male,White
1455.jpg,30-39,Male,Asian
1456.jpg,30-39,Female,Asian
1457.jpg,30-39,Female,Black
1458.jpg,20-29,Male,Black
1459.jpg,20-29,Male,Black
146.jpg,20-29,Female,White
1460.jpg,30-39,Male,Black
1461.jpg,30-39,Female,White
1462.jpg,20-29,Male,Asian
1463.jpg,30-39,Female,Black
1464.jpg,40-49,Female,Black
1465.jpg,30-39,Female,Black
1467.jpg,30-39,Female,Asian
1468.jpg,20-29,Male,Asian
1469.jpg,20-29,Female,Asian
147.jpg,20-29,Female,White
1470.jpg,20-29,Female,Asian
1471.jpg,30-39,Male,Indian
1473.jpg,30-39,Male,Asian
1474.jpg,30-39,Female,White
1475.jpg,30-39,Female,Asian
1476.jpg,20-29,Male,Asian
1477.jpg,30-39,Male,Asian
1478.jpg,20-29,Male,Asian
1479.jpg,30-39,Female,Black
148.jpg,20-29,Female,Indian
1480.jpg,30-39,Male,Asian
1481.jpg,20-29,Male,Black
1482.jpg,20-29,Female,Black
1483.jpg,30-39,Male,White
1484.jpg,40-49,Male,White
1485.jpg,40-49,Female,Indian
1486.jpg,30-39,Female,Indian
1487.jpg,30-39,Female,White
1488.jpg,20-29,Female,Indian
1489.jpg,30-39,Female,White
149.jpg,30-39,Female,Indian
1490.jpg,30-39,Female,White
1491.jpg,30-39,Female,Indian
1492.jpg,30-39,Female,Asian
1493.jpg,20-29,Male,Black
1494.jpg,30-39,Female,White
1495.jpg,30-39,Male,Asian
1496.jpg,30-39,Female,Indian
1497.jpg,40-49,Male,Indian
1498.jpg,30-39,Male,White
1499.jpg,20-29,Male,Indian
15.jpg,20-29,Male,Indian
150.jpg,30-39,Female,Indian
1500.jpg,30-39,Male,White
1501.jpg,20-29,Male,White
1502.jpg,30-39,Female,White
1503.jpg,30-39,Female,White
1504.jpg,30-39,Female,White
1505.jpg,20-29,Female,Indian
1506.jpg,20-29,Female,White
1507.jpg,40-49,Male,White
1508.jpg,20-29,Female,White
1509.jpg,20-29,Male,Asian
151.jpg,30-39,Male,White
1510.jpg,30-39,Female,Asian
1512.jpg,40-49,Male,Indian
1513.jpg,20-29,Female,Asian
1514.jpg,30-39,Male,Indian
1515.jpg,30-39,Female,White
1516.jpg,30-39,Male,Black
1517.jpg,30-39,Female,Indian
1518.jpg,30-39,Female,White
1519.jpg,30-39,Female,White
152.jpg,30-39,Female,White
1520.jpg,20-29,Female,White
1521.jpg,30-39,Female,Indian
1522.jpg,30-39,Male,Indian
1523.jpg,30-39,Female,White
1524.jpg,30-39,Female,White
1525.jpg,30-39,Male,Black
1526.jpg,30-39,Female,Asian
1527.jpg,20-29,Female,Asian
1528.jpg,30-39,Female,White
1529.jpg,30-39,Male,White
153.jpg,20-29,Female,White
1530.jpg,30-39,Male,Black
1531.jpg,40-49,Male,White
1532.jpg,30-39,Male,White
1533.jpg,30-39,Female,White
1534.jpg,30-39,Female,White
1535.jpg,20-29,Female,White
1536.jpg,30-39,Male,White
1537.jpg,20-29,Female,Black
1538.jpg,40-49,Male,Black
1539.jpg,30-39,Female,Indian
154.jpg,20-29,Female,White
1540.jpg,30-39,Male,White
1541.jpg,20-29,Male,Indian
1542.jpg,20-29,Male,Indian
1544.jpg,20-29,Male,Black
1545.jpg,20-29,Male,Black
1546.jpg,20-29,Female,White
1548.jpg,20-29,Female,Asian
1549.jpg,20-29,Male,Asian
155.jpg,30-39,Female,White
1550.jpg,20-29,Male,Asian
1551.jpg,30-39,Female,Asian
1552.jpg,30-39,Female,Asian
1553.jpg,30-39,Female,Asian
1554.jpg,20-29,Male,Asian
1555.jpg,20-29,Female,White
1556.jpg,30-39,Female,Black
1557.jpg,30-39,Female,Black
1558.jpg,30-39,Female,Asian
156.jpg,30-39,Male,White
1560.jpg,30-39,Female,Black
1561.jpg,30-39,Female,Black
1562.jpg,30-39,Female,White
1563.jpg,30-39,Female,Asian
1564.jpg,40-49,Male,Black
1565.jpg,30-39,Male,Asian
1566.jpg,30-39,Male,Black
1567.jpg,20-29,Male,White
1568.jpg,30-39,Male,White
1569.jpg,20-29,Female,Indian
157.jpg,30-39,Male,White
1570.jpg,20-29,Male,Black
1571.jpg,20-29,Female,White
1572.jpg,30-39,Male,White
1573.jpg,30-39,Female,Black
1574.jpg,30-39,Female,Asian
1575.jpg,30-39,Female,Indian
1576.jpg,30-39,Female,Asian
1577.jpg,30-39,Female,Asian
1578.jpg,30-39,Male,White
1579.jpg,20-29,Female,Asian
158.jpg,30-39,Female,Asian
1580.jpg,30-39,Female,Asian
1581.jpg,30-39,Female,Asian
1582.jpg,20-29,Male,White
1583.jpg,30-39,Female,White
1584.jpg,30-39,Female,White
1585.jpg,20-29,Female,Asian
1586.jpg,20-29,Male,Asian
1587.jpg,20-29,Male,Black
1588.jpg,30-39,Male,Asian
1589.jpg,30-39,Female,White
159.jpg,20-29,Female,Asian
1590.jpg,30-39,Male,White
1591.jpg,30-39,Female,Indian
1592.jpg,30-39,Female,White
1593.jpg,30-39,Female,White
1594.jpg,20-29,Female,White
1595.jpg,20-29,Female,Asian
1596.jpg,30-39,Female,Asian
1597.jpg,30-39,Female,White
1598.jpg,30-39,Female,Black
1599.jpg,20-29,Female,White
16.jpg,30-39,Male,Asian
160.jpg,20-29,Female,Asian
1600.jpg,30-39,Male,Black
1601.jpg,20-29,Female,Indian
1602.jpg,30-39,Female,White
1603.jpg,30-39,Female,White
1604.jpg,20-29,Female,Asian
1605.jpg,20-29,Female,Asian
1606.jpg,30-39,Female,Indian
1607.jpg,20-29,Female,White
1608.jpg,20-29,Female,Black
1609.jpg,30-39,Female,White
161.jpg,30-39,Female,White
1610.jpg,20-29,Female,Asian
1611.jpg,30-39,Female,Black
1612.jpg,30-39,Female,Black
1613.jpg,20-29,Male,White
1614.jpg,20-29,Male,White
1615.jpg,20-29,Male,White
1616.jpg,20-29,Female,Asian
1617.jpg,40-49,Male,White
1618.jpg,30-39,Male,Asian
1619.jpg,30-39,Female,Indian
162.jpg,20-29,Female,White
1620.jpg,30-39,Female,White
1621.jpg,20-29,Male,Asian
1622.jpg,20-29,Male,Asian
1623.jpg,20-29,Male,White
1624.jpg,20-29,Male,White
1625.jpg,30-39,Male,Black
1626.jpg,30-39,Male,Black
1627.jpg,30-39,Female,White
1628.jpg,30-39,Female,Asian
163.jpg,20-29,Female,White
1630.jpg,30-39,Female,White
1631.jpg,30-39,Male,Asian
1633.jpg,30-39,Female,Asian
1634.jpg,20-29,Female,Indian
1635.jpg,20-29,Female,Asian
1636.jpg,30-39,Male,White
1637.jpg,20-29,Male,Black
1638.jpg,30-39,Male,Indian
1639.jpg,30-39,Female,White
164.jpg,20-29,Female,White
1640.jpg,30-39,Female,Black
1641.jpg,30-39,Female,White
1642.jpg,20-29,Male,White
1643.jpg,30-39,Male,Black
1644.jpg,30-39,Male,White
1645.jpg,30-39,Male,Asian
1646.jpg,30-39,Male,Black
1647.jpg,30-39,Female,Indian
1648.jpg,30-39,Female,White
1649.jpg,30-39,Female,Indian
165.jpg,20-29,Female,White
1650.jpg,30-39,Female,White
1651.jpg,30-39,Female,Indian
1652.jpg,20-29,Female,White
1653.jpg,30-39,Female,White
1654.jpg,30-39,Female,White
1655.jpg,30-39,Female,Indian
1656.jpg,20-29,Male,White
1657.jpg,30-39,Female,White
1658.jpg,20-29,Female,Indian
1659.jpg,20-29,Male,Black
166.jpg,30-39,Female,White
1660.jpg,20-29,Male,Black
1661.jpg,20-29,Female,White
1662.jpg,20-29,Female,White
1663.jpg,30-39,Female,White
1664.jpg,20-29,Female,White
1665.jpg,20-29,Female,White
1666.jpg,30-39,Male,White
1667.jpg,30-39,Male,Black
1668.jpg,30-39,Male,White
1669.jpg,30-39,Female,Asian
167.jpg,20-29,Male,Asian
1670.jpg,20-29,Male,Indian
1671.jpg,40-49,Male,Indian
1672.jpg,40-49,Male,Indian
1673.jpg,30-39,Female,Indian
1674.jpg,30-39,Male,Asian
1675.jpg,20-29,Female,Asian
1676.jpg,20-29,Male,Asian
1677.jpg,20-29,Female,White
1678.jpg,40-49,Male,Asian
1679.jpg,30-39,Female,Black
168.jpg,30-39,Female,Indian
1680.jpg,30-39,Male,Black
1681.jpg,30-39,Male,White
1682.jpg,30-39,Female,White
1683.jpg,30-39,Male,Black
1684.jpg,20-29,Male,Black
1685.jpg,30-39,Male,Black
1688.jpg,40-49,Male,White
1689.jpg,20-29,Male,Black
169.jpg,30-39,Male,White
1690.jpg,30-39,Female,White
1691.jpg,30-39,Female,White
1692.jpg,20-29,Male,White
1693.jpg,30-39,Female,White
1694.jpg,20-29,Female,Asian
1695.jpg,20-29,Female,Asian
1696.jpg,20-29,Male,Indian
1697.jpg,30-39,Male,Indian
1698.jpg,30-39,Male,Asian
1699.jpg,30-39,Female,White
17.jpg,30-39,Male,Indian
170.jpg,30-39,Male,White
1700.jpg,20-29,Male,Asian
1701.jpg,30-39,Female,Asian
1702.jpg,30-39,Female,White
1703.jpg,20-29,Male,Indian
1704.jpg,20-29,Male,Asian
1705.jpg,30-39,Male,Indian
1706.jpg,30-39,Male,Indian
1707.jpg,30-39,Male,Asian
1708.jpg,30-39,Male,White
1709.jpg,30-39,Female,White
171.jpg,30-39,Male,White
1710.jpg,40-49,Male,White
1711.jpg,30-39,Female,Asian
1712.jpg,30-39,Female,Asian
1713.jpg,30-39,Female,Asian
1714.jpg,30-39,Male,White
1715.jpg,30-39,Male,White
1716.jpg,30-39,Male,White
1717.jpg,40-49,Male,White
1718.jpg,20-29,Male,Asian
1719.jpg,30-39,Male,White
172.jpg,20-29,Female,White
1720.jpg,30-39,Female,White
1721.jpg,30-39,Female,White
1722.jpg,30-39,Female,White
1723.jpg,30-39,Female,Asian
1724.jpg,30-39,Female,Indian
1725.jpg,30-39,Female,Indian
1726.jpg,30-39,Male,Black
1727.jpg,30-39,Female,Indian
1728.jpg,20-29,Male,Black
1729.jpg,20-29,Male,White
173.jpg,30-39,Female,White
1730.jpg,30-39,Female,White
1731.jpg,20-29,Female,White
1732.jpg,40-49,Female,White
1733.jpg,30-39,Female,White
1734.jpg,30-39,Female,White
1735.jpg,30-39,Female,White
1736.jpg,20-29,Male,Black
1737.jpg,30-39,Male,Indian
1738.jpg,20-29,Male,Asian
1739.jpg,20-29,Male,Indian
174.jpg,30-39,Female,White
1740.jpg,30-39,Male,White
1741.jpg,30-39,Female,White
1742.jpg,20-29,Female,Black
1743.jpg,30-39,Male,Black
1744.jpg,30-39,Female,Asian
1746.jpg,20-29,Male,Asian
1747.jpg,30-39,Male,White
1748.jpg,30-39,Male,Black
1749.jpg,20-29,Female,White
175.jpg,20-29,Male,Asian
1750.jpg,30-39,Female,White
1751.jpg,30-39,Female,White
1752.jpg,30-39,Male,Indian
1753.jpg,20-29,Male,White
1754.jpg,20-29,Male,Black
1755.jpg,30-39,Female,White
1756.jpg,40-49,Female,White
1757.jpg,30-39,Male,Black
1758.jpg,30-39,Male,Black
176.jpg,30-39,Male,Indian
1760.jpg,20-29,Male,Black
1761.jpg,40-49,Male,Indian
1762.jpg,20-29,Female,Black
1763.jpg,20-29,Male,White
1764.jpg,30-39,Female,White
1765.jpg,30-39,Female,White
1766.jpg,30-39,Male,Indian
1767.jpg,30-39,Male,White
1768.jpg,30-39,Female,Asian
1769.jpg,20-29,Female,Asian
177.jpg,30-39,Female,White
1770.jpg,30-39,Female,Indian
1771.jpg,30-39,Male,Asian
1772.jpg,30-39,Male,White
1773.jpg,20-29,Male,Asian
1774.jpg,20-29,Female,Indian
1775.jpg,30-39,Male,Indian
1776.jpg,20-29,Male,White
1777.jpg,30-39,Female,Indian
1778.jpg,30-39,Female,White
1779.jpg,30-39,Female,Indian
178.jpg,30-39,Female,Indian
1780.jpg,30-39,Female,White
1781.jpg,20-29,Female,Indian
1782.jpg,30-39,Female,White
1783.jpg,30-39,Female,Indian
1784.jpg,30-39,Female,White
1785.jpg,30-39,Female,Asian
1786.jpg,30-39,Female,Asian
1787.jpg,30-39,Female,White
1788.jpg,30-39,Female,Black
1789.jpg,30-39,Male,Black
179.jpg,20-29,Male,Black
1790.jpg,30-39,Male,Indian
1791.jpg,30-39,Female,Black
1792.jpg,30-39,Female,White
1793.jpg,30-39,Female,Indian
1795.jpg,30-39,Female,Indian
1796.jpg,30-39,Male,Indian
1797.jpg,30-39,Female,Indian
1798.jpg,30-39,Female,Indian
1799.jpg,30-39,Female,Indian
18.jpg,30-39,Male,White
180.jpg,20-29,Male,Black
1800.jpg,20-29,Female,Indian
1801.jpg,30-39,Female,Indian
1802.jpg,30-39,Female,Indian
1803.jpg,30-39,Female,Indian
1804.jpg,30-39,Female,Indian
1805.jpg,30-39,Female,White
1806.jpg,30-39,Male,White
1807.jpg,30-39,Female,Indian
1808.jpg,30-39,Male,White
1809.jpg,20-29,Female,Asian
181.jpg,30-39,Female,White
1810.jpg,30-39,Male,White
1811.jpg,30-39,Male,Asian
1812.jpg,30-39,Female,White
1813.jpg,20-29,Female,White
1814.jpg,30-39,Female,Indian
1815.jpg,20-29,Female,Indian
1816.jpg,20-29,Female,White
1817.jpg,30-39,Female,White
1818.jpg,30-39,Female,White
1819.jpg,30-39,Female,White
182.jpg,30-39,Female,White
1820.jpg,30-39,Female,White
1821.jpg,20-29,Female,Indian
1822.jpg,30-39,Male,Black
1823.jpg,30-39,Female,Black
1824.jpg,20-29,Male,White
1825.jpg,30-39,Female,Indian
1826.jpg,30-39,Male,Asian
1827.jpg,30-39,Female,Asian
1828.jpg,20-29,Male,Black
1829.jpg,20-29,Female,Indian
183.jpg,20-29,Male,Black
1830.jpg,20-29,Male,Black
1831.jpg,30-39,Male,Black
1832.jpg,20-29,Male,Black
1833.jpg,30-39,Male,Indian
1834.jpg,50-59,Male,White
1835.jpg,40-49,Male,White
1837.jpg,30-39,Male,Black
1838.jpg,30-39,Male,Asian
1839.jpg,20-29,Male,Indian
184.jpg,20-29,Male,White
1840.jpg,30-39,Male,Black
1841.jpg,20-29,Male,White
1842.jpg,30-39,Male,Indian
1843.jpg,20-29,Male,Black
1844.jpg,20-29,Male,White
1845.jpg,40-49,Male,Indian
1846.jpg,30-39,Male,White
1847.jpg,40-49,Male,Indian
1848.jpg,30-39,Male,Indian
1849.jpg,40-49,Male,Indian
185.jpg,20-29,Male,White
1850.jpg,50-59,Female,White
1851.jpg,30-39,Female,Asian
1852.jpg,20-29,Male,Asian
1853.jpg,40-49,Female,White
1854.jpg,30-39,Female,Black
1855.jpg,30-39,Male,White
1856.jpg,20-29,Male,Black
1857.jpg,30-39,Female,White
1858.jpg,20-29,Male,White
1859.jpg,30-39,Male,Asian
186.jpg,20-29,Male,White
1861.jpg,30-39,Male,Black
1862.jpg,20-29,Female,Indian
1863.jpg,30-39,Female,Indian
1864.jpg,30-39,Female,White
1865.jpg,30-39,Female,Asian
1866.jpg,30-39,Female,Asian
1867.jpg,20-29,Male,Black
1868.jpg,20-29,Male,White
1869.jpg,30-39,Female,Asian
187.jpg,20-29,Male,Black
1871.jpg,30-39,Female,Asian
1873.jpg,20-29,Male,Asian
1874.jpg,20-29,Female,Asian
1875.jpg,30-39,Female,Indian
1876.jpg,30-39,Male,Indian
1877.jpg,40-49,Male,Indian
1878.jpg,20-29,Male,Asian
1879.jpg,30-39,Female,Indian
188.jpg,30-39,Female,Indian
1880.jpg,20-29,Male,White
1881.jpg,30-39,Male,White
1882.jpg,30-39,Female,Asian
1883.jpg,20-29,Male,Asian
1884.jpg,30-39,Female,Asian
1885.jpg,30-39,Female,Asian
1888.jpg,30-39,Female,Indian
1889.jpg,20-29,Female,Asian
189.jpg,30-39,Female,Indian
1890.jpg,30-39,Female,Asian
1891.jpg,30-39,Female,White
1892.jpg,30-39,Female,Indian
1893.jpg,30-39,Male,Asian
1894.jpg,30-39,Female,White
1895.jpg,30-39,Female,Indian
1896.jpg,30-39,Female,White
1897.jpg,30-39,Female,White
1898.jpg,30-39,Female,Indian
1899.jpg,30-39,Male,Black
19.jpg,20-29,Male,Indian
1900.jpg,30-39,Female,Indian
1901.jpg,30-39,Female,Indian
1902.jpg,20-29,Male,Indian
1903.jpg,30-39,Male,Indian
1904.jpg,20-29,Male,Indian
1905.jpg,40-49,Male,Indian
1906.jpg,30-39,Male,Asian
1907.jpg,30-39,Male,White
1908.jpg,30-39,Male,Indian
1909.jpg,30-39,Female,Indian
191.jpg,30-39,Female,Asian
1910.jpg,20-29,Female,Asian
1911.jpg,20-29,Female,Indian
1912.jpg,40-49,Male,Black
1913.jpg,30-39,Male,Indian
1914.jpg,40-49,Male,White
1915.jpg,20-29,Male,White
1916.jpg,20-29,Male,Indian
1917.jpg,30-39,Male,Indian
1918.jpg,20-29,Male,Indian
1919.jpg,20-29,Male,Indian
192.jpg,20-29,Female,Indian
1920.jpg,20-29,Male,Indian
1921.jpg,30-39,Male,White
1922.jpg,30-39,Male,Asian
1923.jpg,30-39,Female,White
1924.jpg,30-39,Female,White
1925.jpg,30-39,Female,White
1926.jpg,30-39,Female,White
1927.jpg,30-39,Female,Black
1928.jpg,30-39,Female,Asian
1929.jpg,30-39,Female,Indian
193.jpg,40-49,Female,Indian
1930.jpg,20-29,Female,Black
1931.jpg,20-29,Male,Indian
1932.jpg,30-39,Female,Asian
1933.jpg,20-29,Male,Asian
1934.jpg,30-39,Female,Asian
1935.jpg,30-39,Female,White
1936.jpg,30-39,Male,Asian
1937.jpg,20-29,Female,Indian
1938.jpg,20-29,Male,Indian
1939.jpg,30-39,Female,Indian
194.jpg,20-29,Male,Indian
1940.jpg,30-39,Female,Indian
1941.jpg,30-39,Female,Indian
1943.jpg,20-29,Female,Asian
1944.jpg,30-39,Female,White
1945.jpg,30-39,Female,Indian
1946.jpg,30-39,Female,White
1947.jpg,30-39,Female,White
1948.jpg,20-29,Female,White
1949.jpg,30-39,Male,Asian
195.jpg,30-39,Male,White
1950.jpg,40-49,Male,Indian
1951.jpg,30-39,Female,Indian
1952.jpg,30-39,Male,Asian
1953.jpg,30-39,Male,Black
1954.jpg,30-39,Female,White
1955.jpg,30-39,Male,Asian
1956.jpg,30-39,Female,Asian
1957.jpg,20-29,Female,Asian
1958.jpg,30-39,Female,White
1959.jpg,30-39,Female,Asian
196.jpg,30-39,Male,White
1960.jpg,30-39,Male,Black
1961.jpg,30-39,Male,White
1962.jpg,30-39,Female,Asian
1963.jpg,30-39,Female,Asian
1964.jpg,40-49,Male,White
1965.jpg,20-29,Female,White
1966.jpg,20-29,Male,Indian
1967.jpg,30-39,Female,Asian
1968.jpg,20-29,Female,Indian
1969.jpg,30-39,Female,Indian
197.jpg,40-49,Female,White
1970.jpg,20-29,Male,Asian
1971.jpg,20-29,Female,Indian
1972.jpg,30-39,Female,Indian
1973.jpg,20-29,Female,Asian
1974.jpg,30-39,Female,Asian
1975.jpg,30-39,Female,Asian
1976.jpg,30-39,Female,Asian
1977.jpg,30-39,Female,Indian
1978.jpg,30-39,Female,Asian
1979.jpg,20-29,Male,Indian
198.jpg,30-39,Female,Black
1980.jpg,30-39,Female,Indian
1981.jpg,30-39,Female,Indian
1982.jpg,20-29,Male,Asian
1983.jpg,20-29,Male,Asian
1984.jpg,30-39,Male,Indian
1985.jpg,30-39,Female,White
1986.jpg,50-59,Male,Indian
1987.jpg,40-49,Male,Indian
1988.jpg,40-49,Male,Asian
1989.jpg,30-39,Female,White
199.jpg,20-29,Male,Indian
1990.jpg,30-39,Female,White
1991.jpg,30-39,Female,White
1992.jpg,30-39,Female,White
1993.jpg,30-39,Female,White
1994.jpg,20-29,Female,Indian
1995.jpg,20-29,Male,Indian
1996.jpg,20-29,Male,White
1997.jpg,30-39,Female,White
1998.jpg,30-39,Female,Indian
1999.jpg,30-39,Male,White
2.jpg,30-39,Female,Indian
20.jpg,40-49,Male,Black
200.jpg,30-39,Male,Indian
2000.jpg,30-39,Female,White
2001.jpg,30-39,Female,White
2002.jpg,30-39,Female,White
2003.jpg,20-29,Male,Indian
2004.jpg,30-39,Male,White
2005.jpg,30-39,Female,Asian
2006.jpg,30-39,Female,Asian
2007.jpg,30-39,Female,Asian
2008.jpg,30-39,Female,Black
2009.jpg,30-39,Female,White
201.jpg,30-39,Female,White
2010.jpg,30-39,Female,Asian
2011.jpg,30-39,Female,Asian
2012.jpg,30-39,Male,Indian
2013.jpg,30-39,Female,Indian
2014.jpg,30-39,Female,Indian
2015.jpg,30-39,Female,Indian
2016.jpg,30-39,Female,Indian
2017.jpg,30-39,Female,White
2018.jpg,30-39,Female,White
2019.jpg,20-29,Female,Indian
202.jpg,20-29,Male,Indian
2020.jpg,30-39,Female,Indian
2021.jpg,30-39,Female,White
2022.jpg,30-39,Male,Asian
2023.jpg,30-39,Male,Indian
2024.jpg,20-29,Male,Indian
2025.jpg,20-29,Female,Indian
2026.jpg,30-39,Female,Indian
2027.jpg,30-39,Female,Indian
2028.jpg,20-29,Female,Indian
2029.jpg,30-39,Male,White
203.jpg,20-29,Male,Indian
2030.jpg,20-29,Female,Indian
2031.jpg,30-39,Female,Indian
2032.jpg,20-29,Male,White
2033.jpg,30-39,Female,Black
2034.jpg,30-39,Female,Indian
2035.jpg,20-29,Female,Asian
2036.jpg,20-29,Female,Asian
2037.jpg,30-39,Female,Asian
2038.jpg,20-29,Male,Asian
2039.jpg,40-49,Female,White
204.jpg,20-29,Male,Black
2040.jpg,30-39,Female,Black
2041.jpg,30-39,Female,White
2042.jpg,20-29,Male,Asian
2043.jpg,30-39,Male,Asian
2044.jpg,20-29,Male,Black
2045.jpg,30-39,Female,Indian
2046.jpg,20-29,Male,Black
2047.jpg,30-39,Male,Black
2048.jpg,20-29,Male,Asian
2049.jpg,20-29,Female,Black
205.jpg,30-39,Male,White
2050.jpg,20-29,Male,Black
2051.jpg,20-29,Male,Black
2052.jpg,20-29,Female,White
2053.jpg,30-39,Female,Indian
2054.jpg,30-39,Female,Indian
2055.jpg,20-29,Female,White
2056.jpg,30-39,Male,White
2057.jpg,30-39,Female,Indian
2058.jpg,30-39,Female,White
2059.jpg,20-29,Female,Black
2060.jpg,20-29,Female,White
2061.jpg,30-39,Female,Indian
2062.jpg,30-39,Male,Indian
2063.jpg,20-29,Female,Indian
2064.jpg,30-39,Female,Indian
2065.jpg,30-39,Female,Indian
2066.jpg,30-39,Male,White
2067.jpg,20-29,Male,White
2068.jpg,30-39,Male,Indian
2069.jpg,30-39,Female,White
207.jpg,20-29,Male,White
2070.jpg,30-39,Female,White
2071.jpg,20-29,Male,Indian
2072.jpg,30-39,Male,Indian
2073.jpg,30-39,Female,Asian
2074.jpg,20-29,Male,Black
2075.jpg,20-29,Male,Indian
2076.jpg,20-29,Male,Asian
2077.jpg,40-49,Female,Indian
2078.jpg,30-39,Male,White
2079.jpg,20-29,Female,Indian
208.jpg,20-29,Male,Indian
2080.jpg,30-39,Female,Asian
2082.jpg,30-39,Female,Black
2083.jpg,30-39,Male,Black
2084.jpg,30-39,Female,Asian
2085.jpg,30-39,Female,White
2086.jpg,30-39,Female,Indian
2087.jpg,30-39,Female,White
2088.jpg,30-39,Female,Indian
2089.jpg,30-39,Male,Asian
209.jpg,30-39,Male,Indian
2090.jpg,30-39,Female,Asian
2091.jpg,20-29,Male,Black
2092.jpg,30-39,Female,White
2093.jpg,30-39,Female,White
2094.jpg,30-39,Female,Indian
2095.jpg,30-39,Female,Black
2096.jpg,30-39,Female,Indian
2097.jpg,30-39,Female,Asian
2098.jpg,30-39,Female,Black
2099.jpg,30-39,Female,White
21.jpg,30-39,Male,Black
210.jpg,30-39,Male,Asian
2100.jpg,30-39,Female,White
2101.jpg,30-39,Male,Black
2102.jpg,30-39,Male,White
2103.jpg,20-29,Female,Black
2104.jpg,30-39,Male,Black
2105.jpg,20-29,Female,White
2106.jpg,20-29,Female,Black
2107.jpg,30-39,Female,Asian
2108.jpg,20-29,Female,White
2109.jpg,40-49,Male,White
211.jpg,20-29,Male,Indian
2110.jpg,20-29,Male,Indian
2111.jpg,30-39,Male,Asian
2112.jpg,40-49,Male,Indian
2113.jpg,40-49,Male,Indian
2114.jpg,40-49,Male,Indian
2115.jpg,20-29,Male,Black
2116.jpg,30-39,Female,White
2117.jpg,30-39,Female,White
2118.jpg,20-29,Female,Indian
2119.jpg,30-39,Male,White
212.jpg,20-29,Male,Indian
2120.jpg,20-29,Female,Black
2121.jpg,20-29,Male,White
2122.jpg,30-39,Female,Indian
2123.jpg,30-39,Female,White
2124.jpg,30-39,Female,Indian
2125.jpg,20-29,Female,Indian
2126.jpg,40-49,Male,White
2127.jpg,20-29,Male,Indian
2128.jpg,30-39,Female,Indian
2129.jpg,30-39,Female,Indian
213.jpg,30-39,Male,White
2130.jpg,30-39,Male,Indian
2131.jpg,30-39,Male,Indian
2132.jpg,30-39,Male,Indian
2133.jpg,40-49,Male,Indian
2134.jpg,20-29,Female,Indian
2135.jpg,20-29,Male,Asian
2136.jpg,20-29,Female,Indian
2137.jpg,30-39,Female,White
2138.jpg,20-29,Female,White
2139.jpg,30-39,Female,Indian
214.jpg,30-39,Male,Indian
2140.jpg,30-39,Female,Indian
2141.jpg,30-39,Female,Indian
2142.jpg,30-39,Female,White
2143.jpg,20-29,Female,Indian
2144.jpg,30-39,Female,Indian
2145.jpg,30-39,Female,Indian
2146.jpg,30-39,Female,Indian
2147.jpg,30-39,Male,Indian
2148.jpg,30-39,Male,Indian
2149.jpg,30-39,Male,White
215.jpg,30-39,Female,Asian
2150.jpg,20-29,Male,Indian
2151.jpg,20-29,Male,Indian
2152.jpg,30-39,Female,White
2153.jpg,30-39,Female,White
2154.jpg,30-39,Female,Black
2155.jpg,30-39,Male,Indian
2156.jpg,20-29,Male,White
2157.jpg,20-29,Male,White
2158.jpg,20-29,Male,Black
2159.jpg,30-39,Female,White
216.jpg,20-29,Male,Asian
2160.jpg,40-49,Male,White
2161.jpg,20-29,Male,Black
2162.jpg,30-39,Male,White
2163.jpg,40-49,Male,White
2164.jpg,30-39,Male,White
2165.jpg,20-29,Male,Black
2166.jpg,40-49,Male,Black
2167.jpg,30-39,Male,White
2168.jpg,20-29,Male,White
2169.jpg,30-39,Male,White
217.jpg,30-39,Female,White
2170.jpg,20-29,Male,White
2171.jpg,30-39,Female,White
2172.jpg,30-39,Female,White
2173.jpg,30-39,Female,Asian
2174.jpg,30-39,Female,White
2175.jpg,20-29,Female,Asian
2176.jpg,30-39,Male,Indian
2177.jpg,20-29,Male,Asian
2178.jpg,30-39,Female,Indian
2179.jpg,30-39,Female,Black
218.jpg,40-49,Male,Black
2180.jpg,30-39,Female,White
2181.jpg,30-39,Female,Black
2182.jpg,20-29,Male,Black
2183.jpg,30-39,Female,Black
2184.jpg,30-39,Female,White
2185.jpg,30-39,Female,White
2186.jpg,30-39,Male,White
2187.jpg,30-39,Male,Asian
2189.jpg,30-39,Female,White
219.jpg,20-29,Male,Indian
2190.jpg,30-39,Female,White
2191.jpg,20-29,Female,White
2192.jpg,20-29,Male,Black
2193.jpg,30-39,Male,Black
2194.jpg,30-39,Male,White
2195.jpg,20-29,Male,White
2196.jpg,40-49,Male,White
2197.jpg,30-39,Male,Black
2198.jpg,40-49,Male,White
2199.jpg,30-39,Male,White
22.jpg,30-39,Female,Black
220.jpg,30-39,Female,Indian
2200.jpg,30-39,Female,White
2201.jpg,30-39,Female,White
2202.jpg,20-29,Male,White
2203.jpg,30-39,Female,Indian
2204.jpg,30-39,Female,White
2205.jpg,30-39,Male,Indian
2206.jpg,30-39,Female,Indian
2207.jpg,30-39,Female,Indian
2208.jpg,30-39,Female,Black
2209.jpg,30-39,Female,Asian
221.jpg,50-59,Male,Indian
2210.jpg,30-39,Female,Black
2211.jpg,20-29,Male,Black
2212.jpg,30-39,Male,Indian
2213.jpg,50-59,Male,Indian
2214.jpg,30-39,Female,Indian
2215.jpg,20-29,Female,White
2216.jpg,20-29,Male,Indian
2218.jpg,30-39,Male,Indian
2219.jpg,30-39,Male,Indian
222.jpg,30-39,Female,Asian
2221.jpg,30-39,Male,Indian
2222.jpg,30-39,Male,Indian
2223.jpg,30-39,Male,Indian
2224.jpg,20-29,Male,Indian
2225.jpg,20-29,Male,Indian
2226.jpg,30-39,Female,White
2227.jpg,30-39,Male,White
2228.jpg,30-39,Female,Indian
2229.jpg,40-49,Male,Indian
223.jpg,30-39,Male,Indian
2230.jpg,30-39,Male,Indian
2231.jpg,30-39,Female,Indian
2232.jpg,40-49,Male,Indian
2233.jpg,20-29,Male,Black
2234.jpg,30-39,Female,White
2235.jpg,30-39,Female,Indian
2236.jpg,30-39,Male,Indian
2237.jpg,40-49,Male,White
2238.jpg,20-29,Male,Indian
2239.jpg,30-39,Female,Indian
224.jpg,30-39,Female,White
2240.jpg,30-39,Male,White
2241.jpg,20-29,Male,Indian
2242.jpg,30-39,Female,Indian
2243.jpg,30-39,Female,Indian
2244.jpg,20-29,Female,White
2245.jpg,20-29,Female,White
2246.jpg,20-29,Female,Asian
2247.jpg,30-39,Male,Indian
2248.jpg,30-39,Male,Indian
2249.jpg,30-39,Male,White
225.jpg,20-29,Female,Asian
2250.jpg,30-39,Male,Indian
2251.jpg,30-39,Female,White
2252.jpg,30-39,Female,White
2253.jpg,20-29,Male,Black
2254.jpg,30-39,Male,White
2255.jpg,50-59,Male,White
2256.jpg,20-29,Male,White
2257.jpg,30-39,Female,Indian
2258.jpg,30-39,Female,White
2259.jpg,40-49,Male,Indian
226.jpg,60-69,Male,Asian
2260.jpg,30-39,Male,White
2262.jpg,20-29,Male,Asian
2263.jpg,30-39,Female,Asian
2264.jpg,20-29,Female,Asian
2265.jpg,30-39,Male,Asian
2266.jpg,20-29,Female,Asian
2267.jpg,30-39,Male,Asian
2268.jpg,30-39,Female,Black
2269.jpg,20-29,Male,Asian
227.jpg,20-29,Female,Black
2270.jpg,20-29,Male,Indian
2271.jpg,30-39,Male,Indian
2272.jpg,20-29,Male,Indian
2273.jpg,30-39,Female,Indian
2274.jpg,30-39,Female,Indian
2275.jpg,30-39,Male,Black
2276.jpg,30-39,Female,White
2277.jpg,30-39,Female,White
2278.jpg,30-39,Female,White
2279.jpg,30-39,Female,Asian
228.jpg,20-29,Female,White
2280.jpg,30-39,Female,Indian
2281.jpg,30-39,Female,Indian
2282.jpg,30-39,Female,Indian
2283.jpg,30-39,Male,White
2284.jpg,30-39,Male,Indian
2285.jpg,30-39,Female,Black
2286.jpg,30-39,Male,Black
2287.jpg,30-39,Male,Indian
2288.jpg,20-29,Male,Indian
229.jpg,30-39,Female,White
2290.jpg,30-39,Female,Indian
2291.jpg,20-29,Male,Indian
2292.jpg,30-39,Male,Indian
2293.jpg,40-49,Male,Indian
2294.jpg,40-49,Male,Indian
2295.jpg,20-29,Male,Indian
2296.jpg,30-39,Male,Indian
2297.jpg,30-39,Male,White
2298.jpg,20-29,Male,Indian
2299.jpg,30-39,Male,Indian
23.jpg,40-49,Male,White
230.jpg,20-29,Female,White
2300.jpg,40-49,Male,Indian
2301.jpg,30-39,Male,Indian
2302.jpg,30-39,Male,White
2303.jpg,30-39,Male,Indian
2305.jpg,30-39,Male,Indian
2306.jpg,20-29,Male,Indian
2307.jpg,40-49,Male,Indian
2308.jpg,40-49,Male,Indian
2309.jpg,40-49,Female,Indian
231.jpg,20-29,Male,White
2310.jpg,30-39,Female,Indian
2311.jpg,20-29,Female,Indian
2312.jpg,30-39,Female,Indian
2313.jpg,20-29,Male,Indian
2314.jpg,30-39,Male,Indian
2315.jpg,20-29,Male,Indian
2316.jpg,40-49,Male,Indian
2317.jpg,30-39,Male,Indian
2318.jpg,30-39,Male,White
2319.jpg,20-29,Male,Indian
232.jpg,30-39,Female,White
2320.jpg,30-39,Female,White
2321.jpg,30-39,Female,Indian
2322.jpg,20-29,Male,White
2323.jpg,30-39,Male,White
2324.jpg,30-39,Male,White
2325.jpg,50-59,Male,Asian
2326.jpg,30-39,Male,White
2327.jpg,30-39,Female,White
2328.jpg,30-39,Female,Indian
2329.jpg,40-49,Male,Indian
233.jpg,30-39,Male,Indian
2330.jpg,30-39,Female,Indian
2331.jpg,20-29,Male,Indian
2332.jpg,20-29,Male,White
2333.jpg,30-39,Female,White
2334.jpg,20-29,Male,Black
2335.jpg,20-29,Male,Black
2336.jpg,20-29,Male,Black
2337.jpg,30-39,Female,Indian
2338.jpg,30-39,Female,Indian
2339.jpg,30-39,Female,Indian
234.jpg,30-39,Female,Indian
2340.jpg,20-29,Female,White
2341.jpg,30-39,Female,Indian
2342.jpg,30-39,Female,Indian
2343.jpg,50-59,Female,Indian
2344.jpg,30-39,Female,White
2345.jpg,30-39,Female,White
2346.jpg,40-49,Female,Indian
2347.jpg,30-39,Female,Indian
2348.jpg,20-29,Male,Indian
235.jpg,20-29,Male,Indian
2350.jpg,30-39,Male,Black
2351.jpg,50-59,Male,Indian
2352.jpg,30-39,Female,Indian
2353.jpg,30-39,Male,White
2354.jpg,30-39,Female,Indian
2355.jpg,20-29,Male,Black
2356.jpg,20-29,Male,Black
2358.jpg,20-29,Female,Black
2359.jpg,30-39,Female,Black
236.jpg,20-29,Male,Asian
2360.jpg,30-39,Male,Black
2361.jpg,40-49,Male,White
2362.jpg,30-39,Male,White
2364.jpg,30-39,Female,Asian
2365.jpg,30-39,Male,White
2366.jpg,30-39,Male,White
2367.jpg,20-29,Male,Black
2368.jpg,30-39,Female,White
2369.jpg,30-39,Female,White
237.jpg,30-39,Female,Indian
2370.jpg,30-39,Female,White
2371.jpg,20-29,Male,Indian
2372.jpg,30-39,Female,Asian
2373.jpg,30-39,Female,Indian
2374.jpg,30-39,Male,White
2375.jpg,30-39,Male,Indian
2376.jpg,20-29,Female,Indian
2377.jpg,30-39,Female,White
2378.jpg,20-29,Female,White
238.jpg,30-39,Female,Asian
2380.jpg,30-39,Male,Asian
2381.jpg,40-49,Female,Asian
2382.jpg,20-29,Female,Indian
2383.jpg,30-39,Male,Black
2384.jpg,30-39,Male,White
2386.jpg,20-29,Male,Indian
2387.jpg,30-39,Female,Indian
2389.jpg,20-29,Male,Indian
239.jpg,20-29,Female,Asian
2390.jpg,30-39,Male,Asian
2391.jpg,20-29,Female,Asian
2392.jpg,30-39,Male,White
2393.jpg,20-29,Male,White
2394.jpg,30-39,Female,White
2395.jpg,30-39,Female,Asian
2396.jpg,30-39,Female,Indian
2397.jpg,30-39,Female,Indian
2398.jpg,20-29,Female,Asian
2399.jpg,20-29,Female,Indian
24.jpg,30-39,Female,Indian
240.jpg,20-29,Female,Asian
2400.jpg,30-39,Female,Asian
2401.jpg,30-39,Male,Indian
2402.jpg,30-39,Male,Indian
2403.jpg,20-29,Male,Indian
2404.jpg,30-39,Female,Indian
2405.jpg,40-49,Male,White
2406.jpg,30-39,Male,White
2407.jpg,30-39,Female,White
2408.jpg,20-29,Male,Black
2409.jpg,20-29,Male,Black
241.jpg,30-39,Female,Asian
2410.jpg,30-39,Female,Black
2411.jpg,30-39,Male,Indian
2413.jpg,30-39,Male,Indian
2414.jpg,40-49,Male,Indian
2415.jpg,30-39,Male,Indian
2416.jpg,20-29,Male,Indian
2417.jpg,40-49,Female,White
2418.jpg,30-39,Female,Indian
2419.jpg,30-39,Female,Asian
242.jpg,30-39,Male,White
2420.jpg,30-39,Female,Asian
2421.jpg,40-49,Male,White
2422.jpg,30-39,Male,Black
2423.jpg,30-39,Female,Indian
2424.jpg,20-29,Male,Black
2425.jpg,20-29,Male,White
2426.jpg,30-39,Male,Indian
2427.jpg,20-29,Male,Black
2428.jpg,20-29,Female,White
2429.jpg,20-29,Female,White
243.jpg,30-39,Female,Asian
2430.jpg,30-39,Male,White
2431.jpg,20-29,Male,Indian
2432.jpg,30-39,Female,Asian
2433.jpg,20-29,Male,Asian
2434.jpg,20-29,Male,Black
2435.jpg,30-39,Female,White
2436.jpg,30-39,Female,White
2437.jpg,30-39,Male,Black
2438.jpg,30-39,Female,White
244.jpg,20-29,Female,White
2440.jpg,30-39,Female,White
2441.jpg,20-29,Male,Black
2442.jpg,30-39,Female,Indian
2443.jpg,30-39,Male,White
2444.jpg,30-39,Female,White
2445.jpg,20-29,Male,White
2446.jpg,30-39,Male,White
2447.jpg,30-39,Female,White
2448.jpg,30-39,Male,Asian
2449.jpg,30-39,Male,Asian
245.jpg,30-39,Female,Indian
2450.jpg,30-39,Female,Asian
2451.jpg,20-29,Male,Asian
2452.jpg,40-49,Female,Indian
2453.jpg,30-39,Male,Indian
2454.jpg,30-39,Male,Indian
2455.jpg,30-39,Male,Indian
2456.jpg,20-29,Male,Indian
2457.jpg,30-39,Male,Indian
2458.jpg,30-39,Male,Asian
2459.jpg,30-39,Female,Asian
2460.jpg,30-39,Male,Indian
2461.jpg,30-39,Male,Indian
2462.jpg,30-39,Female,Indian
2463.jpg,30-39,Female,Indian
2464.jpg,30-39,Female,Black
2465.jpg,30-39,Male,Indian
2466.jpg,20-29,Female,Asian
2467.jpg,20-29,Female,White
2468.jpg,30-39,Female,Asian
2469.jpg,30-39,Female,Asian
247.jpg,30-39,Female,White
2470.jpg,30-39,Female,Asian
2471.jpg,30-39,Female,Asian
2472.jpg,30-39,Female,Asian
2473.jpg,30-39,Female,Asian
2474.jpg,20-29,Female,Asian
2475.jpg,30-39,Male,White
2476.jpg,30-39,Male,White
2477.jpg,30-39,Female,Indian
2478.jpg,20-29,Female,Black
2479.jpg,30-39,Female,Indian
248.jpg,20-29,Male,White
2480.jpg,30-39,Male,Indian
2481.jpg,30-39,Male,White
2482.jpg,30-39,Male,Indian
2483.jpg,30-39,Male,Indian
2484.jpg,30-39,Female,Asian
2485.jpg,20-29,Male,Asian
2486.jpg,20-29,Male,Asian
2487.jpg,40-49,Male,Indian
2488.jpg,20-29,Female,Indian
2489.jpg,30-39,Female,Indian
249.jpg,20-29,Male,Asian
2490.jpg,30-39,Female,Indian
2491.jpg,20-29,Male,Asian
2492.jpg,30-39,Female,White
2493.jpg,30-39,Female,Indian
2494.jpg,30-39,Female,Indian
2495.jpg,30-39,Female,Indian
2496.jpg,30-39,Female,Indian
2497.jpg,30-39,Female,Indian
2498.jpg,30-39,Female,Indian
2499.jpg,20-29,Male,Indian
25.jpg,20-29,Female,Asian
250.jpg,30-39,Male,White
2500.jpg,30-39,Male,White
2501.jpg,30-39,Female,White
2502.jpg,20-29,Female,White
2503.jpg,30-39,Male,Black
2504.jpg,30-39,Female,White
2505.jpg,20-29,Male,Asian
2506.jpg,30-39,Male,Indian
2507.jpg,30-39,Female,White
2508.jpg,30-39,Male,White
2509.jpg,30-39,Female,Indian
251.jpg,30-39,Male,Indian
2510.jpg,30-39,Female,White
2511.jpg,30-39,Female,Indian
2512.jpg,30-39,Male,Indian
2513.jpg,30-39,Male,Indian
2514.jpg,20-29,Male,Indian
2515.jpg,20-29,Male,Indian
2516.jpg,30-39,Male,White
2518.jpg,20-29,Female,White
2519.jpg,20-29,Female,Indian
252.jpg,30-39,Male,White
2520.jpg,20-29,Male,Indian
2521.jpg,40-49,Male,Indian
2522.jpg,30-39,Male,Indian
2524.jpg,20-29,Male,Indian
2525.jpg,20-29,Male,White
2526.jpg,30-39,Male,Indian
2527.jpg,20-29,Female,Indian
2528.jpg,20-29,Female,Indian
2529.jpg,20-29,Female,Indian
253.jpg,30-39,Female,Asian
2530.jpg,30-39,Female,Indian
2531.jpg,30-39,Female,White
2532.jpg,30-39,Female,White
2533.jpg,30-39,Female,White
2534.jpg,30-39,Female,Indian
2535.jpg,30-39,Female,Black
2536.jpg,40-49,Male,Indian
2537.jpg,30-39,Female,Indian
2538.jpg,20-29,Female,White
2539.jpg,30-39,Female,Indian
254.jpg,30-39,Female,Asian
2540.jpg,30-39,Male,Indian
2541.jpg,30-39,Male,Indian
2542.jpg,40-49,Male,Asian
2543.jpg,20-29,Male,Black
2544.jpg,40-49,Male,Indian
2545.jpg,40-49,Male,Indian
2546.jpg,40-49,Male,Indian
2547.jpg,20-29,Male,Asian
2548.jpg,30-39,Female,Asian
2549.jpg,30-39,Male,White
255.jpg,30-39,Female,Asian
2550.jpg,30-39,Female,Indian
2551.jpg,30-39,Female,White
2552.jpg,30-39,Female,White
2553.jpg,20-29,Male,White
2554.jpg,20-29,Male,Asian
2555.jpg,20-29,Male,Asian
2556.jpg,20-29,Female,Asian
2557.jpg,30-39,Male,Black
2558.jpg,40-49,Male,White
2559.jpg,30-39,Female,White
256.jpg,30-39,Female,Asian
2560.jpg,30-39,Female,Asian
2561.jpg,30-39,Male,Asian
2562.jpg,40-49,Female,Asian
2563.jpg,30-39,Female,Indian
2564.jpg,20-29,Female,Asian
2565.jpg,30-39,Female,Black
2567.jpg,20-29,Male,Black
2568.jpg,20-29,Male,Indian
2569.jpg,30-39,Male,Asian
2571.jpg,30-39,Male,Asian
2572.jpg,30-39,Female,Asian
2573.jpg,30-39,Male,Asian
2574.jpg,30-39,Female,Asian
2575.jpg,30-39,Female,White
2576.jpg,20-29,Female,Black
2577.jpg,20-29,Male,Black
2578.jpg,20-29,Female,Black
2579.jpg,20-29,Male,Indian
258.jpg,30-39,Female,Asian
2580.jpg,20-29,Female,Asian
2581.jpg,30-39,Male,Indian
2582.jpg,30-39,Male,Asian
2583.jpg,20-29,Male,Asian
2584.jpg,30-39,Male,Asian
2585.jpg,30-39,Female,Asian
2586.jpg,20-29,Male,Asian
2587.jpg,20-29,Female,White
2588.jpg,30-39,Male,Indian
2589.jpg,30-39,Male,Asian
259.jpg,30-39,Female,White
2590.jpg,30-39,Female,Asian
2591.jpg,30-39,Female,White
2592.jpg,30-39,Male,Indian
2593.jpg,30-39,Male,Indian
2594.jpg,40-49,Male,White
2595.jpg,30-39,Female,Indian
2596.jpg,30-39,Female,Indian
2597.jpg,30-39,Female,White
2598.jpg,20-29,Male,Asian
2599.jpg,30-39,Male,Black
26.jpg,30-39,Female,White
260.jpg,40-49,Female,Indian
2600.jpg,40-49,Male,White
2601.jpg,30-39,Female,Black
2602.jpg,30-39,Female,Black
2603.jpg,40-49,Male,Indian
2604.jpg,30-39,Male,Indian
2605.jpg,30-39,Male,White
2606.jpg,30-39,Female,Indian
2607.jpg,30-39,Female,White
2608.jpg,40-49,Female,White
2609.jpg,30-39,Female,Indian
261.jpg,40-49,Male,Indian
2610.jpg,20-29,Male,Indian
2611.jpg,30-39,Female,White
2612.jpg,30-39,Female,Indian
2613.jpg,20-29,Male,Black
2614.jpg,20-29,Male,Black
2615.jpg,30-39,Female,Indian
2616.jpg,20-29,Female,Indian
2617.jpg,30-39,Female,White
2618.jpg,20-29,Male,Asian
2619.jpg,20-29,Female,Asian
262.jpg,30-39,Male,Indian
2620.jpg,30-39,Female,Indian
2621.jpg,20-29,Female,White
2622.jpg,30-39,Male,Indian
2623.jpg,30-39,Male,Black
2624.jpg,30-39,Female,Asian
2625.jpg,30-39,Male,Asian
2626.jpg,30-39,Male,Asian
2627.jpg,30-39,Female,Indian
2628.jpg,30-39,Female,Indian
2629.jpg,30-39,Male,White
263.jpg,30-39,Male,Indian
2630.jpg,30-39,Female,Asian
2631.jpg,30-39,Male,Asian
2632.jpg,30-39,Male,Asian
2633.jpg,30-39,Male,Indian
2634.jpg,30-39,Male,Asian
2635.jpg,20-29,Male,Asian
2636.jpg,20-29,Male,Asian
2637.jpg,30-39,Female,White
2638.jpg,30-39,Female,Black
2639.jpg,20-29,Female,Asian
264.jpg,30-39,Male,Asian
2640.jpg,20-29,Male,Asian
2641.jpg,30-39,Female,Asian
2642.jpg,30-39,Female,Asian
2643.jpg,40-49,Male,White
2644.jpg,30-39,Male,Asian
2645.jpg,30-39,Female,Indian
2646.jpg,30-39,Female,Indian
2647.jpg,30-39,Male,Black
2648.jpg,30-39,Male,Asian
2649.jpg,30-39,Male,White
265.jpg,30-39,Male,Asian
2650.jpg,20-29,Male,White
2651.jpg,20-29,Female,Indian
2652.jpg,20-29,Female,Indian
2653.jpg,40-49,Male,Indian
2654.jpg,30-39,Female,White
2655.jpg,30-39,Female,Asian
2656.jpg,20-29,Female,Asian
2657.jpg,20-29,Male,Asian
2658.jpg,30-39,Female,Asian
2659.jpg,30-39,Female,Asian
266.jpg,30-39,Female,White
2660.jpg,30-39,Female,Asian
2661.jpg,30-39,Male,White
2662.jpg,30-39,Female,White
2663.jpg,30-39,Female,Asian
2664.jpg,40-49,Male,Indian
2665.jpg,20-29,Male,Asian
2666.jpg,40-49,Female,Indian
2667.jpg,30-39,Male,White
2668.jpg,30-39,Male,White
2669.jpg,40-49,Male,Black
267.jpg,20-29,Female,Indian
2670.jpg,40-49,Male,Asian
2671.jpg,30-39,Female,White
2672.jpg,30-39,Male,White
2673.jpg,30-39,Female,White
2674.jpg,30-39,Female,Black
2675.jpg,20-29,Female,Indian
2676.jpg,30-39,Male,Asian
2677.jpg,20-29,Male,Black
2678.jpg,30-39,Male,Asian
2679.jpg,20-29,Female,Asian
268.jpg,40-49,Male,Indian
2680.jpg,30-39,Male,Asian
2681.jpg,20-29,Male,Black
2682.jpg,20-29,Male,Black
2684.jpg,20-29,Male,Black
2685.jpg,30-39,Male,Asian
2686.jpg,30-39,Male,Asian
2687.jpg,30-39,Female,Asian
2688.jpg,40-49,Male,Asian
2689.jpg,30-39,Male,White
269.jpg,30-39,Male,Indian
2690.jpg,20-29,Male,Asian
2692.jpg,30-39,Female,Black
2693.jpg,30-39,Male,Indian
2694.jpg,30-39,Female,Indian
2695.jpg,20-29,Female,White
2696.jpg,20-29,Male,Black
2697.jpg,30-39,Female,Asian
2698.jpg,30-39,Female,White
2699.jpg,30-39,Male,Black
27.jpg,30-39,Female,Indian
270.jpg,30-39,Male,Asian
2700.jpg,20-29,Female,Asian
2701.jpg,30-39,Male,Asian
2702.jpg,30-39,Female,White
2703.jpg,30-39,Female,Asian
2704.jpg,20-29,Male,Indian
2705.jpg,30-39,Female,Asian
2707.jpg,40-49,Male,White
2708.jpg,30-39,Male,Indian
2709.jpg,30-39,Female,Asian
271.jpg,20-29,Female,White
2710.jpg,20-29,Female,Asian
2711.jpg,30-39,Female,Indian
2712.jpg,20-29,Male,White
2713.jpg,30-39,Female,Asian
2714.jpg,30-39,Male,Black
2715.jpg,30-39,Female,Indian
2716.jpg,20-29,Female,Black
2717.jpg,20-29,Male,Indian
2718.jpg,30-39,Female,White
2719.jpg,30-39,Male,White
272.jpg,30-39,Male,White
2720.jpg,20-29,Male,White
2721.jpg,30-39,Female,Asian
2722.jpg,30-39,Female,Asian
2723.jpg,30-39,Female,Asian
2724.jpg,30-39,Female,Asian
2725.jpg,30-39,Female,Asian
2726.jpg,30-39,Female,Asian
2727.jpg,30-39,Female,White
2728.jpg,20-29,Male,Asian
2729.jpg,40-49,Male,White
273.jpg,30-39,Male,Indian
2730.jpg,40-49,Male,White
2731.jpg,30-39,Male,White
2732.jpg,30-39,Male,White
2733.jpg,30-39,Female,Asian
2734.jpg,30-39,Female,Asian
2735.jpg,20-29,Male,Indian
2736.jpg,30-39,Female,Indian
2737.jpg,30-39,Male,Asian
2738.jpg,20-29,Female,Asian
2739.jpg,20-29,Male,Asian
274.jpg,30-39,Male,Indian
2740.jpg,30-39,Male,Asian
2741.jpg,20-29,Female,Asian
2742.jpg,30-39,Female,Asian
2743.jpg,20-29,Female,Asian
2744.jpg,30-39,Male,White
2745.jpg,30-39,Female,Asian
2746.jpg,30-39,Male,Asian
2747.jpg,20-29,Female,Asian
2748.jpg,20-29,Male,Asian
2749.jpg,40-49,Male,Indian
275.jpg,30-39,Female,Indian
2750.jpg,40-49,Male,Indian
2751.jpg,30-39,Male,Indian
2752.jpg,30-39,Male,Asian
2753.jpg,30-39,Female,Asian
2754.jpg,30-39,Female,Asian
2755.jpg,20-29,Female,Asian
2756.jpg,20-29,Female,Asian
2757.jpg,30-39,Female,Indian
2758.jpg,20-29,Female,White
276.jpg,20-29,Male,Indian
2760.jpg,20-29,Female,Asian
2761.jpg,30-39,Female,Indian
2762.jpg,20-29,Male,Asian
2763.jpg,30-39,Female,Asian
2764.jpg,30-39,Male,Indian
2765.jpg,20-29,Female,Indian
2766.jpg,30-39,Male,White
2767.jpg,20-29,Female,Asian
2768.jpg,30-39,Male,Asian
2769.jpg,20-29,Male,Asian
277.jpg,30-39,Male,Asian
2770.jpg,30-39,Female,Asian
2771.jpg,40-49,Male,Asian
2772.jpg,30-39,Male,Asian
2773.jpg,30-39,Female,Black
2774.jpg,20-29,Male,Asian
2775.jpg,40-49,Male,Indian
2776.jpg,20-29,Male,Asian
2777.jpg,20-29,Male,Asian
2778.jpg,20-29,Male,Asian
2779.jpg,30-39,Male,Indian
278.jpg,20-29,Male,White
2780.jpg,30-39,Male,Black
2781.jpg,30-39,Female,Asian
2782.jpg,30-39,Female,Asian
2783.jpg,20-29,Male,Indian
2784.jpg,30-39,Male,Black
2785.jpg,30-39,Male,White
2786.jpg,30-39,Male,Asian
2787.jpg,30-39,Female,White
2788.jpg,20-29,Male,Black
2789.jpg,30-39,Female,White
2790.jpg,20-29,Male,White
2791.jpg,30-39,Male,White
2793.jpg,20-29,Female,Asian
2794.jpg,20-29,Female,Asian
2795.jpg,20-29,Male,Black
2796.jpg,30-39,Male,White
2797.jpg,30-39,Female,White
2798.jpg,30-39,Female,White
2799.jpg,30-39,Female,White
28.jpg,20-29,Female,White
280.jpg,30-39,Male,White
2800.jpg,30-39,Male,Black
2801.jpg,40-49,Male,White
2803.jpg,40-49,Female,Black
2804.jpg,30-39,Male,Asian
2805.jpg,30-39,Male,Black
2806.jpg,30-39,Female,White
2807.jpg,30-39,Female,Asian
2808.jpg,20-29,Female,Asian
2809.jpg,30-39,Female,Asian
281.jpg,30-39,Female,Asian
2811.jpg,30-39,Male,Black
2813.jpg,30-39,Male,Black
2814.jpg,30-39,Male,Indian
2815.jpg,30-39,Female,Black
2816.jpg,20-29,Male,Black
2817.jpg,20-29,Male,Black
2818.jpg,30-39,Male,Indian
2819.jpg,40-49,Male,Black
282.jpg,20-29,Male,White
2820.jpg,30-39,Male,White
2821.jpg,30-39,Male,Indian
2822.jpg,20-29,Male,Black
2823.jpg,30-39,Male,White
2824.jpg,30-39,Female,Black
2825.jpg,20-29,Male,Black
2826.jpg,20-29,Male,Black
2827.jpg,20-29,Male,Black
2828.jpg,40-49,Male,White
2829.jpg,30-39,Male,Black
283.jpg,30-39,Male,White
2830.jpg,20-29,Female,Asian
2831.jpg,30-39,Male,Black
2832.jpg,20-29,Female,Black
2833.jpg,30-39,Female,White
2834.jpg,20-29,Male,White
2835.jpg,30-39,Female,Asian
2836.jpg,30-39,Female,Asian
2837.jpg,30-39,Male,White
2838.jpg,20-29,Male,White
2839.jpg,20-29,Male,White
284.jpg,30-39,Male,Black
2840.jpg,20-29,Male,Asian
2841.jpg,20-29,Female,Asian
2842.jpg,20-29,Female,Indian
2843.jpg,20-29,Male,Black
2844.jpg,30-39,Male,Asian
2846.jpg,20-29,Female,White
2847.jpg,30-39,Male,Black
2848.jpg,20-29,Male,White
2849.jpg,30-39,Male,Black
285.jpg,40-49,Male,Indian
2850.jpg,40-49,Male,Asian
2851.jpg,30-39,Male,White
2852.jpg,40-49,Male,White
2853.jpg,30-39,Female,White
2855.jpg,30-39,Male,Asian
2856.jpg,20-29,Male,Asian
2857.jpg,20-29,Male,Black
2858.jpg,20-29,Male,Indian
2859.jpg,20-29,Male,Black
286.jpg,30-39,Male,White
2860.jpg,30-39,Male,Asian
2861.jpg,20-29,Male,Asian
2862.jpg,40-49,Male,Indian
2863.jpg,30-39,Male,Black
2864.jpg,30-39,Male,Asian
2865.jpg,30-39,Male,Asian
2866.jpg,30-39,Male,Asian
2867.jpg,40-49,Male,Asian
2868.jpg,40-49,Male,Asian
2869.jpg,20-29,Male,Black
287.jpg,30-39,Male,Black
2870.jpg,20-29,Male,Black
2871.jpg,20-29,Female,Black
2872.jpg,20-29,Male,Black
2873.jpg,20-29,Male,Black
2874.jpg,20-29,Male,Black
2875.jpg,30-39,Male,Black
2876.jpg,30-39,Female,Black
2877.jpg,20-29,Female,White
2878.jpg,30-39,Male,Black
2879.jpg,30-39,Male,Black
288.jpg,20-29,Male,Indian
2880.jpg,20-29,Male,Black
2881.jpg,40-49,Male,Asian
2884.jpg,30-39,Male,White
2885.jpg,30-39,Male,Black
2886.jpg,20-29,Male,Black
2888.jpg,30-39,Male,Black
2889.jpg,30-39,Female,Indian
289.jpg,20-29,Male,Asian
2890.jpg,20-29,Female,Black
2891.jpg,40-49,Male,White
2892.jpg,30-39,Female,Asian
2893.jpg,30-39,Male,White
2894.jpg,30-39,Female,Asian
2895.jpg,30-39,Female,Asian
2896.jpg,30-39,Male,White
2897.jpg,30-39,Female,Asian
2898.jpg,30-39,Female,Indian
2899.jpg,30-39,Male,Black
29.jpg,20-29,Female,White
290.jpg,40-49,Male,White
2900.jpg,50-59,Male,Indian
2901.jpg,30-39,Male,White
2902.jpg,30-39,Female,White
2903.jpg,30-39,Female,White
2904.jpg,30-39,Female,White
2905.jpg,30-39,Female,White
2906.jpg,20-29,Female,White
2907.jpg,30-39,Female,Asian
2908.jpg,30-39,Female,Asian
2909.jpg,20-29,Male,White
291.jpg,30-39,Male,White
2910.jpg,30-39,Male,Indian
2911.jpg,20-29,Male,Indian
2912.jpg,20-29,Male,Indian
2913.jpg,20-29,Male,Indian
2914.jpg,20-29,Male,Indian
2915.jpg,30-39,Male,White
2916.jpg,30-39,Male,Indian
2917.jpg,20-29,Male,Indian
2919.jpg,50-59,Male,Black
292.jpg,30-39,Male,White
2920.jpg,30-39,Female,White
2921.jpg,30-39,Female,White
2922.jpg,40-49,Female,Asian
2923.jpg,30-39,Female,Asian
2924.jpg,30-39,Female,Asian
2925.jpg,40-49,Male,White
2926.jpg,30-39,Male,White
2927.jpg,30-39,Female,Asian
2928.jpg,30-39,Male,White
2929.jpg,30-39,Male,White
293.jpg,30-39,Female,Asian
2930.jpg,30-39,Female,White
2931.jpg,40-49,Male,Black
2932.jpg,30-39,Female,Indian
2933.jpg,20-29,Male,Black
2934.jpg,40-49,Male,White
2935.jpg,30-39,Male,Asian
2936.jpg,30-39,Male,Asian
2937.jpg,30-39,Female,Asian
2938.jpg,20-29,Female,Asian
2939.jpg,20-29,Female,Asian
294.jpg,30-39,Male,Black
2940.jpg,30-39,Male,White
2941.jpg,30-39,Female,Asian
2942.jpg,30-39,Female,Asian
2943.jpg,30-39,Female,White
2944.jpg,20-29,Male,Indian
2945.jpg,30-39,Male,Indian
2946.jpg,40-49,Male,Indian
2947.jpg,30-39,Male,Asian
2948.jpg,20-29,Male,White
2949.jpg,20-29,Male,White
295.jpg,30-39,Male,Indian
2950.jpg,30-39,Female,Indian
2951.jpg,30-39,Male,White
2952.jpg,30-39,Female,Indian
2953.jpg,20-29,Female,Asian
2954.jpg,30-39,Male,White
2955.jpg,30-39,Female,Asian
2956.jpg,20-29,Male,Asian
2957.jpg,20-29,Male,Asian
2958.jpg,30-39,Female,Asian
2959.jpg,20-29,Female,Asian
296.jpg,20-29,Male,Asian
2960.jpg,30-39,Female,White
2961.jpg,20-29,Male,Black
2962.jpg,10-19,Male,Asian
2964.jpg,20-29,Male,Indian
2965.jpg,30-39,Female,White
2966.jpg,30-39,Female,Black
2967.jpg,30-39,Male,Asian
2968.jpg,30-39,Male,Asian
2969.jpg,20-29,Male,Asian
297.jpg,30-39,Female,White
2970.jpg,30-39,Male,Asian
2971.jpg,30-39,Female,White
2972.jpg,30-39,Female,Indian
2973.jpg,30-39,Female,Black
2974.jpg,30-39,Female,Black
2975.jpg,40-49,Male,Asian
2976.jpg,30-39,Female,Asian
2977.jpg,20-29,Female,Asian
2978.jpg,30-39,Female,Asian
2979.jpg,30-39,Male,Asian
298.jpg,40-49,Female,White
2980.jpg,30-39,Female,White
2981.jpg,30-39,Female,Asian
2982.jpg,30-39,Female,White
2984.jpg,20-29,Male,Asian
2985.jpg,30-39,Female,Asian
2986.jpg,30-39,Male,Asian
2987.jpg,20-29,Female,Asian
2988.jpg,30-39,Female,Asian
2989.jpg,30-39,Male,Asian
299.jpg,30-39,Female,Asian
2990.jpg,20-29,Male,Asian
2991.jpg,20-29,Male,Asian
2992.jpg,20-29,Male,Asian
2993.jpg,20-29,Male,Asian
2994.jpg,30-39,Female,Black
2995.jpg,30-39,Male,Black
2996.jpg,30-39,Male,White
2997.jpg,30-39,Male,Black
2998.jpg,30-39,Female,Asian
3.jpg,20-29,Male,Indian
30.jpg,30-39,Male,Black
300.jpg,30-39,Female,Asian
3000.jpg,40-49,Male,White
301.jpg,20-29,Female,Asian
302.jpg,30-39,Male,Black
303.jpg,30-39,Female,White
304.jpg,30-39,Female,White
305.jpg,30-39,Female,White
306.jpg,20-29,Female,Indian
307.jpg,30-39,Male,Indian
308.jpg,20-29,Male,Indian
309.jpg,30-39,Male,Indian
31.jpg,20-29,Male,Black
310.jpg,40-49,Male,Black
311.jpg,30-39,Male,Indian
312.jpg,30-39,Female,Asian
313.jpg,20-29,Male,White
315.jpg,30-39,Female,Indian
316.jpg,20-29,Male,Black
317.jpg,20-29,Male,Black
319.jpg,20-29,Male,Black
320.jpg,30-39,Male,Black
321.jpg,20-29,Male,Black
322.jpg,20-29,Male,Black
323.jpg,30-39,Male,Black
324.jpg,50-59,Male,White
325.jpg,20-29,Male,Asian
326.jpg,30-39,Female,Indian
327.jpg,30-39,Female,Asian
328.jpg,20-29,Female,Indian
33.jpg,20-29,Female,White
330.jpg,20-29,Female,Asian
331.jpg,20-29,Male,Indian
332.jpg,30-39,Female,Asian
333.jpg,20-29,Female,Asian
334.jpg,30-39,Male,White
335.jpg,40-49,Male,White
336.jpg,20-29,Female,Black
337.jpg,20-29,Male,Black
338.jpg,30-39,Male,Black
339.jpg,50-59,Male,Indian
34.jpg,30-39,Female,White
340.jpg,40-49,Male,Indian
341.jpg,20-29,Female,White
342.jpg,30-39,Male,Black
343.jpg,30-39,Male,Black
344.jpg,20-29,Male,Black
345.jpg,30-39,Male,White
346.jpg,20-29,Male,White
348.jpg,20-29,Male,White
349.jpg,20-29,Male,White
35.jpg,20-29,Female,White
350.jpg,20-29,Male,White
351.jpg,20-29,Female,White
352.jpg,30-39,Female,White
353.jpg,40-49,Male,White
354.jpg,20-29,Male,White
355.jpg,30-39,Female,Indian
356.jpg,20-29,Male,Black
357.jpg,20-29,Male,Indian
358.jpg,30-39,Male,Black
359.jpg,20-29,Female,White
36.jpg,20-29,Female,Indian
360.jpg,30-39,Female,Asian
361.jpg,30-39,Female,Indian
362.jpg,20-29,Male,White
363.jpg,40-49,Male,White
365.jpg,20-29,Female,White
366.jpg,30-39,Male,Indian
367.jpg,20-29,Male,Indian
368.jpg,30-39,Male,Indian
369.jpg,30-39,Male,Black
37.jpg,20-29,Male,Indian
371.jpg,20-29,Male,Indian
372.jpg,50-59,Female,White
373.jpg,30-39,Female,Asian
374.jpg,20-29,Female,Asian
375.jpg,20-29,Male,Black
376.jpg,30-39,Female,Asian
377.jpg,30-39,Male,White
378.jpg,20-29,Male,Black
379.jpg,20-29,Male,Asian
380.jpg,20-29,Female,White
381.jpg,20-29,Female,Indian
382.jpg,20-29,Female,Black
383.jpg,20-29,Female,Black
384.jpg,20-29,Male,White
385.jpg,30-39,Female,Black
386.jpg,20-29,Female,Black
387.jpg,30-39,Male,Black
388.jpg,30-39,Male,Black
39.jpg,20-29,Male,Indian
390.jpg,30-39,Female,Indian
391.jpg,20-29,Female,White
392.jpg,30-39,Female,Indian
393.jpg,30-39,Female,Black
394.jpg,30-39,Female,Indian
395.jpg,30-39,Female,Indian
396.jpg,20-29,Male,White
397.jpg,30-39,Male,White
398.jpg,30-39,Female,White
399.jpg,20-29,Female,White
4.jpg,20-29,Male,Asian
40.jpg,40-49,Male,White
400.jpg,20-29,Male,Black
401.jpg,20-29,Female,Black
402.jpg,20-29,Male,Black
403.jpg,40-49,Male,White
404.jpg,20-29,Male,White
405.jpg,40-49,Female,White
406.jpg,30-39,Female,White
407.jpg,30-39,Female,Indian
408.jpg,40-49,Female,White
409.jpg,30-39,Female,Asian
41.jpg,40-49,Male,Indian
410.jpg,30-39,Male,Black
411.jpg,20-29,Female,White
412.jpg,20-29,Female,Asian
413.jpg,20-29,Female,White
414.jpg,20-29,Female,Asian
415.jpg,30-39,Female,Asian
416.jpg,20-29,Female,Asian
417.jpg,20-29,Male,Black
418.jpg,30-39,Male,White
419.jpg,40-49,Male,White
42.jpg,30-39,Male,Indian
420.jpg,50-59,Male,White
421.jpg,30-39,Male,White
422.jpg,20-29,Male,White
423.jpg,20-29,Male,Black
424.jpg,30-39,Female,Asian
425.jpg,30-39,Male,White
426.jpg,20-29,Male,Indian
427.jpg,30-39,Male,Asian
428.jpg,40-49,Female,White
429.jpg,20-29,Male,Asian
43.jpg,20-29,Male,Black
430.jpg,40-49,Male,White
431.jpg,40-49,Male,White
432.jpg,20-29,Male,Indian
433.jpg,20-29,Male,Black
434.jpg,30-39,Male,Indian
435.jpg,30-39,Female,White
436.jpg,50-59,Female,White
437.jpg,30-39,Male,Asian
438.jpg,30-39,Female,Asian
439.jpg,30-39,Female,Indian
44.jpg,30-39,Male,White
440.jpg,40-49,Male,Indian
441.jpg,30-39,Female,Indian
442.jpg,20-29,Female,White
443.jpg,30-39,Male,White
445.jpg,30-39,Female,Asian
446.jpg,30-39,Female,Asian
447.jpg,20-29,Female,Asian
448.jpg,40-49,Male,Indian
449.jpg,40-49,Male,Black
45.jpg,30-39,Female,Asian
450.jpg,30-39,Male,Black
451.jpg,20-29,Female,Asian
452.jpg,30-39,Female,Asian
453.jpg,30-39,Female,White
454.jpg,20-29,Female,Indian
455.jpg,30-39,Female,Asian
456.jpg,30-39,Female,Asian
457.jpg,30-39,Female,Asian
458.jpg,30-39,Female,Asian
459.jpg,30-39,Male,Indian
46.jpg,20-29,Female,Asian
460.jpg,30-39,Female,Asian
461.jpg,20-29,Female,Asian
462.jpg,30-39,Female,White
463.jpg,20-29,Male,Asian
464.jpg,30-39,Male,Asian
465.jpg,30-39,Male,White
466.jpg,30-39,Female,Asian
467.jpg,40-49,Male,Indian
468.jpg,20-29,Male,Asian
469.jpg,30-39,Male,Asian
47.jpg,40-49,Male,Asian
470.jpg,30-39,Male,White
471.jpg,20-29,Male,White
472.jpg,20-29,Female,White
473.jpg,30-39,Male,Asian
474.jpg,30-39,Female,Asian
475.jpg,30-39,Male,Asian
476.jpg,30-39,Female,Asian
477.jpg,20-29,Male,Asian
478.jpg,30-39,Male,Asian
479.jpg,30-39,Male,Black
48.jpg,30-39,Male,Asian
480.jpg,20-29,Male,Black
481.jpg,30-39,Female,Asian
482.jpg,30-39,Female,Black
483.jpg,20-29,Female,Black
484.jpg,30-39,Male,Black
485.jpg,30-39,Female,Indian
486.jpg,30-39,Male,Black
487.jpg,40-49,Male,White
488.jpg,20-29,Male,Black
489.jpg,30-39,Male,White
49.jpg,30-39,Female,Black
490.jpg,40-49,Female,White
491.jpg,30-39,Male,Indian
492.jpg,20-29,Male,Indian
493.jpg,30-39,Male,Black
495.jpg,30-39,Female,White
496.jpg,30-39,Male,Indian
497.jpg,30-39,Male,Black
498.jpg,30-39,Female,Indian
499.jpg,30-39,Female,Black
5.jpg,30-39,Female,Indian
50.jpg,30-39,Female,White
500.jpg,30-39,Female,Black
501.jpg,30-39,Female,White
502.jpg,20-29,Female,White
503.jpg,30-39,Male,White
504.jpg,30-39,Male,White
505.jpg,30-39,Female,Asian
506.jpg,30-39,Female,White
507.jpg,30-39,Female,White
508.jpg,30-39,Male,Indian
509.jpg,20-29,Male,Black
51.jpg,30-39,Male,Indian
510.jpg,20-29,Male,Indian
511.jpg,40-49,Male,Asian
512.jpg,20-29,Male,White
513.jpg,30-39,Female,Indian
514.jpg,20-29,Female,Indian
515.jpg,40-49,Male,White
516.jpg,30-39,Male,White
517.jpg,20-29,Male,Black
518.jpg,20-29,Male,Black
519.jpg,30-39,Male,Asian
52.jpg,30-39,Female,White
520.jpg,30-39,Male,Black
521.jpg,20-29,Male,Black
522.jpg,20-29,Female,Black
523.jpg,30-39,Female,Asian
524.jpg,20-29,Male,Black
526.jpg,20-29,Male,Black
527.jpg,20-29,Male,White
528.jpg,20-29,Female,Indian
529.jpg,30-39,Male,White
53.jpg,30-39,Male,Indian
530.jpg,30-39,Female,Asian
531.jpg,30-39,Male,White
532.jpg,20-29,Female,Indian
533.jpg,30-39,Male,Indian
534.jpg,30-39,Male,White
535.jpg,20-29,Female,Asian
536.jpg,20-29,Male,Indian
537.jpg,20-29,Male,Asian
538.jpg,20-29,Male,Asian
539.jpg,20-29,Female,White
54.jpg,30-39,Male,Black
540.jpg,20-29,Male,White
541.jpg,20-29,Male,Black
542.jpg,30-39,Male,Black
543.jpg,30-39,Male,Black
544.jpg,20-29,Male,White
545.jpg,30-39,Male,Indian
546.jpg,30-39,Female,Black
547.jpg,20-29,Female,Black
548.jpg,30-39,Female,Asian
549.jpg,20-29,Female,Asian
55.jpg,30-39,Male,Asian
550.jpg,20-29,Male,White
551.jpg,20-29,Male,White
552.jpg,20-29,Male,Indian
554.jpg,30-39,Male,Asian
555.jpg,30-39,Female,Asian
556.jpg,20-29,Female,White
557.jpg,30-39,Female,White
558.jpg,30-39,Male,Indian
559.jpg,30-39,Male,Indian
56.jpg,20-29,Male,White
560.jpg,30-39,Male,Black
561.jpg,40-49,Male,White
562.jpg,30-39,Female,White
563.jpg,30-39,Male,Indian
564.jpg,30-39,Male,Black
566.jpg,20-29,Female,Indian
567.jpg,30-39,Female,White
568.jpg,30-39,Male,Black
569.jpg,20-29,Female,Indian
57.jpg,30-39,Female,White
570.jpg,30-39,Female,White
571.jpg,20-29,Male,White
572.jpg,30-39,Male,White
573.jpg,40-49,Male,Indian
574.jpg,20-29,Male,Asian
575.jpg,20-29,Male,Asian
576.jpg,30-39,Male,White
578.jpg,20-29,Male,Asian
579.jpg,30-39,Male,Asian
58.jpg,30-39,Male,White
580.jpg,20-29,Female,Indian
581.jpg,30-39,Female,Black
582.jpg,20-29,Female,Black
583.jpg,40-49,Female,Indian
584.jpg,30-39,Male,Black
585.jpg,30-39,Female,Black
586.jpg,30-39,Female,Indian
587.jpg,40-49,Male,Indian
588.jpg,30-39,Female,White
589.jpg,30-39,Female,Indian
59.jpg,20-29,Male,Black
590.jpg,20-29,Male,Indian
591.jpg,30-39,Female,White
592.jpg,30-39,Female,Indian
593.jpg,40-49,Female,Indian
594.jpg,20-29,Male,White
595.jpg,30-39,Female,Indian
596.jpg,30-39,Female,White
597.jpg,20-29,Female,White
598.jpg,20-29,Female,Indian
599.jpg,20-29,Female,Indian
6.jpg,20-29,Male,White
60.jpg,30-39,Female,Asian
600.jpg,20-29,Male,Black
601.jpg,20-29,Male,Black
602.jpg,20-29,Male,White
603.jpg,30-39,Male,Indian
604.jpg,30-39,Male,Black
605.jpg,30-39,Male,Black
606.jpg,20-29,Male,Black
607.jpg,40-49,Male,Indian
608.jpg,30-39,Female,White
609.jpg,30-39,Female,White
61.jpg,30-39,Female,White
610.jpg,40-49,Male,Asian
611.jpg,30-39,Female,Asian
612.jpg,20-29,Female,Indian
614.jpg,20-29,Male,Black
615.jpg,20-29,Male,Black
616.jpg,40-49,Male,Black
617.jpg,30-39,Male,Black
618.jpg,20-29,Male,Black
619.jpg,20-29,Male,Black
62.jpg,30-39,Female,Indian
620.jpg,20-29,Male,Black
621.jpg,20-29,Male,White
622.jpg,30-39,Male,Indian
623.jpg,20-29,Male,Black
624.jpg,30-39,Male,Indian
625.jpg,30-39,Male,White
626.jpg,30-39,Male,Asian
627.jpg,20-29,Male,Asian
628.jpg,30-39,Female,Indian
629.jpg,30-39,Male,White
63.jpg,30-39,Male,White
630.jpg,30-39,Female,Indian
631.jpg,30-39,Male,White
632.jpg,30-39,Male,White
633.jpg,20-29,Female,White
634.jpg,30-39,Male,Asian
635.jpg,20-29,Male,Black
636.jpg,30-39,Female,Asian
637.jpg,20-29,Female,Asian
638.jpg,20-29,Male,Indian
639.jpg,30-39,Male,Black
64.jpg,30-39,Female,White
640.jpg,50-59,Male,White
641.jpg,30-39,Male,White
642.jpg,30-39,Male,White
643.jpg,30-39,Female,Indian
644.jpg,30-39,Female,Indian
645.jpg,30-39,Female,Indian
646.jpg,30-39,Female,Asian
647.jpg,30-39,Female,Indian
648.jpg,20-29,Male,Black
649.jpg,30-39,Female,White
65.jpg,30-39,Male,Indian
650.jpg,40-49,Female,Indian
651.jpg,30-39,Female,Indian
652.jpg,30-39,Female,White
653.jpg,20-29,Male,Asian
654.jpg,30-39,Male,Black
655.jpg,30-39,Male,White
656.jpg,30-39,Female,Indian
657.jpg,40-49,Male,Indian
658.jpg,20-29,Male,White
659.jpg,30-39,Male,Black
66.jpg,20-29,Female,White
661.jpg,20-29,Male,Black
662.jpg,20-29,Male,Black
663.jpg,20-29,Male,Black
664.jpg,40-49,Male,White
665.jpg,20-29,Female,White
666.jpg,20-29,Male,Asian
667.jpg,20-29,Male,Asian
668.jpg,30-39,Female,Black
669.jpg,20-29,Male,Black
67.jpg,30-39,Female,White
670.jpg,20-29,Male,Asian
671.jpg,30-39,Male,Asian
673.jpg,30-39,Female,Indian
674.jpg,20-29,Female,White
675.jpg,40-49,Female,White
676.jpg,30-39,Female,Asian
677.jpg,20-29,Male,Black
678.jpg,30-39,Female,Asian
679.jpg,30-39,Female,Asian
68.jpg,20-29,Male,Asian
680.jpg,30-39,Male,White
681.jpg,20-29,Male,Black
682.jpg,30-39,Male,Asian
683.jpg,30-39,Male,Indian
684.jpg,30-39,Male,White
685.jpg,20-29,Male,White
687.jpg,30-39,Male,Black
688.jpg,30-39,Female,White
689.jpg,50-59,Male,Black
69.jpg,20-29,Female,Asian
690.jpg,20-29,Male,Black
691.jpg,20-29,Male,Black
692.jpg,30-39,Male,Black
693.jpg,20-29,Male,Black
694.jpg,40-49,Male,Black
695.jpg,40-49,Male,Asian
696.jpg,20-29,Male,Asian
697.jpg,30-39,Male,White
698.jpg,30-39,Female,Indian
699.jpg,50-59,Male,Asian
7.jpg,20-29,Male,Indian
70.jpg,20-29,Male,Indian
700.jpg,20-29,Male,Asian
701.jpg,30-39,Male,Black
702.jpg,30-39,Female,White
703.jpg,20-29,Male,White
704.jpg,30-39,Female,White
705.jpg,30-39,Female,White
706.jpg,30-39,Male,White
707.jpg,20-29,Female,White
708.jpg,20-29,Female,White
709.jpg,30-39,Male,Black
71.jpg,20-29,Male,Black
710.jpg,30-39,Female,Black
711.jpg,20-29,Female,Indian
712.jpg,30-39,Female,White
713.jpg,20-29,Female,White
714.jpg,20-29,Female,Black
715.jpg,30-39,Male,White
716.jpg,30-39,Female,White
717.jpg,30-39,Female,White
719.jpg,20-29,Male,Black
72.jpg,30-39,Male,Indian
720.jpg,30-39,Male,Indian
721.jpg,30-39,Male,Asian
722.jpg,20-29,Female,Indian
723.jpg,20-29,Male,Indian
724.jpg,30-39,Male,Asian
725.jpg,20-29,Male,White
726.jpg,50-59,Male,Asian
727.jpg,30-39,Female,Asian
728.jpg,20-29,Male,White
729.jpg,30-39,Female,White
73.jpg,20-29,Male,White
730.jpg,20-29,Male,Asian
731.jpg,30-39,Female,White
732.jpg,30-39,Female,White
733.jpg,20-29,Male,Indian
734.jpg,20-29,Male,Indian
735.jpg,40-49,Male,White
736.jpg,20-29,Male,White
737.jpg,20-29,Female,Black
738.jpg,30-39,Female,White
739.jpg,20-29,Female,White
74.jpg,30-39,Male,Black
740.jpg,30-39,Female,White
741.jpg,20-29,Male,Black
742.jpg,30-39,Female,Asian
743.jpg,30-39,Female,Asian
744.jpg,30-39,Female,Asian
745.jpg,20-29,Female,Asian
746.jpg,30-39,Male,White
747.jpg,30-39,Male,White
748.jpg,30-39,Male,White
749.jpg,30-39,Female,White
75.jpg,30-39,Male,White
750.jpg,30-39,Male,Indian
751.jpg,20-29,Male,Asian
752.jpg,30-39,Male,Indian
753.jpg,30-39,Male,Indian
754.jpg,30-39,Male,White
755.jpg,20-29,Female,White
756.jpg,30-39,Female,Indian
757.jpg,20-29,Female,Asian
758.jpg,20-29,Female,Asian
759.jpg,30-39,Female,Asian
76.jpg,30-39,Female,White
760.jpg,20-29,Female,Indian
761.jpg,20-29,Female,Black
762.jpg,30-39,Female,Black
763.jpg,30-39,Female,White
764.jpg,30-39,Female,White
765.jpg,40-49,Male,Indian
766.jpg,20-29,Male,White
767.jpg,30-39,Female,Black
768.jpg,30-39,Male,Asian
769.jpg,20-29,Male,Asian
77.jpg,20-29,Female,Asian
770.jpg,30-39,Male,White
771.jpg,30-39,Female,Asian
772.jpg,20-29,Female,Asian
773.jpg,30-39,Female,Asian
774.jpg,30-39,Female,Asian
776.jpg,20-29,Female,White
777.jpg,20-29,Male,White
778.jpg,30-39,Female,Asian
779.jpg,20-29,Female,White
78.jpg,30-39,Female,White
780.jpg,30-39,Female,Indian
781.jpg,30-39,Female,White
782.jpg,30-39,Female,Asian
784.jpg,30-39,Male,White
786.jpg,30-39,Male,White
787.jpg,30-39,Female,White
788.jpg,30-39,Female,White
789.jpg,30-39,Male,White
79.jpg,20-29,Male,White
790.jpg,30-39,Male,Indian
791.jpg,20-29,Male,Indian
792.jpg,30-39,Female,Indian
793.jpg,30-39,Female,Indian
794.jpg,30-39,Male,Indian
795.jpg,20-29,Female,Asian
796.jpg,20-29,Male,Asian
797.jpg,20-29,Male,Black
798.jpg,30-39,Female,Asian
799.jpg,20-29,Female,White
8.jpg,30-39,Male,Black
80.jpg,30-39,Female,White
800.jpg,30-39,Male,Indian
801.jpg,20-29,Male,Asian
802.jpg,20-29,Male,Asian
803.jpg,30-39,Male,White
804.jpg,20-29,Male,Asian
805.jpg,30-39,Male,Asian
806.jpg,20-29,Male,White
807.jpg,20-29,Male,White
808.jpg,20-29,Male,Indian
809.jpg,30-39,Female,Black
81.jpg,30-39,Female,White
810.jpg,30-39,Male,Indian
812.jpg,30-39,Female,White
813.jpg,30-39,Female,White
814.jpg,30-39,Female,White
815.jpg,30-39,Female,Asian
816.jpg,30-39,Male,Black
817.jpg,30-39,Male,White
818.jpg,30-39,Male,White
819.jpg,20-29,Male,White
82.jpg,30-39,Female,White
820.jpg,30-39,Female,White
821.jpg,20-29,Male,Asian
822.jpg,20-29,Male,Indian
823.jpg,30-39,Male,Asian
824.jpg,40-49,Male,Indian
825.jpg,30-39,Male,White
826.jpg,20-29,Male,Indian
827.jpg,40-49,Male,Black
828.jpg,20-29,Male,Black
829.jpg,20-29,Male,White
83.jpg,30-39,Female,Asian
830.jpg,30-39,Female,Black
831.jpg,30-39,Female,Indian
832.jpg,20-29,Female,White
833.jpg,20-29,Female,White
834.jpg,30-39,Female,Asian
835.jpg,20-29,Male,Asian
836.jpg,20-29,Female,Asian
837.jpg,20-29,Male,Black
838.jpg,20-29,Female,White
839.jpg,20-29,Male,Black
84.jpg,30-39,Female,White
840.jpg,20-29,Male,Asian
841.jpg,30-39,Male,White
842.jpg,40-49,Female,White
844.jpg,40-49,Male,White
845.jpg,30-39,Female,Asian
846.jpg,20-29,Male,Asian
847.jpg,30-39,Male,White
848.jpg,20-29,Male,Indian
849.jpg,30-39,Female,Black
85.jpg,30-39,Male,White
850.jpg,20-29,Female,Asian
851.jpg,30-39,Female,Indian
852.jpg,30-39,Male,Indian
853.jpg,30-39,Female,Asian
854.jpg,30-39,Male,Asian
855.jpg,30-39,Male,Asian
856.jpg,30-39,Male,Black
857.jpg,30-39,Male,Black
858.jpg,30-39,Male,Black
859.jpg,30-39,Male,White
86.jpg,30-39,Male,Asian
860.jpg,20-29,Male,White
861.jpg,30-39,Female,White
862.jpg,20-29,Male,Indian
863.jpg,30-39,Female,Indian
864.jpg,40-49,Male,Black
866.jpg,20-29,Male,Asian
867.jpg,30-39,Female,White
868.jpg,30-39,Female,Indian
869.jpg,30-39,Female,White
87.jpg,30-39,Female,White
870.jpg,20-29,Female,White
871.jpg,30-39,Male,Asian
872.jpg,20-29,Male,Asian
873.jpg,40-49,Male,Black
874.jpg,20-29,Male,Asian
875.jpg,20-29,Male,White
876.jpg,30-39,Male,Black
877.jpg,30-39,Male,Asian
878.jpg,30-39,Male,Asian
879.jpg,20-29,Male,Asian
88.jpg,20-29,Female,White
880.jpg,30-39,Male,Black
881.jpg,30-39,Female,White
882.jpg,30-39,Female,Asian
883.jpg,20-29,Male,Black
884.jpg,30-39,Male,Black
886.jpg,30-39,Female,White
887.jpg,20-29,Male,Black
888.jpg,30-39,Female,Indian
889.jpg,40-49,Male,Indian
89.jpg,30-39,Female,White
890.jpg,20-29,Female,White
891.jpg,30-39,Female,White
892.jpg,20-29,Male,Indian
893.jpg,20-29,Female,Asian
894.jpg,20-29,Male,Black
895.jpg,30-39,Female,White
896.jpg,30-39,Female,Asian
897.jpg,30-39,Female,Asian
898.jpg,20-29,Male,Asian
899.jpg,20-29,Male,Black
9.jpg,20-29,Male,Indian
90.jpg,20-29,Male,Indian
900.jpg,30-39,Male,White
901.jpg,20-29,Male,White
902.jpg,30-39,Male,White
903.jpg,20-29,Female,White
904.jpg,40-49,Female,White
905.jpg,30-39,Female,White
906.jpg,30-39,Female,White
907.jpg,30-39,Male,Indian
908.jpg,20-29,Male,Asian
91.jpg,50-59,Male,Asian
911.jpg,50-59,Male,Indian
913.jpg,30-39,Female,Asian
914.jpg,30-39,Female,White
915.jpg,30-39,Male,White
917.jpg,30-39,Male,Black
918.jpg,30-39,Male,Asian
919.jpg,30-39,Male,White
92.jpg,40-49,Male,Indian
920.jpg,30-39,Female,Asian
921.jpg,30-39,Female,White
922.jpg,40-49,Female,White
923.jpg,30-39,Female,Indian
924.jpg,30-39,Female,Indian
925.jpg,30-39,Female,Asian
926.jpg,30-39,Male,Asian
927.jpg,60-69,Female,White
928.jpg,30-39,Male,Asian
929.jpg,30-39,Female,White
93.jpg,40-49,Male,Indian
930.jpg,30-39,Male,Indian
931.jpg,30-39,Female,White
932.jpg,40-49,Male,White
933.jpg,30-39,Female,White
934.jpg,40-49,Male,White
936.jpg,30-39,Male,Indian
937.jpg,30-39,Male,Indian
938.jpg,20-29,Male,Black
939.jpg,20-29,Male,Black
94.jpg,40-49,Male,Indian
940.jpg,30-39,Male,Asian
941.jpg,20-29,Male,Asian
942.jpg,30-39,Female,Asian
943.jpg,30-39,Male,Asian
944.jpg,30-39,Female,Asian
945.jpg,30-39,Male,Asian
946.jpg,20-29,Female,Asian
947.jpg,20-29,Male,Asian
949.jpg,20-29,Male,Asian
95.jpg,20-29,Female,White
950.jpg,30-39,Male,Black
951.jpg,20-29,Female,Indian
952.jpg,30-39,Male,Black
953.jpg,20-29,Female,Black
955.jpg,20-29,Female,Asian
956.jpg,30-39,Female,Asian
957.jpg,30-39,Female,Asian
958.jpg,30-39,Male,Asian
96.jpg,20-29,Male,Black
960.jpg,20-29,Male,Asian
961.jpg,30-39,Male,Asian
962.jpg,20-29,Male,Indian
963.jpg,30-39,Female,White
964.jpg,30-39,Female,White
965.jpg,30-39,Female,Asian
966.jpg,30-39,Male,White
967.jpg,30-39,Female,Asian
968.jpg,30-39,Male,Asian
969.jpg,20-29,Female,White
97.jpg,30-39,Male,Black
970.jpg,30-39,Female,White
971.jpg,40-49,Male,White
972.jpg,20-29,Male,Black
973.jpg,20-29,Male,Black
974.jpg,20-29,Male,Black
975.jpg,20-29,Female,Indian
977.jpg,30-39,Male,Black
978.jpg,30-39,Female,Asian
979.jpg,30-39,Male,Asian
98.jpg,30-39,Female,White
980.jpg,30-39,Male,Indian
981.jpg,30-39,Male,White
982.jpg,20-29,Male,Asian
984.jpg,20-29,Male,Asian
985.jpg,40-49,Male,Indian
986.jpg,40-49,Male,Asian
987.jpg,30-39,Female,Asian
988.jpg,30-39,Male,White
989.jpg,20-29,Male,Asian
99.jpg,30-39,Female,White
990.jpg,20-29,Male,Asian
991.jpg,20-29,Male,Asian
992.jpg,40-49,Male,Asian
993.jpg,20-29,Male,Black
994.jpg,30-39,Male,Indian
995.jpg,30-39,Female,Asian
996.jpg,30-39,Female,Asian
997.jpg,40-49,Male,Asian
998.jpg,20-29,Male,Asian
999.jpg,30-39,Male,Asian
