28.jpg,20-29,Female,White
280.jpg,20-29,Female,White
2800.jpg,more than 70,Male,White
2801.jpg,20-29,Male,Indian
2802.jpg,20-29,Female,Black
2803.jpg,30-39,Male,White
2804.jpg,20-29,Male,White
2805.jpg,30-39,Male,White
2806.jpg,30-39,Male,White
2807.jpg,30-39,Female,White
2808.jpg,30-39,Male,Indian
2809.jpg,30-39,Male,Black
281.jpg,30-39,Male,White
2810.jpg,20-29,Male,Indian
2811.jpg,50-59,Male,Indian
2812.jpg,40-49,Male,White
2813.jpg,30-39,Male,Black
2814.jpg,40-49,Male,White
2815.jpg,30-39,Male,White
2816.jpg,20-29,Male,White
2817.jpg,20-29,Female,White
2818.jpg,20-29,Male,Asian
2819.jpg,20-29,Male,Indian
282.jpg,50-59,Female,White
2820.jpg,more than 70,Male,White
2821.jpg,none,none,none
2822.jpg,20-29,Male,Indian
2823.jpg,50-59,Male,White
2824.jpg,20-29,Male,Black
2825.jpg,20-29,Male,Black
2826.jpg,20-29,Male,White
2827.jpg,30-39,Male,White
2828.jpg,20-29,Female,White
2829.jpg,40-49,Female,Black
283.jpg,60-69,Male,White
2830.jpg,50-59,Male,White
2831.jpg,20-29,Male,White
2832.jpg,20-29,Female,Black
2833.jpg,20-29,Male,White
2834.jpg,20-29,Male,White
2835.jpg,30-39,Male,White
2836.jpg,20-29,Female,Black
2837.jpg,30-39,Male,Black
2838.jpg,0-2,Male,White
2839.jpg,20-29,Female,White
284.jpg,20-29,Male,Black
2840.jpg,more than 70,Male,White
2841.jpg,20-29,Female,Black
2842.jpg,30-39,Male,Indian
2843.jpg,20-29,Female,White
2844.jpg,30-39,Female,White
2845.jpg,20-29,Female,White
2846.jpg,30-39,Male,White
2847.jpg,20-29,Male,Indian
2848.jpg,50-59,Male,Black
2849.jpg,60-69,Male,White
285.jpg,0-2,Male,White
2850.jpg,20-29,Male,Indian
2851.jpg,30-39,Female,White
2852.jpg,20-29,Male,White
2853.jpg,10-19,Male,White
2854.jpg,none,none,none
2855.jpg,10-19,Female,White
2856.jpg,0-2,Female,Asian
2857.jpg,40-49,Male,White
2858.jpg,60-69,Female,White
2859.jpg,20-29,Male,Black
286.jpg,none,none,none
2860.jpg,none,none,none
2861.jpg,20-29,Male,Indian
2862.jpg,50-59,Male,White
2863.jpg,none,none,none
2864.jpg,10-19,Female,Black
2865.jpg,0-2,Female,Asian
2866.jpg,20-29,Male,White
2867.jpg,20-29,Female,Indian
2868.jpg,30-39,Male,White
2869.jpg,more than 70,Male,White
287.jpg,0-2,Male,Indian
2870.jpg,20-29,Male,Indian
2871.jpg,30-39,Male,Black
2872.jpg,40-49,Male,White
2873.jpg,40-49,Male,White
2874.jpg,40-49,Male,White
2875.jpg,20-29,Male,White
2876.jpg,50-59,Male,White
2877.jpg,30-39,Male,Asian
2878.jpg,20-29,Male,Asian
2879.jpg,none,none,none
288.jpg,none,none,none
2880.jpg,30-39,Male,White
2881.jpg,30-39,Male,White
2882.jpg,20-29,Male,White
2883.jpg,30-39,Male,White
2884.jpg,50-59,Male,White
2885.jpg,more than 70,Male,White
2886.jpg,20-29,Male,White
2887.jpg,20-29,Female,White
2888.jpg,3-9,Male,Asian
2889.jpg,20-29,Male,White
289.jpg,more than 70,Male,White
2890.jpg,50-59,Male,White
2891.jpg,30-39,Male,White
2892.jpg,0-2,Male,White
2893.jpg,more than 70,Male,White
2894.jpg,none,none,none
2895.jpg,40-49,Female,White
2896.jpg,50-59,Male,White
2897.jpg,3-9,Male,White
2898.jpg,none,none,none
2899.jpg,30-39,Male,White
29.jpg,20-29,Female,White
290.jpg,30-39,Male,Black
2900.jpg,50-59,Male,White
2901.jpg,20-29,Male,White
2902.jpg,40-49,Male,White
2903.jpg,more than 70,Male,Black
2904.jpg,20-29,Female,Indian
2905.jpg,40-49,Male,Asian
2906.jpg,20-29,Female,Indian
2907.jpg,10-19,Male,Black
2908.jpg,20-29,Male,White
2909.jpg,0-2,Male,White
291.jpg,more than 70,Male,Others
2910.jpg,30-39,Male,White
2911.jpg,50-59,Female,White
2912.jpg,0-2,Male,Indian
2913.jpg,more than 70,Male,White
2914.jpg,20-29,Male,Indian
2915.jpg,20-29,Male,Black
2916.jpg,20-29,Male,Indian
2917.jpg,30-39,Female,White
2918.jpg,none,none,none
2919.jpg,more than 70,Male,White
292.jpg,20-29,Female,Asian
2920.jpg,3-9,Female,Indian
2921.jpg,20-29,Female,Indian
2922.jpg,40-49,Male,Indian
2923.jpg,20-29,Male,White
2924.jpg,20-29,Male,White
2925.jpg,40-49,Male,White
2926.jpg,none,none,none
2927.jpg,20-29,Male,Black
2928.jpg,20-29,Female,White
2929.jpg,50-59,Female,White
293.jpg,20-29,Male,White
2930.jpg,20-29,Male,Black
2931.jpg,40-49,Male,White
2932.jpg,30-39,Female,Asian
2933.jpg,50-59,Female,Indian
2934.jpg,20-29,Female,Black
2935.jpg,20-29,Male,White
2936.jpg,20-29,Male,Black
2937.jpg,40-49,Female,White
2938.jpg,20-29,Male,Black
2939.jpg,20-29,Male,Black
294.jpg,20-29,Female,Indian
2940.jpg,20-29,Male,Indian
2941.jpg,20-29,Female,Black
2942.jpg,20-29,Female,White
2943.jpg,20-29,Female,White
2944.jpg,30-39,Female,White
2945.jpg,30-39,Female,White
2946.jpg,none,none,none
2947.jpg,20-29,Female,White
2948.jpg,20-29,Male,Asian
2949.jpg,60-69,Female,White
295.jpg,30-39,Female,White
2950.jpg,20-29,Male,Black
2951.jpg,20-29,Female,Asian
2952.jpg,20-29,Female,Black
2953.jpg,40-49,Female,White
2954.jpg,20-29,Female,Black
2955.jpg,0-2,Female,White
2956.jpg,20-29,Female,White
2957.jpg,30-39,Male,Indian
2958.jpg,20-29,Male,Indian
2959.jpg,3-9,Male,Others
296.jpg,20-29,Female,White
2960.jpg,20-29,Female,Others
2961.jpg,20-29,Female,Asian
2962.jpg,20-29,Male,Indian
2963.jpg,20-29,Female,Black
2964.jpg,20-29,Male,White
2965.jpg,50-59,Male,Black
2966.jpg,30-39,Male,Black
2967.jpg,20-29,Male,White
2968.jpg,20-29,Male,Black
2969.jpg,20-29,Female,White
297.jpg,20-29,Male,Indian
2970.jpg,20-29,Male,White
2971.jpg,20-29,Female,Indian
2972.jpg,none,none,none
2973.jpg,30-39,Male,White
2974.jpg,30-39,Male,White
2975.jpg,more than 70,Male,White
2976.jpg,20-29,Female,White
2977.jpg,20-29,Male,White
2978.jpg,20-29,Female,Indian
2979.jpg,20-29,Female,White
298.jpg,30-39,Male,White
2980.jpg,20-29,Male,White
2981.jpg,3-9,Female,Asian
2982.jpg,0-2,Female,White
2983.jpg,20-29,Female,White
2984.jpg,20-29,Female,White
2985.jpg,0-2,Male,White
2986.jpg,20-29,Female,Black
2987.jpg,3-9,Male,White
2988.jpg,10-19,Female,White
2989.jpg,20-29,Female,Black
299.jpg,30-39,Male,Indian
2990.jpg,20-29,Female,White
2991.jpg,20-29,Female,White
2992.jpg,3-9,Female,White
2993.jpg,20-29,Male,Black
2994.jpg,50-59,Male,Black
2995.jpg,10-19,Male,White
2996.jpg,20-29,Male,Indian
2997.jpg,0-2,Female,White
2998.jpg,20-29,Female,Asian
2999.jpg,20-29,Male,White
3.jpg,20-29,Male,Indian
30.jpg,none,none,none
300.jpg,20-29,Male,Asian
3000.jpg,20-29,Female,Indian
301.jpg,3-9,Male,Indian
302.jpg,20-29,Female,Asian
303.jpg,none,none,none
304.jpg,20-29,Female,Asian
305.jpg,20-29,Female,Asian
306.jpg,none,none,none
307.jpg,3-9,Female,Asian
308.jpg,20-29,Male,White
309.jpg,0-2,Male,Asian
31.jpg,10-19,Female,White
310.jpg,0-2,Male,Asian
311.jpg,60-69,Male,Indian
312.jpg,30-39,Male,White
313.jpg,20-29,Male,White
314.jpg,30-39,Male,Asian
315.jpg,0-2,Female,White
316.jpg,20-29,Female,Black
317.jpg,20-29,Male,Asian
318.jpg,none,none,none
319.jpg,0-2,Female,White
32.jpg,20-29,Female,White
320.jpg,40-49,Male,White
321.jpg,none,none,none
322.jpg,20-29,Male,Others
323.jpg,30-39,Male,White
324.jpg,none,none,none
325.jpg,0-2,Male,Asian
326.jpg,20-29,Female,Black
327.jpg,20-29,Male,White
328.jpg,20-29,Female,White
329.jpg,20-29,Female,Black
33.jpg,20-29,Female,Black
330.jpg,20-29,Male,White
331.jpg,20-29,Male,Black
332.jpg,20-29,Male,White
333.jpg,30-39,Female,White
334.jpg,20-29,Female,Indian
335.jpg,20-29,Female,White
336.jpg,30-39,Male,White
337.jpg,20-29,Male,Asian
338.jpg,30-39,Female,Asian
339.jpg,30-39,Male,White
34.jpg,10-19,Female,Asian
340.jpg,20-29,Female,White
341.jpg,none,none,none
342.jpg,20-29,Female,Indian
343.jpg,none,none,none
344.jpg,20-29,Male,White
345.jpg,20-29,Male,White
346.jpg,20-29,Female,White
347.jpg,20-29,Female,White
348.jpg,20-29,Male,White
349.jpg,20-29,Male,White
35.jpg,20-29,Female,White
350.jpg,20-29,Female,White
351.jpg,20-29,Male,White
352.jpg,20-29,Female,Asian
353.jpg,20-29,Female,White
354.jpg,20-29,Female,Asian
355.jpg,20-29,Female,White
356.jpg,20-29,Male,Indian
357.jpg,20-29,Male,White
358.jpg,20-29,Female,White
359.jpg,30-39,Male,Black
36.jpg,20-29,Male,Indian
360.jpg,50-59,Male,Indian
361.jpg,30-39,Female,White
362.jpg,20-29,Female,White
363.jpg,30-39,Female,White
364.jpg,20-29,Female,White
365.jpg,20-29,Female,White
366.jpg,20-29,Female,White
367.jpg,20-29,Female,White
368.jpg,20-29,Female,Indian
369.jpg,20-29,Female,White
37.jpg,50-59,Male,White
370.jpg,30-39,Female,White
371.jpg,20-29,Female,White
372.jpg,20-29,Male,White
373.jpg,20-29,Female,White
374.jpg,20-29,Female,Black
375.jpg,20-29,Female,Indian
376.jpg,30-39,Male,Black
377.jpg,30-39,Female,Black
378.jpg,30-39,Male,Black
379.jpg,20-29,Female,Asian
38.jpg,more than 70,Male,White
380.jpg,20-29,Male,Asian
381.jpg,20-29,Female,White
382.jpg,20-29,Female,White
383.jpg,20-29,Male,Indian
384.jpg,20-29,Female,Others
385.jpg,30-39,Male,White
386.jpg,30-39,Male,Indian
387.jpg,20-29,Female,Indian
388.jpg,20-29,Female,Asian
389.jpg,20-29,Female,Indian
39.jpg,20-29,Male,White
390.jpg,20-29,Female,White
391.jpg,20-29,Female,White
392.jpg,20-29,Female,White
393.jpg,30-39,Male,White
394.jpg,20-29,Female,White
395.jpg,20-29,Male,Indian
396.jpg,20-29,Female,White
397.jpg,20-29,Female,White
398.jpg,20-29,Male,Indian
399.jpg,20-29,Female,White
4.jpg,30-39,Female,White
40.jpg,20-29,Male,White
400.jpg,20-29,Female,White
401.jpg,20-29,Female,White
402.jpg,20-29,Female,Indian
403.jpg,50-59,Male,Asian
404.jpg,30-39,Male,White
405.jpg,20-29,Female,White
406.jpg,20-29,Female,Asian
407.jpg,20-29,Female,White
408.jpg,20-29,Female,Asian
409.jpg,20-29,Male,White
41.jpg,40-49,Female,White
410.jpg,20-29,Male,Asian
411.jpg,20-29,Female,Indian
412.jpg,20-29,Female,White
413.jpg,10-19,Female,White
414.jpg,20-29,Female,White
415.jpg,20-29,Female,White
416.jpg,10-19,Male,Black
417.jpg,20-29,Male,White
418.jpg,30-39,Male,White
419.jpg,40-49,Male,White
42.jpg,20-29,Male,Black
420.jpg,more than 70,Male,White
421.jpg,20-29,Male,White
422.jpg,30-39,Male,Black
423.jpg,20-29,Male,White
424.jpg,20-29,Female,Black
425.jpg,20-29,Male,White
426.jpg,30-39,Male,White
427.jpg,3-9,Female,White
428.jpg,20-29,Female,Indian
429.jpg,20-29,Male,White
43.jpg,20-29,Female,White
430.jpg,20-29,Male,Indian
431.jpg,20-29,Male,Indian
432.jpg,20-29,Female,White
433.jpg,20-29,Female,White
434.jpg,20-29,Male,White
435.jpg,40-49,Male,White
436.jpg,20-29,Female,Black
437.jpg,20-29,Female,Indian
438.jpg,20-29,Male,White
439.jpg,0-2,Male,Asian
44.jpg,40-49,Female,White
440.jpg,40-49,Male,White
441.jpg,20-29,Female,White
442.jpg,20-29,Male,Indian
443.jpg,20-29,Male,White
444.jpg,20-29,Female,Asian
445.jpg,20-29,Female,White
446.jpg,20-29,Female,Black
447.jpg,20-29,Female,White
448.jpg,20-29,Male,White
449.jpg,20-29,Male,White
45.jpg,20-29,Male,Black
450.jpg,20-29,Male,Indian
451.jpg,30-39,Male,Indian
452.jpg,20-29,Female,Indian
453.jpg,20-29,Male,Indian
454.jpg,20-29,Female,Asian
455.jpg,20-29,Female,White
456.jpg,20-29,Female,White
457.jpg,20-29,Female,White
458.jpg,20-29,Female,Indian
459.jpg,20-29,Female,White
46.jpg,20-29,Male,Asian
460.jpg,20-29,Male,Black
461.jpg,30-39,Male,White
462.jpg,20-29,Male,White
463.jpg,0-2,Female,White
464.jpg,20-29,Male,Asian
465.jpg,20-29,Female,Black
466.jpg,20-29,Male,Black
467.jpg,20-29,Male,White
468.jpg,20-29,Male,Black
469.jpg,3-9,Female,Asian
47.jpg,40-49,Male,Black
470.jpg,20-29,Male,Black
471.jpg,20-29,Male,Black
472.jpg,20-29,Male,Black
473.jpg,30-39,Female,Black
474.jpg,none,none,none
475.jpg,20-29,Male,Indian
476.jpg,0-2,Male,Asian
477.jpg,20-29,Male,Black
478.jpg,3-9,Male,Asian
479.jpg,20-29,Male,White
48.jpg,20-29,Female,White
480.jpg,20-29,Male,White
481.jpg,20-29,Male,White
482.jpg,30-39,Female,White
483.jpg,30-39,Male,White
484.jpg,20-29,Female,Indian
485.jpg,20-29,Female,White
486.jpg,20-29,Male,White
487.jpg,40-49,Female,Indian
488.jpg,30-39,Female,White
489.jpg,20-29,Female,White
49.jpg,20-29,Male,White
490.jpg,20-29,Female,White
491.jpg,20-29,Male,White
492.jpg,20-29,Female,White
493.jpg,20-29,Female,Black
494.jpg,20-29,Female,White
495.jpg,30-39,Male,Indian
496.jpg,20-29,Male,Indian
497.jpg,20-29,Female,Indian
498.jpg,20-29,Female,White
499.jpg,20-29,Female,White
5.jpg,20-29,Female,White
50.jpg,0-2,Female,Others
500.jpg,20-29,Male,Asian
501.jpg,20-29,Female,Others
502.jpg,10-19,Male,White
503.jpg,20-29,Female,Asian
504.jpg,20-29,Female,White
505.jpg,20-29,Female,Asian
506.jpg,20-29,Female,Asian
507.jpg,none,none,none
508.jpg,20-29,Male,White
509.jpg,20-29,Male,Others
51.jpg,20-29,Female,Black
510.jpg,20-29,Female,Others
511.jpg,20-29,Male,White
512.jpg,20-29,Male,Indian
513.jpg,20-29,Male,Asian
514.jpg,20-29,Male,Black
515.jpg,20-29,Female,White
516.jpg,30-39,Female,White
517.jpg,20-29,Female,White
518.jpg,50-59,Male,White
519.jpg,20-29,Female,Asian
52.jpg,20-29,Female,Indian
520.jpg,20-29,Male,White
521.jpg,20-29,Male,White
522.jpg,20-29,Male,White
523.jpg,30-39,Male,White
524.jpg,none,none,none
525.jpg,20-29,Male,Black
526.jpg,30-39,Male,Black
527.jpg,30-39,Male,White
528.jpg,20-29,Male,Indian
529.jpg,20-29,Male,White
53.jpg,20-29,Male,Indian
530.jpg,20-29,Female,Black
531.jpg,40-49,Male,Indian
532.jpg,40-49,Male,Indian
533.jpg,20-29,Male,Indian
534.jpg,50-59,Male,Black
535.jpg,20-29,Male,Indian
536.jpg,20-29,Female,Black
537.jpg,20-29,Male,Indian
538.jpg,30-39,Male,Indian
539.jpg,20-29,Female,White
54.jpg,0-2,Female,White
540.jpg,20-29,Male,White
541.jpg,20-29,Female,White
542.jpg,3-9,Female,Asian
543.jpg,20-29,Male,Indian
544.jpg,20-29,Female,Black
545.jpg,20-29,Male,Indian
546.jpg,30-39,Male,White
547.jpg,30-39,Male,Others
548.jpg,40-49,Male,White
549.jpg,20-29,Male,Indian
55.jpg,20-29,Female,White
550.jpg,20-29,Male,Asian
551.jpg,more than 70,Male,White
552.jpg,30-39,Male,Indian
553.jpg,20-29,Female,White
554.jpg,20-29,Male,Indian
555.jpg,20-29,Male,White
556.jpg,20-29,Female,Black
557.jpg,20-29,Female,Indian
558.jpg,20-29,Male,Black
559.jpg,20-29,Female,Black
56.jpg,20-29,Male,White
560.jpg,20-29,Female,White
561.jpg,20-29,Female,Asian
562.jpg,20-29,Female,Indian
563.jpg,20-29,Female,Black
564.jpg,20-29,Female,White
565.jpg,30-39,Male,Asian
566.jpg,20-29,Female,White
567.jpg,3-9,Male,Asian
568.jpg,20-29,Female,White
569.jpg,30-39,Male,White
57.jpg,30-39,Female,White
570.jpg,20-29,Female,White
571.jpg,20-29,Female,Black
572.jpg,30-39,Female,Indian
573.jpg,none,none,none
574.jpg,20-29,Male,Black
575.jpg,20-29,Female,White
576.jpg,20-29,Female,Others
577.jpg,30-39,Male,Black
578.jpg,20-29,Male,Asian
579.jpg,20-29,Female,White
58.jpg,20-29,Male,White
580.jpg,30-39,Female,White
581.jpg,20-29,Female,White
582.jpg,20-29,Female,White
583.jpg,20-29,Male,White
584.jpg,20-29,Male,Black
585.jpg,20-29,Female,Black
586.jpg,20-29,Male,White
587.jpg,20-29,Female,White
588.jpg,20-29,Female,Black
589.jpg,30-39,Male,White
59.jpg,20-29,Female,Black
590.jpg,20-29,Male,White
591.jpg,30-39,Female,Indian
592.jpg,10-19,Female,White
593.jpg,40-49,Male,Black
594.jpg,20-29,Male,Asian
595.jpg,20-29,Female,Black
596.jpg,20-29,Male,White
597.jpg,20-29,Male,Black
598.jpg,30-39,Female,Indian
599.jpg,20-29,Female,Indian
6.jpg,20-29,Male,White
60.jpg,20-29,Female,Black
600.jpg,20-29,Female,White
601.jpg,30-39,Male,White
602.jpg,20-29,Female,Asian
603.jpg,40-49,Female,Indian
604.jpg,20-29,Male,Black
605.jpg,20-29,Male,Indian
606.jpg,50-59,Female,White
607.jpg,20-29,Female,Black
608.jpg,20-29,Male,Asian
609.jpg,20-29,Female,Black
61.jpg,30-39,Male,Black
610.jpg,20-29,Female,Asian
611.jpg,20-29,Female,White
612.jpg,20-29,Female,Others
613.jpg,20-29,Female,White
614.jpg,20-29,Male,Black
615.jpg,20-29,Female,Asian
616.jpg,20-29,Female,Indian
617.jpg,none,none,none
618.jpg,30-39,Male,White
619.jpg,0-2,Male,White
62.jpg,20-29,Male,White
620.jpg,50-59,Male,White
621.jpg,30-39,Female,White
622.jpg,30-39,Male,White
623.jpg,20-29,Male,White
624.jpg,20-29,Male,Indian
625.jpg,40-49,Male,White
626.jpg,20-29,Male,Black
627.jpg,20-29,Male,Others
628.jpg,30-39,Female,White
629.jpg,20-29,Male,Black
63.jpg,40-49,Male,White
630.jpg,20-29,Male,White
631.jpg,20-29,Male,White
632.jpg,20-29,Male,Asian
633.jpg,20-29,Male,Indian
634.jpg,0-2,Male,Black
635.jpg,40-49,Male,White
636.jpg,20-29,Male,Black
637.jpg,20-29,Male,Indian
638.jpg,0-2,Male,White
639.jpg,20-29,Male,Asian
64.jpg,10-19,Female,Indian
640.jpg,20-29,Male,Indian
641.jpg,20-29,Female,Indian
642.jpg,20-29,Female,Black
643.jpg,30-39,Male,Black
644.jpg,20-29,Male,White
645.jpg,20-29,Female,Others
646.jpg,40-49,Male,White
647.jpg,20-29,Male,Indian
648.jpg,30-39,Male,White
649.jpg,20-29,Male,Black
65.jpg,20-29,Female,White
650.jpg,50-59,Male,Black
651.jpg,20-29,Male,Indian
652.jpg,20-29,Female,Others
653.jpg,20-29,Female,White
654.jpg,20-29,Female,White
655.jpg,20-29,Male,Black
656.jpg,20-29,Female,Indian
657.jpg,20-29,Male,White
658.jpg,20-29,Male,White
659.jpg,20-29,Male,Black
66.jpg,20-29,Male,White
660.jpg,20-29,Female,White
661.jpg,30-39,Female,White
662.jpg,20-29,Male,White
663.jpg,20-29,Female,Asian
664.jpg,20-29,Female,White
665.jpg,20-29,Female,Others
666.jpg,20-29,Female,Indian
667.jpg,30-39,Male,White
668.jpg,50-59,Male,White
669.jpg,none,none,none
67.jpg,20-29,Female,Indian
670.jpg,20-29,Female,White
671.jpg,30-39,Female,Asian
672.jpg,20-29,Female,Indian
673.jpg,20-29,Female,Black
674.jpg,20-29,Female,Black
675.jpg,20-29,Female,White
676.jpg,20-29,Female,Black
677.jpg,20-29,Male,Indian
678.jpg,20-29,Female,Black
679.jpg,20-29,Female,White
68.jpg,30-39,Female,Indian
680.jpg,20-29,Male,Asian
681.jpg,20-29,Male,White
682.jpg,30-39,Male,White
683.jpg,30-39,Female,White
684.jpg,40-49,Male,White
685.jpg,30-39,Male,White
686.jpg,20-29,Female,Black
687.jpg,20-29,Female,White
688.jpg,30-39,Male,Indian
689.jpg,20-29,Female,White
69.jpg,30-39,Male,White
690.jpg,30-39,Female,Black
691.jpg,20-29,Female,Asian
692.jpg,20-29,Female,White
693.jpg,20-29,Male,Asian
694.jpg,10-19,Female,White
695.jpg,20-29,Female,White
696.jpg,20-29,Female,Indian
697.jpg,20-29,Male,Indian
698.jpg,30-39,Male,Black
699.jpg,0-2,Female,Asian
7.jpg,20-29,Male,White
70.jpg,20-29,Female,White
700.jpg,20-29,Female,Indian
701.jpg,20-29,Female,White
702.jpg,20-29,Female,Indian
703.jpg,20-29,Male,Indian
704.jpg,20-29,Male,Black
705.jpg,30-39,Male,Black
706.jpg,30-39,Female,White
707.jpg,10-19,Female,White
708.jpg,20-29,Male,Black
709.jpg,20-29,Female,Asian
71.jpg,20-29,Female,White
710.jpg,20-29,Female,Asian
711.jpg,none,none,none
712.jpg,20-29,Male,White
713.jpg,20-29,Female,Black
714.jpg,20-29,Female,Black
715.jpg,20-29,Male,Black
716.jpg,20-29,Female,White
717.jpg,20-29,Female,Indian
718.jpg,20-29,Female,White
719.jpg,30-39,Male,Black
72.jpg,20-29,Male,White
720.jpg,20-29,Male,White
721.jpg,20-29,Male,Black
722.jpg,20-29,Female,Indian
723.jpg,20-29,Male,White
724.jpg,20-29,Male,White
725.jpg,20-29,Male,White
726.jpg,20-29,Female,White
727.jpg,20-29,Male,White
728.jpg,50-59,Male,White
729.jpg,20-29,Male,White
73.jpg,30-39,Female,Asian
730.jpg,60-69,Male,White
731.jpg,20-29,Male,Black
732.jpg,20-29,Male,Indian
733.jpg,20-29,Male,Indian
734.jpg,20-29,Male,White
735.jpg,20-29,Male,White
736.jpg,30-39,Female,Indian
737.jpg,20-29,Male,White
738.jpg,20-29,Female,White
739.jpg,30-39,Male,Black
74.jpg,20-29,Female,White
740.jpg,20-29,Male,Black
741.jpg,20-29,Female,Black
742.jpg,20-29,Male,White
743.jpg,20-29,Male,Asian
744.jpg,40-49,Male,White
745.jpg,20-29,Male,White
746.jpg,20-29,Female,White
747.jpg,20-29,Male,Black
748.jpg,20-29,Male,Black
749.jpg,more than 70,Male,White
75.jpg,20-29,Male,White
750.jpg,20-29,Male,White
751.jpg,20-29,Male,White
752.jpg,20-29,Male,Black
753.jpg,20-29,Male,Black
754.jpg,20-29,Male,Black
755.jpg,20-29,Male,Asian
756.jpg,30-39,Male,White
757.jpg,20-29,Male,Indian
758.jpg,30-39,Female,Black
759.jpg,20-29,Male,Black
76.jpg,40-49,Female,White
760.jpg,40-49,Male,Black
761.jpg,30-39,Male,Black
762.jpg,20-29,Female,White
763.jpg,20-29,Female,White
764.jpg,20-29,Male,Black
765.jpg,20-29,Male,White
766.jpg,20-29,Male,Indian
767.jpg,none,none,none
768.jpg,20-29,Female,Black
769.jpg,50-59,Male,White
77.jpg,20-29,Female,Black
770.jpg,40-49,Male,Black
771.jpg,20-29,Male,Black
772.jpg,30-39,Male,Indian
773.jpg,30-39,Male,Indian
774.jpg,20-29,Male,Indian
775.jpg,20-29,Female,Indian
776.jpg,20-29,Female,White
777.jpg,20-29,Male,Black
778.jpg,20-29,Male,Indian
779.jpg,20-29,Male,Indian
78.jpg,20-29,Male,Black
780.jpg,20-29,Male,White
781.jpg,20-29,Male,Indian
782.jpg,20-29,Male,Black
783.jpg,20-29,Male,Indian
784.jpg,20-29,Male,Indian
785.jpg,30-39,Male,Indian
786.jpg,30-39,Male,White
787.jpg,30-39,Female,White
788.jpg,20-29,Female,Black
789.jpg,20-29,Male,White
79.jpg,10-19,Male,White
790.jpg,10-19,Female,Indian
791.jpg,10-19,Male,White
792.jpg,20-29,Male,White
793.jpg,40-49,Male,White
794.jpg,30-39,Male,Black
795.jpg,30-39,Female,White
796.jpg,50-59,Male,White
797.jpg,20-29,Male,Black
798.jpg,20-29,Female,Indian
799.jpg,20-29,Male,White
8.jpg,40-49,Male,White
80.jpg,30-39,Male,White
800.jpg,20-29,Male,Black
801.jpg,20-29,Male,Indian
802.jpg,40-49,Male,White
803.jpg,30-39,Male,White
804.jpg,20-29,Female,Asian
805.jpg,20-29,Male,Indian
806.jpg,20-29,Male,White
807.jpg,20-29,Male,White
808.jpg,20-29,Male,Asian
809.jpg,20-29,Male,Black
81.jpg,40-49,Male,White
810.jpg,30-39,Male,White
811.jpg,20-29,Male,White
812.jpg,20-29,Male,Black
813.jpg,20-29,Male,Indian
814.jpg,20-29,Female,Asian
815.jpg,20-29,Female,Black
816.jpg,60-69,Male,White
817.jpg,20-29,Male,Black
818.jpg,20-29,Female,Indian
819.jpg,20-29,Male,Indian
82.jpg,20-29,Male,Black
820.jpg,30-39,Male,Black
821.jpg,30-39,Male,White
822.jpg,20-29,Male,Indian
823.jpg,20-29,Male,White
824.jpg,40-49,Male,Black
825.jpg,30-39,Male,White
826.jpg,20-29,Male,Indian
827.jpg,20-29,Male,Asian
828.jpg,3-9,Male,White
829.jpg,20-29,Male,White
83.jpg,none,none,none
830.jpg,20-29,Male,White
831.jpg,30-39,Male,White
832.jpg,0-2,Female,Asian
833.jpg,40-49,Male,Indian
834.jpg,20-29,Female,White
835.jpg,20-29,Male,White
836.jpg,20-29,Female,White
837.jpg,20-29,Male,Indian
838.jpg,20-29,Female,White
839.jpg,20-29,Male,Black
84.jpg,40-49,Male,White
840.jpg,20-29,Female,White
841.jpg,20-29,Female,White
842.jpg,0-2,Female,White
843.jpg,20-29,Male,Black
844.jpg,20-29,Male,Black
845.jpg,10-19,Male,Indian
846.jpg,30-39,Male,Indian
847.jpg,30-39,Male,White
848.jpg,20-29,Male,Indian
849.jpg,20-29,Male,White
85.jpg,20-29,Male,White
850.jpg,20-29,Female,Black
851.jpg,20-29,Female,Black
852.jpg,40-49,Male,Indian
853.jpg,0-2,Male,Black
854.jpg,20-29,Male,White
855.jpg,20-29,Female,Indian
856.jpg,20-29,Female,White
857.jpg,20-29,Female,Others
858.jpg,20-29,Male,Asian
859.jpg,20-29,Male,White
86.jpg,20-29,Male,White
860.jpg,20-29,Female,White
861.jpg,20-29,Male,Black
862.jpg,20-29,Female,Indian
863.jpg,30-39,Male,White
864.jpg,20-29,Male,Asian
865.jpg,20-29,Female,White
866.jpg,20-29,Female,White
867.jpg,20-29,Female,White
868.jpg,20-29,Female,Asian
869.jpg,20-29,Female,Indian
87.jpg,20-29,Female,White
870.jpg,20-29,Female,Black
871.jpg,20-29,Male,Black
872.jpg,20-29,Male,White
873.jpg,0-2,Male,Asian
874.jpg,30-39,Male,White
875.jpg,20-29,Male,Black
876.jpg,20-29,Female,Indian
877.jpg,20-29,Female,Indian
878.jpg,20-29,Female,Black
879.jpg,20-29,Male,Black
88.jpg,20-29,Female,White
880.jpg,none,none,none
881.jpg,20-29,Male,Black
882.jpg,20-29,Female,White
883.jpg,40-49,Female,White
884.jpg,20-29,Female,Indian
885.jpg,none,none,none
886.jpg,20-29,Female,White
887.jpg,20-29,Male,White
888.jpg,20-29,Male,Black
889.jpg,20-29,Male,White
89.jpg,20-29,Female,White
890.jpg,20-29,Female,Black
891.jpg,30-39,Male,Indian
892.jpg,40-49,Male,White
893.jpg,20-29,Male,Black
894.jpg,20-29,Male,Indian
895.jpg,20-29,Female,Black
896.jpg,20-29,Female,Black
897.jpg,20-29,Male,Black
898.jpg,30-39,Male,White
899.jpg,20-29,Female,Black
9.jpg,20-29,Female,White
90.jpg,20-29,Male,White
900.jpg,50-59,Male,White
901.jpg,20-29,Female,Black
902.jpg,20-29,Female,Asian
903.jpg,20-29,Male,Black
904.jpg,20-29,Female,White
905.jpg,20-29,Female,Black
906.jpg,20-29,Female,White
907.jpg,20-29,Female,Black
908.jpg,20-29,Male,Black
909.jpg,20-29,Female,Black
91.jpg,20-29,Female,Asian
910.jpg,20-29,Female,Black
911.jpg,20-29,Male,Black
912.jpg,20-29,Female,Black
913.jpg,20-29,Female,Black
914.jpg,20-29,Male,White
915.jpg,30-39,Male,Black
916.jpg,20-29,Female,Black
917.jpg,20-29,Female,White
918.jpg,20-29,Male,Indian
919.jpg,20-29,Male,White
92.jpg,20-29,Male,Indian
920.jpg,20-29,Male,Black
921.jpg,30-39,Female,Black
922.jpg,20-29,Female,White
923.jpg,20-29,Female,Black
924.jpg,20-29,Female,White
925.jpg,20-29,Female,Indian
926.jpg,20-29,Female,Indian
927.jpg,20-29,Female,White
928.jpg,20-29,Male,White
929.jpg,20-29,Male,White
93.jpg,10-19,Female,White
930.jpg,20-29,Female,White
931.jpg,20-29,Male,White
932.jpg,30-39,Male,Black
933.jpg,20-29,Female,Asian
934.jpg,30-39,Female,White
935.jpg,20-29,Male,Black
936.jpg,30-39,Female,White
937.jpg,20-29,Female,Black
938.jpg,20-29,Female,White
939.jpg,30-39,Female,White
94.jpg,20-29,Female,Black
940.jpg,20-29,Female,Indian
941.jpg,20-29,Female,Black
942.jpg,20-29,Female,White
943.jpg,20-29,Female,White
944.jpg,20-29,Female,White
945.jpg,20-29,Female,Indian
946.jpg,20-29,Female,Indian
947.jpg,20-29,Female,Black
948.jpg,0-2,Female,Asian
949.jpg,20-29,Male,Black
95.jpg,20-29,Female,Asian
950.jpg,20-29,Male,Indian
951.jpg,20-29,Female,Asian
952.jpg,20-29,Female,White
953.jpg,20-29,Female,Asian
954.jpg,30-39,Male,Asian
955.jpg,20-29,Male,Indian
956.jpg,20-29,Female,Indian
957.jpg,20-29,Female,Black
958.jpg,20-29,Male,White
959.jpg,30-39,Male,White
96.jpg,20-29,Male,Indian
960.jpg,20-29,Male,White
961.jpg,20-29,Female,Indian
962.jpg,20-29,Male,Indian
963.jpg,30-39,Female,Asian
964.jpg,20-29,Female,White
965.jpg,30-39,Male,White
966.jpg,20-29,Male,Black
967.jpg,20-29,Male,Indian
968.jpg,20-29,Male,Black
969.jpg,20-29,Male,Black
97.jpg,20-29,Male,Black
970.jpg,20-29,Female,White
971.jpg,50-59,Female,White
972.jpg,30-39,Male,White
973.jpg,20-29,Female,Indian
974.jpg,20-29,Male,Black
975.jpg,20-29,Male,Indian
976.jpg,20-29,Male,Indian
977.jpg,20-29,Female,Black
978.jpg,30-39,Female,Indian
979.jpg,20-29,Male,Black
98.jpg,20-29,Female,White
980.jpg,20-29,Male,Black
981.jpg,40-49,Male,White
982.jpg,20-29,Male,Indian
983.jpg,20-29,Female,White
984.jpg,20-29,Female,White
985.jpg,20-29,Female,Indian
986.jpg,20-29,Female,White
987.jpg,30-39,Male,White
988.jpg,30-39,Female,Indian
989.jpg,20-29,Female,Indian
99.jpg,20-29,Female,Black
990.jpg,20-29,Female,Indian
991.jpg,20-29,Male,Indian
992.jpg,30-39,Male,White
993.jpg,20-29,Male,Asian
994.jpg,20-29,Female,Black
995.jpg,20-29,Female,Black
996.jpg,20-29,Female,Indian
997.jpg,20-29,Female,Black
998.jpg,20-29,Female,Asian
999.jpg,more than 70,Male,White
19.jpg,20-29,Male,Others
190.jpg,20-29,Male,Indian
1900.jpg,none,none,none
1901.jpg,3-9,Male,White
1902.jpg,10-19,Female,Asian
1903.jpg,20-29,Male,Asian
1904.jpg,20-29,Female,White
1905.jpg,20-29,Male,White
1906.jpg,30-39,Female,Asian
1907.jpg,none,none,none
1908.jpg,50-59,Male,White
1909.jpg,20-29,Female,White
191.jpg,10-19,Female,Black
1910.jpg,0-2,Male,White
1911.jpg,30-39,Female,White
1912.jpg,0-2,Male,Asian
1913.jpg,20-29,Female,White
1914.jpg,0-2,Male,White
1915.jpg,20-29,Female,White
1916.jpg,20-29,Female,White
1917.jpg,20-29,Male,Indian
1918.jpg,20-29,Female,Asian
1919.jpg,3-9,Female,Asian
192.jpg,20-29,Female,Asian
1920.jpg,30-39,Male,White
1921.jpg,20-29,Female,Asian
1922.jpg,0-2,Male,Asian
1923.jpg,20-29,Female,Black
1924.jpg,none,none,none
1925.jpg,none,none,none
1926.jpg,0-2,Female,White
1927.jpg,0-2,Female,Asian
1928.jpg,20-29,Female,White
1929.jpg,none,none,none
193.jpg,20-29,Male,White
1930.jpg,30-39,Male,White
1931.jpg,30-39,Female,Indian
1932.jpg,20-29,Female,Indian
1933.jpg,30-39,Female,Black
1934.jpg,3-9,Male,Asian
1935.jpg,20-29,Male,Asian
1936.jpg,20-29,Female,White
1937.jpg,20-29,Male,Indian
1938.jpg,50-59,Male,White
1939.jpg,20-29,Male,White
194.jpg,none,none,none
1940.jpg,30-39,Male,White
1941.jpg,20-29,Female,White
1942.jpg,30-39,Male,White
1943.jpg,3-9,Female,Asian
1944.jpg,40-49,Male,White
1945.jpg,20-29,Male,Indian
1946.jpg,30-39,Male,White
1947.jpg,40-49,Male,White
1948.jpg,30-39,Male,White
1949.jpg,20-29,Male,White
195.jpg,10-19,Female,Indian
1950.jpg,60-69,Male,Black
1951.jpg,30-39,Female,White
1952.jpg,20-29,Female,White
1953.jpg,20-29,Male,Black
1954.jpg,20-29,Male,White
1955.jpg,more than 70,Female,White
1956.jpg,20-29,Female,White
1957.jpg,20-29,Male,Indian
1958.jpg,60-69,Male,White
1959.jpg,30-39,Male,White
196.jpg,none,none,none
1960.jpg,20-29,Male,White
1961.jpg,40-49,Male,White
1962.jpg,20-29,Female,White
1963.jpg,20-29,Male,White
1964.jpg,20-29,Female,Black
1965.jpg,20-29,Male,Black
1966.jpg,20-29,Male,Indian
1967.jpg,20-29,Male,White
1968.jpg,20-29,Male,White
1969.jpg,more than 70,Male,White
197.jpg,none,none,none
1970.jpg,50-59,Male,White
1971.jpg,20-29,Male,White
1972.jpg,20-29,Female,White
1973.jpg,30-39,Male,Indian
1974.jpg,20-29,Male,Indian
1975.jpg,0-2,Male,White
1976.jpg,20-29,Female,Black
1977.jpg,none,none,none
1978.jpg,20-29,Male,Black
1979.jpg,30-39,Male,Indian
198.jpg,20-29,Female,White
1980.jpg,20-29,Female,White
1981.jpg,40-49,Male,White
1982.jpg,20-29,Male,White
1983.jpg,30-39,Male,White
1984.jpg,20-29,Male,White
1985.jpg,20-29,Female,White
1986.jpg,40-49,Male,White
1987.jpg,20-29,Male,Black
1988.jpg,20-29,Female,Asian
1989.jpg,40-49,Male,White
199.jpg,none,none,none
1990.jpg,20-29,Female,White
1991.jpg,20-29,Female,White
1992.jpg,20-29,Male,Asian
1993.jpg,20-29,Male,Indian
1994.jpg,20-29,Male,White
1995.jpg,20-29,Female,Asian
1996.jpg,20-29,Female,Black
1997.jpg,20-29,Female,White
1998.jpg,40-49,Male,White
1999.jpg,30-39,Male,White
2.jpg,30-39,Female,White
20.jpg,20-29,Female,White
200.jpg,0-2,Female,White
2000.jpg,20-29,Female,White
2001.jpg,20-29,Female,Black
2002.jpg,20-29,Female,Asian
2003.jpg,20-29,Female,Black
2004.jpg,20-29,Female,Asian
2005.jpg,30-39,Female,Indian
2006.jpg,30-39,Male,Black
2007.jpg,20-29,Male,Indian
2008.jpg,20-29,Female,White
2009.jpg,20-29,Male,White
201.jpg,40-49,Male,White
2010.jpg,20-29,Male,Indian
2011.jpg,20-29,Male,Black
2012.jpg,20-29,Male,Indian
2013.jpg,20-29,Female,White
2014.jpg,30-39,Male,Black
2015.jpg,40-49,Male,White
2016.jpg,20-29,Male,Indian
2017.jpg,40-49,Male,Indian
2018.jpg,20-29,Female,White
2019.jpg,20-29,Male,Black
202.jpg,0-2,Female,Asian
2020.jpg,30-39,Male,White
2021.jpg,30-39,Male,Black
2022.jpg,20-29,Male,Indian
2023.jpg,20-29,Male,White
2024.jpg,40-49,Male,White
2025.jpg,30-39,Male,White
2026.jpg,none,none,none
2027.jpg,20-29,Male,Black
2028.jpg,20-29,Male,White
2029.jpg,30-39,Male,Indian
203.jpg,0-2,Male,White
2030.jpg,30-39,Male,Black
2031.jpg,20-29,Male,White
2032.jpg,40-49,Male,Indian
2033.jpg,30-39,Male,White
2034.jpg,20-29,Male,White
2035.jpg,20-29,Male,Black
2036.jpg,40-49,Male,White
2037.jpg,20-29,Male,White
2038.jpg,20-29,Female,Black
2039.jpg,60-69,Male,White
204.jpg,20-29,Female,White
2040.jpg,20-29,Male,Black
2041.jpg,40-49,Male,White
2042.jpg,20-29,Female,White
2043.jpg,20-29,Male,White
2044.jpg,30-39,Male,White
2045.jpg,30-39,Male,Indian
2046.jpg,20-29,Male,Black
2047.jpg,20-29,Male,Indian
2048.jpg,20-29,Male,White
2049.jpg,20-29,Female,White
205.jpg,20-29,Female,Asian
2050.jpg,20-29,Male,White
2051.jpg,20-29,Male,Indian
2052.jpg,30-39,Male,White
2053.jpg,20-29,Female,White
2054.jpg,30-39,Male,White
2055.jpg,20-29,Male,Black
2056.jpg,20-29,Male,White
2057.jpg,20-29,Female,Asian
2058.jpg,20-29,Male,Indian
2059.jpg,30-39,Male,Black
206.jpg,20-29,Female,Asian
2060.jpg,20-29,Male,Indian
2061.jpg,20-29,Male,Indian
2062.jpg,20-29,Female,Black
2063.jpg,30-39,Male,White
2064.jpg,20-29,Male,Indian
2065.jpg,20-29,Male,Black
2066.jpg,20-29,Male,White
2067.jpg,30-39,Male,Black
2068.jpg,20-29,Female,Indian
2069.jpg,20-29,Male,White
207.jpg,20-29,Female,White
2070.jpg,30-39,Male,White
2071.jpg,50-59,Male,White
2072.jpg,20-29,Female,White
2073.jpg,40-49,Male,Indian
2074.jpg,3-9,Female,White
2075.jpg,20-29,Female,White
2076.jpg,30-39,Male,Black
2077.jpg,30-39,Male,White
2078.jpg,30-39,Male,White
2079.jpg,none,none,none
208.jpg,20-29,Female,Asian
2080.jpg,40-49,Male,White
2081.jpg,40-49,Male,White
2082.jpg,30-39,Male,White
2083.jpg,0-2,Female,White
2084.jpg,10-19,Male,White
2085.jpg,30-39,Female,Black
2086.jpg,3-9,Female,Asian
2087.jpg,none,none,none
2088.jpg,30-39,Female,Indian
2089.jpg,3-9,Male,Asian
209.jpg,30-39,Male,Black
2090.jpg,none,none,none
2091.jpg,none,none,none
2092.jpg,20-29,Male,Indian
2093.jpg,20-29,Female,Indian
2094.jpg,3-9,Male,White
2095.jpg,20-29,Male,Indian
2096.jpg,30-39,Female,Indian
2097.jpg,20-29,Female,Indian
2098.jpg,20-29,Male,White
2099.jpg,40-49,Male,Indian
21.jpg,0-2,Male,Asian
210.jpg,0-2,Female,Asian
2100.jpg,30-39,Male,White
2101.jpg,30-39,Male,Indian
2102.jpg,20-29,Male,Indian
2103.jpg,30-39,Male,White
2104.jpg,20-29,Male,Indian
2105.jpg,20-29,Male,Asian
2106.jpg,30-39,Male,White
2107.jpg,20-29,Male,Indian
2108.jpg,20-29,Male,White
2109.jpg,20-29,Female,White
211.jpg,30-39,Female,Others
2110.jpg,30-39,Female,White
2111.jpg,20-29,Female,White
2112.jpg,20-29,Male,Indian
2113.jpg,20-29,Female,White
2114.jpg,20-29,Female,White
2115.jpg,20-29,Male,White
2116.jpg,20-29,Male,Black
2117.jpg,20-29,Female,White
2118.jpg,20-29,Female,Indian
2119.jpg,0-2,Female,White
212.jpg,3-9,Male,Asian
2120.jpg,20-29,Male,White
2121.jpg,20-29,Female,White
2122.jpg,20-29,Female,White
2123.jpg,20-29,Female,White
2124.jpg,30-39,Male,White
2125.jpg,20-29,Female,White
2126.jpg,50-59,Male,White
2127.jpg,20-29,Male,White
2128.jpg,30-39,Female,White
2129.jpg,30-39,Female,Black
213.jpg,0-2,Male,White
2130.jpg,20-29,Male,Indian
2131.jpg,30-39,Female,White
2132.jpg,20-29,Male,Black
2133.jpg,0-2,Male,White
2134.jpg,30-39,Male,White
2135.jpg,20-29,Male,White
2136.jpg,30-39,Male,White
2137.jpg,30-39,Female,White
2138.jpg,3-9,Male,White
2139.jpg,30-39,Female,Black
214.jpg,0-2,Male,Asian
2140.jpg,20-29,Male,Indian
2141.jpg,20-29,Male,White
2142.jpg,30-39,Male,White
2143.jpg,20-29,Male,White
2144.jpg,none,none,none
2145.jpg,30-39,Male,White
2146.jpg,20-29,Female,White
2147.jpg,20-29,Male,Black
2148.jpg,50-59,Male,White
2149.jpg,20-29,Male,White
215.jpg,none,none,none
2150.jpg,60-69,Male,White
2151.jpg,40-49,Male,White
2152.jpg,30-39,Male,White
2153.jpg,20-29,Male,Indian
2154.jpg,30-39,Male,Black
2155.jpg,20-29,Male,White
2156.jpg,30-39,Male,Black
2157.jpg,50-59,Male,White
2158.jpg,20-29,Male,White
2159.jpg,40-49,Male,White
216.jpg,none,none,none
2160.jpg,30-39,Male,Black
2161.jpg,20-29,Male,White
2162.jpg,40-49,Male,Indian
2163.jpg,20-29,Male,White
2164.jpg,20-29,Male,Indian
2165.jpg,30-39,Female,White
2166.jpg,20-29,Female,White
2167.jpg,20-29,Male,White
2168.jpg,40-49,Male,White
2169.jpg,40-49,Male,Indian
217.jpg,10-19,Male,Black
2170.jpg,20-29,Male,Indian
2171.jpg,20-29,Male,Asian
2172.jpg,50-59,Male,Others
2173.jpg,20-29,Male,Black
2174.jpg,20-29,Male,White
2175.jpg,30-39,Male,White
2176.jpg,40-49,Male,White
2177.jpg,40-49,Male,Asian
2178.jpg,30-39,Female,Indian
2179.jpg,40-49,Male,White
218.jpg,none,none,none
2180.jpg,20-29,Female,White
2181.jpg,20-29,Female,Black
2182.jpg,20-29,Female,Indian
2183.jpg,20-29,Male,White
2184.jpg,20-29,Female,White
2185.jpg,20-29,Male,Indian
2186.jpg,20-29,Male,White
2187.jpg,more than 70,Male,White
2188.jpg,20-29,Male,White
2189.jpg,20-29,Female,White
219.jpg,20-29,Female,Asian
2190.jpg,30-39,Male,White
2191.jpg,20-29,Male,White
2192.jpg,30-39,Female,Asian
2193.jpg,20-29,Male,White
2194.jpg,20-29,Male,White
2195.jpg,20-29,Female,White
2196.jpg,40-49,Male,Indian
2197.jpg,30-39,Female,Asian
2198.jpg,20-29,Female,Indian
2199.jpg,20-29,Male,White
22.jpg,30-39,Male,Black
220.jpg,40-49,Male,Asian
2200.jpg,20-29,Male,White
2201.jpg,20-29,Male,White
2202.jpg,30-39,Male,Black
2203.jpg,20-29,Female,White
2204.jpg,20-29,Female,Asian
2205.jpg,none,none,none
2206.jpg,20-29,Female,Asian
2207.jpg,20-29,Male,Indian
2208.jpg,0-2,Male,Asian
2209.jpg,20-29,Male,White
221.jpg,3-9,Female,White
2210.jpg,50-59,Male,White
2211.jpg,3-9,Male,Asian
2212.jpg,20-29,Female,White
2213.jpg,none,none,none
2214.jpg,20-29,Male,Black
2215.jpg,0-2,Female,Asian
2216.jpg,0-2,Male,White
2217.jpg,0-2,Male,White
2218.jpg,20-29,Female,White
2219.jpg,20-29,Male,White
222.jpg,20-29,Male,White
2220.jpg,30-39,Female,Asian
2221.jpg,20-29,Male,Black
2222.jpg,none,none,none
2223.jpg,20-29,Female,Asian
2224.jpg,20-29,Male,Indian
2225.jpg,20-29,Female,White
2226.jpg,20-29,Female,Black
2227.jpg,20-29,Female,Black
2228.jpg,20-29,Male,White
2229.jpg,20-29,Female,Black
223.jpg,30-39,Male,White
2230.jpg,40-49,Male,Indian
2231.jpg,0-2,Female,Indian
2232.jpg,20-29,Male,Asian
2233.jpg,30-39,Male,White
2234.jpg,20-29,Female,Black
2235.jpg,30-39,Male,White
2236.jpg,20-29,Male,White
2237.jpg,20-29,Male,Indian
2238.jpg,20-29,Male,White
2239.jpg,20-29,Male,White
224.jpg,3-9,Female,Asian
2240.jpg,20-29,Female,White
2241.jpg,30-39,Male,White
2242.jpg,20-29,Male,White
2243.jpg,40-49,Female,White
2244.jpg,30-39,Male,Black
2245.jpg,30-39,Male,White
2246.jpg,30-39,Male,White
2247.jpg,20-29,Male,White
2248.jpg,20-29,Male,Black
2249.jpg,50-59,Male,White
225.jpg,20-29,Female,Asian
2250.jpg,30-39,Female,Black
2251.jpg,10-19,Male,White
2252.jpg,20-29,Male,Indian
2253.jpg,20-29,Male,Black
2254.jpg,20-29,Female,Indian
2255.jpg,20-29,Male,Black
2256.jpg,20-29,Male,White
2257.jpg,30-39,Male,White
2258.jpg,20-29,Male,Black
2259.jpg,50-59,Male,Black
226.jpg,20-29,Male,Asian
2260.jpg,30-39,Female,Black
2261.jpg,20-29,Male,Black
2262.jpg,30-39,Male,White
2263.jpg,20-29,Female,White
2264.jpg,40-49,Male,Indian
2265.jpg,20-29,Male,Indian
2266.jpg,30-39,Male,White
2267.jpg,20-29,Male,Black
2268.jpg,30-39,Male,White
2269.jpg,20-29,Male,White
227.jpg,20-29,Male,White
2270.jpg,40-49,Male,Indian
2271.jpg,20-29,Male,Indian
2272.jpg,20-29,Male,Asian
2273.jpg,50-59,Male,Others
2274.jpg,40-49,Male,Indian
2275.jpg,20-29,Male,Indian
2276.jpg,30-39,Male,White
2277.jpg,30-39,Male,White
2278.jpg,20-29,Male,White
2279.jpg,20-29,Female,Black
228.jpg,none,none,none
2280.jpg,20-29,Male,Indian
2281.jpg,20-29,Female,Asian
2282.jpg,20-29,Female,White
2283.jpg,20-29,Male,White
2284.jpg,20-29,Male,White
2285.jpg,0-2,Male,White
2286.jpg,20-29,Male,White
2287.jpg,20-29,Male,White
2288.jpg,10-19,Male,White
2289.jpg,0-2,Male,White
229.jpg,20-29,Male,Indian
2290.jpg,30-39,Male,White
2291.jpg,20-29,Male,White
2292.jpg,30-39,Male,Black
2293.jpg,20-29,Male,White
2294.jpg,20-29,Male,White
2295.jpg,20-29,Male,Indian
2296.jpg,20-29,Male,Black
2297.jpg,50-59,Male,White
2298.jpg,50-59,Male,Indian
2299.jpg,20-29,Male,White
23.jpg,30-39,Male,White
230.jpg,20-29,Male,White
2300.jpg,40-49,Male,Indian
2301.jpg,30-39,Female,White
2302.jpg,20-29,Male,Asian
2303.jpg,40-49,Male,Indian
2304.jpg,40-49,Female,White
2305.jpg,20-29,Female,White
2306.jpg,20-29,Female,White
2307.jpg,20-29,Male,Black
2308.jpg,30-39,Male,Indian
2309.jpg,40-49,Male,White
231.jpg,none,none,none
2310.jpg,40-49,Male,Indian
2311.jpg,40-49,Male,Indian
2312.jpg,20-29,Female,White
2313.jpg,40-49,Female,White
2314.jpg,50-59,Male,White
2315.jpg,30-39,Male,White
2316.jpg,20-29,Female,White
2317.jpg,none,none,none
2318.jpg,20-29,Female,White
2319.jpg,30-39,Male,White
232.jpg,40-49,Male,Indian
2320.jpg,30-39,Male,White
2321.jpg,20-29,Male,White
2322.jpg,30-39,Male,Black
2323.jpg,20-29,Male,White
2324.jpg,30-39,Male,White
2325.jpg,20-29,Male,White
2326.jpg,30-39,Male,White
2327.jpg,50-59,Female,White
2328.jpg,40-49,Male,White
2329.jpg,20-29,Male,White
233.jpg,20-29,Male,Indian
2330.jpg,20-29,Female,Black
2331.jpg,50-59,Male,White
2332.jpg,20-29,Female,White
2333.jpg,20-29,Female,White
2334.jpg,20-29,Male,White
2335.jpg,20-29,Male,Indian
2336.jpg,20-29,Female,White
2337.jpg,20-29,Female,Others
2338.jpg,20-29,Male,Indian
2339.jpg,30-39,Female,White
234.jpg,20-29,Male,Black
2340.jpg,20-29,Male,White
2341.jpg,20-29,Male,White
2342.jpg,30-39,Male,White
2343.jpg,30-39,Male,White
2344.jpg,30-39,Male,Indian
2345.jpg,30-39,Male,White
2346.jpg,0-2,Female,White
2347.jpg,30-39,Male,White
2348.jpg,20-29,Male,White
2349.jpg,3-9,Male,Others
235.jpg,40-49,Male,White
2350.jpg,30-39,Male,White
2351.jpg,40-49,Male,White
2352.jpg,30-39,Male,White
2353.jpg,20-29,Male,Indian
2354.jpg,20-29,Female,Indian
2355.jpg,40-49,Male,Indian
2356.jpg,40-49,Male,Indian
2357.jpg,30-39,Male,White
2358.jpg,20-29,Female,White
2359.jpg,20-29,Female,White
236.jpg,20-29,Male,Black
2360.jpg,30-39,Male,White
2361.jpg,20-29,Female,White
2362.jpg,40-49,Male,White
2363.jpg,20-29,Female,Indian
2364.jpg,20-29,Female,Black
2365.jpg,20-29,Male,Black
2366.jpg,20-29,Male,White
2367.jpg,20-29,Female,White
2368.jpg,40-49,Male,Indian
2369.jpg,50-59,Male,White
237.jpg,none,none,none
2370.jpg,50-59,Male,White
2371.jpg,20-29,Female,White
2372.jpg,20-29,Male,White
2373.jpg,20-29,Female,White
2374.jpg,20-29,Male,White
2375.jpg,30-39,Male,White
2376.jpg,30-39,Male,White
2377.jpg,20-29,Male,Black
2378.jpg,20-29,Female,Asian
2379.jpg,20-29,Male,Indian
238.jpg,0-2,Male,Asian
2380.jpg,20-29,Male,Indian
2381.jpg,20-29,Male,Indian
2382.jpg,20-29,Male,Asian
2383.jpg,none,none,none
2384.jpg,30-39,Male,White
2385.jpg,30-39,Female,White
2386.jpg,20-29,Male,White
2387.jpg,30-39,Male,White
2388.jpg,40-49,Male,White
2389.jpg,40-49,Male,White
239.jpg,20-29,Female,Black
2390.jpg,30-39,Male,Indian
2391.jpg,20-29,Male,White
2392.jpg,40-49,Male,White
2393.jpg,20-29,Male,Black
2394.jpg,20-29,Male,White
2395.jpg,20-29,Male,Indian
2396.jpg,20-29,Female,White
2397.jpg,30-39,Male,White
2398.jpg,20-29,Male,White
2399.jpg,30-39,Female,White
24.jpg,60-69,Male,White
240.jpg,20-29,Female,Indian
2400.jpg,20-29,Female,Black
2401.jpg,20-29,Male,White
2402.jpg,30-39,Male,White
2403.jpg,40-49,Female,Asian
2404.jpg,20-29,Female,Indian
2405.jpg,20-29,Male,White
2406.jpg,20-29,Male,White
2407.jpg,20-29,Male,White
2408.jpg,20-29,Female,Indian
2409.jpg,30-39,Male,White
241.jpg,0-2,Male,White
2410.jpg,30-39,Male,Asian
2411.jpg,20-29,Male,White
2412.jpg,50-59,Female,White
2413.jpg,30-39,Male,Indian
2414.jpg,20-29,Female,White
2415.jpg,20-29,Male,Indian
2416.jpg,20-29,Male,Indian
2417.jpg,20-29,Male,Indian
2418.jpg,20-29,Female,Black
2419.jpg,30-39,Male,White
242.jpg,20-29,Male,White
2420.jpg,20-29,Female,Black
2421.jpg,none,none,none
2422.jpg,30-39,Male,White
2423.jpg,20-29,Male,White
2424.jpg,20-29,Female,White
2425.jpg,50-59,Male,White
2426.jpg,30-39,Female,Indian
2427.jpg,20-29,Male,Indian
2428.jpg,20-29,Male,Black
2429.jpg,20-29,Male,Indian
243.jpg,20-29,Female,Black
2430.jpg,30-39,Male,Indian
2431.jpg,50-59,Male,White
2432.jpg,30-39,Male,Indian
2433.jpg,40-49,Male,Black
2434.jpg,30-39,Male,Black
2435.jpg,20-29,Male,White
2436.jpg,20-29,Male,Indian
2437.jpg,20-29,Female,White
2438.jpg,0-2,Female,White
2439.jpg,20-29,Female,Asian
244.jpg,none,none,none
2440.jpg,30-39,Male,White
2441.jpg,20-29,Female,White
2442.jpg,30-39,Male,Indian
2443.jpg,20-29,Female,Indian
2444.jpg,20-29,Female,Indian
2445.jpg,20-29,Male,Indian
2446.jpg,30-39,Male,White
2447.jpg,40-49,Male,White
2448.jpg,20-29,Male,White
2449.jpg,30-39,Female,Indian
245.jpg,3-9,Male,Asian
2450.jpg,0-2,Female,White
2451.jpg,30-39,Male,White
2452.jpg,20-29,Female,Black
2453.jpg,30-39,Male,Black
2454.jpg,30-39,Male,Black
2455.jpg,40-49,Male,White
2456.jpg,20-29,Male,Indian
2457.jpg,50-59,Male,White
2458.jpg,10-19,Male,White
2459.jpg,50-59,Male,Black
246.jpg,20-29,Male,Indian
2460.jpg,none,none,none
2461.jpg,20-29,Male,White
2462.jpg,20-29,Female,Indian
2463.jpg,20-29,Female,Others
2464.jpg,20-29,Female,White
2465.jpg,20-29,Male,White
2466.jpg,20-29,Male,Black
2467.jpg,40-49,Female,White
2468.jpg,50-59,Male,White
2469.jpg,30-39,Male,Black
247.jpg,none,none,none
2470.jpg,20-29,Male,Black
2471.jpg,30-39,Male,Asian
2472.jpg,20-29,Female,White
2473.jpg,20-29,Male,White
2474.jpg,30-39,Male,White
2475.jpg,20-29,Male,White
2476.jpg,20-29,Female,White
2477.jpg,20-29,Male,White
2478.jpg,20-29,Male,White
2479.jpg,20-29,Female,Asian
248.jpg,30-39,Male,White
2480.jpg,40-49,Male,Indian
2481.jpg,20-29,Male,White
2482.jpg,20-29,Male,White
2483.jpg,50-59,Male,White
2484.jpg,30-39,Male,White
2485.jpg,20-29,Male,White
2486.jpg,30-39,Male,Indian
2487.jpg,50-59,Male,White
2488.jpg,20-29,Male,White
2489.jpg,50-59,Male,White
249.jpg,40-49,Female,White
2490.jpg,20-29,Male,White
2491.jpg,30-39,Male,White
2492.jpg,40-49,Male,White
2493.jpg,20-29,Male,White
2494.jpg,30-39,Male,White
2495.jpg,20-29,Female,White
2496.jpg,30-39,Male,White
2497.jpg,40-49,Male,White
2498.jpg,none,none,none
2499.jpg,20-29,Male,Black
25.jpg,3-9,Female,White
250.jpg,20-29,Male,White
2500.jpg,more than 70,Male,White
2501.jpg,40-49,Male,White
2502.jpg,20-29,Male,Indian
2503.jpg,20-29,Female,White
2504.jpg,20-29,Male,White
2505.jpg,30-39,Male,White
2506.jpg,20-29,Male,Indian
2507.jpg,20-29,Female,White
2508.jpg,60-69,Male,White
2509.jpg,40-49,Male,White
251.jpg,30-39,Male,White
2510.jpg,20-29,Male,Asian
2511.jpg,60-69,Male,White
2512.jpg,more than 70,Male,White
2513.jpg,20-29,Male,White
2514.jpg,20-29,Female,White
2515.jpg,20-29,Female,Black
2516.jpg,20-29,Male,White
2517.jpg,30-39,Female,Indian
2518.jpg,20-29,Male,White
2519.jpg,20-29,Male,Black
252.jpg,none,none,none
2520.jpg,20-29,Male,White
2521.jpg,30-39,Female,White
2522.jpg,50-59,Male,White
2523.jpg,60-69,Male,White
2524.jpg,20-29,Male,Indian
2525.jpg,20-29,Male,White
2526.jpg,20-29,Male,Black
2527.jpg,20-29,Male,White
2528.jpg,20-29,Male,White
2529.jpg,40-49,Male,Black
253.jpg,30-39,Male,White
2530.jpg,20-29,Female,White
2531.jpg,20-29,Male,Black
2532.jpg,20-29,Male,Black
2533.jpg,0-2,Male,Black
2534.jpg,20-29,Male,White
2535.jpg,30-39,Male,Asian
2536.jpg,20-29,Female,Indian
2537.jpg,50-59,Male,White
2538.jpg,20-29,Female,Black
2539.jpg,20-29,Female,Asian
254.jpg,20-29,Male,Asian
2540.jpg,20-29,Male,White
2541.jpg,20-29,Female,White
2542.jpg,20-29,Female,Asian
2543.jpg,20-29,Male,White
2544.jpg,30-39,Male,Asian
2545.jpg,20-29,Female,White
2546.jpg,0-2,Male,White
2547.jpg,20-29,Female,Asian
2548.jpg,20-29,Male,Asian
2549.jpg,30-39,Male,Asian
255.jpg,30-39,Male,White
2550.jpg,none,none,none
2551.jpg,none,none,none
2552.jpg,none,none,none
2553.jpg,20-29,Male,Black
2554.jpg,20-29,Female,Indian
2555.jpg,20-29,Female,Asian
2556.jpg,20-29,Male,Indian
2557.jpg,30-39,Male,White
2558.jpg,30-39,Male,White
2559.jpg,20-29,Male,White
256.jpg,30-39,Male,Indian
2560.jpg,0-2,Male,White
2561.jpg,20-29,Male,White
2562.jpg,20-29,Male,White
2563.jpg,30-39,Female,White
2564.jpg,20-29,Male,White
2565.jpg,50-59,Male,White
2566.jpg,40-49,Male,White
2567.jpg,20-29,Male,White
2568.jpg,more than 70,Male,White
2569.jpg,40-49,Male,White
257.jpg,none,none,none
2570.jpg,30-39,Male,Black
2571.jpg,20-29,Female,White
2572.jpg,20-29,Male,White
2573.jpg,20-29,Male,White
2574.jpg,20-29,Male,White
2575.jpg,30-39,Male,White
2576.jpg,50-59,Male,White
2577.jpg,20-29,Male,White
2578.jpg,40-49,Male,White
2579.jpg,40-49,Male,White
258.jpg,20-29,Male,White
2580.jpg,20-29,Female,Black
2581.jpg,20-29,Male,White
2582.jpg,30-39,Male,White
2583.jpg,40-49,Male,White
2584.jpg,20-29,Male,White
2585.jpg,20-29,Female,White
2586.jpg,20-29,Female,White
2587.jpg,30-39,Female,White
2588.jpg,30-39,Female,Black
2589.jpg,20-29,Female,White
259.jpg,20-29,Male,White
2590.jpg,30-39,Male,White
2591.jpg,40-49,Female,Asian
2592.jpg,30-39,Male,White
2593.jpg,30-39,Female,Black
2594.jpg,50-59,Male,White
2595.jpg,20-29,Male,Black
2596.jpg,20-29,Male,Indian
2597.jpg,20-29,Female,White
2598.jpg,40-49,Male,White
2599.jpg,20-29,Female,White
26.jpg,30-39,Male,White
260.jpg,0-2,Male,White
2600.jpg,20-29,Male,Black
2601.jpg,20-29,Male,White
2602.jpg,0-2,Male,Others
2603.jpg,20-29,Male,White
2604.jpg,50-59,Male,White
2605.jpg,20-29,Male,Black
2606.jpg,20-29,Female,White
2607.jpg,50-59,Male,White
2608.jpg,3-9,Male,Black
2609.jpg,30-39,Male,Black
261.jpg,30-39,Male,Indian
2610.jpg,20-29,Female,Black
2611.jpg,none,none,none
2612.jpg,3-9,Female,Indian
2613.jpg,20-29,Male,White
2614.jpg,20-29,Male,White
2615.jpg,20-29,Female,Asian
2616.jpg,20-29,Male,Indian
2617.jpg,20-29,Male,Indian
2618.jpg,20-29,Female,White
2619.jpg,none,none,none
262.jpg,30-39,Male,White
2620.jpg,30-39,Male,White
2621.jpg,20-29,Male,White
2622.jpg,20-29,Male,Indian
2623.jpg,20-29,Male,White
2624.jpg,20-29,Male,White
2625.jpg,40-49,Male,White
2626.jpg,50-59,Male,White
2627.jpg,20-29,Female,Asian
2628.jpg,20-29,Female,Black
2629.jpg,30-39,Male,White
263.jpg,none,none,none
2630.jpg,30-39,Male,Black
2631.jpg,more than 70,Male,White
2632.jpg,20-29,Male,Black
2633.jpg,60-69,Male,White
2634.jpg,40-49,Male,White
2635.jpg,30-39,Male,White
2636.jpg,20-29,Female,Black
2637.jpg,20-29,Male,White
2638.jpg,30-39,Male,White
2639.jpg,20-29,Male,Asian
264.jpg,none,none,none
2640.jpg,20-29,Male,White
2641.jpg,30-39,Male,White
2642.jpg,50-59,Male,Black
2643.jpg,20-29,Male,White
2644.jpg,20-29,Female,White
2645.jpg,20-29,Male,White
2646.jpg,20-29,Male,Black
2647.jpg,20-29,Male,Black
2648.jpg,30-39,Male,Indian
2649.jpg,30-39,Male,White
265.jpg,20-29,Male,Indian
2650.jpg,20-29,Female,Indian
2651.jpg,20-29,Female,Black
2652.jpg,20-29,Female,White
2653.jpg,more than 70,Female,White
2654.jpg,3-9,Male,Asian
2655.jpg,20-29,Male,White
2656.jpg,20-29,Male,White
2657.jpg,20-29,Male,White
2658.jpg,30-39,Male,Black
2659.jpg,20-29,Male,Black
266.jpg,40-49,Male,Indian
2660.jpg,30-39,Male,Black
2661.jpg,30-39,Male,White
2662.jpg,20-29,Male,White
2663.jpg,20-29,Female,White
2664.jpg,30-39,Male,Black
2665.jpg,50-59,Male,Indian
2666.jpg,20-29,Male,Black
2667.jpg,20-29,Female,Indian
2668.jpg,20-29,Male,White
2669.jpg,60-69,Male,White
267.jpg,20-29,Female,Black
2670.jpg,20-29,Male,White
2671.jpg,30-39,Female,White
2672.jpg,none,none,none
2673.jpg,40-49,Male,White
2674.jpg,20-29,Male,White
2675.jpg,none,none,none
2676.jpg,20-29,Female,Black
2677.jpg,30-39,Male,Black
2678.jpg,40-49,Female,Black
2679.jpg,20-29,Female,Indian
268.jpg,0-2,Male,White
2680.jpg,20-29,Male,Indian
2681.jpg,60-69,Male,White
2682.jpg,30-39,Male,Indian
2683.jpg,20-29,Male,Indian
2684.jpg,20-29,Female,Black
2685.jpg,20-29,Female,White
2686.jpg,20-29,Male,White
2687.jpg,20-29,Female,White
2688.jpg,20-29,Male,White
2689.jpg,30-39,Male,White
269.jpg,20-29,Female,White
2690.jpg,40-49,Male,Indian
2691.jpg,none,none,none
2692.jpg,20-29,Male,White
2693.jpg,30-39,Male,Black
2694.jpg,20-29,Female,Black
2695.jpg,20-29,Female,Black
2696.jpg,30-39,Female,Black
2697.jpg,30-39,Male,Black
2698.jpg,20-29,Male,White
2699.jpg,20-29,Female,White
27.jpg,20-29,Female,Asian
270.jpg,20-29,Male,White
2700.jpg,30-39,Male,White
2701.jpg,20-29,Female,Indian
2702.jpg,20-29,Female,White
2703.jpg,50-59,Female,White
2704.jpg,60-69,Male,White
2705.jpg,40-49,Male,White
2706.jpg,20-29,Male,White
2707.jpg,40-49,Male,White
2708.jpg,40-49,Male,White
2709.jpg,20-29,Male,Indian
271.jpg,20-29,Male,Asian
2710.jpg,20-29,Male,White
2711.jpg,20-29,Male,White
2712.jpg,0-2,Female,Asian
2713.jpg,none,none,none
2714.jpg,20-29,Male,White
2715.jpg,20-29,Male,White
2716.jpg,50-59,Male,White
2717.jpg,40-49,Male,White
2718.jpg,20-29,Male,White
2719.jpg,20-29,Male,Indian
272.jpg,none,none,none
2720.jpg,50-59,Male,White
2721.jpg,none,none,none
2722.jpg,40-49,Male,White
2723.jpg,20-29,Female,White
2724.jpg,10-19,Female,Black
2725.jpg,20-29,Male,Black
2726.jpg,20-29,Male,White
2727.jpg,30-39,Male,Black
2728.jpg,40-49,Male,White
2729.jpg,30-39,Male,Indian
273.jpg,0-2,Male,Asian
2730.jpg,50-59,Male,White
2731.jpg,20-29,Female,White
2732.jpg,0-2,Female,Asian
2733.jpg,50-59,Male,White
2734.jpg,60-69,Female,White
2735.jpg,20-29,Female,White
2736.jpg,0-2,Male,Black
2737.jpg,20-29,Male,White
2738.jpg,0-2,Female,Asian
2739.jpg,20-29,Male,White
274.jpg,20-29,Male,White
2740.jpg,0-2,Male,White
2741.jpg,20-29,Female,Indian
2742.jpg,30-39,Female,White
2743.jpg,20-29,Male,White
2744.jpg,30-39,Male,White
2745.jpg,20-29,Female,Asian
2746.jpg,20-29,Female,White
2747.jpg,3-9,Male,White
2748.jpg,20-29,Female,White
2749.jpg,20-29,Male,Black
275.jpg,0-2,Female,White
2750.jpg,30-39,Female,White
2751.jpg,20-29,Female,White
2752.jpg,20-29,Female,Indian
2753.jpg,20-29,Male,Indian
2754.jpg,50-59,Male,White
2755.jpg,20-29,Male,White
2756.jpg,50-59,Male,White
2757.jpg,more than 70,Female,White
2758.jpg,30-39,Male,White
2759.jpg,20-29,Male,White
276.jpg,0-2,Male,White
2760.jpg,50-59,Male,Black
2761.jpg,20-29,Male,Black
2762.jpg,30-39,Female,White
2763.jpg,20-29,Female,Black
2764.jpg,40-49,Male,Indian
2765.jpg,20-29,Male,White
2766.jpg,20-29,Female,Indian
2767.jpg,30-39,Male,White
2768.jpg,20-29,Male,White
2769.jpg,20-29,Male,White
277.jpg,none,none,none
2770.jpg,30-39,Male,White
2771.jpg,20-29,Male,White
2772.jpg,3-9,Male,White
2773.jpg,20-29,Male,Black
2774.jpg,20-29,Female,White
2775.jpg,40-49,Male,White
2776.jpg,20-29,Male,White
2777.jpg,20-29,Female,Black
2778.jpg,20-29,Female,Indian
2779.jpg,20-29,Male,White
278.jpg,0-2,Female,Asian
2780.jpg,20-29,Male,White
2781.jpg,30-39,Male,White
2782.jpg,20-29,Male,White
2783.jpg,20-29,Male,White
2784.jpg,20-29,Male,Black
2785.jpg,20-29,Male,White
2786.jpg,20-29,Female,White
2787.jpg,20-29,Male,Black
2788.jpg,3-9,Male,White
2789.jpg,50-59,Male,White
279.jpg,0-2,Female,White
2790.jpg,20-29,Female,White
2791.jpg,40-49,Male,White
2792.jpg,20-29,Male,Indian
2793.jpg,20-29,Male,Asian
2794.jpg,20-29,Male,White
2795.jpg,20-29,Female,White
2796.jpg,3-9,Female,Black
2797.jpg,50-59,Male,White
2798.jpg,50-59,Male,White
2799.jpg,50-59,Female,White
1.jpg,50-59,Male,Indian
10.jpg,20-29,Male,Asian
100.jpg,20-29,Female,Asian
1000.jpg,20-29,Female,Indian
1001.jpg,20-29,Female,Indian
1002.jpg,20-29,Male,Indian
1003.jpg,30-39,Female,Black
1004.jpg,50-59,Female,White
1005.jpg,0-2,Female,White
1006.jpg,30-39,Male,White
1007.jpg,20-29,Male,White
1008.jpg,20-29,Male,Black
1009.jpg,20-29,Male,Indian
101.jpg,30-39,Male,White
1010.jpg,40-49,Male,Black
1011.jpg,20-29,Male,Indian
1012.jpg,30-39,Male,Black
1013.jpg,20-29,Male,Black
1014.jpg,20-29,Female,Black
1015.jpg,20-29,Female,White
1016.jpg,20-29,Female,Indian
1017.jpg,30-39,Female,White
1018.jpg,20-29,Female,Indian
1019.jpg,20-29,Female,White
102.jpg,20-29,Female,White
1020.jpg,30-39,Male,White
1021.jpg,20-29,Female,White
1022.jpg,30-39,Male,Indian
1023.jpg,20-29,Male,White
1024.jpg,20-29,Male,Indian
1025.jpg,20-29,Female,Black
1026.jpg,20-29,Female,White
1027.jpg,30-39,Female,Indian
1028.jpg,40-49,Female,White
1029.jpg,20-29,Male,Indian
103.jpg,30-39,Male,Black
1030.jpg,20-29,Male,Black
1031.jpg,30-39,Female,White
1032.jpg,20-29,Female,White
1033.jpg,40-49,Male,White
1034.jpg,20-29,Female,Black
1035.jpg,30-39,Female,Black
1036.jpg,20-29,Male,Black
1037.jpg,20-29,Male,White
1038.jpg,20-29,Male,Asian
1039.jpg,20-29,Female,White
104.jpg,30-39,Female,White
1040.jpg,20-29,Female,White
1041.jpg,30-39,Female,Asian
1042.jpg,20-29,Male,White
1043.jpg,20-29,Female,Indian
1044.jpg,10-19,Female,White
1045.jpg,20-29,Female,Others
1046.jpg,20-29,Male,Indian
1047.jpg,30-39,Female,Indian
1048.jpg,20-29,Female,Asian
1049.jpg,20-29,Female,Asian
105.jpg,0-2,Male,White
1050.jpg,none,none,none
1051.jpg,20-29,Female,Asian
1052.jpg,20-29,Female,Indian
1053.jpg,20-29,Female,White
1054.jpg,20-29,Male,White
1055.jpg,20-29,Male,Black
1056.jpg,20-29,Female,White
1057.jpg,20-29,Female,White
1058.jpg,20-29,Female,Indian
1059.jpg,20-29,Male,White
106.jpg,20-29,Female,Asian
1060.jpg,20-29,Female,Asian
1061.jpg,20-29,Female,White
1062.jpg,30-39,Male,White
1063.jpg,20-29,Male,White
1064.jpg,30-39,Female,White
1065.jpg,0-2,Female,Asian
1066.jpg,40-49,Male,White
1067.jpg,20-29,Male,White
1068.jpg,20-29,Female,White
1069.jpg,20-29,Male,White
107.jpg,30-39,Male,White
1070.jpg,20-29,Female,White
1071.jpg,20-29,Female,White
1072.jpg,30-39,Male,White
1073.jpg,20-29,Female,Others
1074.jpg,20-29,Male,Black
1075.jpg,60-69,Male,White
1076.jpg,20-29,Male,White
1077.jpg,20-29,Female,White
1078.jpg,20-29,Male,White
1079.jpg,20-29,Female,Asian
108.jpg,30-39,Male,White
1080.jpg,30-39,Male,White
1081.jpg,20-29,Male,White
1082.jpg,20-29,Male,Black
1083.jpg,20-29,Male,White
1084.jpg,30-39,Male,Indian
1085.jpg,20-29,Male,Black
1086.jpg,none,none,none
1087.jpg,0-2,Female,Black
1088.jpg,3-9,Male,Indian
1089.jpg,30-39,Male,White
109.jpg,20-29,Male,Asian
1090.jpg,20-29,Male,Black
1091.jpg,20-29,Male,Black
1092.jpg,30-39,Male,White
1093.jpg,30-39,Male,Indian
1094.jpg,20-29,Male,Indian
1095.jpg,30-39,Male,Black
1096.jpg,20-29,Male,White
1097.jpg,20-29,Male,White
1098.jpg,30-39,Male,Indian
1099.jpg,20-29,Female,Black
11.jpg,20-29,Female,White
110.jpg,20-29,Female,White
1100.jpg,20-29,Female,Black
1101.jpg,30-39,Male,Indian
1102.jpg,20-29,Female,Indian
1103.jpg,20-29,Female,White
1104.jpg,20-29,Female,Others
1105.jpg,40-49,Male,Black
1106.jpg,20-29,Male,White
1107.jpg,20-29,Female,Indian
1108.jpg,30-39,Male,White
1109.jpg,20-29,Male,Indian
111.jpg,20-29,Female,White
1110.jpg,30-39,Male,White
1111.jpg,none,none,none
1112.jpg,20-29,Male,White
1113.jpg,20-29,Male,White
1114.jpg,30-39,Male,Black
1115.jpg,30-39,Male,White
1116.jpg,30-39,Male,Black
1117.jpg,20-29,Male,Black
1118.jpg,20-29,Male,Indian
1119.jpg,20-29,Male,Indian
112.jpg,30-39,Female,White
1120.jpg,30-39,Male,Indian
1121.jpg,30-39,Male,Indian
1122.jpg,30-39,Male,Black
1123.jpg,30-39,Male,White
1124.jpg,none,none,none
1125.jpg,30-39,Male,White
1126.jpg,20-29,Female,White
1127.jpg,20-29,Male,Indian
1128.jpg,20-29,Female,Asian
1129.jpg,30-39,Male,White
113.jpg,20-29,Male,Indian
1130.jpg,3-9,Female,Asian
1131.jpg,none,none,none
1132.jpg,20-29,Male,Indian
1133.jpg,0-2,Female,White
1134.jpg,20-29,Male,White
1135.jpg,20-29,Female,Asian
1136.jpg,20-29,Male,White
1137.jpg,60-69,Male,White
1138.jpg,20-29,Female,White
1139.jpg,20-29,Female,White
114.jpg,20-29,Female,White
1140.jpg,20-29,Male,White
1141.jpg,20-29,Female,White
1142.jpg,20-29,Male,Black
1143.jpg,20-29,Male,White
1144.jpg,20-29,Male,Asian
1145.jpg,10-19,Male,Black
1146.jpg,20-29,Female,Black
1147.jpg,20-29,Female,Black
1148.jpg,20-29,Female,White
1149.jpg,20-29,Male,Black
115.jpg,20-29,Female,Black
1150.jpg,20-29,Female,White
1151.jpg,20-29,Male,Indian
1152.jpg,20-29,Male,Black
1153.jpg,20-29,Female,Black
1154.jpg,20-29,Female,White
1155.jpg,30-39,Male,Indian
1156.jpg,20-29,Male,Indian
1157.jpg,20-29,Male,White
1158.jpg,20-29,Male,Indian
1159.jpg,20-29,Female,White
116.jpg,20-29,Female,Asian
1160.jpg,3-9,Female,White
1161.jpg,20-29,Female,Asian
1162.jpg,30-39,Female,Asian
1163.jpg,20-29,Male,Asian
1164.jpg,3-9,Female,White
1165.jpg,20-29,Female,White
1166.jpg,30-39,Male,White
1167.jpg,20-29,Male,Asian
1168.jpg,20-29,Male,White
1169.jpg,20-29,Female,Asian
117.jpg,20-29,Male,White
1170.jpg,20-29,Female,Indian
1171.jpg,30-39,Female,Indian
1172.jpg,3-9,Female,Asian
1173.jpg,30-39,Female,Asian
1174.jpg,30-39,Female,Black
1175.jpg,20-29,Female,Asian
1176.jpg,20-29,Female,White
1177.jpg,30-39,Male,Black
1178.jpg,30-39,Male,White
1179.jpg,20-29,Female,Black
118.jpg,20-29,Female,Asian
1180.jpg,20-29,Female,White
1181.jpg,20-29,Male,White
1182.jpg,20-29,Male,Asian
1183.jpg,20-29,Male,White
1184.jpg,20-29,Male,Black
1185.jpg,20-29,Male,White
1186.jpg,20-29,Male,Indian
1187.jpg,20-29,Female,White
1188.jpg,20-29,Female,White
1189.jpg,40-49,Male,Black
119.jpg,20-29,Female,White
1190.jpg,20-29,Female,White
1191.jpg,10-19,Female,Asian
1192.jpg,20-29,Male,White
1193.jpg,20-29,Female,White
1194.jpg,20-29,Male,Indian
1195.jpg,30-39,Female,Black
1196.jpg,20-29,Male,White
1197.jpg,20-29,Female,White
1198.jpg,30-39,Male,White
1199.jpg,30-39,Male,White
12.jpg,20-29,Male,White
120.jpg,20-29,Male,White
1200.jpg,3-9,Male,White
1201.jpg,40-49,Male,White
1202.jpg,30-39,Male,White
1203.jpg,20-29,Male,Indian
1204.jpg,30-39,Male,White
1205.jpg,20-29,Male,White
1206.jpg,40-49,Male,Black
1207.jpg,30-39,Male,Black
1208.jpg,20-29,Male,Asian
1209.jpg,40-49,Male,White
121.jpg,30-39,Male,White
1210.jpg,20-29,Male,Black
1211.jpg,none,none,none
1212.jpg,40-49,Male,Black
1213.jpg,40-49,Male,Indian
1214.jpg,none,none,none
1215.jpg,20-29,Female,Black
1216.jpg,30-39,Male,Black
1217.jpg,20-29,Male,Asian
1218.jpg,20-29,Male,White
1219.jpg,20-29,Male,Indian
122.jpg,30-39,Female,Asian
1220.jpg,20-29,Male,Indian
1221.jpg,20-29,Male,White
1222.jpg,20-29,Male,Others
1223.jpg,40-49,Male,Indian
1224.jpg,20-29,Male,Indian
1225.jpg,20-29,Female,Asian
1226.jpg,30-39,Male,White
1227.jpg,20-29,Male,White
1228.jpg,20-29,Female,White
1229.jpg,30-39,Female,White
123.jpg,20-29,Male,Black
1230.jpg,20-29,Female,White
1231.jpg,20-29,Female,Black
1232.jpg,20-29,Female,White
1233.jpg,20-29,Female,White
1234.jpg,20-29,Male,Indian
1235.jpg,10-19,Female,White
1236.jpg,none,none,none
1237.jpg,30-39,Female,Black
1238.jpg,20-29,Female,White
1239.jpg,20-29,Male,Indian
124.jpg,20-29,Male,Black
1240.jpg,10-19,Male,White
1241.jpg,30-39,Male,Black
1242.jpg,60-69,Male,White
1243.jpg,40-49,Male,Black
1244.jpg,40-49,Male,White
1245.jpg,20-29,Female,Black
1246.jpg,30-39,Female,Black
1247.jpg,20-29,Male,Black
1248.jpg,20-29,Female,White
1249.jpg,20-29,Female,Black
125.jpg,none,none,none
1250.jpg,30-39,Female,White
1251.jpg,20-29,Female,Indian
1252.jpg,20-29,Female,White
1253.jpg,none,none,none
1254.jpg,20-29,Female,Indian
1255.jpg,20-29,Female,Indian
1256.jpg,20-29,Male,White
1257.jpg,20-29,Male,White
1258.jpg,20-29,Female,White
1259.jpg,none,none,none
126.jpg,30-39,Male,Black
1260.jpg,20-29,Female,Asian
1261.jpg,30-39,Female,White
1262.jpg,20-29,Male,White
1263.jpg,20-29,Male,White
1264.jpg,0-2,Male,Indian
1265.jpg,20-29,Male,Black
1266.jpg,20-29,Male,Indian
1267.jpg,20-29,Female,Asian
1268.jpg,20-29,Male,White
1269.jpg,20-29,Female,Others
127.jpg,20-29,Male,Asian
1270.jpg,20-29,Male,White
1271.jpg,0-2,Female,Asian
1272.jpg,0-2,Male,Asian
1273.jpg,30-39,Male,Black
1274.jpg,20-29,Female,Black
1275.jpg,20-29,Male,Asian
1276.jpg,20-29,Male,Asian
1277.jpg,30-39,Male,White
1278.jpg,20-29,Male,Asian
1279.jpg,30-39,Male,Asian
128.jpg,20-29,Male,White
1280.jpg,0-2,Female,Indian
1281.jpg,3-9,Female,White
1282.jpg,20-29,Male,Asian
1283.jpg,0-2,Male,White
1284.jpg,3-9,Male,White
1285.jpg,30-39,Female,White
1286.jpg,0-2,Male,White
1287.jpg,20-29,Female,Indian
1288.jpg,20-29,Female,Asian
1289.jpg,40-49,Female,Indian
129.jpg,20-29,Female,White
1290.jpg,20-29,Male,White
1291.jpg,20-29,Female,Black
1292.jpg,20-29,Male,White
1293.jpg,20-29,Male,Black
1294.jpg,3-9,Male,White
1295.jpg,0-2,Female,White
1296.jpg,20-29,Male,White
1297.jpg,3-9,Male,White
1298.jpg,none,none,none
1299.jpg,20-29,Female,Asian
13.jpg,20-29,Female,Indian
130.jpg,20-29,Female,White
1300.jpg,30-39,Male,White
1301.jpg,none,none,none
1302.jpg,20-29,Female,White
1303.jpg,none,none,none
1304.jpg,20-29,Male,Asian
1305.jpg,0-2,Female,Asian
1306.jpg,20-29,Male,White
1307.jpg,none,none,none
1308.jpg,20-29,Female,Asian
1309.jpg,20-29,Female,Indian
131.jpg,20-29,Female,White
1310.jpg,30-39,Male,Black
1311.jpg,20-29,Male,Asian
1312.jpg,0-2,Female,Asian
1313.jpg,none,none,none
1314.jpg,20-29,Male,Asian
1315.jpg,3-9,Male,Asian
1316.jpg,10-19,Male,Asian
1317.jpg,3-9,Male,Asian
1318.jpg,20-29,Female,Black
1319.jpg,0-2,Female,White
132.jpg,20-29,Female,Asian
1320.jpg,20-29,Male,Indian
1321.jpg,30-39,Male,Black
1322.jpg,none,none,none
1323.jpg,none,none,none
1324.jpg,20-29,Female,Black
1325.jpg,20-29,Male,Indian
1326.jpg,0-2,Female,Asian
1327.jpg,20-29,Male,White
1328.jpg,20-29,Male,White
1329.jpg,30-39,Male,Asian
133.jpg,20-29,Female,White
1330.jpg,30-39,Male,Indian
1331.jpg,30-39,Male,Indian
1332.jpg,none,none,none
1333.jpg,0-2,Male,White
1334.jpg,20-29,Female,Indian
1335.jpg,20-29,Male,Asian
1336.jpg,3-9,Female,Asian
1337.jpg,30-39,Female,White
1338.jpg,30-39,Male,White
1339.jpg,20-29,Female,White
134.jpg,3-9,Female,White
1340.jpg,40-49,Male,White
1341.jpg,40-49,Male,White
1342.jpg,20-29,Male,Indian
1343.jpg,20-29,Female,Indian
1344.jpg,50-59,Male,Indian
1345.jpg,20-29,Male,Black
1346.jpg,20-29,Female,Black
1347.jpg,20-29,Female,White
1348.jpg,0-2,Male,White
1349.jpg,20-29,Male,White
135.jpg,more than 70,Female,White
1350.jpg,20-29,Male,Black
1351.jpg,40-49,Male,Black
1352.jpg,60-69,Male,White
1353.jpg,20-29,Female,White
1354.jpg,20-29,Female,Black
1355.jpg,40-49,Male,White
1356.jpg,20-29,Male,Black
1357.jpg,20-29,Male,Black
1358.jpg,40-49,Male,White
1359.jpg,50-59,Male,White
136.jpg,20-29,Female,White
1360.jpg,20-29,Male,White
1361.jpg,20-29,Female,Asian
1362.jpg,30-39,Male,White
1363.jpg,20-29,Female,White
1364.jpg,20-29,Female,White
1365.jpg,20-29,Female,White
1366.jpg,30-39,Male,White
1367.jpg,30-39,Male,Black
1368.jpg,none,none,none
1369.jpg,20-29,Male,Indian
137.jpg,more than 70,Female,White
1370.jpg,20-29,Male,Indian
1371.jpg,40-49,Female,White
1372.jpg,20-29,Male,Asian
1373.jpg,none,none,none
1374.jpg,20-29,Male,White
1375.jpg,30-39,Male,Black
1376.jpg,20-29,Male,White
1377.jpg,20-29,Male,Indian
1378.jpg,50-59,Male,Indian
1379.jpg,20-29,Female,White
138.jpg,30-39,Female,White
1380.jpg,20-29,Female,White
1381.jpg,30-39,Male,White
1382.jpg,20-29,Female,White
1383.jpg,20-29,Male,Indian
1384.jpg,20-29,Female,White
1385.jpg,30-39,Male,White
1386.jpg,20-29,Female,White
1387.jpg,none,none,none
1388.jpg,30-39,Female,White
1389.jpg,20-29,Female,White
139.jpg,30-39,Male,White
1390.jpg,20-29,Male,Asian
1391.jpg,20-29,Male,White
1392.jpg,30-39,Female,Asian
1393.jpg,20-29,Female,White
1394.jpg,20-29,Female,White
1395.jpg,20-29,Female,Indian
1396.jpg,none,none,none
1397.jpg,20-29,Male,White
1398.jpg,20-29,Female,Indian
1399.jpg,20-29,Male,Indian
14.jpg,3-9,Female,White
140.jpg,none,none,none
1400.jpg,30-39,Male,Black
1401.jpg,20-29,Male,White
1402.jpg,20-29,Male,Black
1403.jpg,30-39,Female,Black
1404.jpg,20-29,Female,White
1405.jpg,20-29,Female,Asian
1406.jpg,3-9,Female,White
1407.jpg,20-29,Female,Black
1408.jpg,20-29,Female,Black
1409.jpg,30-39,Female,Indian
141.jpg,20-29,Female,White
1410.jpg,20-29,Male,Others
1411.jpg,20-29,Female,Asian
1412.jpg,20-29,Female,White
1413.jpg,40-49,Male,Indian
1414.jpg,30-39,Male,White
1415.jpg,30-39,Male,White
1416.jpg,20-29,Female,Indian
1417.jpg,30-39,Male,Black
1418.jpg,20-29,Female,Indian
1419.jpg,30-39,Male,Indian
142.jpg,20-29,Male,Indian
1420.jpg,20-29,Female,Indian
1421.jpg,20-29,Female,White
1422.jpg,30-39,Male,Black
1423.jpg,20-29,Female,Indian
1424.jpg,20-29,Male,White
1425.jpg,20-29,Female,Indian
1426.jpg,20-29,Female,Indian
1427.jpg,20-29,Male,Indian
1428.jpg,20-29,Male,Indian
1429.jpg,20-29,Female,Indian
143.jpg,none,none,none
1430.jpg,30-39,Female,Indian
1431.jpg,30-39,Female,Others
1432.jpg,20-29,Male,White
1433.jpg,20-29,Female,Black
1434.jpg,30-39,Female,White
1435.jpg,20-29,Male,Black
1436.jpg,20-29,Male,White
1437.jpg,40-49,Male,White
1438.jpg,40-49,Female,White
1439.jpg,30-39,Male,White
144.jpg,20-29,Male,Black
1440.jpg,20-29,Male,White
1441.jpg,40-49,Male,White
1442.jpg,20-29,Male,Asian
1443.jpg,20-29,Male,Indian
1444.jpg,20-29,Male,Black
1445.jpg,20-29,Male,White
1446.jpg,20-29,Male,Indian
1447.jpg,20-29,Female,Asian
1448.jpg,10-19,Female,White
1449.jpg,20-29,Female,White
145.jpg,20-29,Female,Asian
1450.jpg,20-29,Female,Asian
1451.jpg,20-29,Female,Indian
1452.jpg,20-29,Female,Indian
1453.jpg,20-29,Male,Black
1454.jpg,30-39,Male,Indian
1455.jpg,30-39,Male,White
1456.jpg,20-29,Male,White
1457.jpg,30-39,Male,Black
1458.jpg,20-29,Female,White
1459.jpg,30-39,Male,Indian
146.jpg,20-29,Female,White
1460.jpg,20-29,Male,White
1461.jpg,20-29,Female,Black
1462.jpg,30-39,Female,Black
1463.jpg,20-29,Female,Indian
1464.jpg,30-39,Female,Asian
1465.jpg,20-29,Female,Indian
1466.jpg,20-29,Male,Indian
1467.jpg,0-2,Female,Indian
1468.jpg,20-29,Male,Indian
1469.jpg,20-29,Female,Indian
147.jpg,40-49,Male,Indian
1470.jpg,20-29,Male,White
1471.jpg,30-39,Male,White
1472.jpg,20-29,Male,White
1473.jpg,20-29,Male,White
1474.jpg,20-29,Male,White
1475.jpg,40-49,Male,White
1476.jpg,30-39,Male,White
1477.jpg,20-29,Female,White
1478.jpg,20-29,Female,Indian
1479.jpg,more than 70,Male,White
148.jpg,30-39,Female,Black
1480.jpg,30-39,Male,White
1481.jpg,20-29,Female,Asian
1482.jpg,30-39,Male,White
1483.jpg,30-39,Male,White
1484.jpg,50-59,Male,Indian
1485.jpg,20-29,Male,Asian
1486.jpg,50-59,Male,White
1487.jpg,20-29,Male,Black
1488.jpg,30-39,Male,White
1489.jpg,20-29,Male,Black
149.jpg,20-29,Male,Black
1490.jpg,20-29,Male,White
1491.jpg,30-39,Male,Black
1492.jpg,none,none,none
1493.jpg,20-29,Male,Black
1494.jpg,30-39,Male,Indian
1495.jpg,20-29,Female,White
1496.jpg,40-49,Male,White
1497.jpg,40-49,Male,White
1498.jpg,20-29,Male,Black
1499.jpg,20-29,Male,Asian
15.jpg,20-29,Female,Black
150.jpg,30-39,Male,Asian
1500.jpg,20-29,Male,Indian
1501.jpg,20-29,Female,White
1502.jpg,50-59,Male,Black
1503.jpg,20-29,Male,Indian
1504.jpg,20-29,Male,Black
1505.jpg,20-29,Male,Asian
1506.jpg,30-39,Male,Indian
1507.jpg,20-29,Female,Black
1508.jpg,10-19,Female,White
1509.jpg,none,none,none
151.jpg,20-29,Female,Black
1510.jpg,20-29,Female,Black
1511.jpg,20-29,Male,White
1512.jpg,30-39,Male,White
1513.jpg,20-29,Female,White
1514.jpg,30-39,Male,Black
1515.jpg,20-29,Female,Others
1516.jpg,20-29,Female,White
1517.jpg,30-39,Female,White
1518.jpg,30-39,Male,Indian
1519.jpg,none,none,none
152.jpg,20-29,Male,Black
1520.jpg,20-29,Female,Asian
1521.jpg,20-29,Female,Black
1522.jpg,20-29,Male,White
1523.jpg,20-29,Male,White
1524.jpg,40-49,Male,White
1525.jpg,20-29,Female,Black
1526.jpg,30-39,Male,Black
1527.jpg,3-9,Female,White
1528.jpg,20-29,Female,White
1529.jpg,30-39,Male,Indian
153.jpg,30-39,Female,White
1530.jpg,50-59,Male,Indian
1531.jpg,20-29,Female,Black
1532.jpg,30-39,Female,Indian
1533.jpg,20-29,Male,Indian
1534.jpg,20-29,Female,Black
1535.jpg,30-39,Female,Black
1536.jpg,20-29,Female,Indian
1537.jpg,30-39,Female,White
1538.jpg,20-29,Male,White
1539.jpg,30-39,Male,Indian
154.jpg,3-9,Female,White
1540.jpg,20-29,Female,Asian
1541.jpg,20-29,Male,Asian
1542.jpg,20-29,Female,Indian
1543.jpg,20-29,Female,Indian
1544.jpg,20-29,Female,White
1545.jpg,20-29,Female,White
1546.jpg,20-29,Female,Others
1547.jpg,40-49,Female,White
1548.jpg,20-29,Male,Black
1549.jpg,20-29,Female,Black
155.jpg,30-39,Male,Asian
1550.jpg,30-39,Female,White
1551.jpg,20-29,Male,Indian
1552.jpg,20-29,Male,Indian
1553.jpg,20-29,Female,Black
1554.jpg,30-39,Female,Indian
1555.jpg,20-29,Female,Black
1556.jpg,more than 70,Male,Indian
1557.jpg,30-39,Male,Indian
1558.jpg,30-39,Male,Black
1559.jpg,20-29,Male,White
156.jpg,40-49,Male,Indian
1560.jpg,20-29,Female,Others
1561.jpg,20-29,Female,White
1562.jpg,20-29,Male,Black
1563.jpg,20-29,Male,Asian
1564.jpg,20-29,Female,White
1565.jpg,20-29,Female,White
1566.jpg,20-29,Male,White
1567.jpg,40-49,Female,White
1568.jpg,20-29,Female,White
1569.jpg,20-29,Male,Black
157.jpg,20-29,Male,Black
1570.jpg,20-29,Female,White
1571.jpg,20-29,Male,Black
1572.jpg,20-29,Female,White
1573.jpg,40-49,Male,Asian
1574.jpg,40-49,Male,White
1575.jpg,30-39,Male,Black
1576.jpg,20-29,Female,Asian
1577.jpg,50-59,Male,White
1578.jpg,20-29,Female,White
1579.jpg,20-29,Male,White
158.jpg,20-29,Female,Black
1580.jpg,3-9,Male,White
1581.jpg,20-29,Male,White
1582.jpg,20-29,Male,White
1583.jpg,20-29,Female,Black
1584.jpg,20-29,Male,Indian
1585.jpg,40-49,Male,Black
1586.jpg,30-39,Male,Indian
1587.jpg,20-29,Male,Black
1588.jpg,40-49,Male,Black
1589.jpg,30-39,Male,Indian
159.jpg,20-29,Female,White
1590.jpg,none,none,none
1591.jpg,30-39,Female,White
1592.jpg,30-39,Male,Indian
1593.jpg,20-29,Female,White
1594.jpg,20-29,Male,Black
1595.jpg,10-19,Male,White
1596.jpg,20-29,Male,White
1597.jpg,30-39,Male,Black
1598.jpg,20-29,Female,Indian
1599.jpg,20-29,Male,White
16.jpg,20-29,Female,White
160.jpg,20-29,Female,Black
1600.jpg,20-29,Female,White
1601.jpg,20-29,Male,Indian
1602.jpg,20-29,Female,White
1603.jpg,20-29,Female,Asian
1604.jpg,20-29,Female,Indian
1605.jpg,20-29,Male,White
1606.jpg,20-29,Female,Asian
1607.jpg,30-39,Male,Black
1608.jpg,20-29,Female,White
1609.jpg,40-49,Male,White
161.jpg,20-29,Female,Asian
1610.jpg,20-29,Female,Others
1611.jpg,10-19,Female,Black
1612.jpg,60-69,Male,White
1613.jpg,30-39,Male,Black
1614.jpg,20-29,Male,Black
1615.jpg,20-29,Female,Black
1616.jpg,20-29,Female,White
1617.jpg,30-39,Male,Black
1618.jpg,30-39,Female,White
1619.jpg,20-29,Male,White
162.jpg,20-29,Female,Asian
1620.jpg,40-49,Male,Black
1621.jpg,20-29,Male,White
1622.jpg,20-29,Male,Indian
1623.jpg,20-29,Male,Indian
1624.jpg,30-39,Female,Indian
1625.jpg,20-29,Male,White
1626.jpg,30-39,Male,Indian
1627.jpg,60-69,Male,White
1628.jpg,20-29,Male,White
1629.jpg,30-39,Male,White
163.jpg,20-29,Male,Black
1630.jpg,50-59,Male,White
1631.jpg,30-39,Female,White
1632.jpg,50-59,Male,White
1633.jpg,30-39,Male,White
1634.jpg,40-49,Male,White
1635.jpg,30-39,Male,White
1636.jpg,20-29,Male,White
1637.jpg,20-29,Male,White
1638.jpg,50-59,Male,White
1639.jpg,60-69,Male,White
164.jpg,20-29,Male,White
1640.jpg,30-39,Male,Black
1641.jpg,30-39,Male,White
1642.jpg,30-39,Male,Indian
1643.jpg,20-29,Female,White
1644.jpg,20-29,Male,White
1645.jpg,30-39,Female,White
1646.jpg,30-39,Male,Indian
1647.jpg,20-29,Female,Indian
1648.jpg,30-39,Male,White
1649.jpg,20-29,Female,White
165.jpg,3-9,Female,White
1650.jpg,20-29,Male,White
1651.jpg,20-29,Male,Black
1652.jpg,20-29,Male,Black
1653.jpg,20-29,Male,Black
1654.jpg,20-29,Male,Indian
1655.jpg,30-39,Male,Black
1656.jpg,20-29,Male,Black
1657.jpg,20-29,Male,Indian
1658.jpg,30-39,Male,White
1659.jpg,20-29,Male,Black
166.jpg,20-29,Female,White
1660.jpg,20-29,Male,White
1661.jpg,20-29,Male,White
1662.jpg,50-59,Male,White
1663.jpg,20-29,Male,Black
1664.jpg,more than 70,Male,White
1665.jpg,20-29,Male,Black
1666.jpg,20-29,Female,White
1667.jpg,30-39,Male,White
1668.jpg,20-29,Male,Indian
1669.jpg,20-29,Male,Black
167.jpg,none,none,none
1670.jpg,20-29,Female,White
1671.jpg,20-29,Male,Indian
1672.jpg,30-39,Male,Asian
1673.jpg,20-29,Male,Black
1674.jpg,20-29,Male,White
1675.jpg,30-39,Male,Indian
1676.jpg,20-29,Female,White
1677.jpg,20-29,Male,White
1678.jpg,20-29,Female,White
1679.jpg,20-29,Male,White
168.jpg,0-2,Female,White
1680.jpg,10-19,Female,White
1681.jpg,30-39,Male,White
1682.jpg,40-49,Male,Black
1683.jpg,20-29,Male,White
1684.jpg,20-29,Male,Indian
1685.jpg,30-39,Male,White
1686.jpg,30-39,Female,White
1687.jpg,30-39,Male,White
1688.jpg,30-39,Female,White
1689.jpg,20-29,Female,White
169.jpg,20-29,Female,Black
1690.jpg,20-29,Female,Others
1691.jpg,20-29,Female,White
1692.jpg,20-29,Male,White
1693.jpg,20-29,Female,White
1694.jpg,20-29,Female,White
1695.jpg,20-29,Male,White
1696.jpg,3-9,Female,White
1697.jpg,20-29,Female,Asian
1698.jpg,40-49,Male,White
1699.jpg,20-29,Female,White
17.jpg,20-29,Female,White
170.jpg,0-2,Male,White
1700.jpg,20-29,Female,White
1701.jpg,3-9,Male,Asian
1702.jpg,20-29,Female,Asian
1703.jpg,20-29,Female,White
1704.jpg,40-49,Male,White
1705.jpg,20-29,Female,Others
1706.jpg,30-39,Female,White
1707.jpg,none,none,none
1708.jpg,20-29,Male,Indian
1709.jpg,20-29,Female,Others
171.jpg,0-2,Female,White
1710.jpg,20-29,Female,White
1711.jpg,40-49,Female,Indian
1712.jpg,20-29,Female,Indian
1713.jpg,30-39,Male,White
1714.jpg,20-29,Female,Indian
1715.jpg,30-39,Female,Black
1716.jpg,20-29,Male,Indian
1717.jpg,3-9,Female,Indian
1718.jpg,20-29,Male,White
1719.jpg,20-29,Male,White
172.jpg,0-2,Female,White
1720.jpg,20-29,Male,White
1721.jpg,20-29,Male,Indian
1722.jpg,20-29,Female,White
1723.jpg,20-29,Female,White
1724.jpg,20-29,Male,Indian
1725.jpg,20-29,Male,White
1726.jpg,30-39,Female,White
1727.jpg,30-39,Male,Black
1728.jpg,40-49,Male,White
1729.jpg,50-59,Male,White
173.jpg,0-2,Female,Asian
1730.jpg,20-29,Female,White
1731.jpg,30-39,Male,White
1732.jpg,20-29,Male,Black
1733.jpg,50-59,Male,Black
1734.jpg,20-29,Male,Indian
1735.jpg,20-29,Female,Indian
1736.jpg,20-29,Male,Black
1737.jpg,20-29,Male,Black
1738.jpg,20-29,Female,Black
1739.jpg,20-29,Female,Black
174.jpg,3-9,Female,White
1740.jpg,40-49,Male,White
1741.jpg,20-29,Female,Black
1742.jpg,30-39,Female,White
1743.jpg,20-29,Male,Indian
1744.jpg,20-29,Female,Asian
1745.jpg,more than 70,Male,White
1746.jpg,30-39,Male,White
1747.jpg,20-29,Female,Indian
1748.jpg,20-29,Male,White
1749.jpg,30-39,Male,White
175.jpg,40-49,Male,White
1750.jpg,20-29,Female,Indian
1751.jpg,20-29,Female,White
1752.jpg,20-29,Male,Black
1753.jpg,30-39,Male,Others
1754.jpg,20-29,Female,White
1755.jpg,30-39,Male,Black
1756.jpg,20-29,Male,White
1757.jpg,20-29,Female,Black
1758.jpg,20-29,Male,White
1759.jpg,30-39,Female,White
176.jpg,0-2,Female,White
1760.jpg,20-29,Male,White
1761.jpg,20-29,Female,Indian
1762.jpg,20-29,Female,Asian
1763.jpg,20-29,Male,White
1764.jpg,20-29,Male,Indian
1765.jpg,20-29,Female,White
1766.jpg,20-29,Female,Asian
1767.jpg,50-59,Male,Indian
1768.jpg,20-29,Male,Indian
1769.jpg,20-29,Female,Asian
177.jpg,30-39,Male,Others
1770.jpg,20-29,Male,Black
1771.jpg,20-29,Female,Black
1772.jpg,20-29,Male,Black
1773.jpg,20-29,Female,Black
1774.jpg,50-59,Female,Black
1775.jpg,more than 70,Male,White
1776.jpg,20-29,Female,Black
1777.jpg,20-29,Male,Black
1778.jpg,20-29,Female,Asian
1779.jpg,20-29,Female,Indian
178.jpg,3-9,Male,Asian
1780.jpg,20-29,Female,Black
1781.jpg,20-29,Female,Others
1782.jpg,20-29,Male,Indian
1783.jpg,30-39,Male,White
1784.jpg,20-29,Male,White
1785.jpg,20-29,Male,White
1786.jpg,20-29,Female,White
1787.jpg,50-59,Male,White
1788.jpg,20-29,Male,White
1789.jpg,30-39,Male,White
179.jpg,30-39,Male,White
1790.jpg,20-29,Female,Black
1791.jpg,20-29,Female,White
1792.jpg,20-29,Female,Asian
1793.jpg,40-49,Male,Black
1794.jpg,20-29,Female,Black
1795.jpg,30-39,Male,Indian
1796.jpg,20-29,Male,White
1797.jpg,40-49,Male,Indian
1798.jpg,20-29,Male,Asian
1799.jpg,20-29,Male,White
18.jpg,30-39,Female,Others
180.jpg,0-2,Female,Asian
1800.jpg,20-29,Male,White
1801.jpg,20-29,Male,White
1802.jpg,30-39,Female,White
1803.jpg,20-29,Male,White
1804.jpg,20-29,Male,Indian
1805.jpg,20-29,Female,White
1806.jpg,20-29,Male,White
1807.jpg,30-39,Male,White
1808.jpg,20-29,Male,Indian
1809.jpg,30-39,Female,White
181.jpg,none,none,none
1810.jpg,20-29,Male,White
1811.jpg,20-29,Female,White
1812.jpg,20-29,Male,Indian
1813.jpg,30-39,Male,White
1814.jpg,20-29,Male,White
1815.jpg,30-39,Male,White
1816.jpg,30-39,Female,Black
1817.jpg,40-49,Male,Indian
1818.jpg,30-39,Female,White
1819.jpg,20-29,Male,Indian
182.jpg,20-29,Male,White
1820.jpg,30-39,Male,White
1821.jpg,20-29,Male,White
1822.jpg,20-29,Male,White
1823.jpg,20-29,Male,White
1824.jpg,20-29,Male,White
1825.jpg,20-29,Male,Black
1826.jpg,30-39,Male,White
1827.jpg,30-39,Male,Black
1828.jpg,30-39,Male,Black
1829.jpg,20-29,Female,White
183.jpg,none,none,none
1830.jpg,20-29,Male,Asian
1831.jpg,30-39,Female,White
1832.jpg,20-29,Male,Asian
1833.jpg,30-39,Female,Indian
1834.jpg,40-49,Male,Indian
1835.jpg,20-29,Male,White
1836.jpg,20-29,Female,Indian
1837.jpg,20-29,Male,White
1838.jpg,20-29,Male,White
1839.jpg,30-39,Female,White
184.jpg,none,none,none
1840.jpg,20-29,Female,White
1841.jpg,20-29,Female,White
1842.jpg,20-29,Male,White
1843.jpg,30-39,Female,White
1844.jpg,30-39,Female,White
1845.jpg,20-29,Female,White
1846.jpg,40-49,Male,Black
1847.jpg,30-39,Female,White
1848.jpg,20-29,Female,Black
1849.jpg,20-29,Male,Indian
185.jpg,20-29,Male,Indian
1850.jpg,30-39,Female,White
1851.jpg,20-29,Female,Indian
1852.jpg,20-29,Female,Others
1853.jpg,20-29,Male,Asian
1854.jpg,50-59,Male,Indian
1855.jpg,20-29,Female,Indian
1856.jpg,30-39,Male,White
1857.jpg,20-29,Female,White
1858.jpg,20-29,Female,White
1859.jpg,20-29,Male,White
186.jpg,0-2,Male,White
1860.jpg,20-29,Female,Asian
1861.jpg,20-29,Male,White
1862.jpg,30-39,Male,White
1863.jpg,40-49,Male,Black
1864.jpg,30-39,Female,White
1865.jpg,20-29,Male,White
1866.jpg,20-29,Male,White
1867.jpg,20-29,Male,White
1868.jpg,20-29,Male,Black
1869.jpg,20-29,Female,Indian
187.jpg,20-29,Female,Black
1870.jpg,30-39,Male,White
1871.jpg,30-39,Male,White
1872.jpg,30-39,Male,White
1873.jpg,none,none,none
1874.jpg,30-39,Male,White
1875.jpg,50-59,Male,Black
1876.jpg,20-29,Female,White
1877.jpg,30-39,Male,Black
1878.jpg,20-29,Male,White
1879.jpg,40-49,Male,Indian
188.jpg,none,none,none
1880.jpg,30-39,Male,Indian
1881.jpg,40-49,Male,White
1882.jpg,20-29,Male,White
1883.jpg,20-29,Male,White
1884.jpg,20-29,Female,White
1885.jpg,30-39,Male,White
1886.jpg,20-29,Male,Indian
1887.jpg,30-39,Female,Black
1888.jpg,20-29,Female,White
1889.jpg,20-29,Female,White
189.jpg,0-2,Male,Asian
1890.jpg,20-29,Male,White
1891.jpg,20-29,Female,Indian
1892.jpg,30-39,Male,Indian
1893.jpg,0-2,Female,White
1894.jpg,20-29,Male,White
1895.jpg,20-29,Male,White
1896.jpg,20-29,Male,Indian
1897.jpg,10-19,Male,Black
1898.jpg,20-29,Male,White
1899.jpg,20-29,Female,White
