6722.jpg,30-39,Male,White
6723.jpg,40-49,Male,Indian
6724.jpg,3-9,Male,Black
6727.jpg,20-29,Male,White
6733.jpg,20-29,Male,Asian
6737.jpg,50-59,Male,Black
6741.jpg,30-39,Male,Black
6744.jpg,more than 70,Male,White
6747.jpg,50-59,Male,Indian
6749.jpg,50-59,Male,Black
6752.jpg,20-29,Female,Asian
6754.jpg,50-59,Male,Indian
6755.jpg,50-59,Male,Indian
6763.jpg,0-2,Female,Asian
6764.jpg,50-59,Male,White
6765.jpg,20-29,Male,Indian
6769.jpg,30-39,Male,White
6771.jpg,20-29,Male,Black
6777.jpg,30-39,Female,White
678.jpg,30-39,Female,Black
6780.jpg,30-39,Male,Black
6786.jpg,20-29,Male,Indian
6787.jpg,0-2,Male,Asian
6791.jpg,50-59,Male,White
6798.jpg,0-2,Male,White
6799.jpg,3-9,Female,White
68.jpg,50-59,Male,Black
680.jpg,20-29,Female,Black
6804.jpg,30-39,Male,Indian
6807.jpg,30-39,Male,Black
6809.jpg,30-39,Male,Indian
6810.jpg,50-59,Male,Indian
6815.jpg,30-39,Male,Black
6820.jpg,10-19,Female,White
6827.jpg,30-39,Female,Asian
6831.jpg,30-39,Male,Black
6833.jpg,10-19,Male,White
6835.jpg,30-39,Male,Black
6839.jpg,30-39,Male,Indian
6841.jpg,30-39,Female,White
6851.jpg,50-59,Male,White
6852.jpg,20-29,Male,Black
6853.jpg,0-2,Male,Asian
6856.jpg,30-39,Male,Asian
6857.jpg,50-59,Male,White
6862.jpg,20-29,Male,Asian
6881.jpg,20-29,Male,White
6883.jpg,30-39,Male,Black
6896.jpg,50-59,Male,Black
6898.jpg,40-49,Female,White
6903.jpg,50-59,Male,White
6904.jpg,30-39,Male,White
6908.jpg,40-49,Male,White
6926.jpg,20-29,Male,Asian
6928.jpg,50-59,Male,Black
6929.jpg,50-59,Male,Indian
6930.jpg,30-39,Male,White
6931.jpg,20-29,Male,Indian
6935.jpg,20-29,Female,Black
6936.jpg,50-59,Male,Asian
6943.jpg,20-29,Male,Black
6958.jpg,20-29,Female,Black
6959.jpg,50-59,Female,Indian
6960.jpg,20-29,Male,White
6961.jpg,50-59,Male,Black
6966.jpg,30-39,Male,Black
6969.jpg,30-39,Male,Indian
6976.jpg,30-39,Male,Asian
6978.jpg,50-59,Male,White
6990.jpg,50-59,Male,Indian
6991.jpg,30-39,Male,Indian
6995.jpg,40-49,Male,White
6998.jpg,30-39,Male,Black
7007.jpg,3-9,Male,Black
7008.jpg,30-39,Male,Black
7010.jpg,20-29,Male,Indian
7016.jpg,30-39,Male,White
7018.jpg,30-39,Male,Asian
702.jpg,30-39,Male,Indian
7022.jpg,30-39,Male,Indian
7024.jpg,20-29,Male,Black
7025.jpg,30-39,Male,Black
7027.jpg,50-59,Male,White
7031.jpg,30-39,Male,Black
704.jpg,30-39,Male,Black
7042.jpg,50-59,Male,Indian
7047.jpg,30-39,Male,Black
7048.jpg,50-59,Male,Indian
7059.jpg,30-39,Male,White
7066.jpg,50-59,Male,White
7071.jpg,30-39,Male,Indian
7075.jpg,30-39,Male,White
7076.jpg,50-59,Male,White
7081.jpg,more than 70,Female,Indian
7089.jpg,20-29,Male,Indian
7091.jpg,20-29,Male,Black
7092.jpg,30-39,Male,Indian
7095.jpg,30-39,Male,Indian
7097.jpg,40-49,Male,White
7108.jpg,40-49,Male,Indian
7115.jpg,50-59,Male,Black
7117.jpg,20-29,Male,Black
7127.jpg,30-39,Male,Indian
7131.jpg,30-39,Male,Asian
7138.jpg,30-39,Male,Indian
7141.jpg,20-29,Male,Black
7153.jpg,30-39,Male,Black
7157.jpg,30-39,Male,Black
7158.jpg,20-29,Male,Black
7159.jpg,20-29,Female,Black
7164.jpg,3-9,Female,White
7165.jpg,20-29,Male,Indian
7168.jpg,30-39,Male,Black
7169.jpg,20-29,Male,Indian
7173.jpg,30-39,Male,Indian
7176.jpg,30-39,Male,Indian
7182.jpg,30-39,Male,Black
7192.jpg,10-19,Female,White
7209.jpg,30-39,Female,White
7216.jpg,30-39,Male,Indian
722.jpg,30-39,Male,Indian
7220.jpg,30-39,Male,White
7223.jpg,30-39,Male,Black
7227.jpg,30-39,Male,White
7229.jpg,10-19,Female,Indian
7233.jpg,50-59,Male,White
7242.jpg,0-2,Male,White
7244.jpg,30-39,Male,Indian
7245.jpg,50-59,Male,Black
7253.jpg,30-39,Female,Indian
7254.jpg,20-29,Male,Black
7259.jpg,30-39,Male,White
7270.jpg,10-19,Male,Indian
7281.jpg,20-29,Female,Indian
7288.jpg,50-59,Male,White
7291.jpg,30-39,Female,Black
7295.jpg,30-39,Male,White
73.jpg,20-29,Male,Others
7303.jpg,20-29,Female,Black
7307.jpg,50-59,Male,White
7308.jpg,50-59,Male,Black
731.jpg,30-39,Male,Black
7315.jpg,50-59,Male,Black
7317.jpg,20-29,Male,Indian
7330.jpg,20-29,Male,Indian
7331.jpg,20-29,Male,Indian
7337.jpg,50-59,Male,Black
7340.jpg,20-29,Female,Black
7346.jpg,20-29,Male,White
7347.jpg,50-59,Male,White
735.jpg,50-59,Male,White
7350.jpg,0-2,Male,Asian
7351.jpg,30-39,Male,Black
7356.jpg,20-29,Male,Black
7364.jpg,60-69,Male,White
7373.jpg,3-9,Male,Black
7378.jpg,30-39,Male,Black
7382.jpg,50-59,Male,Indian
7383.jpg,20-29,Female,Asian
740.jpg,20-29,Male,White
7408.jpg,30-39,Male,Black
741.jpg,20-29,Male,Asian
7411.jpg,40-49,Female,White
7414.jpg,20-29,Male,Indian
7417.jpg,30-39,Male,Asian
743.jpg,30-39,Male,Indian
7433.jpg,20-29,Male,Indian
7437.jpg,20-29,Male,Black
7447.jpg,30-39,Male,Black
7448.jpg,50-59,Male,White
745.jpg,30-39,Male,White
7451.jpg,20-29,Male,White
7458.jpg,30-39,Male,Asian
7463.jpg,20-29,Male,White
7466.jpg,50-59,Male,Indian
7467.jpg,20-29,Male,White
7475.jpg,30-39,Male,Black
7478.jpg,30-39,Male,Black
7479.jpg,3-9,Female,Indian
7481.jpg,10-19,Male,Black
7483.jpg,30-39,Female,Black
7488.jpg,20-29,Male,Indian
7492.jpg,30-39,Male,Black
7494.jpg,50-59,Male,White
7496.jpg,50-59,Male,Indian
7499.jpg,30-39,Male,Black
7501.jpg,30-39,Male,White
7502.jpg,30-39,Male,Indian
7504.jpg,20-29,Male,Others
7505.jpg,30-39,Male,White
7509.jpg,30-39,Male,White
7510.jpg,20-29,Male,Black
7511.jpg,30-39,Male,Indian
7516.jpg,20-29,Male,Black
7518.jpg,0-2,Male,Indian
7519.jpg,50-59,Male,White
7522.jpg,20-29,Male,White
7529.jpg,30-39,Male,Indian
7532.jpg,30-39,Male,White
7533.jpg,20-29,Male,Indian
7540.jpg,30-39,Female,Asian
7542.jpg,50-59,Male,White
755.jpg,30-39,Male,White
7553.jpg,0-2,Male,Black
7558.jpg,30-39,Male,Asian
7561.jpg,30-39,Male,White
7562.jpg,20-29,Male,Indian
7571.jpg,30-39,Male,Indian
7572.jpg,20-29,Male,Indian
7578.jpg,0-2,Male,Black
7579.jpg,20-29,Male,Asian
7589.jpg,50-59,Female,White
759.jpg,20-29,Male,Others
7590.jpg,50-59,Male,White
7595.jpg,30-39,Male,Indian
7601.jpg,20-29,Male,White
7609.jpg,3-9,Female,White
7620.jpg,30-39,Male,Black
7624.jpg,30-39,Male,Indian
7625.jpg,30-39,Male,Indian
7630.jpg,30-39,Male,White
7633.jpg,20-29,Female,Indian
7635.jpg,20-29,Male,Black
7638.jpg,20-29,Male,Indian
7641.jpg,20-29,Male,Indian
7646.jpg,10-19,Male,Indian
7649.jpg,30-39,Male,Black
7656.jpg,20-29,Male,Black
7664.jpg,0-2,Female,White
7669.jpg,20-29,Male,Black
7676.jpg,30-39,Male,White
7680.jpg,20-29,Male,Black
7683.jpg,20-29,Male,Black
7687.jpg,20-29,Male,Black
7688.jpg,20-29,Male,Indian
7689.jpg,20-29,Male,Black
769.jpg,20-29,Male,Indian
7690.jpg,50-59,Male,Indian
7693.jpg,50-59,Male,White
7694.jpg,20-29,Male,Black
7696.jpg,50-59,Female,White
7699.jpg,30-39,Female,Others
77.jpg,30-39,Female,White
7700.jpg,10-19,Female,Asian
7701.jpg,30-39,Male,Black
7703.jpg,20-29,Female,White
7704.jpg,30-39,Male,Others
7710.jpg,30-39,Male,White
7723.jpg,20-29,Female,White
7724.jpg,50-59,Male,White
7728.jpg,3-9,Male,Asian
773.jpg,40-49,Male,White
7736.jpg,0-2,Male,Asian
7738.jpg,0-2,Male,Asian
7741.jpg,50-59,Male,White
7743.jpg,10-19,Female,Asian
775.jpg,30-39,Male,White
7750.jpg,50-59,Male,White
7752.jpg,30-39,Male,Indian
7755.jpg,20-29,Male,Black
7758.jpg,30-39,Male,White
7759.jpg,50-59,Male,White
7760.jpg,10-19,Male,White
7763.jpg,20-29,Male,Black
7766.jpg,40-49,Male,Black
7771.jpg,60-69,Male,White
7772.jpg,20-29,Male,Black
7773.jpg,20-29,Female,Black
7776.jpg,30-39,Female,Indian
7778.jpg,30-39,Male,White
7781.jpg,10-19,Male,Indian
7783.jpg,30-39,Male,Black
7793.jpg,30-39,Male,Black
7796.jpg,30-39,Male,Black
7809.jpg,30-39,Male,White
7811.jpg,20-29,Male,White
7814.jpg,30-39,Male,Indian
7819.jpg,30-39,Male,Black
7822.jpg,20-29,Male,Indian
7823.jpg,50-59,Male,White
7824.jpg,50-59,Male,White
7826.jpg,30-39,Male,White
7835.jpg,20-29,Female,Black
7837.jpg,50-59,Female,White
7839.jpg,30-39,Male,Indian
7852.jpg,20-29,Female,Indian
7853.jpg,30-39,Male,White
7858.jpg,30-39,Male,White
7860.jpg,10-19,Male,White
7864.jpg,30-39,Male,Black
7872.jpg,3-9,Female,Indian
7881.jpg,30-39,Male,Black
7882.jpg,50-59,Male,White
7886.jpg,20-29,Male,Asian
7888.jpg,30-39,Male,White
789.jpg,30-39,Female,Black
7895.jpg,20-29,Male,Black
79.jpg,0-2,Male,White
7903.jpg,20-29,Male,Black
7905.jpg,30-39,Female,Asian
7907.jpg,20-29,Male,Black
7912.jpg,30-39,Male,Indian
7913.jpg,20-29,Male,Black
7914.jpg,50-59,Female,White
7919.jpg,50-59,Female,White
792.jpg,30-39,Male,Black
7923.jpg,30-39,Male,Black
7925.jpg,20-29,Male,Indian
7927.jpg,50-59,Female,Black
7929.jpg,30-39,Male,Indian
7932.jpg,30-39,Male,Indian
7939.jpg,20-29,Male,White
7940.jpg,30-39,Male,White
7950.jpg,20-29,Male,White
7957.jpg,30-39,Male,Black
7959.jpg,20-29,Male,White
7961.jpg,30-39,Male,Black
798.jpg,30-39,Male,Black
7981.jpg,30-39,Male,White
7985.jpg,50-59,Male,Black
7987.jpg,0-2,Male,Indian
7989.jpg,30-39,Male,White
7991.jpg,30-39,Male,Black
7994.jpg,20-29,Female,Asian
7999.jpg,30-39,Male,Indian
8.jpg,30-39,Male,Indian
80.jpg,30-39,Male,Black
8003.jpg,30-39,Male,White
8012.jpg,20-29,Male,Black
8013.jpg,50-59,Male,White
8030.jpg,30-39,Male,Black
8034.jpg,30-39,Female,Indian
8037.jpg,20-29,Male,Indian
8041.jpg,50-59,Male,White
8043.jpg,30-39,Male,Indian
8045.jpg,10-19,Male,Indian
8049.jpg,30-39,Male,Black
805.jpg,40-49,Male,Indian
8053.jpg,30-39,Male,Indian
8055.jpg,20-29,Male,Asian
8059.jpg,20-29,Male,Indian
8061.jpg,50-59,Male,White
8069.jpg,50-59,Male,Black
8074.jpg,30-39,Male,Indian
8075.jpg,50-59,Male,White
8077.jpg,20-29,Male,White
8081.jpg,30-39,Male,Black
8099.jpg,0-2,Female,Asian
81.jpg,30-39,Male,White
8104.jpg,0-2,Female,Asian
8106.jpg,30-39,Male,Indian
8109.jpg,30-39,Female,Black
8111.jpg,20-29,Male,White
8116.jpg,30-39,Male,Indian
8117.jpg,50-59,Male,Black
8119.jpg,50-59,Male,White
8127.jpg,more than 70,Female,White
8133.jpg,30-39,Male,Indian
8134.jpg,more than 70,Male,White
8135.jpg,20-29,Female,Indian
8139.jpg,50-59,Male,Black
8146.jpg,20-29,Male,Indian
8148.jpg,50-59,Male,Indian
8151.jpg,0-2,Male,White
8152.jpg,20-29,Male,Indian
8153.jpg,20-29,Male,Black
8154.jpg,20-29,Male,Black
8157.jpg,50-59,Male,Indian
8163.jpg,20-29,Male,Indian
8164.jpg,50-59,Male,Black
8166.jpg,3-9,Female,Black
8180.jpg,30-39,Male,Black
8182.jpg,30-39,Male,Black
82.jpg,20-29,Male,Indian
8206.jpg,0-2,Male,Asian
8209.jpg,30-39,Male,White
8210.jpg,50-59,Male,Indian
8214.jpg,30-39,Male,Indian
8217.jpg,0-2,Male,Asian
8227.jpg,30-39,Female,Black
8228.jpg,20-29,Male,Asian
823.jpg,20-29,Male,Indian
8239.jpg,40-49,Male,White
8242.jpg,50-59,Male,Black
8246.jpg,20-29,Male,White
825.jpg,30-39,Male,Black
8254.jpg,50-59,Male,White
8257.jpg,30-39,Male,Indian
8269.jpg,0-2,Male,Indian
8274.jpg,20-29,Male,Indian
8276.jpg,50-59,Male,White
8278.jpg,3-9,Male,White
828.jpg,30-39,Male,Black
8280.jpg,30-39,Male,Black
8282.jpg,0-2,Male,White
8283.jpg,30-39,Male,Indian
829.jpg,30-39,Male,Indian
83.jpg,30-39,Male,White
8302.jpg,50-59,Male,Black
8303.jpg,30-39,Male,White
8306.jpg,30-39,Male,Black
831.jpg,30-39,Male,Indian
8310.jpg,50-59,Male,Indian
8318.jpg,30-39,Male,White
8319.jpg,30-39,Male,Indian
8332.jpg,0-2,Male,White
8338.jpg,50-59,Male,White
834.jpg,0-2,Male,White
8343.jpg,0-2,Male,Asian
8346.jpg,20-29,Male,White
8354.jpg,30-39,Male,Asian
8359.jpg,50-59,Female,White
8360.jpg,3-9,Female,White
8367.jpg,30-39,Male,Black
8369.jpg,20-29,Female,White
837.jpg,0-2,Male,Black
8375.jpg,30-39,Male,White
8387.jpg,20-29,Male,Indian
8408.jpg,20-29,Male,Indian
8409.jpg,30-39,Male,Black
8414.jpg,20-29,Male,Indian
8419.jpg,30-39,Male,Indian
8420.jpg,30-39,Female,White
8427.jpg,20-29,Male,White
843.jpg,3-9,Male,Black
8441.jpg,30-39,Male,Indian
8443.jpg,30-39,Male,Others
8445.jpg,30-39,Female,Indian
8446.jpg,20-29,Male,Indian
8447.jpg,30-39,Male,White
8448.jpg,20-29,Male,Black
8451.jpg,30-39,Male,Black
846.jpg,20-29,Male,Black
8460.jpg,0-2,Male,Indian
8466.jpg,30-39,Female,White
8469.jpg,30-39,Male,Indian
8472.jpg,30-39,Male,Black
8474.jpg,30-39,Male,Black
848.jpg,20-29,Male,White
8496.jpg,50-59,Male,Black
8503.jpg,30-39,Male,Indian
8506.jpg,30-39,Male,Indian
8508.jpg,30-39,Male,White
851.jpg,3-9,Female,White
8513.jpg,20-29,Male,Indian
8514.jpg,20-29,Female,Black
8515.jpg,30-39,Male,Indian
8519.jpg,30-39,Male,Black
8525.jpg,50-59,Male,Indian
8528.jpg,30-39,Female,Black
8532.jpg,50-59,Male,White
8536.jpg,20-29,Male,Black
854.jpg,20-29,Male,Black
8540.jpg,30-39,Female,White
8541.jpg,20-29,Male,Black
8553.jpg,30-39,Male,Indian
856.jpg,20-29,Male,Indian
8560.jpg,20-29,Male,Indian
8562.jpg,20-29,Male,White
8568.jpg,20-29,Male,Black
8572.jpg,50-59,Male,White
8574.jpg,20-29,Male,Black
8584.jpg,30-39,Female,Black
8587.jpg,50-59,Male,Indian
8591.jpg,30-39,Male,Asian
8593.jpg,30-39,Male,White
8599.jpg,30-39,Male,Black
8600.jpg,30-39,Male,Asian
8602.jpg,50-59,Male,White
8603.jpg,20-29,Female,Black
8616.jpg,30-39,Male,Indian
8626.jpg,30-39,Male,Indian
8630.jpg,30-39,Female,White
8631.jpg,50-59,Male,White
8638.jpg,50-59,Male,White
864.jpg,20-29,Male,Asian
8646.jpg,20-29,Female,Black
8649.jpg,50-59,Male,Black
865.jpg,30-39,Male,White
8652.jpg,20-29,Male,Black
8655.jpg,30-39,Male,Black
8669.jpg,30-39,Male,Indian
867.jpg,20-29,Male,White
8673.jpg,30-39,Male,White
8675.jpg,30-39,Male,White
8676.jpg,30-39,Male,Indian
8677.jpg,30-39,Male,Black
8679.jpg,40-49,Male,Indian
8681.jpg,30-39,Male,Indian
8684.jpg,20-29,Male,Indian
8689.jpg,20-29,Male,Indian
8690.jpg,20-29,Male,Asian
8698.jpg,20-29,Male,Asian
8708.jpg,0-2,Male,Asian
871.jpg,20-29,Male,Indian
8711.jpg,30-39,Female,Black
8713.jpg,50-59,Male,White
8716.jpg,20-29,Male,Black
8717.jpg,50-59,Male,Indian
8731.jpg,20-29,Male,Black
8733.jpg,20-29,Female,Black
8739.jpg,50-59,Male,White
874.jpg,30-39,Male,Black
8742.jpg,20-29,Male,Black
8747.jpg,50-59,Male,Black
8748.jpg,20-29,Male,Indian
8751.jpg,30-39,Male,White
8761.jpg,20-29,Female,Black
8772.jpg,20-29,Male,Black
8784.jpg,30-39,Male,White
8785.jpg,30-39,Female,Black
8790.jpg,3-9,Male,Black
8794.jpg,20-29,Male,Indian
8799.jpg,30-39,Female,Indian
88.jpg,30-39,Male,Black
8802.jpg,20-29,Male,Asian
8803.jpg,30-39,Male,Indian
8805.jpg,50-59,Male,White
8819.jpg,20-29,Male,Indian
882.jpg,30-39,Male,White
8825.jpg,30-39,Female,White
8827.jpg,30-39,Male,Indian
8828.jpg,50-59,Male,White
8835.jpg,20-29,Male,White
8839.jpg,50-59,Male,Black
8840.jpg,20-29,Male,Indian
8842.jpg,20-29,Male,Black
8846.jpg,50-59,Male,Indian
885.jpg,30-39,Male,Indian
8859.jpg,30-39,Male,Black
8870.jpg,20-29,Female,Black
8877.jpg,0-2,Male,White
888.jpg,20-29,Male,Indian
8880.jpg,30-39,Male,Black
8884.jpg,30-39,Male,White
8885.jpg,10-19,Male,White
8889.jpg,50-59,Male,White
889.jpg,30-39,Male,Black
8896.jpg,20-29,Male,Black
8901.jpg,20-29,Male,Indian
891.jpg,20-29,Female,White
8914.jpg,30-39,Male,White
8919.jpg,50-59,Male,Indian
892.jpg,30-39,Male,Asian
8920.jpg,30-39,Male,Black
893.jpg,10-19,Female,White
8935.jpg,20-29,Male,Asian
8938.jpg,30-39,Male,Indian
8945.jpg,50-59,Male,Indian
8948.jpg,30-39,Male,Black
895.jpg,20-29,Male,White
8953.jpg,20-29,Male,Black
8956.jpg,30-39,Male,Black
8958.jpg,50-59,Male,Indian
8961.jpg,30-39,Male,Indian
8962.jpg,30-39,Male,Indian
8967.jpg,30-39,Male,Black
8972.jpg,20-29,Male,Indian
8974.jpg,20-29,Male,Indian
898.jpg,20-29,Male,Indian
8982.jpg,30-39,Male,Indian
8985.jpg,20-29,Female,Black
8993.jpg,30-39,Male,Black
8998.jpg,20-29,Male,White
9002.jpg,20-29,Female,White
9004.jpg,20-29,Male,Indian
9009.jpg,20-29,Male,White
9016.jpg,30-39,Male,Black
9018.jpg,20-29,Male,Black
9019.jpg,30-39,Male,Indian
9021.jpg,3-9,Male,Asian
9025.jpg,50-59,Male,Indian
9028.jpg,50-59,Female,White
9029.jpg,20-29,Male,Black
9030.jpg,30-39,Male,White
9031.jpg,30-39,Female,White
9038.jpg,20-29,Male,Black
9040.jpg,40-49,Male,White
9043.jpg,50-59,Male,Indian
9046.jpg,30-39,Female,Black
9054.jpg,50-59,Male,Asian
9055.jpg,3-9,Male,White
9058.jpg,20-29,Male,Indian
9059.jpg,30-39,Male,Black
906.jpg,30-39,Male,Asian
9064.jpg,50-59,Male,Indian
9065.jpg,20-29,Male,Indian
9066.jpg,20-29,Male,White
9067.jpg,30-39,Male,Black
9071.jpg,20-29,Male,White
9072.jpg,30-39,Male,Black
9075.jpg,30-39,Male,White
9076.jpg,50-59,Male,White
9082.jpg,50-59,Male,Indian
9090.jpg,30-39,Male,Black
9097.jpg,20-29,Male,Black
9099.jpg,30-39,Male,Black
9102.jpg,30-39,Male,Black
9105.jpg,10-19,Female,Black
9107.jpg,30-39,Male,Black
9110.jpg,60-69,Female,Indian
9121.jpg,50-59,Male,White
9122.jpg,20-29,Male,White
9129.jpg,20-29,Male,Indian
9130.jpg,20-29,Male,White
9132.jpg,50-59,Male,Indian
9139.jpg,20-29,Male,Black
9143.jpg,30-39,Male,Indian
9154.jpg,30-39,Male,Others
9161.jpg,50-59,Male,White
9163.jpg,20-29,Female,Indian
9165.jpg,30-39,Male,Black
9166.jpg,30-39,Male,Black
9167.jpg,30-39,Male,Black
9168.jpg,50-59,Male,Black
9171.jpg,30-39,Male,Black
9173.jpg,50-59,Male,Indian
919.jpg,30-39,Male,Black
9196.jpg,3-9,Male,Black
9197.jpg,50-59,Male,White
9198.jpg,30-39,Male,White
9203.jpg,0-2,Male,Indian
921.jpg,20-29,Male,Indian
9213.jpg,20-29,Female,Black
9216.jpg,30-39,Male,Indian
9222.jpg,30-39,Male,Asian
9225.jpg,30-39,Male,Indian
9228.jpg,30-39,Male,Black
923.jpg,50-59,Male,White
9237.jpg,30-39,Male,Indian
9238.jpg,30-39,Male,Black
9249.jpg,30-39,Male,White
9250.jpg,40-49,Male,Indian
9254.jpg,20-29,Male,Black
9256.jpg,30-39,Male,White
926.jpg,20-29,Male,White
9262.jpg,20-29,Female,Indian
9264.jpg,20-29,Female,White
9275.jpg,30-39,Male,Black
9285.jpg,0-2,Male,White
9287.jpg,20-29,Male,Black
929.jpg,30-39,Male,Black
9292.jpg,20-29,Male,Black
93.jpg,30-39,Female,Black
9301.jpg,3-9,Female,Indian
9311.jpg,20-29,Male,Black
9320.jpg,30-39,Male,White
9322.jpg,20-29,Female,Black
9326.jpg,20-29,Female,Black
9328.jpg,30-39,Female,White
933.jpg,30-39,Male,Indian
9333.jpg,50-59,Male,Indian
9334.jpg,20-29,Male,White
9337.jpg,30-39,Male,Black
9339.jpg,30-39,Male,Indian
9341.jpg,20-29,Male,Indian
9344.jpg,50-59,Male,White
9347.jpg,20-29,Male,Indian
9349.jpg,30-39,Male,Black
9354.jpg,30-39,Male,Black
9356.jpg,50-59,Female,Indian
9369.jpg,30-39,Female,Black
9372.jpg,3-9,Male,Black
9374.jpg,20-29,Male,Indian
9379.jpg,30-39,Male,Asian
9382.jpg,30-39,Male,White
9384.jpg,30-39,Male,Indian
9388.jpg,more than 70,Male,White
9394.jpg,20-29,Female,Indian
9399.jpg,30-39,Male,Indian
9403.jpg,50-59,Male,White
941.jpg,50-59,Male,Black
9416.jpg,30-39,Male,White
9420.jpg,20-29,Male,Indian
9432.jpg,30-39,Male,White
9434.jpg,50-59,Male,White
9437.jpg,20-29,Female,White
944.jpg,20-29,Female,White
9443.jpg,30-39,Female,Indian
9449.jpg,20-29,Male,Black
9459.jpg,20-29,Male,White
9469.jpg,30-39,Male,White
9482.jpg,20-29,Male,Indian
9484.jpg,50-59,Male,Black
9486.jpg,20-29,Male,White
9492.jpg,3-9,Male,Black
9498.jpg,50-59,Male,White
9499.jpg,20-29,Male,Indian
95.jpg,50-59,Male,Indian
9504.jpg,30-39,Male,Black
9506.jpg,50-59,Male,White
9513.jpg,50-59,Male,Black
9514.jpg,20-29,Female,Black
952.jpg,20-29,Female,Black
9522.jpg,50-59,Male,Indian
9532.jpg,30-39,Male,White
9533.jpg,20-29,Male,Black
9538.jpg,50-59,Male,Indian
9544.jpg,30-39,Male,Indian
9551.jpg,20-29,Male,Black
9557.jpg,20-29,Male,White
9565.jpg,30-39,Female,Indian
9569.jpg,20-29,Male,Indian
9571.jpg,30-39,Female,Black
9577.jpg,30-39,Male,White
9578.jpg,30-39,Male,Indian
9583.jpg,30-39,Male,Indian
9585.jpg,20-29,Male,White
9586.jpg,30-39,Male,White
9596.jpg,50-59,Male,Black
9598.jpg,30-39,Male,Indian
9602.jpg,20-29,Female,Black
9615.jpg,50-59,Male,White
9617.jpg,50-59,Male,White
9628.jpg,20-29,Female,White
9629.jpg,50-59,Male,White
9635.jpg,20-29,Female,Asian
9636.jpg,20-29,Male,Indian
964.jpg,50-59,Male,White
9647.jpg,0-2,Male,Black
9652.jpg,30-39,Male,Asian
966.jpg,30-39,Male,Black
9664.jpg,50-59,Male,White
9666.jpg,30-39,Male,Black
9674.jpg,0-2,Male,Black
9683.jpg,30-39,Male,White
9685.jpg,30-39,Male,White
9687.jpg,30-39,Male,White
969.jpg,20-29,Male,White
9692.jpg,20-29,Male,Black
9696.jpg,30-39,Male,Indian
9698.jpg,30-39,Male,Black
9703.jpg,30-39,Male,Black
9705.jpg,10-19,Female,White
9709.jpg,50-59,Male,White
9711.jpg,30-39,Male,Indian
9716.jpg,30-39,Male,Indian
9725.jpg,20-29,Male,White
973.jpg,20-29,Male,White
9732.jpg,50-59,Male,Black
974.jpg,30-39,Male,Indian
9740.jpg,20-29,Male,White
9748.jpg,20-29,Female,Asian
9753.jpg,30-39,Male,White
9754.jpg,20-29,Female,Indian
9755.jpg,50-59,Male,Indian
9757.jpg,3-9,Male,White
9765.jpg,20-29,Male,Black
9769.jpg,50-59,Male,Black
9771.jpg,50-59,Male,Indian
9772.jpg,20-29,Male,Asian
978.jpg,30-39,Male,Black
9780.jpg,30-39,Male,Asian
9793.jpg,30-39,Male,White
98.jpg,30-39,Male,Indian
9803.jpg,50-59,Male,Indian
9815.jpg,30-39,Male,Black
9816.jpg,20-29,Female,Asian
9817.jpg,20-29,Male,Black
982.jpg,50-59,Male,Black
9822.jpg,30-39,Male,Indian
9826.jpg,20-29,Male,Indian
9828.jpg,50-59,Male,Indian
9831.jpg,50-59,Male,White
9835.jpg,20-29,Female,White
9840.jpg,30-39,Male,White
9842.jpg,30-39,Male,Black
9845.jpg,20-29,Female,White
9848.jpg,50-59,Male,White
9854.jpg,30-39,Female,White
9859.jpg,30-39,Female,White
9862.jpg,20-29,Male,White
9863.jpg,30-39,Male,White
9864.jpg,40-49,Male,Indian
9866.jpg,30-39,Male,Black
9867.jpg,20-29,Male,Asian
9871.jpg,20-29,Male,Black
9872.jpg,30-39,Male,White
9873.jpg,30-39,Male,Black
9874.jpg,30-39,Male,Indian
9875.jpg,20-29,Female,Asian
9876.jpg,40-49,Male,White
9882.jpg,30-39,Male,Indian
9886.jpg,20-29,Male,Indian
9889.jpg,50-59,Male,Black
989.jpg,30-39,Male,Indian
9897.jpg,50-59,Male,White
9900.jpg,20-29,Male,Indian
9914.jpg,20-29,Female,Indian
9921.jpg,50-59,Male,White
9922.jpg,20-29,Male,Black
9924.jpg,20-29,Male,Black
993.jpg,30-39,Female,Black
9933.jpg,50-59,Male,White
9935.jpg,30-39,Male,White
9939.jpg,30-39,Male,Black
9941.jpg,20-29,Male,Indian
9944.jpg,20-29,Female,Indian
9948.jpg,20-29,Male,Indian
9949.jpg,30-39,Male,Black
995.jpg,30-39,Male,Asian
9950.jpg,50-59,Male,Black
9966.jpg,50-59,Male,Black
9967.jpg,20-29,Male,Indian
9968.jpg,30-39,Male,Black
335.jpg,30-39,Male,White
3354.jpg,30-39,Male,Indian
3355.jpg,30-39,Male,Indian
3360.jpg,50-59,Male,White
3372.jpg,20-29,Male,Indian
3377.jpg,40-49,Male,Asian
3378.jpg,30-39,Male,Indian
3386.jpg,40-49,Male,Indian
3388.jpg,20-29,Male,White
339.jpg,30-39,Male,Indian
3393.jpg,0-2,Male,Asian
3396.jpg,3-9,Male,Indian
3404.jpg,10-19,Female,Indian
3407.jpg,50-59,Male,Indian
3417.jpg,20-29,Male,Indian
3418.jpg,30-39,Male,White
3419.jpg,20-29,Male,Indian
3420.jpg,10-19,Male,Asian
3423.jpg,20-29,Male,White
3425.jpg,20-29,Male,Black
3432.jpg,50-59,Male,Indian
3437.jpg,20-29,Male,White
3438.jpg,30-39,Male,Black
3441.jpg,30-39,Male,White
3447.jpg,50-59,Female,Black
3449.jpg,20-29,Male,Indian
3450.jpg,30-39,Male,Indian
3463.jpg,20-29,Male,Indian
3464.jpg,20-29,Male,Asian
3468.jpg,20-29,Female,White
3472.jpg,20-29,Male,Black
3477.jpg,20-29,Male,Black
3483.jpg,30-39,Female,Indian
3488.jpg,30-39,Male,Indian
3489.jpg,30-39,Female,White
3496.jpg,30-39,Male,Asian
3503.jpg,20-29,Female,White
3507.jpg,20-29,Male,Black
3509.jpg,20-29,Male,Indian
3514.jpg,30-39,Male,Black
3516.jpg,50-59,Male,White
3521.jpg,10-19,Female,Asian
3525.jpg,30-39,Male,Black
3528.jpg,20-29,Male,Black
3529.jpg,20-29,Male,Black
3530.jpg,30-39,Female,Indian
3531.jpg,20-29,Male,Indian
3553.jpg,50-59,Female,White
3562.jpg,20-29,Male,Asian
357.jpg,30-39,Male,Black
3577.jpg,40-49,Male,Asian
3591.jpg,20-29,Male,Black
3596.jpg,50-59,Male,Indian
3598.jpg,30-39,Female,White
3599.jpg,20-29,Male,Indian
3608.jpg,30-39,Male,White
3615.jpg,30-39,Male,Black
3617.jpg,30-39,Male,Indian
3626.jpg,30-39,Female,White
3628.jpg,50-59,Male,White
3637.jpg,20-29,Female,Black
364.jpg,50-59,Male,Indian
3643.jpg,30-39,Male,Black
3648.jpg,20-29,Male,Black
3649.jpg,30-39,Male,Asian
365.jpg,30-39,Male,Indian
3654.jpg,20-29,Male,Black
3656.jpg,50-59,Male,Indian
3657.jpg,20-29,Male,Asian
3666.jpg,30-39,Female,Indian
3668.jpg,50-59,Female,Indian
3677.jpg,20-29,Male,Indian
3682.jpg,50-59,Male,White
3683.jpg,30-39,Male,White
3687.jpg,20-29,Female,Black
369.jpg,20-29,Male,White
3691.jpg,30-39,Female,Others
3696.jpg,40-49,Male,Black
3699.jpg,30-39,Female,White
3715.jpg,30-39,Male,Black
3716.jpg,30-39,Male,Indian
3719.jpg,50-59,Male,Indian
3721.jpg,0-2,Male,Indian
3727.jpg,3-9,Male,White
3737.jpg,20-29,Male,White
3742.jpg,50-59,Male,Indian
3746.jpg,50-59,Male,White
3747.jpg,10-19,Female,Indian
3751.jpg,20-29,Male,Indian
3766.jpg,20-29,Male,Indian
3770.jpg,30-39,Male,Black
3772.jpg,30-39,Male,Black
3774.jpg,3-9,Male,Indian
3781.jpg,30-39,Male,Indian
3784.jpg,30-39,Male,Indian
3785.jpg,30-39,Male,Black
3795.jpg,10-19,Male,Indian
3798.jpg,30-39,Male,Black
3799.jpg,20-29,Male,Indian
3803.jpg,30-39,Male,White
3812.jpg,30-39,Male,White
3817.jpg,30-39,Male,Indian
382.jpg,30-39,Male,Black
3820.jpg,0-2,Male,White
3822.jpg,30-39,Male,Indian
3826.jpg,30-39,Male,Indian
3829.jpg,30-39,Male,Asian
3834.jpg,30-39,Male,Black
385.jpg,30-39,Male,White
3871.jpg,20-29,Male,Black
3876.jpg,20-29,Male,Black
3883.jpg,20-29,Male,Indian
3887.jpg,20-29,Male,Indian
3893.jpg,0-2,Male,Asian
3896.jpg,20-29,Male,Black
390.jpg,0-2,Male,Asian
3910.jpg,20-29,Male,Indian
3915.jpg,3-9,Female,Black
3916.jpg,30-39,Male,White
3922.jpg,20-29,Male,Indian
3934.jpg,50-59,Male,Black
3939.jpg,30-39,Male,Black
3943.jpg,50-59,Male,Indian
3944.jpg,50-59,Male,Black
3949.jpg,30-39,Male,Asian
3952.jpg,20-29,Male,White
3953.jpg,20-29,Male,Black
3958.jpg,0-2,Male,Asian
3966.jpg,30-39,Male,Black
3975.jpg,20-29,Male,Indian
3987.jpg,50-59,Male,White
3991.jpg,30-39,Female,Indian
3994.jpg,30-39,Male,Black
4009.jpg,30-39,Female,Black
4017.jpg,10-19,Male,White
4019.jpg,30-39,Male,Indian
4024.jpg,30-39,Male,Indian
4032.jpg,50-59,Male,Others
4033.jpg,30-39,Male,White
4038.jpg,30-39,Female,Black
404.jpg,20-29,Male,Black
4042.jpg,20-29,Male,Black
4056.jpg,30-39,Female,Indian
4057.jpg,30-39,Male,Black
406.jpg,20-29,Male,Black
4063.jpg,20-29,Female,Indian
4080.jpg,20-29,Male,Black
4081.jpg,20-29,Male,Indian
4083.jpg,20-29,Male,Indian
4087.jpg,30-39,Male,White
4104.jpg,20-29,Male,Indian
4111.jpg,50-59,Male,White
4113.jpg,30-39,Male,Indian
4118.jpg,30-39,Male,Indian
4122.jpg,30-39,Male,Indian
4123.jpg,30-39,Male,Asian
4125.jpg,20-29,Male,Indian
4135.jpg,50-59,Male,Black
4147.jpg,30-39,Male,Indian
4148.jpg,50-59,Male,White
4151.jpg,20-29,Male,Black
4153.jpg,10-19,Male,White
4162.jpg,50-59,Male,White
4166.jpg,3-9,Male,White
4170.jpg,30-39,Male,Indian
4176.jpg,30-39,Male,Asian
4184.jpg,30-39,Male,Black
419.jpg,20-29,Female,Asian
4192.jpg,30-39,Male,Indian
42.jpg,20-29,Female,Black
4206.jpg,30-39,Male,Black
4213.jpg,30-39,Male,White
4214.jpg,30-39,Male,Black
4218.jpg,20-29,Female,Black
422.jpg,40-49,Male,Indian
4232.jpg,20-29,Male,White
4233.jpg,40-49,Male,White
4234.jpg,10-19,Male,White
4235.jpg,50-59,Male,Indian
4236.jpg,20-29,Male,Black
425.jpg,20-29,Female,Asian
4252.jpg,20-29,Male,Black
4253.jpg,50-59,Male,White
4256.jpg,30-39,Male,Indian
4258.jpg,30-39,Male,White
4260.jpg,20-29,Male,Indian
4263.jpg,30-39,Male,Black
4264.jpg,20-29,Male,Indian
4273.jpg,30-39,Male,Indian
4275.jpg,50-59,Male,White
428.jpg,30-39,Male,Black
4280.jpg,50-59,Male,Black
4287.jpg,20-29,Male,Black
4293.jpg,30-39,Male,Indian
4299.jpg,20-29,Male,Black
4301.jpg,20-29,Male,Black
4302.jpg,30-39,Male,Indian
4305.jpg,20-29,Male,Black
4308.jpg,20-29,Male,Black
4311.jpg,30-39,Male,Asian
4313.jpg,3-9,Female,White
4320.jpg,30-39,Male,Indian
4322.jpg,20-29,Male,Indian
4323.jpg,20-29,Male,Asian
4324.jpg,30-39,Female,Black
4325.jpg,20-29,Female,White
4334.jpg,30-39,Male,White
4336.jpg,30-39,Male,Indian
4337.jpg,30-39,Female,White
4339.jpg,30-39,Male,Indian
4340.jpg,20-29,Male,Black
4347.jpg,60-69,Male,White
435.jpg,20-29,Male,Indian
4351.jpg,30-39,Male,White
4352.jpg,30-39,Male,White
4353.jpg,20-29,Male,Indian
4369.jpg,50-59,Male,Indian
4375.jpg,30-39,Male,Indian
4377.jpg,50-59,Male,Indian
4385.jpg,more than 70,Male,White
4387.jpg,30-39,Male,Indian
4388.jpg,20-29,Male,Indian
4396.jpg,0-2,Male,Asian
4399.jpg,30-39,Male,Indian
44.jpg,30-39,Male,Indian
440.jpg,3-9,Female,Black
4400.jpg,30-39,Male,Black
4402.jpg,50-59,Male,Asian
4409.jpg,0-2,Male,Indian
4411.jpg,30-39,Male,Black
4412.jpg,50-59,Male,White
4414.jpg,20-29,Male,Black
4418.jpg,30-39,Male,Black
4421.jpg,50-59,Male,White
443.jpg,20-29,Female,Indian
4432.jpg,20-29,Female,Asian
4435.jpg,30-39,Male,Asian
4438.jpg,40-49,Female,Indian
4440.jpg,20-29,Male,Black
4448.jpg,50-59,Male,Black
445.jpg,20-29,Male,Black
4451.jpg,20-29,Male,Black
4452.jpg,more than 70,Male,Black
4460.jpg,20-29,Male,Black
4464.jpg,50-59,Male,White
4468.jpg,40-49,Male,White
4470.jpg,20-29,Male,White
4471.jpg,50-59,Male,Indian
4480.jpg,40-49,Male,Black
4485.jpg,0-2,Female,Indian
4486.jpg,0-2,Male,White
4489.jpg,20-29,Male,Indian
4492.jpg,50-59,Male,Black
4495.jpg,30-39,Male,White
4496.jpg,20-29,Male,White
450.jpg,10-19,Male,Indian
4501.jpg,20-29,Male,Asian
4505.jpg,20-29,Male,Indian
4516.jpg,3-9,Female,Asian
4519.jpg,50-59,Male,Indian
4527.jpg,30-39,Male,Black
4541.jpg,30-39,Male,Black
4553.jpg,20-29,Female,Black
4554.jpg,30-39,Female,Black
4556.jpg,50-59,Male,Indian
4558.jpg,30-39,Male,White
4562.jpg,50-59,Male,Black
4563.jpg,20-29,Male,Black
4564.jpg,3-9,Male,Indian
457.jpg,20-29,Male,Indian
4575.jpg,30-39,Male,Indian
4576.jpg,30-39,Male,Indian
4582.jpg,20-29,Male,Black
4591.jpg,20-29,Male,Indian
4595.jpg,30-39,Male,Black
4605.jpg,40-49,Female,Indian
461.jpg,50-59,Male,Indian
4622.jpg,30-39,Male,White
4624.jpg,50-59,Male,Black
4627.jpg,20-29,Male,Black
463.jpg,30-39,Male,White
4634.jpg,30-39,Male,Indian
4636.jpg,30-39,Female,White
4647.jpg,30-39,Female,Black
4648.jpg,20-29,Male,Indian
4649.jpg,20-29,Male,Black
4651.jpg,20-29,Female,Indian
4652.jpg,30-39,Male,Indian
4653.jpg,50-59,Male,White
4656.jpg,40-49,Male,Indian
4665.jpg,20-29,Male,Indian
4674.jpg,20-29,Female,Black
4675.jpg,50-59,Male,White
4681.jpg,30-39,Male,White
4689.jpg,20-29,Male,White
4690.jpg,20-29,Male,Black
4693.jpg,20-29,Male,Black
4697.jpg,30-39,Male,Black
4698.jpg,30-39,Male,Indian
4699.jpg,20-29,Male,Black
4700.jpg,20-29,Male,Indian
4708.jpg,30-39,Male,White
471.jpg,30-39,Male,Indian
4710.jpg,30-39,Male,Black
4712.jpg,30-39,Male,Asian
4719.jpg,30-39,Male,Asian
4725.jpg,10-19,Male,Indian
4738.jpg,0-2,Male,Asian
4741.jpg,20-29,Female,Indian
4745.jpg,20-29,Female,Black
4752.jpg,50-59,Male,Indian
4753.jpg,50-59,Male,Black
4754.jpg,30-39,Female,Black
4760.jpg,30-39,Male,Indian
4764.jpg,30-39,Male,Black
4768.jpg,30-39,Male,White
4774.jpg,0-2,Male,White
4775.jpg,30-39,Male,Indian
4777.jpg,50-59,Male,White
4781.jpg,20-29,Male,White
4784.jpg,3-9,Male,Asian
4785.jpg,30-39,Male,Black
4791.jpg,50-59,Male,White
4793.jpg,20-29,Female,White
4797.jpg,50-59,Male,Black
480.jpg,30-39,Female,Asian
4802.jpg,30-39,Male,Indian
4814.jpg,30-39,Male,White
4815.jpg,30-39,Male,Black
4820.jpg,3-9,Male,Indian
4827.jpg,30-39,Male,White
4833.jpg,10-19,Male,Black
4837.jpg,0-2,Male,Black
4846.jpg,30-39,Male,Black
4847.jpg,50-59,Male,White
485.jpg,40-49,Male,Asian
4852.jpg,40-49,Male,White
4855.jpg,30-39,Male,Indian
4856.jpg,50-59,Male,Black
4858.jpg,30-39,Male,Black
4863.jpg,30-39,Male,White
4866.jpg,3-9,Female,Asian
4873.jpg,30-39,Male,Black
4888.jpg,50-59,Male,Black
4889.jpg,10-19,Male,Asian
4890.jpg,20-29,Male,Black
4895.jpg,30-39,Male,Indian
4906.jpg,20-29,Male,Black
491.jpg,20-29,Male,Indian
4910.jpg,20-29,Male,White
4914.jpg,20-29,Male,White
4915.jpg,30-39,Male,Black
4918.jpg,30-39,Female,Black
4920.jpg,20-29,Male,Indian
4921.jpg,20-29,Female,Black
4922.jpg,30-39,Male,Black
4923.jpg,20-29,Male,White
4927.jpg,0-2,Male,Indian
4929.jpg,50-59,Male,Black
4934.jpg,0-2,Male,Black
4935.jpg,20-29,Male,Black
4936.jpg,20-29,Male,Black
4938.jpg,50-59,Male,Black
4939.jpg,10-19,Male,White
494.jpg,30-39,Male,Indian
4942.jpg,20-29,Male,Black
4946.jpg,30-39,Male,White
4951.jpg,0-2,Male,Indian
4956.jpg,30-39,Female,Indian
4958.jpg,30-39,Male,White
4973.jpg,30-39,Male,Black
4978.jpg,50-59,Male,White
4988.jpg,30-39,Male,White
499.jpg,30-39,Male,White
4991.jpg,30-39,Male,Black
4992.jpg,50-59,Male,White
4994.jpg,20-29,Female,Others
4996.jpg,20-29,Male,Indian
4997.jpg,30-39,Male,Asian
5.jpg,20-29,Male,White
500.jpg,30-39,Male,Indian
5000.jpg,30-39,Male,White
5001.jpg,30-39,Male,Indian
5005.jpg,0-2,Male,Asian
5008.jpg,50-59,Male,White
501.jpg,60-69,Male,White
5014.jpg,40-49,Male,White
5016.jpg,30-39,Male,Black
5020.jpg,3-9,Male,Indian
5022.jpg,30-39,Female,White
5045.jpg,30-39,Male,Black
5047.jpg,30-39,Male,White
5049.jpg,20-29,Male,White
505.jpg,30-39,Male,Black
5052.jpg,50-59,Male,Indian
5054.jpg,20-29,Male,Black
5057.jpg,20-29,Male,Black
506.jpg,50-59,Male,Black
5064.jpg,30-39,Male,Indian
5072.jpg,30-39,Male,Black
5074.jpg,20-29,Male,Black
5085.jpg,20-29,Female,Black
5091.jpg,30-39,Male,Indian
51.jpg,20-29,Male,White
5101.jpg,20-29,Male,Black
5109.jpg,30-39,Female,White
511.jpg,50-59,Male,Indian
5112.jpg,30-39,Male,White
5118.jpg,60-69,Male,Indian
5120.jpg,20-29,Female,White
5128.jpg,50-59,Male,Indian
5133.jpg,20-29,Male,Indian
5136.jpg,50-59,Male,White
5138.jpg,30-39,Male,White
5146.jpg,20-29,Male,Asian
5148.jpg,50-59,Male,White
5159.jpg,50-59,Male,Black
5163.jpg,20-29,Male,Black
5166.jpg,30-39,Male,White
5181.jpg,50-59,Male,Indian
5182.jpg,30-39,Male,Indian
5188.jpg,30-39,Male,Indian
519.jpg,30-39,Female,White
5190.jpg,3-9,Female,Asian
5198.jpg,20-29,Male,Black
5199.jpg,50-59,Male,Black
52.jpg,0-2,Male,White
5205.jpg,50-59,Male,White
5210.jpg,20-29,Male,Black
5214.jpg,30-39,Male,Asian
5224.jpg,30-39,Male,Indian
5228.jpg,20-29,Male,Black
5239.jpg,20-29,Female,Black
5240.jpg,10-19,Male,Asian
5242.jpg,50-59,Male,Indian
5246.jpg,50-59,Male,White
5249.jpg,20-29,Male,Asian
525.jpg,0-2,Male,White
5253.jpg,50-59,Male,Black
526.jpg,20-29,Female,Black
5265.jpg,50-59,Male,White
5269.jpg,0-2,Male,Asian
5273.jpg,30-39,Male,Indian
5275.jpg,20-29,Male,Black
5279.jpg,30-39,Male,Black
5281.jpg,30-39,Male,Black
5284.jpg,20-29,Male,Black
5297.jpg,30-39,Female,Indian
53.jpg,30-39,Male,White
5300.jpg,30-39,Male,Indian
5301.jpg,30-39,Male,White
5304.jpg,20-29,Male,Black
5306.jpg,30-39,Male,Indian
5310.jpg,50-59,Male,Indian
5315.jpg,20-29,Male,Black
5316.jpg,10-19,Male,Indian
5319.jpg,30-39,Male,Indian
533.jpg,50-59,Male,White
5338.jpg,30-39,Male,Indian
5341.jpg,30-39,Female,Black
5343.jpg,30-39,Male,Black
5344.jpg,30-39,Male,Black
5347.jpg,30-39,Male,Black
5351.jpg,30-39,Male,Black
5357.jpg,30-39,Male,White
5359.jpg,20-29,Male,Black
5374.jpg,50-59,Male,White
5376.jpg,30-39,Male,Indian
538.jpg,30-39,Male,Black
5380.jpg,20-29,Male,White
5383.jpg,50-59,Male,Black
5384.jpg,20-29,Male,Black
539.jpg,30-39,Male,White
5390.jpg,20-29,Male,Black
5391.jpg,3-9,Male,Indian
5394.jpg,30-39,Male,Black
5400.jpg,50-59,Male,White
5405.jpg,20-29,Female,White
5407.jpg,30-39,Male,Indian
5410.jpg,30-39,Male,Asian
5411.jpg,50-59,Male,White
5413.jpg,30-39,Male,Black
5414.jpg,30-39,Male,Black
5416.jpg,0-2,Male,Asian
5417.jpg,20-29,Male,White
5424.jpg,20-29,Male,White
5425.jpg,30-39,Female,Indian
543.jpg,50-59,Male,White
5432.jpg,20-29,Male,Indian
5434.jpg,30-39,Male,Indian
5437.jpg,20-29,Male,Black
5439.jpg,20-29,Female,White
5441.jpg,30-39,Female,Asian
5448.jpg,20-29,Male,White
5450.jpg,30-39,Male,Black
5453.jpg,30-39,Male,White
5457.jpg,30-39,Male,Others
5464.jpg,50-59,Male,White
5465.jpg,30-39,Male,Black
5472.jpg,3-9,Female,White
548.jpg,20-29,Male,Indian
5480.jpg,50-59,Male,White
5483.jpg,20-29,Female,Black
5487.jpg,20-29,Male,Black
5490.jpg,10-19,Female,White
5495.jpg,30-39,Male,White
5500.jpg,30-39,Male,White
5506.jpg,20-29,Male,White
5507.jpg,30-39,Male,Black
5521.jpg,50-59,Male,White
5527.jpg,50-59,Male,Black
553.jpg,50-59,Male,Black
5536.jpg,30-39,Male,Indian
5537.jpg,30-39,Male,White
5538.jpg,30-39,Male,Indian
5547.jpg,20-29,Male,Indian
5556.jpg,20-29,Female,Indian
5557.jpg,30-39,Male,Black
5559.jpg,30-39,Female,Black
556.jpg,30-39,Male,White
5563.jpg,30-39,Male,Black
5569.jpg,0-2,Male,White
557.jpg,30-39,Male,Indian
5574.jpg,10-19,Female,White
5579.jpg,30-39,Male,Black
5593.jpg,20-29,Female,Indian
5594.jpg,50-59,Male,Indian
5595.jpg,30-39,Male,Indian
5597.jpg,30-39,Female,Black
56.jpg,30-39,Male,Indian
560.jpg,20-29,Female,Black
5601.jpg,30-39,Male,Black
5602.jpg,20-29,Female,Indian
5609.jpg,20-29,Male,Asian
561.jpg,30-39,Male,Black
5615.jpg,30-39,Male,Indian
5620.jpg,50-59,Male,Indian
5629.jpg,20-29,Female,Black
5640.jpg,50-59,Male,White
5642.jpg,more than 70,Male,Black
565.jpg,20-29,Male,Black
5650.jpg,20-29,Male,White
5657.jpg,30-39,Male,Indian
5662.jpg,30-39,Male,White
5665.jpg,60-69,Male,White
5666.jpg,30-39,Male,White
5668.jpg,30-39,Male,Black
5669.jpg,30-39,Male,Black
5675.jpg,30-39,Male,Indian
5677.jpg,30-39,Male,Black
5681.jpg,30-39,Male,Indian
5683.jpg,20-29,Male,Black
5686.jpg,50-59,Male,Indian
5689.jpg,30-39,Male,Indian
5691.jpg,30-39,Male,Black
5701.jpg,40-49,Male,Black
5703.jpg,20-29,Female,Asian
5705.jpg,30-39,Female,White
5715.jpg,30-39,Male,White
5719.jpg,30-39,Male,Indian
5723.jpg,50-59,Male,Black
5725.jpg,20-29,Male,Black
5726.jpg,50-59,Male,Indian
5733.jpg,50-59,Male,Black
5734.jpg,30-39,Male,White
5740.jpg,30-39,Male,White
5742.jpg,0-2,Male,Indian
5749.jpg,30-39,Male,Indian
5770.jpg,30-39,Male,White
5779.jpg,20-29,Male,Black
5785.jpg,30-39,Male,Asian
5796.jpg,30-39,Female,Indian
5797.jpg,30-39,Male,Indian
58.jpg,20-29,Male,Black
580.jpg,30-39,Male,Black
5805.jpg,50-59,Male,White
5814.jpg,30-39,Male,Indian
5816.jpg,10-19,Male,Indian
5819.jpg,30-39,Male,White
582.jpg,30-39,Male,Black
5822.jpg,3-9,Male,Asian
5825.jpg,30-39,Male,Indian
5829.jpg,20-29,Male,Indian
583.jpg,30-39,Male,Indian
5833.jpg,20-29,Male,Black
5840.jpg,0-2,Male,Indian
5842.jpg,20-29,Male,Black
5843.jpg,20-29,Male,Black
5846.jpg,20-29,Male,Black
5847.jpg,20-29,Male,Black
5855.jpg,50-59,Male,White
5857.jpg,20-29,Male,Indian
5863.jpg,30-39,Male,White
5868.jpg,20-29,Male,Asian
5870.jpg,50-59,Male,Black
5872.jpg,30-39,Male,Black
5875.jpg,50-59,Female,Black
5878.jpg,20-29,Female,Indian
588.jpg,30-39,Male,White
5882.jpg,50-59,Male,White
5884.jpg,30-39,Male,White
5886.jpg,50-59,Male,White
5893.jpg,10-19,Male,White
5894.jpg,30-39,Male,Indian
5902.jpg,20-29,Male,Indian
5906.jpg,40-49,Male,Black
5908.jpg,10-19,Male,White
591.jpg,20-29,Male,Black
5916.jpg,30-39,Male,Black
5924.jpg,20-29,Male,Black
5934.jpg,20-29,Male,Black
5935.jpg,30-39,Female,Black
5936.jpg,0-2,Male,Asian
5939.jpg,20-29,Male,White
5944.jpg,30-39,Male,Black
5948.jpg,30-39,Male,White
5952.jpg,20-29,Male,Black
5958.jpg,20-29,Female,Asian
5959.jpg,30-39,Male,Indian
596.jpg,30-39,Female,Asian
5961.jpg,20-29,Male,Black
5967.jpg,30-39,Male,Indian
5969.jpg,20-29,Male,Indian
5971.jpg,20-29,Male,Black
5972.jpg,0-2,Male,Black
5974.jpg,50-59,Male,Black
5980.jpg,30-39,Male,Black
5981.jpg,30-39,Male,White
5983.jpg,50-59,Male,White
5985.jpg,20-29,Male,Indian
5987.jpg,0-2,Male,Asian
5993.jpg,30-39,Male,White
5994.jpg,20-29,Male,Indian
5999.jpg,20-29,Female,Asian
6000.jpg,50-59,Male,Indian
6001.jpg,50-59,Male,Black
6007.jpg,20-29,Male,Black
6011.jpg,30-39,Female,Black
6014.jpg,50-59,Female,White
6017.jpg,0-2,Male,Asian
602.jpg,50-59,Male,Black
6024.jpg,20-29,Female,Indian
6033.jpg,20-29,Male,Black
6036.jpg,30-39,Male,Indian
6044.jpg,30-39,Male,Indian
605.jpg,40-49,Male,White
6058.jpg,50-59,Male,White
6063.jpg,20-29,Male,Black
6072.jpg,30-39,Female,Black
6073.jpg,50-59,Male,Indian
6074.jpg,10-19,Male,White
6077.jpg,50-59,Male,White
6080.jpg,30-39,Male,Asian
6082.jpg,50-59,Male,Black
6084.jpg,30-39,Male,Indian
6085.jpg,20-29,Male,Indian
6086.jpg,20-29,Male,White
6095.jpg,50-59,Female,White
6099.jpg,20-29,Male,White
611.jpg,50-59,Male,Indian
6113.jpg,30-39,Male,Black
612.jpg,30-39,Male,Black
6121.jpg,30-39,Male,Black
6123.jpg,20-29,Male,Asian
6139.jpg,30-39,Male,Indian
6147.jpg,50-59,Male,White
6148.jpg,50-59,Male,White
615.jpg,50-59,Male,Black
6150.jpg,20-29,Male,Indian
6151.jpg,0-2,Male,Black
6160.jpg,30-39,Male,Asian
6163.jpg,30-39,Female,Indian
6165.jpg,30-39,Male,Indian
6166.jpg,20-29,Male,Indian
6171.jpg,30-39,Female,Black
6172.jpg,20-29,Male,Indian
6174.jpg,20-29,Male,Indian
6176.jpg,30-39,Male,Indian
618.jpg,30-39,Male,Black
6180.jpg,20-29,Male,Black
6182.jpg,50-59,Male,Black
6183.jpg,30-39,Female,Indian
619.jpg,50-59,Male,Black
6190.jpg,30-39,Male,Indian
6198.jpg,10-19,Male,White
6204.jpg,50-59,Male,White
621.jpg,20-29,Male,Black
6210.jpg,3-9,Male,White
6212.jpg,20-29,Male,Black
6218.jpg,50-59,Male,White
6219.jpg,30-39,Male,Indian
6223.jpg,30-39,Male,Black
6225.jpg,0-2,Male,Black
6232.jpg,30-39,Male,White
6237.jpg,20-29,Male,White
6242.jpg,30-39,Male,Black
6247.jpg,30-39,Male,Black
6248.jpg,20-29,Female,Black
6251.jpg,20-29,Male,Black
6258.jpg,20-29,Male,Asian
626.jpg,20-29,Female,Indian
6267.jpg,50-59,Male,White
6269.jpg,50-59,Male,Indian
6282.jpg,20-29,Male,White
6284.jpg,20-29,Female,Black
6287.jpg,30-39,Female,Indian
6290.jpg,20-29,Male,Asian
6293.jpg,30-39,Male,Indian
63.jpg,3-9,Male,White
6304.jpg,20-29,Female,White
6306.jpg,20-29,Male,Indian
6313.jpg,50-59,Male,White
6315.jpg,50-59,Male,Black
6318.jpg,30-39,Male,White
6323.jpg,30-39,Female,Black
6325.jpg,30-39,Male,White
6330.jpg,30-39,Male,Black
6333.jpg,50-59,Male,White
6334.jpg,0-2,Male,Black
6337.jpg,30-39,Male,White
6338.jpg,20-29,Male,Black
6342.jpg,3-9,Female,White
6347.jpg,40-49,Male,Black
6349.jpg,3-9,Male,White
6351.jpg,50-59,Female,Black
6356.jpg,20-29,Male,Indian
6359.jpg,0-2,Male,Indian
6362.jpg,50-59,Male,Black
6365.jpg,30-39,Male,Indian
6366.jpg,30-39,Male,Black
6375.jpg,50-59,Male,Indian
6378.jpg,30-39,Male,White
6379.jpg,20-29,Female,Black
6394.jpg,30-39,Female,White
641.jpg,30-39,Male,Indian
6416.jpg,30-39,Male,Black
6419.jpg,10-19,Female,Indian
642.jpg,20-29,Female,Black
6420.jpg,30-39,Male,Black
6424.jpg,20-29,Male,White
6426.jpg,30-39,Female,Indian
6429.jpg,30-39,Male,Asian
6430.jpg,50-59,Male,Indian
6435.jpg,50-59,Female,Black
6436.jpg,50-59,Male,White
6438.jpg,30-39,Male,Black
6442.jpg,30-39,Male,Black
645.jpg,10-19,Male,White
6450.jpg,0-2,Male,Asian
6453.jpg,30-39,Male,White
6466.jpg,30-39,Male,Others
6467.jpg,40-49,Male,Indian
6471.jpg,30-39,Male,White
6477.jpg,20-29,Male,White
6478.jpg,30-39,Male,White
6483.jpg,50-59,Male,White
6491.jpg,20-29,Male,Black
6498.jpg,50-59,Male,White
65.jpg,30-39,Male,Indian
6500.jpg,more than 70,Female,White
6505.jpg,20-29,Male,Black
6532.jpg,20-29,Male,Indian
6536.jpg,40-49,Male,Black
6539.jpg,20-29,Male,Indian
654.jpg,50-59,Male,White
6542.jpg,30-39,Male,Black
6543.jpg,30-39,Male,Black
6546.jpg,30-39,Male,Black
6548.jpg,50-59,Male,White
657.jpg,50-59,Male,White
6574.jpg,more than 70,Male,White
6575.jpg,20-29,Female,White
6580.jpg,50-59,Male,Indian
6581.jpg,20-29,Male,Black
6582.jpg,20-29,Male,White
6583.jpg,30-39,Male,Black
6596.jpg,30-39,Male,Black
6598.jpg,30-39,Male,White
66.jpg,30-39,Female,White
6604.jpg,30-39,Male,Indian
661.jpg,50-59,Male,White
6628.jpg,10-19,Male,Black
6629.jpg,30-39,Male,Indian
663.jpg,20-29,Male,Black
6631.jpg,20-29,Male,White
6632.jpg,20-29,Male,Black
6637.jpg,10-19,Male,White
6638.jpg,30-39,Male,Black
6639.jpg,20-29,Male,Black
6643.jpg,50-59,Male,Black
6644.jpg,20-29,Male,Indian
6647.jpg,20-29,Female,White
6649.jpg,30-39,Male,Black
665.jpg,30-39,Male,Indian
6663.jpg,50-59,Male,Asian
667.jpg,50-59,Female,White
6673.jpg,30-39,Male,Asian
668.jpg,30-39,Male,Black
6682.jpg,20-29,Male,White
6695.jpg,20-29,Male,White
6696.jpg,30-39,Male,Black
6703.jpg,20-29,Male,Black
6704.jpg,50-59,Male,White
6705.jpg,50-59,Male,Black
6708.jpg,30-39,Male,White
6710.jpg,30-39,Male,Black
6716.jpg,30-39,Male,White
6718.jpg,30-39,Male,Asian
6719.jpg,30-39,Male,White
100.jpg,20-29,Female,White
10004.jpg,20-29,Female,Black
10012.jpg,30-39,Male,Black
10018.jpg,30-39,Male,White
10019.jpg,3-9,Male,Black
10024.jpg,20-29,Male,Black
10030.jpg,20-29,Female,White
10039.jpg,20-29,Male,Indian
10043.jpg,30-39,Male,Black
10044.jpg,30-39,Male,White
10053.jpg,30-39,Male,Indian
10054.jpg,30-39,Male,White
10056.jpg,30-39,Female,Black
10059.jpg,20-29,Male,White
10061.jpg,30-39,Female,Black
10062.jpg,50-59,Male,Black
10064.jpg,20-29,Male,White
10065.jpg,0-2,Male,Asian
10067.jpg,0-2,Male,Indian
10079.jpg,20-29,Male,Indian
10081.jpg,30-39,Male,Black
10084.jpg,20-29,Male,Black
10087.jpg,0-2,Male,White
10089.jpg,10-19,Male,Black
10100.jpg,20-29,Male,Indian
10106.jpg,20-29,Male,White
10108.jpg,50-59,Male,Black
10109.jpg,30-39,Male,Indian
1011.jpg,30-39,Male,Asian
10116.jpg,20-29,Female,Asian
10118.jpg,30-39,Male,White
1012.jpg,50-59,Female,Black
10125.jpg,30-39,Male,Indian
10129.jpg,50-59,Male,White
10135.jpg,30-39,Male,Indian
10140.jpg,50-59,Male,White
10146.jpg,3-9,Female,Asian
10147.jpg,30-39,Male,Indian
10153.jpg,30-39,Female,Black
10156.jpg,30-39,Male,Black
10167.jpg,20-29,Male,Black
10172.jpg,3-9,Male,White
10173.jpg,30-39,Male,Indian
10178.jpg,0-2,Female,Asian
10180.jpg,30-39,Female,Black
10194.jpg,50-59,Male,Black
10197.jpg,50-59,Male,Indian
1020.jpg,30-39,Male,Black
10200.jpg,20-29,Male,Black
10202.jpg,20-29,Female,Asian
10203.jpg,50-59,Male,Indian
10205.jpg,30-39,Male,Indian
10206.jpg,20-29,Male,Indian
10214.jpg,30-39,Female,Others
10215.jpg,20-29,Male,White
10216.jpg,20-29,Female,Asian
10217.jpg,3-9,Male,White
10226.jpg,30-39,Male,Indian
10228.jpg,20-29,Female,Indian
10231.jpg,50-59,Male,White
10240.jpg,20-29,Male,Indian
10241.jpg,30-39,Male,Black
10242.jpg,40-49,Male,Indian
10243.jpg,50-59,Male,Asian
10248.jpg,3-9,Female,Asian
10255.jpg,20-29,Female,Indian
10284.jpg,30-39,Male,Black
10285.jpg,50-59,Male,White
10289.jpg,50-59,Male,Indian
1029.jpg,20-29,Female,Indian
10290.jpg,50-59,Male,White
10291.jpg,10-19,Female,White
10292.jpg,30-39,Male,Black
10293.jpg,30-39,Male,Indian
10296.jpg,30-39,Male,Black
10305.jpg,40-49,Male,White
10306.jpg,50-59,Male,Indian
10316.jpg,50-59,Male,Black
1032.jpg,30-39,Male,Indian
10325.jpg,50-59,Male,Black
10337.jpg,20-29,Male,Black
10338.jpg,30-39,Male,Black
10343.jpg,30-39,Female,White
10361.jpg,50-59,Male,White
10363.jpg,3-9,Male,Indian
10384.jpg,30-39,Male,Asian
10389.jpg,30-39,Male,Indian
1039.jpg,30-39,Male,Black
10395.jpg,30-39,Male,Black
1040.jpg,20-29,Male,White
10402.jpg,30-39,Male,Black
10413.jpg,20-29,Female,White
1043.jpg,20-29,Male,Indian
10430.jpg,30-39,Female,Indian
10435.jpg,30-39,Male,Black
10436.jpg,20-29,Male,White
10437.jpg,30-39,Male,White
10440.jpg,20-29,Female,Black
10442.jpg,50-59,Female,White
10445.jpg,0-2,Male,Indian
10447.jpg,50-59,Male,Black
10452.jpg,20-29,Male,Black
10463.jpg,3-9,Female,White
10473.jpg,3-9,Male,White
1048.jpg,40-49,Male,White
10481.jpg,10-19,Female,White
10484.jpg,30-39,Male,Black
10485.jpg,30-39,Female,White
10487.jpg,more than 70,Male,White
10489.jpg,50-59,Male,Indian
1049.jpg,30-39,Male,Black
10494.jpg,50-59,Male,Black
10497.jpg,20-29,Male,Indian
10500.jpg,20-29,Male,White
10505.jpg,10-19,Male,White
10508.jpg,20-29,Male,Indian
10514.jpg,50-59,Male,White
10515.jpg,20-29,Male,Black
10518.jpg,20-29,Male,Indian
10525.jpg,20-29,Female,Black
10527.jpg,0-2,Male,Asian
10530.jpg,20-29,Female,Indian
10531.jpg,30-39,Female,Black
10534.jpg,30-39,Male,Black
10537.jpg,20-29,Female,Indian
1054.jpg,30-39,Male,Indian
10542.jpg,40-49,Male,White
10543.jpg,50-59,Male,Indian
10545.jpg,30-39,Female,Indian
10546.jpg,30-39,Female,Indian
10551.jpg,50-59,Male,White
10554.jpg,30-39,Male,White
10557.jpg,30-39,Male,Indian
1056.jpg,0-2,Male,Asian
10560.jpg,50-59,Male,Black
10561.jpg,20-29,Male,Indian
10564.jpg,20-29,Female,Indian
10566.jpg,0-2,Male,Indian
10569.jpg,10-19,Male,White
10573.jpg,50-59,Female,Black
10574.jpg,30-39,Male,Indian
10575.jpg,30-39,Male,White
10576.jpg,30-39,Male,Black
10578.jpg,30-39,Male,White
10580.jpg,50-59,Male,Indian
10585.jpg,10-19,Female,Asian
10587.jpg,30-39,Male,Black
10590.jpg,50-59,Male,White
10591.jpg,20-29,Male,Asian
10592.jpg,30-39,Male,White
10593.jpg,50-59,Male,White
10597.jpg,50-59,Male,White
1060.jpg,30-39,Male,Asian
10603.jpg,40-49,Male,Black
10607.jpg,20-29,Male,White
10614.jpg,20-29,Male,White
10616.jpg,3-9,Female,Asian
10639.jpg,50-59,Female,Black
10643.jpg,20-29,Male,Black
10644.jpg,20-29,Male,Indian
10650.jpg,30-39,Male,Black
10651.jpg,30-39,Male,Black
10653.jpg,more than 70,Female,Black
10654.jpg,30-39,Female,Indian
10655.jpg,20-29,Male,White
10657.jpg,20-29,Male,Asian
10658.jpg,20-29,Male,Indian
1066.jpg,30-39,Male,Black
10662.jpg,30-39,Male,Black
10667.jpg,20-29,Male,Indian
10671.jpg,10-19,Male,Indian
10673.jpg,30-39,Female,White
10675.jpg,30-39,Male,Indian
10680.jpg,40-49,Male,White
10687.jpg,30-39,Male,White
1069.jpg,20-29,Male,Indian
10692.jpg,30-39,Male,Indian
10693.jpg,30-39,Female,White
10694.jpg,10-19,Male,Indian
10696.jpg,20-29,Male,Black
10700.jpg,30-39,Male,Indian
10703.jpg,50-59,Male,White
10705.jpg,30-39,Male,Black
10711.jpg,20-29,Male,White
10713.jpg,0-2,Male,White
10715.jpg,0-2,Male,Indian
1072.jpg,50-59,Female,White
10722.jpg,0-2,Male,White
10724.jpg,50-59,Male,White
10728.jpg,0-2,Male,White
10732.jpg,40-49,Male,Indian
10736.jpg,30-39,Female,Indian
10741.jpg,20-29,Male,Indian
10743.jpg,30-39,Male,Black
10751.jpg,30-39,Male,Black
10754.jpg,20-29,Male,Black
10755.jpg,3-9,Male,White
1076.jpg,20-29,Male,Indian
10769.jpg,40-49,Male,Black
10771.jpg,30-39,Male,Indian
10773.jpg,50-59,Male,Indian
10778.jpg,20-29,Male,Black
10779.jpg,20-29,Male,White
10785.jpg,50-59,Male,Black
10787.jpg,50-59,Male,White
10791.jpg,20-29,Male,Indian
10799.jpg,30-39,Male,Black
108.jpg,0-2,Female,Indian
10802.jpg,30-39,Female,White
10804.jpg,20-29,Male,White
10806.jpg,20-29,Male,White
10808.jpg,30-39,Male,Indian
1081.jpg,0-2,Male,Asian
10812.jpg,30-39,Male,Black
10813.jpg,20-29,Male,Indian
10816.jpg,30-39,Male,Indian
1082.jpg,30-39,Male,Indian
10821.jpg,20-29,Male,Indian
10823.jpg,50-59,Male,Indian
10827.jpg,30-39,Female,White
10830.jpg,50-59,Male,Indian
10832.jpg,30-39,Male,White
10834.jpg,40-49,Male,Indian
1084.jpg,10-19,Female,White
10842.jpg,20-29,Male,Asian
1085.jpg,30-39,Male,Indian
10851.jpg,40-49,Male,White
10857.jpg,30-39,Male,Indian
10861.jpg,20-29,Male,Black
10867.jpg,0-2,Male,Indian
10868.jpg,10-19,Male,Black
10873.jpg,30-39,Male,Black
10879.jpg,50-59,Male,Black
10887.jpg,20-29,Male,Black
10888.jpg,20-29,Male,White
10889.jpg,30-39,Male,Black
1089.jpg,30-39,Male,Indian
10891.jpg,50-59,Male,White
10897.jpg,20-29,Male,Black
1090.jpg,50-59,Male,Indian
10901.jpg,20-29,Male,Black
10907.jpg,50-59,Male,White
10908.jpg,50-59,Male,White
10910.jpg,50-59,Male,Indian
10912.jpg,30-39,Male,White
10919.jpg,30-39,Male,Black
10923.jpg,0-2,Female,Asian
10925.jpg,30-39,Male,White
10946.jpg,20-29,Female,Indian
10947.jpg,50-59,Male,Indian
10954.jpg,30-39,Male,Black
1096.jpg,30-39,Male,Black
110.jpg,50-59,Male,Indian
1100.jpg,30-39,Male,Black
1102.jpg,50-59,Male,Indian
1107.jpg,30-39,Male,White
1108.jpg,30-39,Male,Indian
1111.jpg,20-29,Male,White
1117.jpg,20-29,Female,Black
1123.jpg,30-39,Male,Black
1126.jpg,30-39,Male,White
1127.jpg,30-39,Female,White
1129.jpg,3-9,Male,Black
1130.jpg,30-39,Male,White
1135.jpg,50-59,Male,Black
1156.jpg,30-39,Male,White
1158.jpg,20-29,Male,Black
1160.jpg,30-39,Male,White
1162.jpg,0-2,Male,Asian
1163.jpg,0-2,Male,Indian
1169.jpg,30-39,Male,White
1184.jpg,20-29,Male,Indian
1186.jpg,30-39,Male,White
1189.jpg,30-39,Male,Black
1191.jpg,20-29,Female,Asian
1194.jpg,30-39,Male,White
1196.jpg,30-39,Male,White
120.jpg,20-29,Male,Indian
1204.jpg,50-59,Male,Indian
1213.jpg,30-39,Male,Black
122.jpg,20-29,Male,Black
1224.jpg,20-29,Female,White
1225.jpg,30-39,Male,White
1228.jpg,20-29,Male,Indian
1240.jpg,10-19,Female,Others
1250.jpg,30-39,Male,Indian
1255.jpg,50-59,Male,White
1257.jpg,20-29,Female,Black
1276.jpg,30-39,Male,White
1277.jpg,20-29,Male,Black
1286.jpg,30-39,Female,Asian
129.jpg,30-39,Male,Indian
1297.jpg,30-39,Male,Indian
1302.jpg,40-49,Male,White
1304.jpg,30-39,Male,White
1305.jpg,30-39,Male,Black
1312.jpg,20-29,Female,White
132.jpg,30-39,Male,Black
1321.jpg,20-29,Female,Black
1322.jpg,50-59,Male,Black
1329.jpg,0-2,Male,Asian
1340.jpg,20-29,Female,Black
1341.jpg,30-39,Male,Black
1347.jpg,30-39,Male,Black
1353.jpg,20-29,Male,Asian
1357.jpg,20-29,Male,Black
1361.jpg,20-29,Male,Black
1363.jpg,20-29,Male,Indian
1372.jpg,30-39,Male,White
1374.jpg,30-39,Male,Indian
139.jpg,30-39,Male,Indian
1392.jpg,30-39,Male,Indian
1394.jpg,30-39,Male,White
1404.jpg,30-39,Male,Black
1409.jpg,20-29,Male,White
1422.jpg,30-39,Female,White
1423.jpg,30-39,Male,Black
1424.jpg,20-29,Female,Indian
1435.jpg,50-59,Male,White
1437.jpg,0-2,Male,Indian
1443.jpg,60-69,Male,Black
1445.jpg,3-9,Male,Asian
1456.jpg,20-29,Male,Black
1457.jpg,30-39,Male,Black
1460.jpg,30-39,Male,Indian
1462.jpg,50-59,Male,Black
1464.jpg,20-29,Female,Black
1477.jpg,30-39,Male,Indian
1488.jpg,50-59,Male,Black
1491.jpg,20-29,Male,White
1495.jpg,20-29,Male,Black
1501.jpg,30-39,Male,Indian
1502.jpg,20-29,Male,White
1512.jpg,20-29,Male,Black
1514.jpg,20-29,Male,Indian
1518.jpg,20-29,Male,Black
1520.jpg,20-29,Male,Others
1531.jpg,30-39,Female,Indian
1532.jpg,30-39,Male,Asian
1534.jpg,30-39,Male,Black
1537.jpg,20-29,Male,Asian
1538.jpg,30-39,Male,White
1542.jpg,3-9,Male,White
1548.jpg,30-39,Male,Indian
155.jpg,20-29,Male,Black
1554.jpg,20-29,Female,Black
1555.jpg,20-29,Male,Black
1559.jpg,50-59,Male,White
1566.jpg,50-59,Male,White
157.jpg,30-39,Male,Indian
1572.jpg,20-29,Male,White
1579.jpg,20-29,Male,Asian
1580.jpg,30-39,Male,Asian
1583.jpg,50-59,Male,Indian
1588.jpg,20-29,Male,Asian
1591.jpg,more than 70,Male,White
1592.jpg,30-39,Male,Asian
1594.jpg,20-29,Male,Indian
160.jpg,30-39,Male,White
161.jpg,50-59,Male,Indian
1613.jpg,20-29,Male,Black
1614.jpg,30-39,Male,Others
1617.jpg,30-39,Female,Indian
1626.jpg,30-39,Male,Indian
1632.jpg,20-29,Male,Indian
1635.jpg,0-2,Male,White
1639.jpg,30-39,Male,Black
1649.jpg,20-29,Male,White
165.jpg,0-2,Male,Black
1653.jpg,20-29,Male,Indian
1654.jpg,30-39,Female,Indian
1655.jpg,20-29,Male,Black
1658.jpg,20-29,Male,Indian
1659.jpg,30-39,Male,Indian
1660.jpg,30-39,Male,White
1663.jpg,20-29,Male,Black
1665.jpg,20-29,Female,White
167.jpg,20-29,Female,Black
1670.jpg,3-9,Male,Black
1672.jpg,50-59,Male,White
1674.jpg,40-49,Male,White
1677.jpg,50-59,Female,White
168.jpg,20-29,Male,Indian
1687.jpg,0-2,Male,Asian
1690.jpg,0-2,Male,White
1693.jpg,30-39,Male,Black
170.jpg,30-39,Female,White
1701.jpg,40-49,Male,Indian
1705.jpg,50-59,Male,Indian
171.jpg,40-49,Male,Black
1711.jpg,30-39,Female,Black
1715.jpg,30-39,Male,White
1723.jpg,50-59,Male,Indian
1726.jpg,30-39,Female,White
1730.jpg,30-39,Male,Black
1736.jpg,20-29,Female,Indian
1738.jpg,30-39,Female,Black
1743.jpg,10-19,Female,Black
1745.jpg,3-9,Female,Asian
1751.jpg,20-29,Male,White
1753.jpg,0-2,Male,Asian
1754.jpg,30-39,Male,White
1757.jpg,50-59,Male,White
1761.jpg,20-29,Male,Indian
1768.jpg,40-49,Male,Black
1769.jpg,30-39,Female,White
1771.jpg,20-29,Male,Indian
1772.jpg,50-59,Male,White
1773.jpg,30-39,Male,Black
1779.jpg,40-49,Male,Black
178.jpg,30-39,Male,Black
1785.jpg,50-59,Male,Black
1795.jpg,30-39,Male,Black
1798.jpg,0-2,Male,Black
1806.jpg,50-59,Male,Indian
1807.jpg,30-39,Male,Indian
1809.jpg,20-29,Female,Black
1818.jpg,20-29,Male,Black
1819.jpg,30-39,Male,White
1820.jpg,30-39,Female,Black
1831.jpg,20-29,Male,Black
1839.jpg,20-29,Female,Asian
1849.jpg,30-39,Male,Black
1850.jpg,20-29,Male,Asian
1851.jpg,30-39,Male,White
1853.jpg,20-29,Male,Black
1858.jpg,20-29,Male,Black
1867.jpg,more than 70,Male,White
1877.jpg,30-39,Male,Indian
1880.jpg,30-39,Male,Black
1883.jpg,30-39,Male,Indian
1884.jpg,20-29,Female,White
1899.jpg,30-39,Female,Black
1907.jpg,10-19,Male,Indian
1908.jpg,30-39,Male,Black
191.jpg,50-59,Male,White
1913.jpg,50-59,Male,Indian
1914.jpg,30-39,Male,Black
1918.jpg,50-59,Male,Indian
1921.jpg,20-29,Male,Indian
1922.jpg,30-39,Male,Indian
1927.jpg,50-59,Male,Asian
1928.jpg,30-39,Male,White
1930.jpg,10-19,Female,White
1936.jpg,30-39,Male,Indian
1942.jpg,20-29,Male,White
1944.jpg,30-39,Male,Black
1946.jpg,0-2,Male,Black
1947.jpg,30-39,Male,Black
1948.jpg,30-39,Male,White
1950.jpg,20-29,Male,White
1957.jpg,40-49,Male,White
196.jpg,10-19,Female,Black
1964.jpg,20-29,Male,Black
1966.jpg,30-39,Female,Black
197.jpg,50-59,Male,Black
1977.jpg,50-59,Male,White
1987.jpg,20-29,Male,White
1988.jpg,30-39,Female,Black
1989.jpg,30-39,Male,Indian
1992.jpg,20-29,Male,Indian
1998.jpg,20-29,Female,White
2.jpg,30-39,Male,Asian
2005.jpg,50-59,Male,Indian
2006.jpg,30-39,Male,Black
2008.jpg,20-29,Male,Black
2012.jpg,20-29,Female,Asian
2013.jpg,50-59,Male,Indian
2015.jpg,0-2,Female,Black
2016.jpg,0-2,Male,White
2025.jpg,20-29,Male,White
2036.jpg,50-59,Male,White
2038.jpg,20-29,Male,Indian
2048.jpg,50-59,Male,Indian
205.jpg,40-49,Male,Black
2054.jpg,50-59,Male,White
2056.jpg,30-39,Male,White
2066.jpg,30-39,Male,Others
2068.jpg,30-39,Male,Indian
2069.jpg,30-39,Male,Indian
207.jpg,30-39,Male,Indian
2074.jpg,30-39,Male,Indian
2082.jpg,30-39,Male,Indian
2087.jpg,20-29,Male,Asian
2089.jpg,20-29,Male,White
2093.jpg,50-59,Male,Indian
2097.jpg,3-9,Female,Asian
2099.jpg,30-39,Male,White
2100.jpg,20-29,Male,Black
2101.jpg,40-49,Male,White
2106.jpg,50-59,Male,Indian
2107.jpg,50-59,Male,Black
2109.jpg,20-29,Male,Black
211.jpg,50-59,Male,White
2115.jpg,20-29,Male,Black
2117.jpg,30-39,Male,Black
2120.jpg,30-39,Male,Indian
2126.jpg,50-59,Male,Indian
213.jpg,30-39,Male,Black
2130.jpg,0-2,Male,Indian
2133.jpg,30-39,Male,Black
2134.jpg,30-39,Male,Black
2137.jpg,30-39,Female,Black
2140.jpg,30-39,Male,Black
2141.jpg,20-29,Male,Asian
2146.jpg,30-39,Male,Asian
2147.jpg,20-29,Male,Black
2149.jpg,50-59,Male,Asian
2153.jpg,30-39,Male,White
2162.jpg,0-2,Male,Asian
2167.jpg,0-2,Male,Asian
2175.jpg,30-39,Male,White
2177.jpg,20-29,Male,Black
2186.jpg,50-59,Male,Indian
2189.jpg,0-2,Male,Indian
2193.jpg,20-29,Male,Indian
2194.jpg,20-29,Male,White
2197.jpg,20-29,Male,Indian
220.jpg,30-39,Male,White
2201.jpg,30-39,Male,Indian
2202.jpg,0-2,Male,Black
2205.jpg,10-19,Female,White
2208.jpg,30-39,Female,Black
221.jpg,50-59,Male,Asian
2212.jpg,30-39,Male,Black
2214.jpg,30-39,Male,White
2222.jpg,50-59,Male,White
2236.jpg,30-39,Male,Black
2243.jpg,30-39,Male,Black
2252.jpg,50-59,Male,Indian
2256.jpg,20-29,Male,White
2257.jpg,30-39,Male,Indian
2258.jpg,20-29,Male,Indian
2259.jpg,20-29,Male,White
2262.jpg,30-39,Female,Black
2263.jpg,0-2,Male,Indian
2266.jpg,10-19,Male,White
2268.jpg,50-59,Male,Black
2278.jpg,30-39,Male,Indian
2279.jpg,30-39,Male,Black
2288.jpg,50-59,Male,White
2303.jpg,20-29,Female,Black
2306.jpg,20-29,Male,Black
2310.jpg,20-29,Male,White
2312.jpg,30-39,Female,Black
2313.jpg,20-29,Male,White
232.jpg,30-39,Female,Black
2320.jpg,50-59,Male,White
2324.jpg,30-39,Male,Black
2327.jpg,30-39,Male,Indian
2328.jpg,20-29,Male,Black
2339.jpg,50-59,Male,Asian
2342.jpg,20-29,Male,Indian
2350.jpg,20-29,Male,Black
236.jpg,3-9,Female,Black
2366.jpg,0-2,Male,Indian
2367.jpg,50-59,Male,White
2371.jpg,30-39,Male,Indian
2372.jpg,20-29,Male,White
2378.jpg,50-59,Male,White
2380.jpg,30-39,Male,Black
2384.jpg,50-59,Male,Indian
2388.jpg,50-59,Male,White
24.jpg,10-19,Male,Black
2404.jpg,30-39,Male,White
2411.jpg,20-29,Female,White
2412.jpg,0-2,Male,Asian
2420.jpg,50-59,Male,White
2421.jpg,20-29,Male,Black
2426.jpg,50-59,Male,Indian
2435.jpg,50-59,Female,White
2441.jpg,3-9,Female,Asian
2466.jpg,20-29,Male,Asian
2471.jpg,30-39,Male,Asian
2478.jpg,20-29,Male,Indian
2482.jpg,30-39,Male,Indian
2485.jpg,30-39,Male,Black
2486.jpg,30-39,Female,Black
251.jpg,20-29,Male,Indian
2517.jpg,30-39,Male,Indian
2518.jpg,20-29,Male,White
2520.jpg,20-29,Male,Indian
2521.jpg,40-49,Male,Indian
2524.jpg,30-39,Male,Indian
2527.jpg,20-29,Male,Black
2528.jpg,10-19,Female,Indian
2535.jpg,10-19,Male,Black
254.jpg,3-9,Female,Indian
2543.jpg,20-29,Female,Indian
2551.jpg,50-59,Male,White
2552.jpg,50-59,Male,Black
2556.jpg,30-39,Female,White
2557.jpg,20-29,Male,Black
2558.jpg,20-29,Male,Indian
2562.jpg,20-29,Male,Black
2566.jpg,20-29,Male,Black
2572.jpg,30-39,Male,Black
2579.jpg,30-39,Male,Black
2581.jpg,20-29,Female,White
2583.jpg,30-39,Male,Black
2586.jpg,20-29,Male,Indian
2588.jpg,30-39,Male,Black
2591.jpg,30-39,Male,Black
2592.jpg,30-39,Male,Indian
2595.jpg,30-39,Male,Indian
26.jpg,40-49,Male,White
260.jpg,50-59,Male,Black
2605.jpg,30-39,Male,White
2607.jpg,20-29,Male,Black
2609.jpg,50-59,Male,Indian
261.jpg,30-39,Female,Indian
2610.jpg,30-39,Male,Black
2613.jpg,30-39,Male,Indian
2614.jpg,30-39,Male,Indian
2616.jpg,30-39,Male,White
2617.jpg,20-29,Male,Indian
2618.jpg,20-29,Male,Black
2623.jpg,30-39,Male,White
2630.jpg,30-39,Male,Indian
2634.jpg,30-39,Male,White
2635.jpg,20-29,Male,White
264.jpg,50-59,Male,Indian
2642.jpg,30-39,Male,Indian
2644.jpg,20-29,Male,Black
2646.jpg,30-39,Male,White
2647.jpg,30-39,Female,White
2648.jpg,50-59,Male,Indian
2652.jpg,20-29,Male,Black
2653.jpg,20-29,Male,Black
2660.jpg,50-59,Male,Indian
2665.jpg,10-19,Male,Others
2666.jpg,20-29,Female,Indian
2667.jpg,50-59,Male,White
2668.jpg,50-59,Female,Black
2669.jpg,30-39,Male,Indian
2670.jpg,20-29,Male,Indian
2675.jpg,0-2,Male,Indian
2678.jpg,20-29,Male,Black
268.jpg,20-29,Male,Indian
2681.jpg,20-29,Male,Black
2683.jpg,30-39,Male,Black
2685.jpg,50-59,Male,Asian
2687.jpg,30-39,Male,White
2689.jpg,30-39,Male,Indian
2697.jpg,40-49,Male,Indian
27.jpg,20-29,Male,Indian
2701.jpg,30-39,Male,Indian
2703.jpg,30-39,Male,Black
2708.jpg,30-39,Male,Black
2712.jpg,20-29,Female,Black
2721.jpg,20-29,Male,Asian
2724.jpg,30-39,Male,Black
2725.jpg,30-39,Male,Black
2726.jpg,30-39,Male,Indian
2729.jpg,50-59,Male,Indian
273.jpg,20-29,Male,Indian
2730.jpg,50-59,Male,Black
2740.jpg,20-29,Male,Indian
2749.jpg,30-39,Male,Black
275.jpg,20-29,Male,Black
2754.jpg,20-29,Male,White
2755.jpg,30-39,Male,White
2759.jpg,20-29,Male,White
2774.jpg,30-39,Male,White
2775.jpg,0-2,Male,Asian
2776.jpg,30-39,Female,White
2781.jpg,20-29,Male,Indian
2788.jpg,30-39,Male,Black
2791.jpg,30-39,Male,Indian
28.jpg,20-29,Male,Indian
2803.jpg,30-39,Male,Black
2807.jpg,30-39,Male,Black
2808.jpg,0-2,Male,Others
281.jpg,30-39,Male,Black
2811.jpg,3-9,Female,White
2817.jpg,30-39,Male,Indian
2818.jpg,30-39,Male,White
2847.jpg,30-39,Male,Indian
2851.jpg,50-59,Female,White
2858.jpg,20-29,Male,Indian
2863.jpg,30-39,Female,Black
2872.jpg,30-39,Male,White
2874.jpg,0-2,Male,Black
2876.jpg,30-39,Female,White
288.jpg,30-39,Male,Black
2886.jpg,10-19,Female,White
289.jpg,20-29,Male,White
2892.jpg,30-39,Male,Indian
2893.jpg,20-29,Male,Black
2897.jpg,50-59,Male,Black
290.jpg,30-39,Male,White
2906.jpg,30-39,Male,Indian
2907.jpg,30-39,Male,Black
2922.jpg,20-29,Male,Black
2925.jpg,20-29,Female,Indian
2928.jpg,20-29,Male,White
2930.jpg,30-39,Male,White
2932.jpg,20-29,Female,Black
2933.jpg,50-59,Male,White
2934.jpg,30-39,Male,Black
2939.jpg,20-29,Male,Indian
2946.jpg,50-59,Male,Indian
2958.jpg,30-39,Male,White
2961.jpg,50-59,Male,Black
2962.jpg,20-29,Male,Indian
2965.jpg,20-29,Female,Asian
2967.jpg,50-59,Male,White
2968.jpg,30-39,Male,Indian
2982.jpg,30-39,Male,Indian
2984.jpg,50-59,Male,White
2985.jpg,30-39,Male,White
2987.jpg,0-2,Male,White
299.jpg,30-39,Male,White
2990.jpg,30-39,Male,Indian
2991.jpg,30-39,Male,Black
2992.jpg,50-59,Male,Indian
2996.jpg,20-29,Male,Black
2997.jpg,30-39,Male,Indian
2998.jpg,20-29,Male,Black
3.jpg,30-39,Male,Black
3000.jpg,20-29,Male,Black
3004.jpg,30-39,Male,Indian
3009.jpg,30-39,Male,Asian
3021.jpg,50-59,Male,White
3022.jpg,20-29,Male,Indian
3023.jpg,20-29,Male,Black
3024.jpg,30-39,Male,Indian
3029.jpg,30-39,Female,Black
303.jpg,50-59,Male,Indian
3033.jpg,30-39,Male,Black
3038.jpg,30-39,Male,Black
3039.jpg,30-39,Male,Asian
3043.jpg,50-59,Male,Indian
3045.jpg,30-39,Male,White
3046.jpg,20-29,Male,Indian
3050.jpg,50-59,Male,White
3051.jpg,10-19,Male,White
3064.jpg,50-59,Male,White
3069.jpg,30-39,Male,Black
3070.jpg,30-39,Male,White
3071.jpg,20-29,Male,Black
3072.jpg,20-29,Male,Indian
3074.jpg,30-39,Male,Indian
3075.jpg,3-9,Male,Asian
3077.jpg,30-39,Male,White
3078.jpg,20-29,Male,Asian
3080.jpg,30-39,Female,White
3081.jpg,20-29,Male,White
3082.jpg,20-29,Male,Indian
3086.jpg,30-39,Male,Indian
3089.jpg,30-39,Male,Indian
3101.jpg,20-29,Male,White
3102.jpg,50-59,Male,Indian
3106.jpg,30-39,Male,Black
3107.jpg,50-59,Male,White
3111.jpg,0-2,Male,Black
3120.jpg,20-29,Female,Black
3123.jpg,20-29,Male,White
3126.jpg,30-39,Female,Asian
3128.jpg,30-39,Male,White
3130.jpg,30-39,Male,Indian
3137.jpg,50-59,Male,Indian
3143.jpg,30-39,Male,White
3150.jpg,30-39,Female,Indian
3151.jpg,40-49,Male,Indian
3152.jpg,30-39,Male,White
3154.jpg,30-39,Female,White
3161.jpg,50-59,Female,Black
3166.jpg,50-59,Male,Indian
3171.jpg,50-59,Male,White
3172.jpg,30-39,Male,Indian
318.jpg,20-29,Female,Indian
3182.jpg,20-29,Male,Indian
3196.jpg,40-49,Male,White
320.jpg,30-39,Male,Black
3201.jpg,10-19,Male,Black
3206.jpg,20-29,Female,Asian
3208.jpg,50-59,Male,Indian
3209.jpg,30-39,Male,White
3211.jpg,30-39,Female,Indian
3219.jpg,50-59,Male,White
3228.jpg,20-29,Female,Indian
3230.jpg,20-29,Male,Black
3232.jpg,30-39,Female,White
3238.jpg,20-29,Male,Indian
324.jpg,0-2,Male,Asian
3240.jpg,20-29,Female,Black
3242.jpg,50-59,Male,Black
3246.jpg,30-39,Male,Indian
3253.jpg,30-39,Male,White
3254.jpg,20-29,Female,Others
3257.jpg,20-29,Male,Indian
3259.jpg,50-59,Male,White
3262.jpg,50-59,Male,Indian
3268.jpg,20-29,Male,Black
3275.jpg,0-2,Male,Indian
3280.jpg,30-39,Male,Indian
3283.jpg,30-39,Male,Black
3284.jpg,30-39,Male,Indian
3285.jpg,30-39,Male,Asian
3289.jpg,20-29,Female,White
329.jpg,50-59,Male,White
3293.jpg,30-39,Male,Indian
3298.jpg,50-59,Male,White
3301.jpg,30-39,Male,Asian
3304.jpg,20-29,Female,Asian
3305.jpg,30-39,Male,Black
3307.jpg,50-59,Male,Indian
331.jpg,20-29,Male,Black
3312.jpg,50-59,Male,White
333.jpg,40-49,Male,Indian
3337.jpg,50-59,Male,White
3341.jpg,30-39,Male,Black
3343.jpg,30-39,Male,Black
