1.jpg,more than 70,Male,White
10.jpg,20-29,Male,Black
100.jpg,20-29,Male,White
1000.jpg,20-29,Male,White
1001.jpg,20-29,Male,Indian
1002.jpg,20-29,Male,White
1003.jpg,20-29,Male,White
1004.jpg,10-19,Male,White
1005.jpg,20-29,Male,Indian
1006.jpg,50-59,Male,White
1007.jpg,30-39,Male,Asian
1008.jpg,30-39,Male,Black
1009.jpg,30-39,Male,Black
101.jpg,10-19,Male,White
1010.jpg,30-39,Male,Black
1011.jpg,20-29,Male,Indian
1012.jpg,30-39,Male,Black
1013.jpg,20-29,Male,Indian
1014.jpg,20-29,Male,Black
1015.jpg,20-29,Male,Asian
1016.jpg,20-29,Male,Black
1017.jpg,20-29,Male,White
1018.jpg,30-39,Male,Indian
1019.jpg,30-39,Male,Black
102.jpg,20-29,Male,Indian
1020.jpg,20-29,Male,Indian
1021.jpg,30-39,Male,White
1022.jpg,30-39,Male,Asian
1023.jpg,20-29,Male,Indian
1024.jpg,20-29,Male,Others
1025.jpg,20-29,Male,White
1026.jpg,30-39,Female,White
1027.jpg,30-39,Male,White
1028.jpg,30-39,Male,White
1029.jpg,20-29,Female,Black
103.jpg,50-59,Female,White
1030.jpg,30-39,Female,White
1031.jpg,30-39,Female,Black
1032.jpg,20-29,Female,Indian
1033.jpg,30-39,Female,Black
1034.jpg,20-29,Female,Black
1035.jpg,20-29,Female,Black
1036.jpg,30-39,Female,Black
1037.jpg,30-39,Female,Indian
1038.jpg,20-29,Male,Asian
1039.jpg,20-29,Female,Asian
104.jpg,20-29,Male,White
1040.jpg,20-29,Female,Indian
1041.jpg,20-29,Male,Asian
1042.jpg,20-29,Female,Asian
1043.jpg,20-29,Female,Asian
1044.jpg,30-39,Female,Asian
1045.jpg,20-29,Female,Asian
1046.jpg,30-39,Female,White
1047.jpg,20-29,Female,Asian
1048.jpg,20-29,Female,Asian
1049.jpg,20-29,Female,Asian
105.jpg,20-29,Male,Others
1051.jpg,20-29,Female,Asian
1052.jpg,20-29,Female,Indian
1053.jpg,20-29,Male,Asian
1054.jpg,0-2,Male,Asian
1055.jpg,20-29,Female,White
1056.jpg,20-29,Female,White
1057.jpg,20-29,Female,Indian
1058.jpg,20-29,Female,Indian
1059.jpg,30-39,Male,Indian
106.jpg,10-19,Male,White
1060.jpg,30-39,Female,Asian
1061.jpg,30-39,Male,Indian
1062.jpg,30-39,Male,Indian
1063.jpg,30-39,Male,Indian
1064.jpg,30-39,Male,Indian
1065.jpg,30-39,Male,Indian
1066.jpg,30-39,Male,White
1067.jpg,20-29,Male,White
1068.jpg,30-39,Female,Indian
1069.jpg,50-59,Male,White
107.jpg,30-39,Male,White
1070.jpg,30-39,Male,White
1071.jpg,30-39,Male,White
1072.jpg,30-39,Male,White
1073.jpg,20-29,Male,Indian
1074.jpg,50-59,Male,White
1075.jpg,20-29,Male,Indian
1076.jpg,20-29,Male,White
1077.jpg,20-29,Male,White
1078.jpg,30-39,Male,White
1079.jpg,20-29,Male,Asian
108.jpg,20-29,Male,White
1080.jpg,20-29,Male,White
1081.jpg,20-29,Male,White
1082.jpg,20-29,Male,Indian
1083.jpg,30-39,Male,White
1084.jpg,30-39,Male,Black
1085.jpg,20-29,Male,Black
1087.jpg,3-9,Female,Black
1088.jpg,20-29,Male,Black
1089.jpg,50-59,Male,White
109.jpg,30-39,Male,Indian
1090.jpg,20-29,Male,Indian
1091.jpg,20-29,Male,Black
1092.jpg,30-39,Male,Black
1093.jpg,30-39,Male,Black
1094.jpg,20-29,Male,Black
1095.jpg,20-29,Male,Black
1096.jpg,20-29,Male,Black
1097.jpg,20-29,Male,Indian
1098.jpg,10-19,Male,Black
1099.jpg,30-39,Male,Black
11.jpg,20-29,Male,Asian
110.jpg,30-39,Male,Indian
1100.jpg,3-9,Male,White
1101.jpg,20-29,Female,Indian
1102.jpg,10-19,Male,Asian
1103.jpg,0-2,Male,Indian
1104.jpg,30-39,Male,Indian
1105.jpg,20-29,Male,Indian
1106.jpg,30-39,Male,Black
1107.jpg,30-39,Male,Black
1108.jpg,30-39,Male,Others
1109.jpg,30-39,Male,Others
111.jpg,20-29,Female,Indian
1110.jpg,20-29,Male,Black
1112.jpg,20-29,Male,Indian
1113.jpg,30-39,Male,Indian
1114.jpg,20-29,Male,Indian
1115.jpg,30-39,Male,Black
1116.jpg,20-29,Male,Indian
1117.jpg,50-59,Male,White
1118.jpg,30-39,Male,Asian
1119.jpg,30-39,Male,Black
112.jpg,30-39,Female,White
1120.jpg,20-29,Male,Indian
1121.jpg,30-39,Male,Indian
1122.jpg,20-29,Male,Indian
1123.jpg,30-39,Male,Indian
1125.jpg,20-29,Male,White
1126.jpg,30-39,Male,Asian
1127.jpg,20-29,Male,Black
1128.jpg,20-29,Female,White
1129.jpg,30-39,Male,Black
113.jpg,30-39,Male,White
1130.jpg,20-29,Male,Indian
1132.jpg,20-29,Female,Black
1133.jpg,30-39,Female,White
1134.jpg,20-29,Female,Indian
1135.jpg,20-29,Female,Indian
1136.jpg,20-29,Male,White
1137.jpg,50-59,Female,White
1138.jpg,20-29,Female,White
1139.jpg,20-29,Female,White
114.jpg,30-39,Male,White
1140.jpg,20-29,Male,Asian
1141.jpg,20-29,Female,White
1142.jpg,30-39,Male,Black
1143.jpg,20-29,Male,Black
1144.jpg,30-39,Female,Black
1145.jpg,30-39,Male,Asian
1146.jpg,20-29,Female,Black
1147.jpg,20-29,Female,Black
1148.jpg,20-29,Female,Black
1149.jpg,more than 70,Male,Black
115.jpg,50-59,Male,Black
1150.jpg,20-29,Female,Indian
1151.jpg,30-39,Male,Black
1152.jpg,30-39,Female,Black
1153.jpg,50-59,Female,Black
1154.jpg,30-39,Male,White
1155.jpg,20-29,Male,Black
1156.jpg,30-39,Male,Black
1157.jpg,30-39,Male,Black
1158.jpg,20-29,Female,Asian
1159.jpg,20-29,Female,Others
116.jpg,20-29,Female,Indian
1160.jpg,20-29,Female,Black
1161.jpg,20-29,Female,Asian
1162.jpg,20-29,Female,Asian
1163.jpg,20-29,Male,Indian
1164.jpg,20-29,Female,Asian
1165.jpg,20-29,Female,Asian
1166.jpg,20-29,Female,Others
1167.jpg,3-9,Female,White
1168.jpg,0-2,Female,White
1169.jpg,0-2,Male,Asian
117.jpg,30-39,Female,Black
1170.jpg,20-29,Male,Asian
1171.jpg,20-29,Male,Asian
1172.jpg,30-39,Female,Asian
1173.jpg,20-29,Male,Indian
1174.jpg,30-39,Male,White
1175.jpg,3-9,Female,White
1176.jpg,20-29,Female,Asian
1177.jpg,40-49,Male,Indian
1178.jpg,20-29,Female,Indian
1179.jpg,20-29,Female,Indian
118.jpg,30-39,Female,White
1180.jpg,30-39,Female,Indian
1181.jpg,30-39,Male,Indian
1182.jpg,30-39,Male,Indian
1183.jpg,20-29,Male,White
1184.jpg,20-29,Female,Indian
1185.jpg,20-29,Male,Indian
1186.jpg,50-59,Male,Black
1187.jpg,20-29,Male,Indian
1188.jpg,30-39,Female,Indian
1189.jpg,20-29,Male,Black
119.jpg,20-29,Female,Asian
1190.jpg,20-29,Female,Others
1191.jpg,20-29,Female,Asian
1192.jpg,30-39,Male,White
1193.jpg,20-29,Male,Indian
1194.jpg,20-29,Male,Black
1195.jpg,50-59,Male,Black
1196.jpg,20-29,Male,Indian
1197.jpg,50-59,Male,White
1198.jpg,50-59,Male,White
1199.jpg,20-29,Male,White
12.jpg,30-39,Male,Black
120.jpg,30-39,Male,White
1200.jpg,20-29,Male,White
1201.jpg,40-49,Male,White
1202.jpg,20-29,Male,White
1203.jpg,30-39,Male,Others
1204.jpg,3-9,Male,White
1205.jpg,20-29,Male,White
1206.jpg,30-39,Male,Black
1207.jpg,50-59,Male,Black
1208.jpg,20-29,Male,Indian
1209.jpg,20-29,Male,White
121.jpg,20-29,Male,White
1210.jpg,20-29,Male,Indian
1212.jpg,30-39,Male,Black
1213.jpg,20-29,Male,Black
1215.jpg,30-39,Male,Black
1216.jpg,30-39,Male,Black
1217.jpg,20-29,Male,Indian
1218.jpg,20-29,Male,Indian
1219.jpg,40-49,Male,White
122.jpg,20-29,Male,Black
1220.jpg,20-29,Male,Indian
1221.jpg,30-39,Male,White
1222.jpg,20-29,Male,Indian
1223.jpg,30-39,Male,Indian
1224.jpg,30-39,Male,Indian
1225.jpg,50-59,Male,White
1226.jpg,20-29,Male,Black
1227.jpg,20-29,Female,White
1228.jpg,30-39,Female,White
1229.jpg,20-29,Female,Black
123.jpg,30-39,Male,Black
1230.jpg,20-29,Male,White
1231.jpg,20-29,Female,White
1232.jpg,10-19,Female,White
1233.jpg,20-29,Female,White
1234.jpg,20-29,Female,Indian
1235.jpg,20-29,Female,White
1237.jpg,20-29,Female,White
1238.jpg,20-29,Female,Asian
1239.jpg,20-29,Male,Others
124.jpg,30-39,Male,Black
1240.jpg,20-29,Female,Black
1241.jpg,30-39,Male,Black
1242.jpg,20-29,Male,Black
1243.jpg,20-29,Female,Black
1244.jpg,20-29,Male,Black
1245.jpg,20-29,Female,Black
1246.jpg,20-29,Female,White
1247.jpg,30-39,Male,White
1248.jpg,30-39,Male,Indian
1249.jpg,30-39,Female,Indian
1250.jpg,20-29,Female,Asian
1251.jpg,20-29,Female,Asian
1252.jpg,20-29,Female,Asian
1254.jpg,20-29,Female,Indian
1255.jpg,20-29,Female,White
1256.jpg,20-29,Male,Indian
1257.jpg,20-29,Female,Indian
1258.jpg,20-29,Female,Indian
126.jpg,20-29,Male,White
1260.jpg,0-2,Male,White
1261.jpg,20-29,Male,Indian
1262.jpg,0-2,Female,White
1263.jpg,50-59,Male,White
1264.jpg,3-9,Male,Asian
1265.jpg,50-59,Male,White
1266.jpg,0-2,Male,Asian
1267.jpg,3-9,Male,White
1268.jpg,3-9,Male,White
1269.jpg,3-9,Male,Asian
127.jpg,20-29,Male,White
1270.jpg,0-2,Male,Asian
1271.jpg,0-2,Male,Asian
1272.jpg,0-2,Male,Asian
1273.jpg,0-2,Male,Asian
1274.jpg,0-2,Male,Indian
1275.jpg,30-39,Male,White
1276.jpg,0-2,Male,Asian
1277.jpg,0-2,Female,Asian
1278.jpg,30-39,Male,Asian
1279.jpg,0-2,Male,Asian
128.jpg,30-39,Female,White
1280.jpg,0-2,Male,Asian
1281.jpg,0-2,Male,Asian
1282.jpg,0-2,Male,Asian
1283.jpg,0-2,Male,Asian
1284.jpg,3-9,Male,Asian
1285.jpg,0-2,Male,Indian
1286.jpg,0-2,Male,Indian
1287.jpg,0-2,Male,Indian
1288.jpg,0-2,Female,Indian
1289.jpg,30-39,Male,Indian
129.jpg,10-19,Female,White
1290.jpg,0-2,Male,Asian
1291.jpg,20-29,Male,Indian
1292.jpg,20-29,Male,Asian
1293.jpg,3-9,Male,Asian
1294.jpg,3-9,Male,White
1295.jpg,0-2,Female,White
1296.jpg,0-2,Male,White
1297.jpg,0-2,Male,Asian
1299.jpg,3-9,Female,White
13.jpg,3-9,Male,Indian
130.jpg,30-39,Female,White
1300.jpg,0-2,Male,Asian
1302.jpg,0-2,Male,Asian
1304.jpg,0-2,Male,Asian
1305.jpg,0-2,Male,Asian
1306.jpg,3-9,Male,Asian
1308.jpg,0-2,Male,Asian
1309.jpg,0-2,Male,Asian
131.jpg,60-69,Female,White
1310.jpg,0-2,Male,Indian
1311.jpg,0-2,Male,Asian
1312.jpg,0-2,Male,Asian
1314.jpg,0-2,Male,Asian
1315.jpg,0-2,Male,Asian
1316.jpg,0-2,Male,Asian
1317.jpg,0-2,Male,White
1318.jpg,0-2,Male,Asian
1319.jpg,0-2,Male,Asian
132.jpg,30-39,Male,Asian
1320.jpg,0-2,Female,Asian
1321.jpg,3-9,Female,Black
1324.jpg,20-29,Male,Indian
1325.jpg,20-29,Male,White
1326.jpg,0-2,Female,White
1327.jpg,0-2,Male,White
1328.jpg,20-29,Male,Indian
1329.jpg,50-59,Male,White
133.jpg,more than 70,Female,White
1330.jpg,10-19,Male,White
1331.jpg,40-49,Male,Asian
1333.jpg,0-2,Male,Indian
1334.jpg,0-2,Male,Others
1335.jpg,0-2,Male,Asian
1336.jpg,3-9,Female,Asian
1337.jpg,50-59,Male,White
1338.jpg,30-39,Male,White
1339.jpg,30-39,Male,White
134.jpg,20-29,Female,White
1340.jpg,30-39,Male,White
1341.jpg,50-59,Male,White
1342.jpg,30-39,Male,White
1343.jpg,20-29,Male,Indian
1344.jpg,30-39,Male,White
1345.jpg,30-39,Male,Indian
1346.jpg,20-29,Male,White
1347.jpg,20-29,Female,White
1348.jpg,30-39,Male,White
1349.jpg,20-29,Male,Others
135.jpg,20-29,Female,White
1350.jpg,30-39,Male,White
1351.jpg,40-49,Male,White
1352.jpg,30-39,Male,White
1353.jpg,30-39,Male,Black
1354.jpg,30-39,Male,Black
1355.jpg,30-39,Male,White
1356.jpg,20-29,Male,Black
1357.jpg,20-29,Male,Black
1358.jpg,50-59,Male,White
1359.jpg,50-59,Male,Indian
136.jpg,20-29,Male,White
1360.jpg,20-29,Male,Black
1361.jpg,30-39,Male,Indian
1362.jpg,50-59,Male,Indian
1363.jpg,20-29,Male,Indian
1364.jpg,20-29,Male,Indian
1365.jpg,20-29,Female,Asian
1366.jpg,20-29,Male,Black
1367.jpg,20-29,Male,Indian
1369.jpg,20-29,Male,Indian
137.jpg,10-19,Female,White
1370.jpg,30-39,Male,White
1371.jpg,30-39,Male,Indian
1372.jpg,20-29,Male,Indian
1374.jpg,30-39,Male,Black
1375.jpg,30-39,Female,Indian
1376.jpg,20-29,Female,White
1377.jpg,30-39,Male,White
1378.jpg,50-59,Male,White
1379.jpg,30-39,Female,White
138.jpg,20-29,Female,White
1380.jpg,30-39,Female,White
1381.jpg,10-19,Female,White
1382.jpg,50-59,Female,White
1383.jpg,20-29,Female,Indian
1384.jpg,20-29,Female,Indian
1385.jpg,30-39,Female,White
1386.jpg,30-39,Female,White
1388.jpg,50-59,Female,White
1389.jpg,20-29,Male,White
139.jpg,30-39,Female,White
1390.jpg,30-39,Male,White
1391.jpg,20-29,Female,Asian
1392.jpg,20-29,Female,Indian
1393.jpg,30-39,Male,White
1394.jpg,20-29,Female,White
1395.jpg,30-39,Female,White
1397.jpg,10-19,Male,White
1398.jpg,30-39,Male,White
1399.jpg,20-29,Female,Black
14.jpg,50-59,Female,White
1400.jpg,20-29,Female,Black
1401.jpg,20-29,Male,White
1402.jpg,20-29,Male,Black
1403.jpg,20-29,Male,Black
1404.jpg,30-39,Female,Asian
1405.jpg,20-29,Female,Indian
1406.jpg,20-29,Female,White
1407.jpg,20-29,Female,Asian
1408.jpg,20-29,Female,Indian
1409.jpg,20-29,Female,Asian
141.jpg,20-29,Female,White
1410.jpg,20-29,Male,White
1411.jpg,20-29,Female,White
1412.jpg,20-29,Female,Indian
1413.jpg,20-29,Male,Indian
1414.jpg,20-29,Female,Others
1415.jpg,20-29,Male,Indian
1416.jpg,20-29,Female,Asian
1417.jpg,30-39,Male,Indian
1418.jpg,20-29,Female,Indian
1419.jpg,30-39,Male,Indian
142.jpg,20-29,Female,Black
1420.jpg,20-29,Female,Black
1421.jpg,20-29,Female,Indian
1422.jpg,20-29,Male,Indian
1423.jpg,20-29,Female,Indian
1424.jpg,20-29,Male,Indian
1425.jpg,20-29,Female,Indian
1426.jpg,20-29,Female,White
1427.jpg,30-39,Female,Indian
1428.jpg,30-39,Female,Asian
1429.jpg,30-39,Female,White
1430.jpg,20-29,Female,White
1431.jpg,30-39,Male,Indian
1432.jpg,20-29,Female,White
1433.jpg,30-39,Male,White
1434.jpg,50-59,Male,White
1435.jpg,30-39,Male,White
1436.jpg,20-29,Male,Indian
1437.jpg,50-59,Male,Black
1438.jpg,30-39,Male,Black
1439.jpg,20-29,Male,Black
144.jpg,20-29,Female,Black
1440.jpg,20-29,Male,Black
1441.jpg,30-39,Male,Black
1442.jpg,50-59,Male,Indian
1443.jpg,30-39,Male,Asian
1444.jpg,50-59,Male,Indian
1445.jpg,20-29,Male,Indian
1446.jpg,30-39,Male,Indian
1447.jpg,20-29,Male,Indian
1448.jpg,50-59,Female,White
1449.jpg,20-29,Male,White
145.jpg,20-29,Female,Asian
1450.jpg,20-29,Female,Indian
1451.jpg,30-39,Female,White
1452.jpg,30-39,Female,Black
1453.jpg,30-39,Male,Black
1454.jpg,30-39,Female,Indian
1455.jpg,30-39,Male,Black
1456.jpg,50-59,Female,White
1457.jpg,20-29,Male,Black
1458.jpg,30-39,Female,Black
1459.jpg,20-29,Female,Black
146.jpg,20-29,Female,Asian
1460.jpg,20-29,Female,Black
1461.jpg,20-29,Male,Black
1462.jpg,20-29,Male,Black
1463.jpg,20-29,Male,Indian
1464.jpg,20-29,Female,White
1465.jpg,30-39,Male,Indian
1466.jpg,30-39,Male,Indian
1467.jpg,30-39,Female,White
1468.jpg,30-39,Female,Black
1469.jpg,20-29,Female,White
147.jpg,20-29,Male,Indian
1470.jpg,20-29,Female,Others
1471.jpg,30-39,Male,White
1472.jpg,20-29,Male,Indian
1473.jpg,30-39,Male,White
1474.jpg,20-29,Male,White
1475.jpg,20-29,Male,White
1476.jpg,30-39,Male,Indian
1477.jpg,30-39,Female,White
1478.jpg,20-29,Male,White
1479.jpg,30-39,Male,White
148.jpg,10-19,Female,Indian
1480.jpg,30-39,Male,White
1481.jpg,10-19,Female,Others
1482.jpg,20-29,Male,White
1483.jpg,30-39,Male,White
1484.jpg,30-39,Male,White
1485.jpg,30-39,Male,White
1486.jpg,30-39,Male,Indian
1487.jpg,30-39,Male,Black
1488.jpg,30-39,Male,Black
1489.jpg,30-39,Male,Black
149.jpg,20-29,Female,Indian
1490.jpg,30-39,Male,Black
1491.jpg,30-39,Male,Black
1493.jpg,30-39,Male,Black
1494.jpg,30-39,Male,Black
1495.jpg,30-39,Female,Black
1496.jpg,50-59,Male,Black
1497.jpg,20-29,Male,Black
1498.jpg,30-39,Male,Indian
1499.jpg,10-19,Male,Asian
15.jpg,20-29,Male,Indian
150.jpg,10-19,Female,White
1500.jpg,20-29,Male,White
1501.jpg,30-39,Male,White
1502.jpg,50-59,Male,Indian
1503.jpg,20-29,Male,Indian
1504.jpg,50-59,Male,White
1505.jpg,20-29,Female,White
1506.jpg,50-59,Male,White
1507.jpg,30-39,Female,White
1508.jpg,30-39,Male,White
151.jpg,20-29,Female,White
1510.jpg,20-29,Female,White
1511.jpg,30-39,Male,White
1512.jpg,30-39,Female,White
1513.jpg,30-39,Male,White
1514.jpg,20-29,Female,White
1515.jpg,20-29,Female,White
1516.jpg,20-29,Male,Others
1517.jpg,3-9,Female,White
1518.jpg,20-29,Female,White
152.jpg,10-19,Male,Black
1520.jpg,20-29,Female,White
1521.jpg,20-29,Female,White
1522.jpg,60-69,Female,White
1523.jpg,30-39,Male,White
1524.jpg,30-39,Male,Black
1525.jpg,20-29,Male,Indian
1526.jpg,20-29,Male,Black
1527.jpg,50-59,Male,White
1528.jpg,20-29,Male,Indian
1529.jpg,20-29,Female,Asian
153.jpg,50-59,Female,White
1530.jpg,20-29,Male,Black
1531.jpg,30-39,Male,Black
1532.jpg,20-29,Female,Black
1533.jpg,3-9,Male,Black
1534.jpg,20-29,Female,Black
1535.jpg,20-29,Female,Black
1536.jpg,10-19,Male,Black
1537.jpg,30-39,Female,Black
1538.jpg,30-39,Female,Black
1539.jpg,20-29,Female,Black
154.jpg,10-19,Male,White
1540.jpg,20-29,Female,Others
1541.jpg,20-29,Female,Asian
1542.jpg,20-29,Female,Indian
1543.jpg,20-29,Male,Indian
1544.jpg,30-39,Female,White
1545.jpg,20-29,Female,Others
1546.jpg,20-29,Female,Asian
1547.jpg,30-39,Male,Asian
1548.jpg,40-49,Male,White
1549.jpg,20-29,Male,White
155.jpg,10-19,Male,White
1550.jpg,30-39,Female,Indian
1551.jpg,20-29,Female,White
1552.jpg,20-29,Female,Indian
1553.jpg,50-59,Male,White
1554.jpg,30-39,Male,White
1555.jpg,20-29,Female,White
1556.jpg,30-39,Male,Indian
1557.jpg,30-39,Male,White
1558.jpg,20-29,Female,Black
1559.jpg,30-39,Female,Black
156.jpg,20-29,Female,White
1560.jpg,20-29,Female,Black
1561.jpg,50-59,Male,White
1562.jpg,20-29,Male,Black
1563.jpg,40-49,Male,Indian
1564.jpg,20-29,Female,Others
1565.jpg,30-39,Male,White
1566.jpg,50-59,Male,White
1567.jpg,3-9,Female,White
1568.jpg,50-59,Male,White
1569.jpg,20-29,Male,Black
157.jpg,30-39,Female,Others
1570.jpg,20-29,Female,Black
1571.jpg,30-39,Male,Black
1572.jpg,20-29,Female,Asian
1573.jpg,20-29,Male,Indian
1574.jpg,30-39,Male,White
1575.jpg,20-29,Male,White
1576.jpg,20-29,Male,Asian
1577.jpg,30-39,Male,White
1578.jpg,50-59,Female,White
1579.jpg,30-39,Male,White
158.jpg,30-39,Male,White
1580.jpg,30-39,Male,Indian
1581.jpg,10-19,Male,White
1582.jpg,50-59,Male,White
1583.jpg,30-39,Male,Black
1584.jpg,3-9,Male,Black
1585.jpg,30-39,Male,Black
1586.jpg,30-39,Male,Black
1587.jpg,20-29,Male,Indian
1588.jpg,40-49,Male,Indian
1589.jpg,50-59,Female,White
159.jpg,20-29,Female,Indian
1591.jpg,50-59,Male,White
1592.jpg,20-29,Male,Indian
1593.jpg,20-29,Male,Indian
1594.jpg,50-59,Male,Indian
1595.jpg,50-59,Male,Indian
1596.jpg,50-59,Male,Indian
1597.jpg,30-39,Male,Indian
1598.jpg,20-29,Male,White
1599.jpg,50-59,Male,White
16.jpg,10-19,Female,White
160.jpg,20-29,Female,Indian
1600.jpg,20-29,Female,White
1601.jpg,30-39,Male,Asian
1602.jpg,30-39,Male,Asian
1603.jpg,20-29,Female,Black
1604.jpg,30-39,Female,White
1605.jpg,20-29,Female,Black
1606.jpg,20-29,Female,Black
1607.jpg,30-39,Male,Black
1608.jpg,3-9,Female,Asian
1609.jpg,20-29,Female,Black
161.jpg,0-2,Male,Asian
1610.jpg,20-29,Female,Indian
1611.jpg,20-29,Female,White
1612.jpg,30-39,Male,Black
1613.jpg,20-29,Male,White
1614.jpg,20-29,Male,Black
1615.jpg,20-29,Male,Black
1616.jpg,20-29,Female,White
1617.jpg,50-59,Male,Black
1618.jpg,30-39,Female,Indian
1619.jpg,30-39,Female,White
162.jpg,0-2,Male,White
1620.jpg,30-39,Male,Black
1621.jpg,50-59,Male,White
1622.jpg,20-29,Female,White
1623.jpg,30-39,Female,Indian
1624.jpg,30-39,Male,Indian
1625.jpg,30-39,Male,White
1626.jpg,50-59,Male,White
1627.jpg,20-29,Male,White
1628.jpg,40-49,Male,White
1629.jpg,50-59,Male,White
163.jpg,0-2,Male,Indian
1630.jpg,60-69,Male,White
1631.jpg,30-39,Male,Indian
1632.jpg,40-49,Male,White
1633.jpg,30-39,Male,White
1634.jpg,30-39,Male,Indian
1635.jpg,50-59,Male,White
1636.jpg,50-59,Male,White
1637.jpg,20-29,Male,White
1638.jpg,20-29,Male,Black
1639.jpg,50-59,Male,Asian
164.jpg,10-19,Male,White
1640.jpg,20-29,Male,White
1641.jpg,30-39,Male,White
1642.jpg,50-59,Male,White
1643.jpg,20-29,Female,White
1644.jpg,30-39,Male,White
1645.jpg,20-29,Male,White
1646.jpg,50-59,Male,Indian
1647.jpg,30-39,Female,Asian
1648.jpg,30-39,Male,Indian
1649.jpg,50-59,Male,White
165.jpg,0-2,Male,Asian
1650.jpg,30-39,Male,White
1651.jpg,30-39,Male,Indian
1652.jpg,30-39,Male,Black
1653.jpg,30-39,Male,Black
1654.jpg,50-59,Male,Indian
1655.jpg,20-29,Male,Black
1656.jpg,20-29,Male,Black
1657.jpg,20-29,Male,Black
1658.jpg,50-59,Male,White
1659.jpg,30-39,Male,Black
166.jpg,0-2,Male,Asian
1660.jpg,30-39,Male,White
1661.jpg,30-39,Male,Black
1662.jpg,50-59,Male,White
1663.jpg,50-59,Male,Black
1664.jpg,30-39,Male,Black
1665.jpg,20-29,Male,Black
1666.jpg,20-29,Male,White
1667.jpg,3-9,Male,Asian
1668.jpg,20-29,Male,Indian
1669.jpg,20-29,Male,Indian
1670.jpg,30-39,Male,Indian
1671.jpg,40-49,Male,Indian
1672.jpg,50-59,Male,Asian
1673.jpg,30-39,Male,White
1674.jpg,30-39,Male,Asian
1675.jpg,40-49,Male,Indian
1676.jpg,30-39,Female,White
1677.jpg,50-59,Male,White
1678.jpg,30-39,Male,White
1679.jpg,30-39,Male,Indian
168.jpg,0-2,Male,White
1680.jpg,20-29,Male,Indian
1681.jpg,30-39,Male,Black
1682.jpg,20-29,Male,Indian
1683.jpg,20-29,Male,Indian
1684.jpg,30-39,Female,Black
1685.jpg,20-29,Female,White
1686.jpg,50-59,Male,White
1687.jpg,30-39,Female,White
1688.jpg,10-19,Female,Indian
1689.jpg,30-39,Female,Indian
169.jpg,0-2,Male,Asian
1690.jpg,20-29,Female,Indian
1691.jpg,10-19,Female,Others
1692.jpg,30-39,Male,Indian
1693.jpg,20-29,Female,White
1694.jpg,30-39,Female,White
1695.jpg,50-59,Female,White
1696.jpg,20-29,Female,White
1697.jpg,20-29,Female,Indian
1698.jpg,20-29,Male,Asian
1699.jpg,20-29,Male,White
17.jpg,30-39,Female,White
170.jpg,0-2,Female,White
1700.jpg,20-29,Female,Black
1701.jpg,50-59,Male,White
1702.jpg,30-39,Male,Asian
1703.jpg,30-39,Male,White
1704.jpg,20-29,Female,White
1705.jpg,20-29,Female,Black
1706.jpg,30-39,Female,Black
1708.jpg,20-29,Female,Black
1709.jpg,30-39,Female,Indian
171.jpg,0-2,Male,White
1710.jpg,50-59,Male,Black
1711.jpg,0-2,Male,Black
1712.jpg,20-29,Female,White
1713.jpg,30-39,Female,Asian
1714.jpg,30-39,Male,White
1715.jpg,20-29,Female,Indian
1716.jpg,20-29,Female,Indian
1717.jpg,30-39,Female,Indian
1718.jpg,10-19,Male,Indian
1719.jpg,30-39,Male,Indian
172.jpg,0-2,Male,White
1720.jpg,30-39,Male,Indian
1721.jpg,40-49,Female,Indian
1722.jpg,30-39,Female,White
1723.jpg,30-39,Female,White
1724.jpg,30-39,Male,White
1725.jpg,30-39,Male,Indian
1726.jpg,30-39,Male,White
1727.jpg,50-59,Male,Black
1728.jpg,30-39,Male,White
1729.jpg,50-59,Male,White
173.jpg,0-2,Male,Indian
1730.jpg,30-39,Female,Indian
1731.jpg,30-39,Female,White
1732.jpg,50-59,Male,Asian
1733.jpg,50-59,Male,Black
1734.jpg,20-29,Male,Black
1735.jpg,30-39,Male,Black
1736.jpg,40-49,Male,Black
1737.jpg,30-39,Male,Black
1738.jpg,20-29,Male,Black
1739.jpg,30-39,Female,Black
174.jpg,10-19,Male,White
1740.jpg,50-59,Male,Indian
1741.jpg,30-39,Male,Asian
1742.jpg,50-59,Male,White
1743.jpg,50-59,Male,Indian
1744.jpg,30-39,Male,Black
1745.jpg,50-59,Male,White
1746.jpg,50-59,Male,White
1747.jpg,30-39,Male,Indian
1748.jpg,20-29,Male,Indian
1749.jpg,50-59,Male,White
175.jpg,0-2,Male,White
1750.jpg,50-59,Male,Indian
1751.jpg,40-49,Male,Indian
1752.jpg,30-39,Male,Indian
1753.jpg,50-59,Male,Indian
1754.jpg,30-39,Male,White
1755.jpg,30-39,Male,White
1756.jpg,30-39,Female,Indian
1757.jpg,50-59,Male,White
1758.jpg,50-59,Male,White
1759.jpg,30-39,Female,White
176.jpg,0-2,Male,White
1760.jpg,30-39,Female,Indian
1761.jpg,30-39,Female,Indian
1762.jpg,50-59,Female,White
1763.jpg,50-59,Female,White
1764.jpg,30-39,Male,White
1765.jpg,3-9,Female,White
1766.jpg,50-59,Male,White
1767.jpg,30-39,Male,Black
1768.jpg,20-29,Female,White
1769.jpg,30-39,Male,Black
177.jpg,3-9,Female,Black
1770.jpg,30-39,Female,Black
1771.jpg,20-29,Female,Asian
1772.jpg,30-39,Female,Black
1773.jpg,20-29,Female,Black
1774.jpg,50-59,Female,Black
1775.jpg,more than 70,Female,Black
1776.jpg,30-39,Female,White
1777.jpg,20-29,Female,White
1778.jpg,20-29,Female,White
1779.jpg,20-29,Male,Indian
178.jpg,0-2,Male,Indian
1780.jpg,30-39,Female,Indian
1781.jpg,20-29,Female,Indian
1782.jpg,20-29,Male,Indian
1783.jpg,50-59,Male,White
1784.jpg,30-39,Male,Indian
1785.jpg,30-39,Male,White
1786.jpg,50-59,Male,White
1787.jpg,30-39,Male,White
1788.jpg,20-29,Male,Indian
1789.jpg,30-39,Male,Indian
179.jpg,3-9,Female,Indian
1790.jpg,20-29,Male,Asian
1791.jpg,30-39,Male,Black
1792.jpg,20-29,Male,Black
1793.jpg,20-29,Male,Black
1794.jpg,20-29,Male,Black
1795.jpg,30-39,Male,Indian
1796.jpg,30-39,Male,Indian
1797.jpg,50-59,Male,White
1798.jpg,50-59,Male,Indian
1799.jpg,30-39,Male,Indian
18.jpg,10-19,Female,White
180.jpg,0-2,Male,Asian
1800.jpg,50-59,Male,White
1801.jpg,30-39,Male,Indian
1802.jpg,30-39,Male,White
1803.jpg,30-39,Male,Others
1804.jpg,50-59,Male,White
1805.jpg,30-39,Female,White
1806.jpg,30-39,Male,White
1807.jpg,50-59,Male,Indian
1808.jpg,30-39,Male,White
1809.jpg,30-39,Male,White
1810.jpg,30-39,Female,White
1811.jpg,3-9,Female,White
1812.jpg,30-39,Male,Indian
1813.jpg,30-39,Male,Indian
1814.jpg,20-29,Female,Black
1815.jpg,20-29,Female,Indian
1816.jpg,50-59,Male,White
1817.jpg,30-39,Male,Indian
1818.jpg,50-59,Male,White
1819.jpg,50-59,Male,White
182.jpg,0-2,Male,Asian
1820.jpg,30-39,Male,White
1821.jpg,50-59,Male,White
1822.jpg,30-39,Male,Indian
1823.jpg,30-39,Male,White
1824.jpg,20-29,Male,White
1825.jpg,50-59,Male,Black
1826.jpg,30-39,Male,Black
1827.jpg,20-29,Male,Black
1828.jpg,30-39,Male,Black
1829.jpg,20-29,Male,Black
1830.jpg,50-59,Male,White
1831.jpg,20-29,Male,Asian
1832.jpg,20-29,Male,Indian
1833.jpg,30-39,Male,Indian
1834.jpg,20-29,Male,Indian
1835.jpg,30-39,Male,White
1836.jpg,30-39,Male,White
1837.jpg,30-39,Female,White
1838.jpg,20-29,Male,White
1839.jpg,50-59,Male,White
1840.jpg,50-59,Female,White
1841.jpg,60-69,Female,White
1842.jpg,20-29,Male,Indian
1843.jpg,30-39,Female,Black
1844.jpg,20-29,Female,Black
1845.jpg,30-39,Female,Black
1846.jpg,30-39,Female,Black
1847.jpg,30-39,Male,Black
1848.jpg,20-29,Female,Black
1849.jpg,30-39,Female,Black
185.jpg,0-2,Male,Asian
1850.jpg,30-39,Female,Black
1851.jpg,30-39,Male,Indian
1852.jpg,50-59,Female,White
1853.jpg,30-39,Male,Asian
1854.jpg,30-39,Male,Indian
1855.jpg,30-39,Female,Indian
1856.jpg,0-2,Female,Black
1857.jpg,20-29,Female,White
1858.jpg,20-29,Female,Others
1859.jpg,30-39,Male,Indian
186.jpg,0-2,Male,Asian
1860.jpg,30-39,Male,White
1861.jpg,20-29,Male,White
1862.jpg,30-39,Male,White
1863.jpg,50-59,Male,Indian
1864.jpg,30-39,Male,White
1865.jpg,20-29,Male,Indian
1866.jpg,30-39,Male,Asian
1867.jpg,30-39,Male,White
1868.jpg,30-39,Male,White
1869.jpg,20-29,Male,White
187.jpg,10-19,Male,Indian
1870.jpg,30-39,Male,White
1871.jpg,50-59,Male,White
1872.jpg,50-59,Male,White
1874.jpg,30-39,Male,Indian
1875.jpg,30-39,Male,Black
1876.jpg,30-39,Male,Indian
1877.jpg,40-49,Male,Black
1878.jpg,30-39,Male,Black
1879.jpg,30-39,Male,Indian
1880.jpg,30-39,Male,Indian
1881.jpg,50-59,Male,Indian
1882.jpg,50-59,Female,White
1883.jpg,30-39,Male,White
1884.jpg,10-19,Male,Asian
1885.jpg,30-39,Female,White
1886.jpg,30-39,Female,White
1887.jpg,30-39,Male,White
1888.jpg,30-39,Female,Black
1889.jpg,20-29,Female,Black
189.jpg,0-2,Male,Asian
1890.jpg,20-29,Female,Indian
1891.jpg,20-29,Female,Black
1892.jpg,30-39,Male,Black
1893.jpg,3-9,Male,White
1894.jpg,0-2,Female,White
1895.jpg,3-9,Male,Indian
1896.jpg,0-2,Male,Black
1897.jpg,30-39,Male,Black
1898.jpg,3-9,Male,White
1899.jpg,3-9,Male,Asian
19.jpg,10-19,Male,White
190.jpg,0-2,Male,Asian
1901.jpg,0-2,Male,Asian
1902.jpg,3-9,Male,Asian
1903.jpg,20-29,Female,Black
1904.jpg,3-9,Male,Indian
1905.jpg,3-9,Male,White
1906.jpg,0-2,Female,Indian
1908.jpg,3-9,Female,White
1909.jpg,0-2,Female,White
191.jpg,0-2,Male,White
1910.jpg,3-9,Female,White
1911.jpg,3-9,Male,White
1912.jpg,0-2,Female,White
1913.jpg,3-9,Female,White
1914.jpg,10-19,Male,White
1915.jpg,3-9,Female,White
1916.jpg,0-2,Male,Asian
1917.jpg,0-2,Male,Asian
1918.jpg,20-29,Female,Asian
1919.jpg,0-2,Male,Indian
192.jpg,0-2,Male,Asian
1920.jpg,0-2,Male,Asian
1921.jpg,0-2,Male,Indian
1922.jpg,20-29,Female,Indian
1923.jpg,50-59,Male,Asian
1926.jpg,0-2,Male,Asian
1927.jpg,3-9,Male,Asian
1928.jpg,0-2,Male,Asian
193.jpg,0-2,Male,Asian
1930.jpg,0-2,Male,Others
1931.jpg,20-29,Male,Indian
1932.jpg,50-59,Male,Indian
1933.jpg,0-2,Male,Indian
1934.jpg,30-39,Male,Indian
1935.jpg,50-59,Male,Indian
1936.jpg,40-49,Male,White
1937.jpg,40-49,Male,White
1938.jpg,30-39,Male,White
1939.jpg,20-29,Male,White
1940.jpg,more than 70,Male,White
1941.jpg,50-59,Male,White
1942.jpg,50-59,Male,White
1943.jpg,40-49,Male,White
1944.jpg,30-39,Male,White
1945.jpg,20-29,Male,Indian
1946.jpg,40-49,Male,White
1947.jpg,30-39,Male,Indian
1948.jpg,20-29,Male,White
1949.jpg,50-59,Male,White
195.jpg,0-2,Male,Indian
1950.jpg,50-59,Male,White
1951.jpg,50-59,Male,White
1952.jpg,50-59,Male,White
1953.jpg,30-39,Male,Black
1954.jpg,3-9,Male,White
1955.jpg,20-29,Male,Indian
1956.jpg,20-29,Male,White
1957.jpg,30-39,Male,White
1958.jpg,50-59,Male,White
1959.jpg,30-39,Male,White
1960.jpg,50-59,Male,White
1961.jpg,50-59,Male,White
1962.jpg,20-29,Male,Asian
1963.jpg,30-39,Male,Indian
1964.jpg,30-39,Male,White
1965.jpg,50-59,Male,Indian
1966.jpg,30-39,Male,Black
1967.jpg,20-29,Male,Black
1968.jpg,50-59,Male,Black
1969.jpg,30-39,Male,Black
1970.jpg,20-29,Male,Indian
1971.jpg,40-49,Male,Asian
1972.jpg,30-39,Male,Asian
1973.jpg,30-39,Male,Black
1974.jpg,20-29,Male,Indian
1975.jpg,20-29,Male,Indian
1976.jpg,40-49,Male,Indian
1978.jpg,30-39,Male,White
1979.jpg,50-59,Male,White
198.jpg,0-2,Male,Black
1980.jpg,30-39,Female,White
1981.jpg,50-59,Male,White
1982.jpg,20-29,Male,Asian
1983.jpg,50-59,Male,White
1984.jpg,30-39,Male,White
1985.jpg,50-59,Female,White
1986.jpg,30-39,Male,White
1987.jpg,40-49,Male,White
1988.jpg,30-39,Female,Asian
1989.jpg,30-39,Female,White
1990.jpg,30-39,Female,White
1991.jpg,30-39,Female,Black
1992.jpg,20-29,Male,Black
1993.jpg,30-39,Female,Indian
1994.jpg,20-29,Male,Black
1995.jpg,30-39,Male,Black
1996.jpg,20-29,Female,Black
1997.jpg,30-39,Female,White
1998.jpg,20-29,Female,Asian
1999.jpg,20-29,Male,Black
2.jpg,30-39,Male,White
20.jpg,3-9,Female,White
200.jpg,0-2,Male,Asian
2000.jpg,60-69,Male,Indian
2001.jpg,30-39,Female,Black
2002.jpg,20-29,Female,Asian
2003.jpg,30-39,Female,Others
2004.jpg,40-49,Female,Asian
2005.jpg,20-29,Female,Black
2006.jpg,30-39,Male,Indian
2007.jpg,30-39,Male,White
2008.jpg,50-59,Male,White
2009.jpg,20-29,Male,White
201.jpg,0-2,Male,Black
2010.jpg,20-29,Male,Black
2011.jpg,50-59,Male,Black
2012.jpg,50-59,Male,White
2013.jpg,20-29,Male,Asian
2014.jpg,50-59,Male,Indian
2015.jpg,50-59,Female,White
2016.jpg,50-59,Male,White
2017.jpg,30-39,Female,White
2018.jpg,30-39,Male,Asian
2019.jpg,50-59,Male,White
202.jpg,0-2,Male,Asian
2020.jpg,40-49,Male,White
2021.jpg,50-59,Male,White
2022.jpg,30-39,Male,Indian
2023.jpg,50-59,Male,White
2024.jpg,30-39,Male,White
2025.jpg,50-59,Male,White
2027.jpg,30-39,Male,White
2028.jpg,50-59,Male,White
2029.jpg,30-39,Male,Black
203.jpg,0-2,Male,Asian
2030.jpg,20-29,Male,Black
2031.jpg,20-29,Male,Black
2032.jpg,30-39,Male,Black
2033.jpg,40-49,Male,Indian
2034.jpg,30-39,Male,Indian
2035.jpg,30-39,Male,White
2036.jpg,30-39,Male,Indian
2037.jpg,50-59,Male,Indian
2038.jpg,20-29,Male,Indian
2039.jpg,50-59,Male,White
204.jpg,0-2,Male,Asian
2040.jpg,50-59,Male,Indian
2041.jpg,more than 70,Male,Black
2042.jpg,20-29,Male,White
2043.jpg,20-29,Female,White
2044.jpg,20-29,Male,White
2045.jpg,30-39,Male,White
2046.jpg,20-29,Male,Black
2047.jpg,30-39,Female,Others
2048.jpg,10-19,Male,White
2049.jpg,20-29,Male,Asian
205.jpg,0-2,Male,Asian
2050.jpg,50-59,Male,White
2051.jpg,30-39,Male,Black
2052.jpg,40-49,Male,Indian
2053.jpg,20-29,Male,White
2054.jpg,30-39,Male,White
2055.jpg,40-49,Male,Black
2056.jpg,50-59,Male,Indian
2057.jpg,50-59,Male,White
2058.jpg,40-49,Male,White
2059.jpg,30-39,Male,Black
206.jpg,50-59,Male,White
2060.jpg,30-39,Male,Indian
2061.jpg,10-19,Male,Indian
2062.jpg,50-59,Male,Indian
2063.jpg,20-29,Male,Indian
2064.jpg,30-39,Male,Indian
2065.jpg,30-39,Male,Indian
2066.jpg,30-39,Male,White
2067.jpg,30-39,Male,Black
2068.jpg,50-59,Male,White
2069.jpg,40-49,Male,White
207.jpg,0-2,Male,Asian
2070.jpg,50-59,Male,Indian
2071.jpg,30-39,Male,White
2072.jpg,30-39,Male,White
2073.jpg,50-59,Male,White
2074.jpg,30-39,Male,White
2075.jpg,50-59,Male,White
2076.jpg,50-59,Male,White
2077.jpg,30-39,Male,White
2078.jpg,20-29,Male,White
208.jpg,0-2,Male,Asian
2080.jpg,30-39,Female,White
2081.jpg,30-39,Male,White
2082.jpg,30-39,Male,White
2083.jpg,50-59,Male,White
2084.jpg,50-59,Male,White
2085.jpg,30-39,Male,Black
2086.jpg,30-39,Female,Others
2088.jpg,30-39,Male,Black
2089.jpg,20-29,Male,White
209.jpg,0-2,Male,White
2092.jpg,30-39,Male,Indian
2093.jpg,30-39,Male,Indian
2094.jpg,50-59,Male,Indian
2095.jpg,10-19,Male,White
2096.jpg,30-39,Male,White
2097.jpg,30-39,Male,Indian
2098.jpg,20-29,Male,Black
2099.jpg,30-39,Male,Indian
21.jpg,0-2,Female,Asian
210.jpg,0-2,Male,Asian
2100.jpg,20-29,Male,Indian
2101.jpg,30-39,Male,Indian
2102.jpg,30-39,Male,Indian
2103.jpg,40-49,Male,Indian
2104.jpg,20-29,Male,Indian
2105.jpg,50-59,Male,White
2106.jpg,50-59,Male,White
2107.jpg,30-39,Male,Indian
2108.jpg,30-39,Male,White
2109.jpg,30-39,Male,White
211.jpg,0-2,Male,Indian
2110.jpg,50-59,Female,White
2111.jpg,30-39,Female,Indian
2112.jpg,20-29,Male,White
2113.jpg,30-39,Female,White
2114.jpg,50-59,Female,White
2115.jpg,20-29,Female,Black
2116.jpg,20-29,Female,Black
2117.jpg,30-39,Male,Black
2118.jpg,20-29,Female,Black
2119.jpg,20-29,Female,White
212.jpg,0-2,Female,Asian
2120.jpg,30-39,Male,Black
2121.jpg,20-29,Male,Indian
2122.jpg,20-29,Female,White
2123.jpg,50-59,Male,White
2124.jpg,30-39,Male,White
2125.jpg,40-49,Male,Indian
2126.jpg,50-59,Male,White
2127.jpg,30-39,Male,White
2128.jpg,40-49,Male,White
2129.jpg,30-39,Male,White
213.jpg,0-2,Male,Asian
2130.jpg,30-39,Male,Black
2131.jpg,30-39,Male,White
2132.jpg,50-59,Male,Indian
2133.jpg,30-39,Male,White
2134.jpg,50-59,Male,White
2135.jpg,50-59,Male,Indian
2136.jpg,50-59,Female,White
2137.jpg,30-39,Female,White
2138.jpg,50-59,Female,White
2139.jpg,40-49,Male,Black
214.jpg,0-2,Male,Asian
2140.jpg,20-29,Male,Indian
2141.jpg,50-59,Male,White
2142.jpg,30-39,Male,White
2143.jpg,50-59,Male,White
2145.jpg,40-49,Male,Black
2146.jpg,30-39,Male,Indian
2147.jpg,30-39,Male,White
2148.jpg,50-59,Male,White
2149.jpg,50-59,Male,White
2150.jpg,50-59,Male,White
2151.jpg,50-59,Male,White
2152.jpg,40-49,Male,White
2153.jpg,20-29,Male,Indian
2154.jpg,30-39,Male,Black
2155.jpg,50-59,Male,Indian
2156.jpg,30-39,Male,Black
2157.jpg,50-59,Male,Indian
2158.jpg,50-59,Male,Indian
2159.jpg,40-49,Male,Indian
2160.jpg,30-39,Male,Indian
2161.jpg,30-39,Female,White
2162.jpg,50-59,Female,White
2163.jpg,50-59,Male,White
2164.jpg,50-59,Male,White
2165.jpg,30-39,Female,Black
2166.jpg,20-29,Female,Indian
2167.jpg,50-59,Male,White
2168.jpg,40-49,Male,White
2169.jpg,50-59,Male,Asian
217.jpg,0-2,Male,White
2170.jpg,50-59,Male,White
2171.jpg,50-59,Male,White
2172.jpg,50-59,Male,White
2173.jpg,30-39,Male,Black
2174.jpg,20-29,Male,Black
2175.jpg,30-39,Male,White
2176.jpg,50-59,Male,White
2177.jpg,50-59,Male,White
2178.jpg,50-59,Male,White
2179.jpg,50-59,Male,White
2180.jpg,30-39,Female,Black
2181.jpg,20-29,Male,White
2182.jpg,50-59,Male,Indian
2183.jpg,30-39,Male,White
2184.jpg,50-59,Male,White
2185.jpg,50-59,Male,White
2186.jpg,50-59,Male,White
2187.jpg,50-59,Male,Black
2188.jpg,30-39,Male,White
2189.jpg,30-39,Male,Indian
219.jpg,0-2,Female,Indian
2190.jpg,20-29,Male,Indian
2191.jpg,10-19,Female,White
2192.jpg,20-29,Male,White
2193.jpg,10-19,Male,White
2194.jpg,30-39,Male,White
2195.jpg,40-49,Female,White
2196.jpg,30-39,Female,Asian
2197.jpg,20-29,Female,White
2198.jpg,3-9,Male,Asian
2199.jpg,0-2,Male,White
22.jpg,3-9,Male,White
220.jpg,0-2,Male,Asian
2200.jpg,0-2,Male,Indian
2201.jpg,3-9,Male,Indian
2202.jpg,3-9,Female,White
2203.jpg,50-59,Male,Asian
2204.jpg,3-9,Male,White
2206.jpg,3-9,Male,Asian
2207.jpg,10-19,Male,White
2208.jpg,0-2,Male,Asian
2209.jpg,10-19,Male,White
221.jpg,0-2,Male,Asian
2210.jpg,3-9,Male,Asian
2211.jpg,3-9,Male,Asian
2212.jpg,0-2,Male,Indian
2214.jpg,20-29,Male,Indian
2215.jpg,3-9,Male,White
2216.jpg,0-2,Male,Indian
2217.jpg,3-9,Female,White
2218.jpg,0-2,Male,Indian
2219.jpg,3-9,Female,Asian
222.jpg,0-2,Male,Asian
2220.jpg,20-29,Female,Asian
2221.jpg,20-29,Male,Indian
2223.jpg,3-9,Male,White
2224.jpg,20-29,Female,Black
2225.jpg,3-9,Male,White
2226.jpg,30-39,Male,Indian
2227.jpg,20-29,Female,Black
2228.jpg,3-9,Male,White
2229.jpg,10-19,Male,Indian
223.jpg,0-2,Male,Asian
2230.jpg,3-9,Female,Black
2231.jpg,40-49,Female,White
2232.jpg,3-9,Male,Black
2233.jpg,3-9,Male,White
2234.jpg,20-29,Female,Indian
2235.jpg,3-9,Female,White
2236.jpg,50-59,Male,White
2237.jpg,40-49,Male,White
2238.jpg,50-59,Male,Indian
2239.jpg,50-59,Male,White
224.jpg,0-2,Male,Asian
2240.jpg,50-59,Male,White
2241.jpg,50-59,Male,White
2242.jpg,50-59,Male,Indian
2243.jpg,50-59,Male,White
2244.jpg,30-39,Male,White
2245.jpg,50-59,Male,White
2246.jpg,50-59,Male,White
2247.jpg,30-39,Male,White
2248.jpg,50-59,Male,White
2249.jpg,50-59,Male,White
225.jpg,0-2,Male,Indian
2250.jpg,50-59,Female,White
2251.jpg,30-39,Male,Asian
2252.jpg,30-39,Male,Black
2253.jpg,30-39,Male,Indian
2254.jpg,30-39,Male,White
2255.jpg,50-59,Male,White
2256.jpg,30-39,Male,Indian
2257.jpg,50-59,Male,White
2258.jpg,50-59,Male,Black
2259.jpg,50-59,Male,Indian
226.jpg,0-2,Male,Asian
2260.jpg,40-49,Male,White
2261.jpg,30-39,Male,Black
2262.jpg,50-59,Male,Indian
2263.jpg,50-59,Male,Indian
2264.jpg,50-59,Male,Asian
2265.jpg,50-59,Male,White
2266.jpg,20-29,Female,Black
2267.jpg,30-39,Male,Indian
2268.jpg,30-39,Male,Indian
2269.jpg,50-59,Male,Indian
227.jpg,10-19,Male,Asian
2270.jpg,50-59,Male,White
2271.jpg,10-19,Male,White
2272.jpg,50-59,Male,Indian
2273.jpg,50-59,Male,Indian
2274.jpg,30-39,Male,Indian
2275.jpg,30-39,Male,Black
2276.jpg,50-59,Male,Indian
2277.jpg,50-59,Male,White
2278.jpg,50-59,Male,White
2279.jpg,50-59,Male,Black
2280.jpg,10-19,Female,White
2281.jpg,20-29,Male,Asian
2282.jpg,50-59,Male,White
2283.jpg,30-39,Female,White
2284.jpg,30-39,Female,White
2285.jpg,20-29,Male,White
2286.jpg,50-59,Male,White
2287.jpg,30-39,Male,White
2288.jpg,30-39,Female,White
2289.jpg,40-49,Male,White
229.jpg,0-2,Male,Asian
2290.jpg,20-29,Male,Black
2291.jpg,30-39,Female,Black
2292.jpg,50-59,Male,Indian
2293.jpg,30-39,Female,Indian
2294.jpg,50-59,Male,White
2295.jpg,40-49,Male,White
2296.jpg,50-59,Male,White
2297.jpg,50-59,Male,White
2298.jpg,50-59,Male,White
2299.jpg,50-59,Male,White
23.jpg,3-9,Female,White
230.jpg,0-2,Male,Black
2300.jpg,50-59,Male,White
2301.jpg,50-59,Male,White
2302.jpg,50-59,Male,White
2303.jpg,50-59,Male,White
2304.jpg,50-59,Male,Others
2305.jpg,50-59,Male,White
2306.jpg,50-59,Female,White
2307.jpg,50-59,Male,White
2308.jpg,40-49,Male,Indian
2309.jpg,30-39,Male,Asian
2310.jpg,50-59,Male,White
2311.jpg,0-2,Female,Asian
2312.jpg,40-49,Male,White
2313.jpg,30-39,Male,White
2314.jpg,50-59,Male,White
2315.jpg,50-59,Male,White
2316.jpg,10-19,Male,White
2318.jpg,50-59,Male,White
2319.jpg,50-59,Male,Black
232.jpg,20-29,Male,Indian
2320.jpg,more than 70,Male,Black
2321.jpg,50-59,Male,White
2322.jpg,50-59,Male,Asian
2323.jpg,30-39,Male,Indian
2324.jpg,30-39,Male,Indian
2325.jpg,30-39,Male,Black
2326.jpg,50-59,Male,Indian
2327.jpg,50-59,Male,White
2328.jpg,30-39,Male,Asian
2329.jpg,50-59,Male,White
233.jpg,3-9,Male,Black
2330.jpg,30-39,Male,White
2331.jpg,30-39,Male,White
2332.jpg,50-59,Female,White
2333.jpg,30-39,Male,White
2334.jpg,10-19,Female,White
2335.jpg,20-29,Male,Indian
2336.jpg,60-69,Female,White
2337.jpg,20-29,Female,Black
2338.jpg,20-29,Female,Indian
2339.jpg,50-59,Male,White
234.jpg,30-39,Male,Black
2340.jpg,50-59,Male,White
2341.jpg,50-59,Male,White
2342.jpg,50-59,Male,White
2343.jpg,10-19,Male,Asian
2344.jpg,50-59,Male,Indian
2345.jpg,50-59,Male,White
2346.jpg,50-59,Male,White
2347.jpg,40-49,Male,White
2348.jpg,50-59,Male,White
2349.jpg,50-59,Male,White
235.jpg,3-9,Male,Asian
2350.jpg,50-59,Male,White
2351.jpg,50-59,Male,White
2352.jpg,40-49,Male,White
2353.jpg,30-39,Male,White
2354.jpg,20-29,Female,Black
2355.jpg,40-49,Male,Indian
2356.jpg,50-59,Male,Black
2357.jpg,30-39,Male,White
2358.jpg,10-19,Female,White
2359.jpg,50-59,Female,White
236.jpg,0-2,Male,Indian
2360.jpg,50-59,Female,White
2361.jpg,30-39,Female,White
2362.jpg,50-59,Male,Black
2363.jpg,20-29,Male,White
2364.jpg,20-29,Male,Black
2365.jpg,50-59,Male,White
2366.jpg,50-59,Male,Asian
2367.jpg,20-29,Female,Black
2368.jpg,50-59,Male,White
2369.jpg,30-39,Male,Indian
2370.jpg,50-59,Male,White
2371.jpg,40-49,Male,White
2372.jpg,30-39,Male,White
2373.jpg,30-39,Female,White
2374.jpg,20-29,Male,White
2375.jpg,more than 70,Male,Black
2376.jpg,50-59,Male,White
2377.jpg,30-39,Male,Indian
2378.jpg,30-39,Male,Black
2379.jpg,30-39,Male,Indian
238.jpg,0-2,Male,Indian
2380.jpg,30-39,Male,Indian
2381.jpg,30-39,Male,Indian
2382.jpg,30-39,Male,Indian
2384.jpg,50-59,Male,Indian
2385.jpg,40-49,Male,Indian
2386.jpg,30-39,Male,Indian
2387.jpg,50-59,Male,White
2388.jpg,50-59,Male,White
2389.jpg,50-59,Male,White
239.jpg,0-2,Male,Indian
2390.jpg,40-49,Male,White
2391.jpg,50-59,Male,White
2392.jpg,40-49,Male,Indian
2393.jpg,50-59,Male,Indian
2394.jpg,50-59,Male,Indian
2395.jpg,50-59,Male,Indian
2396.jpg,20-29,Male,White
2397.jpg,50-59,Male,White
2398.jpg,30-39,Male,White
2399.jpg,50-59,Female,Asian
24.jpg,50-59,Male,White
240.jpg,0-2,Male,Asian
2400.jpg,20-29,Female,White
2401.jpg,50-59,Male,Black
2402.jpg,0-2,Female,White
2403.jpg,20-29,Male,Indian
2404.jpg,50-59,Male,Indian
2405.jpg,20-29,Male,Black
2406.jpg,50-59,Male,Indian
2407.jpg,50-59,Male,White
2408.jpg,30-39,Male,Asian
2409.jpg,20-29,Male,White
241.jpg,0-2,Female,Asian
2410.jpg,50-59,Male,Indian
2411.jpg,50-59,Male,Indian
2412.jpg,30-39,Male,White
2413.jpg,50-59,Male,White
2414.jpg,30-39,Male,Asian
2415.jpg,30-39,Male,Indian
2416.jpg,20-29,Male,Asian
2417.jpg,50-59,Male,White
2418.jpg,50-59,Male,Black
2419.jpg,50-59,Male,White
242.jpg,30-39,Male,White
2420.jpg,50-59,Male,Black
2422.jpg,20-29,Male,White
2423.jpg,50-59,Male,Asian
2424.jpg,50-59,Male,White
2425.jpg,50-59,Male,White
2426.jpg,20-29,Male,White
2427.jpg,50-59,Male,Indian
2428.jpg,30-39,Male,Indian
2429.jpg,20-29,Male,Indian
243.jpg,50-59,Male,Indian
2430.jpg,30-39,Male,Indian
2431.jpg,50-59,Male,Indian
2432.jpg,20-29,Male,Indian
2433.jpg,30-39,Male,Indian
2434.jpg,50-59,Male,Black
2435.jpg,50-59,Female,White
2436.jpg,50-59,Male,White
2437.jpg,30-39,Male,White
2438.jpg,10-19,Female,White
2439.jpg,50-59,Male,White
2440.jpg,50-59,Female,White
2441.jpg,30-39,Male,White
2442.jpg,50-59,Female,White
2443.jpg,20-29,Female,Indian
2444.jpg,20-29,Female,White
2445.jpg,20-29,Male,Indian
2446.jpg,20-29,Male,White
2447.jpg,50-59,Male,White
2448.jpg,50-59,Male,White
2449.jpg,50-59,Male,White
245.jpg,0-2,Male,Indian
2450.jpg,50-59,Male,White
2451.jpg,50-59,Male,White
2452.jpg,30-39,Male,Black
2453.jpg,50-59,Male,Black
2454.jpg,30-39,Male,Black
2455.jpg,50-59,Male,Indian
2456.jpg,more than 70,Male,Black
2457.jpg,50-59,Male,Indian
2458.jpg,10-19,Male,Asian
2459.jpg,30-39,Male,Black
246.jpg,0-2,Male,Asian
2461.jpg,20-29,Male,White
2462.jpg,30-39,Female,Indian
2463.jpg,30-39,Female,White
2464.jpg,30-39,Female,White
2465.jpg,50-59,Male,White
2466.jpg,50-59,Female,White
2467.jpg,50-59,Female,Black
2468.jpg,30-39,Male,Black
2469.jpg,20-29,Male,Black
2470.jpg,30-39,Male,Black
2471.jpg,30-39,Male,Black
2472.jpg,20-29,Male,Asian
2473.jpg,40-49,Male,Indian
2474.jpg,50-59,Male,White
2475.jpg,50-59,Male,White
2476.jpg,30-39,Male,White
2477.jpg,3-9,Male,White
2478.jpg,50-59,Male,White
2479.jpg,20-29,Male,White
248.jpg,0-2,Male,Indian
2480.jpg,50-59,Male,White
2481.jpg,more than 70,Male,White
2482.jpg,50-59,Male,Asian
2483.jpg,50-59,Male,White
2484.jpg,50-59,Male,White
2485.jpg,20-29,Male,White
2486.jpg,more than 70,Male,Black
2487.jpg,30-39,Male,White
2488.jpg,3-9,Male,White
2489.jpg,30-39,Male,White
249.jpg,30-39,Male,White
2490.jpg,50-59,Male,White
2491.jpg,50-59,Male,White
2492.jpg,50-59,Male,White
2493.jpg,50-59,Male,White
2494.jpg,30-39,Male,Indian
2495.jpg,50-59,Male,White
2496.jpg,50-59,Male,White
2497.jpg,50-59,Male,White
2499.jpg,50-59,Male,White
25.jpg,10-19,Male,White
250.jpg,0-2,Female,Indian
2500.jpg,50-59,Male,White
2501.jpg,30-39,Male,White
2502.jpg,20-29,Male,White
2503.jpg,50-59,Male,White
2504.jpg,more than 70,Male,White
2505.jpg,30-39,Male,Indian
2506.jpg,30-39,Male,White
2507.jpg,50-59,Male,White
2508.jpg,50-59,Male,White
2509.jpg,50-59,Male,White
251.jpg,0-2,Male,White
2510.jpg,50-59,Male,Indian
2511.jpg,30-39,Male,Indian
2512.jpg,50-59,Male,White
2513.jpg,50-59,Male,Indian
2514.jpg,50-59,Male,White
2515.jpg,more than 70,Male,White
2516.jpg,50-59,Male,Indian
2517.jpg,50-59,Male,White
2518.jpg,60-69,Male,White
2519.jpg,50-59,Male,Black
2520.jpg,50-59,Male,White
2521.jpg,50-59,Female,White
2522.jpg,more than 70,Female,White
2523.jpg,30-39,Male,Black
2524.jpg,30-39,Male,White
2525.jpg,30-39,Male,White
2526.jpg,50-59,Male,Asian
2527.jpg,60-69,Male,White
2528.jpg,20-29,Male,Indian
2529.jpg,30-39,Male,Indian
253.jpg,0-2,Male,Indian
2530.jpg,50-59,Male,Asian
2531.jpg,3-9,Male,White
2532.jpg,30-39,Male,Black
2533.jpg,3-9,Male,White
2534.jpg,20-29,Female,White
2535.jpg,20-29,Female,Indian
2536.jpg,20-29,Male,Indian
2537.jpg,30-39,Male,White
2538.jpg,40-49,Male,Indian
2539.jpg,3-9,Female,Asian
254.jpg,0-2,Male,Asian
2540.jpg,20-29,Female,Indian
2541.jpg,10-19,Male,White
2542.jpg,3-9,Female,White
2543.jpg,20-29,Male,Asian
2544.jpg,0-2,Male,Asian
2545.jpg,3-9,Female,White
2546.jpg,3-9,Male,Asian
2547.jpg,3-9,Male,Asian
2548.jpg,0-2,Male,Asian
2549.jpg,3-9,Male,Asian
255.jpg,0-2,Male,White
2553.jpg,20-29,Male,White
2554.jpg,0-2,Female,Asian
2555.jpg,30-39,Female,Asian
2556.jpg,20-29,Male,Black
2557.jpg,0-2,Male,White
2558.jpg,20-29,Male,Indian
2559.jpg,40-49,Male,White
256.jpg,0-2,Male,Black
2560.jpg,10-19,Male,White
2561.jpg,50-59,Male,Black
2562.jpg,30-39,Male,Black
2563.jpg,50-59,Male,White
2564.jpg,more than 70,Male,White
2565.jpg,50-59,Male,White
2566.jpg,60-69,Male,White
2567.jpg,50-59,Male,White
2568.jpg,50-59,Male,White
2569.jpg,more than 70,Male,White
2570.jpg,30-39,Male,White
2571.jpg,50-59,Male,White
2572.jpg,more than 70,Male,Black
2573.jpg,20-29,Male,Indian
2574.jpg,30-39,Male,Asian
2575.jpg,50-59,Male,White
2576.jpg,50-59,Male,Indian
2577.jpg,30-39,Male,Black
2578.jpg,50-59,Male,White
2579.jpg,50-59,Male,White
258.jpg,0-2,Male,Indian
2580.jpg,40-49,Male,Black
2581.jpg,20-29,Male,Indian
2582.jpg,40-49,Male,Indian
2583.jpg,30-39,Male,Indian
2584.jpg,50-59,Male,Indian
2585.jpg,30-39,Female,White
2586.jpg,30-39,Male,Indian
2587.jpg,10-19,Female,White
2588.jpg,30-39,Female,Black
2589.jpg,50-59,Female,White
259.jpg,3-9,Male,White
2590.jpg,30-39,Female,White
2591.jpg,30-39,Male,Black
2592.jpg,50-59,Female,White
2593.jpg,20-29,Male,Indian
2594.jpg,30-39,Female,Asian
2595.jpg,30-39,Male,White
2596.jpg,50-59,Female,White
2597.jpg,more than 70,Female,White
2598.jpg,50-59,Female,White
2599.jpg,more than 70,Male,White
26.jpg,3-9,Male,White
260.jpg,0-2,Male,White
2600.jpg,50-59,Male,Black
2601.jpg,50-59,Male,Indian
2602.jpg,40-49,Male,White
2603.jpg,more than 70,Male,White
2604.jpg,50-59,Male,White
2605.jpg,30-39,Male,Black
2606.jpg,20-29,Male,White
2607.jpg,30-39,Male,White
2608.jpg,50-59,Male,White
2609.jpg,50-59,Male,Black
261.jpg,0-2,Male,Indian
2610.jpg,40-49,Male,Black
2612.jpg,50-59,Male,White
2613.jpg,50-59,Male,White
2614.jpg,20-29,Male,Asian
2615.jpg,20-29,Male,Indian
2616.jpg,20-29,Male,Black
2617.jpg,50-59,Male,Indian
2618.jpg,30-39,Female,Indian
262.jpg,0-2,Male,Black
2620.jpg,50-59,Male,Indian
2621.jpg,30-39,Male,White
2622.jpg,50-59,Male,White
2623.jpg,50-59,Male,White
2624.jpg,40-49,Male,Indian
2625.jpg,50-59,Male,White
2626.jpg,30-39,Male,White
2627.jpg,50-59,Male,Asian
2628.jpg,more than 70,Male,White
2629.jpg,50-59,Male,Asian
2630.jpg,50-59,Male,White
2631.jpg,60-69,Female,White
2632.jpg,40-49,Male,Black
2633.jpg,50-59,Male,Indian
2634.jpg,more than 70,Male,White
2635.jpg,30-39,Male,White
2636.jpg,50-59,Female,White
2637.jpg,30-39,Male,Asian
2638.jpg,50-59,Female,White
2639.jpg,50-59,Male,Indian
2640.jpg,30-39,Male,White
2641.jpg,50-59,Male,White
2642.jpg,50-59,Male,Indian
2643.jpg,more than 70,Male,White
2644.jpg,50-59,Male,White
2645.jpg,30-39,Male,White
2646.jpg,50-59,Male,White
2647.jpg,more than 70,Male,White
2648.jpg,50-59,Male,Black
2649.jpg,30-39,Male,White
265.jpg,0-2,Male,Indian
2650.jpg,50-59,Male,White
2651.jpg,40-49,Male,Black
2652.jpg,50-59,Male,White
2653.jpg,50-59,Female,White
2654.jpg,more than 70,Female,White
2655.jpg,50-59,Male,White
2656.jpg,20-29,Male,White
2657.jpg,50-59,Male,White
2658.jpg,50-59,Male,White
2659.jpg,50-59,Male,Black
266.jpg,0-2,Male,White
2660.jpg,60-69,Male,White
2661.jpg,50-59,Male,White
2662.jpg,60-69,Male,White
2663.jpg,50-59,Male,White
2664.jpg,60-69,Male,White
2665.jpg,40-49,Male,White
2666.jpg,30-39,Male,White
2667.jpg,50-59,Male,White
2668.jpg,30-39,Male,White
2669.jpg,50-59,Male,White
267.jpg,0-2,Male,Asian
2670.jpg,50-59,Male,White
2671.jpg,50-59,Male,White
2673.jpg,50-59,Male,White
2674.jpg,50-59,Male,White
2676.jpg,30-39,Male,Black
2677.jpg,30-39,Male,Black
2678.jpg,50-59,Male,Black
2679.jpg,50-59,Male,White
268.jpg,0-2,Male,White
2680.jpg,60-69,Male,White
2681.jpg,60-69,Male,White
2682.jpg,40-49,Male,Indian
2683.jpg,50-59,Male,White
2684.jpg,50-59,Female,White
2685.jpg,20-29,Female,White
2686.jpg,10-19,Female,White
2687.jpg,50-59,Female,White
2688.jpg,30-39,Male,White
2689.jpg,50-59,Female,White
269.jpg,30-39,Female,White
2690.jpg,50-59,Male,White
2692.jpg,30-39,Male,White
2693.jpg,50-59,Female,Black
2694.jpg,20-29,Female,Black
2695.jpg,30-39,Male,Black
2696.jpg,20-29,Male,Black
2697.jpg,50-59,Male,White
2698.jpg,30-39,Male,Indian
2699.jpg,30-39,Male,White
27.jpg,20-29,Female,White
270.jpg,3-9,Male,Others
2700.jpg,50-59,Male,White
2701.jpg,60-69,Female,White
2702.jpg,20-29,Male,White
2703.jpg,50-59,Female,White
2704.jpg,30-39,Female,White
2705.jpg,50-59,Male,White
2706.jpg,50-59,Male,White
2707.jpg,more than 70,Male,Black
2708.jpg,50-59,Male,Black
2709.jpg,30-39,Male,Indian
271.jpg,0-2,Female,White
2710.jpg,50-59,Male,Black
2711.jpg,50-59,Male,White
2712.jpg,50-59,Female,White
2714.jpg,30-39,Male,Indian
2715.jpg,50-59,Male,Asian
2716.jpg,more than 70,Male,White
2717.jpg,50-59,Male,White
2718.jpg,more than 70,Male,White
2719.jpg,30-39,Male,White
2720.jpg,50-59,Male,White
2722.jpg,50-59,Male,Indian
2723.jpg,50-59,Male,Asian
2724.jpg,50-59,Male,Indian
2725.jpg,30-39,Male,White
2726.jpg,50-59,Male,White
2727.jpg,30-39,Female,White
2728.jpg,50-59,Male,White
2729.jpg,30-39,Male,White
273.jpg,0-2,Male,White
2730.jpg,40-49,Male,Indian
2731.jpg,30-39,Male,White
2732.jpg,60-69,Male,White
2733.jpg,50-59,Female,White
2734.jpg,more than 70,Female,White
2735.jpg,30-39,Male,Asian
2736.jpg,60-69,Male,White
2737.jpg,60-69,Male,Black
2738.jpg,3-9,Male,White
2739.jpg,0-2,Male,Indian
274.jpg,20-29,Male,White
2740.jpg,50-59,Female,White
2741.jpg,0-2,Male,Others
2742.jpg,30-39,Female,White
2743.jpg,30-39,Female,Asian
2744.jpg,20-29,Female,Black
2745.jpg,3-9,Female,Others
2746.jpg,10-19,Male,Black
2747.jpg,3-9,Male,White
2748.jpg,3-9,Male,Asian
2749.jpg,30-39,Male,Black
275.jpg,10-19,Female,White
2750.jpg,30-39,Male,Asian
2751.jpg,20-29,Female,Indian
2752.jpg,20-29,Male,Indian
2753.jpg,50-59,Male,White
2754.jpg,60-69,Male,White
2755.jpg,50-59,Male,Indian
2756.jpg,more than 70,Male,White
2757.jpg,more than 70,Male,White
2758.jpg,30-39,Male,White
2759.jpg,20-29,Male,White
276.jpg,0-2,Male,White
2760.jpg,50-59,Male,Black
2761.jpg,50-59,Male,Black
2762.jpg,50-59,Male,White
2763.jpg,50-59,Male,White
2764.jpg,30-39,Male,Indian
2765.jpg,50-59,Male,White
2766.jpg,20-29,Female,Black
2767.jpg,50-59,Male,Indian
2768.jpg,60-69,Male,White
2769.jpg,60-69,Male,White
2770.jpg,50-59,Male,White
2771.jpg,10-19,Male,White
2772.jpg,more than 70,Male,White
2773.jpg,50-59,Male,Black
2774.jpg,50-59,Male,White
2775.jpg,50-59,Male,White
2776.jpg,50-59,Male,Indian
2777.jpg,30-39,Female,White
2778.jpg,50-59,Male,White
2779.jpg,more than 70,Female,White
278.jpg,0-2,Male,White
2780.jpg,more than 70,Male,White
2781.jpg,50-59,Male,White
2782.jpg,30-39,Male,Black
2783.jpg,50-59,Male,White
2784.jpg,30-39,Male,Asian
2785.jpg,40-49,Male,White
2786.jpg,50-59,Male,White
2787.jpg,40-49,Male,White
2788.jpg,more than 70,Male,White
2789.jpg,50-59,Male,White
279.jpg,0-2,Male,Asian
2790.jpg,50-59,Male,Indian
2791.jpg,50-59,Male,White
2792.jpg,60-69,Male,White
2793.jpg,20-29,Male,White
2794.jpg,50-59,Male,Black
2795.jpg,50-59,Male,Indian
2796.jpg,more than 70,Male,Black
2797.jpg,50-59,Male,Black
2798.jpg,50-59,Male,White
2799.jpg,more than 70,Male,White
28.jpg,30-39,Female,White
280.jpg,3-9,Male,White
2800.jpg,more than 70,Male,White
2801.jpg,30-39,Male,White
2802.jpg,50-59,Male,White
2803.jpg,50-59,Male,White
2804.jpg,60-69,Male,White
2805.jpg,50-59,Male,Asian
2806.jpg,30-39,Male,Black
2807.jpg,50-59,Male,White
2808.jpg,50-59,Male,White
2809.jpg,50-59,Male,White
281.jpg,3-9,Female,White
2810.jpg,30-39,Male,Black
2811.jpg,50-59,Male,Black
2812.jpg,50-59,Male,White
2813.jpg,30-39,Male,Asian
2814.jpg,50-59,Male,White
2815.jpg,60-69,Male,White
2816.jpg,30-39,Male,Asian
2817.jpg,30-39,Female,White
2818.jpg,50-59,Male,Asian
2819.jpg,30-39,Male,White
282.jpg,0-2,Male,White
2820.jpg,more than 70,Male,White
2822.jpg,50-59,Male,White
2823.jpg,50-59,Male,White
2824.jpg,30-39,Male,Black
2825.jpg,50-59,Male,Black
2826.jpg,50-59,Female,White
2827.jpg,50-59,Male,Indian
2828.jpg,50-59,Female,White
2829.jpg,20-29,Male,Black
283.jpg,0-2,Male,Indian
2830.jpg,50-59,Male,White
2831.jpg,50-59,Male,White
2832.jpg,3-9,Female,White
2833.jpg,50-59,Male,White
2834.jpg,50-59,Male,White
2835.jpg,50-59,Male,White
2836.jpg,more than 70,Male,White
2837.jpg,30-39,Male,Black
2838.jpg,30-39,Male,Asian
2839.jpg,50-59,Male,White
284.jpg,0-2,Female,White
2840.jpg,more than 70,Male,White
2841.jpg,more than 70,Male,White
2842.jpg,50-59,Male,White
2843.jpg,more than 70,Male,White
2844.jpg,50-59,Male,White
2845.jpg,30-39,Female,White
2846.jpg,more than 70,Male,White
2847.jpg,50-59,Male,Black
2848.jpg,50-59,Male,Indian
2849.jpg,more than 70,Female,White
285.jpg,0-2,Male,White
2850.jpg,30-39,Male,Indian
2851.jpg,more than 70,Male,White
2852.jpg,50-59,Female,White
2853.jpg,3-9,Male,White
2855.jpg,3-9,Female,White
2856.jpg,0-2,Male,White
2857.jpg,30-39,Female,Black
2858.jpg,20-29,Male,Black
2859.jpg,30-39,Male,Black
2861.jpg,20-29,Female,Indian
2862.jpg,0-2,Female,Black
2864.jpg,3-9,Male,Asian
2865.jpg,0-2,Female,White
2866.jpg,30-39,Female,Others
2867.jpg,3-9,Female,White
2868.jpg,50-59,Male,White
2869.jpg,more than 70,Male,Black
287.jpg,0-2,Male,White
2870.jpg,more than 70,Male,White
2871.jpg,60-69,Male,White
2872.jpg,50-59,Male,White
2873.jpg,50-59,Male,White
2874.jpg,50-59,Male,White
2875.jpg,50-59,Male,White
2876.jpg,50-59,Male,White
2877.jpg,50-59,Male,Asian
2878.jpg,30-39,Male,White
2880.jpg,50-59,Male,Asian
2881.jpg,50-59,Female,White
2882.jpg,more than 70,Female,Indian
2883.jpg,30-39,Male,Asian
2884.jpg,50-59,Female,Asian
2885.jpg,50-59,Male,White
2886.jpg,30-39,Male,White
2887.jpg,60-69,Female,White
2888.jpg,more than 70,Male,White
2889.jpg,more than 70,Male,White
289.jpg,0-2,Female,White
2890.jpg,more than 70,Female,White
2891.jpg,50-59,Male,Indian
2892.jpg,more than 70,Male,White
2893.jpg,more than 70,Male,White
2895.jpg,50-59,Male,White
2896.jpg,more than 70,Male,White
2897.jpg,50-59,Male,Asian
2899.jpg,30-39,Male,White
29.jpg,10-19,Male,White
290.jpg,30-39,Male,White
2900.jpg,50-59,Female,White
2901.jpg,50-59,Male,White
2902.jpg,40-49,Male,Indian
2903.jpg,50-59,Male,Indian
2904.jpg,more than 70,Male,White
2905.jpg,more than 70,Male,White
2906.jpg,more than 70,Female,White
2907.jpg,50-59,Male,White
2908.jpg,60-69,Male,White
2909.jpg,50-59,Male,White
291.jpg,0-2,Female,White
2910.jpg,50-59,Male,White
2911.jpg,more than 70,Female,White
2912.jpg,more than 70,Male,White
2913.jpg,more than 70,Male,White
2914.jpg,10-19,Male,Asian
2915.jpg,50-59,Male,Black
2916.jpg,20-29,Male,Indian
2917.jpg,20-29,Female,White
2919.jpg,more than 70,Male,White
292.jpg,0-2,Female,White
2920.jpg,more than 70,Male,White
2921.jpg,50-59,Male,Indian
2922.jpg,50-59,Male,White
2923.jpg,50-59,Male,White
2924.jpg,50-59,Male,White
2925.jpg,30-39,Female,White
2927.jpg,50-59,Male,Black
2928.jpg,50-59,Male,White
2929.jpg,more than 70,Male,White
293.jpg,30-39,Male,Black
2930.jpg,40-49,Male,Black
2931.jpg,50-59,Female,Black
2932.jpg,more than 70,Male,Black
2933.jpg,3-9,Male,White
2934.jpg,20-29,Female,White
2935.jpg,20-29,Male,Indian
2936.jpg,3-9,Male,Asian
2937.jpg,20-29,Female,White
2938.jpg,50-59,Male,Indian
2939.jpg,50-59,Female,Black
294.jpg,3-9,Male,Indian
2940.jpg,3-9,Male,Black
2941.jpg,3-9,Male,White
2942.jpg,30-39,Male,White
2943.jpg,30-39,Female,White
2944.jpg,30-39,Female,White
2945.jpg,0-2,Male,White
2947.jpg,30-39,Male,Indian
2948.jpg,20-29,Male,Black
2949.jpg,20-29,Female,White
295.jpg,0-2,Male,Indian
2950.jpg,20-29,Male,Asian
2951.jpg,10-19,Female,White
2952.jpg,30-39,Male,Indian
2953.jpg,10-19,Female,White
2954.jpg,20-29,Female,Asian
2955.jpg,50-59,Female,White
2956.jpg,20-29,Male,Indian
2957.jpg,30-39,Male,White
2958.jpg,30-39,Male,Black
2959.jpg,10-19,Male,White
296.jpg,0-2,Male,Asian
2960.jpg,20-29,Female,Indian
2961.jpg,3-9,Female,White
2962.jpg,50-59,Male,White
2963.jpg,more than 70,Male,Black
2964.jpg,40-49,Male,Indian
2965.jpg,more than 70,Male,White
2966.jpg,30-39,Male,White
2967.jpg,50-59,Male,White
2968.jpg,50-59,Male,Black
2969.jpg,50-59,Male,White
297.jpg,0-2,Female,Black
2970.jpg,more than 70,Male,White
2971.jpg,50-59,Male,White
2973.jpg,50-59,Male,White
2974.jpg,more than 70,Male,White
2975.jpg,50-59,Male,White
2976.jpg,50-59,Male,White
2977.jpg,10-19,Female,White
2978.jpg,3-9,Male,White
2979.jpg,0-2,Male,White
298.jpg,0-2,Male,Asian
2980.jpg,10-19,Female,White
2981.jpg,3-9,Male,White
2982.jpg,10-19,Female,White
2983.jpg,50-59,Male,White
2984.jpg,3-9,Female,White
2985.jpg,0-2,Male,White
2986.jpg,3-9,Male,White
2987.jpg,3-9,Male,Black
2988.jpg,3-9,Male,White
2989.jpg,0-2,Male,Indian
299.jpg,0-2,Male,Indian
2990.jpg,50-59,Male,White
2991.jpg,60-69,Male,White
2992.jpg,20-29,Female,Black
2993.jpg,20-29,Male,Black
2994.jpg,30-39,Female,Black
2995.jpg,0-2,Male,Black
2996.jpg,3-9,Female,White
2997.jpg,3-9,Male,White
2998.jpg,30-39,Female,White
2999.jpg,40-49,Male,White
3.jpg,10-19,Male,White
300.jpg,3-9,Female,White
3000.jpg,10-19,Male,White
301.jpg,3-9,Male,Asian
302.jpg,0-2,Male,Indian
304.jpg,0-2,Female,Asian
305.jpg,0-2,Male,White
307.jpg,0-2,Male,Asian
308.jpg,0-2,Male,Asian
309.jpg,0-2,Male,Asian
31.jpg,3-9,Male,Indian
310.jpg,0-2,Male,White
311.jpg,0-2,Male,Asian
312.jpg,0-2,Male,Asian
313.jpg,0-2,Male,Asian
314.jpg,0-2,Male,Asian
315.jpg,0-2,Male,White
316.jpg,0-2,Male,Indian
317.jpg,0-2,Male,White
319.jpg,0-2,Male,Indian
32.jpg,20-29,Male,Indian
320.jpg,0-2,Male,Indian
322.jpg,0-2,Male,Asian
323.jpg,0-2,Female,White
325.jpg,20-29,Male,Asian
326.jpg,20-29,Male,Indian
327.jpg,3-9,Female,White
328.jpg,0-2,Female,Asian
329.jpg,3-9,Female,Indian
33.jpg,0-2,Male,Indian
330.jpg,0-2,Male,Asian
331.jpg,0-2,Male,White
332.jpg,0-2,Male,White
333.jpg,3-9,Male,White
334.jpg,20-29,Male,White
335.jpg,30-39,Male,White
336.jpg,20-29,Female,White
337.jpg,20-29,Male,White
338.jpg,20-29,Male,White
339.jpg,40-49,Male,White
34.jpg,3-9,Female,White
340.jpg,20-29,Male,White
342.jpg,20-29,Female,Asian
344.jpg,20-29,Male,White
345.jpg,30-39,Male,White
346.jpg,20-29,Male,Indian
347.jpg,30-39,Female,White
348.jpg,20-29,Male,Indian
349.jpg,50-59,Male,White
35.jpg,30-39,Male,White
350.jpg,30-39,Female,White
351.jpg,10-19,Male,White
352.jpg,20-29,Female,White
353.jpg,60-69,Female,White
354.jpg,30-39,Female,White
355.jpg,20-29,Male,White
356.jpg,20-29,Male,Asian
357.jpg,20-29,Male,Asian
358.jpg,30-39,Female,Others
359.jpg,30-39,Male,Black
36.jpg,30-39,Female,Indian
360.jpg,20-29,Female,Black
361.jpg,20-29,Female,White
362.jpg,50-59,Female,White
363.jpg,3-9,Male,Asian
364.jpg,20-29,Female,White
365.jpg,20-29,Female,Asian
366.jpg,20-29,Male,Indian
367.jpg,50-59,Male,White
368.jpg,30-39,Male,Black
369.jpg,30-39,Female,White
37.jpg,20-29,Male,Indian
370.jpg,50-59,Female,White
371.jpg,20-29,Female,Asian
372.jpg,30-39,Male,White
373.jpg,30-39,Male,White
374.jpg,20-29,Male,White
375.jpg,20-29,Female,Black
376.jpg,20-29,Male,Black
377.jpg,50-59,Male,Black
378.jpg,30-39,Male,Indian
379.jpg,20-29,Male,Asian
38.jpg,30-39,Male,White
380.jpg,30-39,Male,Indian
381.jpg,20-29,Male,White
382.jpg,3-9,Female,Indian
383.jpg,20-29,Female,White
384.jpg,20-29,Female,White
385.jpg,10-19,Male,White
386.jpg,20-29,Female,Indian
387.jpg,30-39,Female,Indian
388.jpg,20-29,Female,Black
389.jpg,30-39,Female,Black
39.jpg,0-2,Male,White
390.jpg,20-29,Male,Black
391.jpg,30-39,Female,Others
392.jpg,20-29,Female,Asian
393.jpg,10-19,Female,Asian
394.jpg,20-29,Female,White
395.jpg,50-59,Female,White
396.jpg,20-29,Female,Indian
397.jpg,20-29,Female,Asian
398.jpg,30-39,Female,White
399.jpg,20-29,Female,Others
4.jpg,30-39,Male,White
40.jpg,30-39,Female,White
400.jpg,20-29,Female,Asian
401.jpg,20-29,Female,Indian
402.jpg,30-39,Female,Black
403.jpg,20-29,Female,Black
404.jpg,20-29,Male,Asian
405.jpg,20-29,Female,Indian
406.jpg,50-59,Male,White
407.jpg,20-29,Male,Indian
408.jpg,30-39,Female,Indian
409.jpg,20-29,Female,Indian
41.jpg,50-59,Male,White
410.jpg,20-29,Male,White
411.jpg,30-39,Female,Asian
412.jpg,20-29,Female,Indian
413.jpg,20-29,Female,White
414.jpg,20-29,Male,White
415.jpg,20-29,Female,White
416.jpg,20-29,Female,Black
417.jpg,30-39,Male,White
418.jpg,0-2,Male,Asian
419.jpg,50-59,Male,Indian
42.jpg,20-29,Female,Indian
420.jpg,more than 70,Male,White
421.jpg,30-39,Male,Indian
422.jpg,20-29,Female,Black
423.jpg,20-29,Female,Indian
424.jpg,20-29,Male,Indian
425.jpg,30-39,Male,Black
426.jpg,30-39,Male,Asian
427.jpg,20-29,Female,Asian
428.jpg,30-39,Male,Black
429.jpg,20-29,Male,Black
43.jpg,3-9,Female,White
430.jpg,30-39,Male,Indian
431.jpg,30-39,Male,White
432.jpg,30-39,Male,Indian
433.jpg,20-29,Male,Indian
434.jpg,20-29,Male,Black
435.jpg,30-39,Male,White
436.jpg,30-39,Female,Black
437.jpg,20-29,Male,White
438.jpg,40-49,Male,White
439.jpg,20-29,Female,White
44.jpg,10-19,Female,White
440.jpg,20-29,Female,White
441.jpg,20-29,Female,White
442.jpg,20-29,Male,Black
443.jpg,30-39,Male,Black
444.jpg,20-29,Female,White
445.jpg,10-19,Female,Asian
446.jpg,50-59,Female,White
447.jpg,20-29,Female,Indian
448.jpg,0-2,Female,Asian
449.jpg,20-29,Male,Indian
45.jpg,30-39,Male,Indian
450.jpg,20-29,Female,Indian
451.jpg,20-29,Male,Indian
452.jpg,20-29,Female,Indian
453.jpg,30-39,Female,Indian
454.jpg,30-39,Male,Indian
455.jpg,20-29,Female,White
456.jpg,20-29,Female,Indian
457.jpg,30-39,Female,Asian
458.jpg,50-59,Female,Indian
459.jpg,30-39,Female,White
46.jpg,20-29,Male,Asian
460.jpg,20-29,Female,Indian
461.jpg,20-29,Male,White
462.jpg,20-29,Male,White
463.jpg,more than 70,Male,White
464.jpg,30-39,Male,White
465.jpg,20-29,Male,Black
466.jpg,20-29,Male,Black
467.jpg,30-39,Male,Black
468.jpg,20-29,Male,Black
469.jpg,3-9,Male,Indian
47.jpg,30-39,Male,Black
470.jpg,20-29,Female,Black
471.jpg,50-59,Male,Indian
472.jpg,30-39,Male,Indian
473.jpg,20-29,Male,Black
475.jpg,30-39,Male,Asian
476.jpg,20-29,Male,White
477.jpg,30-39,Male,Black
478.jpg,3-9,Female,Indian
479.jpg,50-59,Male,Indian
48.jpg,50-59,Male,White
480.jpg,20-29,Male,Indian
481.jpg,30-39,Male,White
482.jpg,20-29,Male,White
483.jpg,20-29,Male,White
484.jpg,10-19,Female,White
485.jpg,20-29,Female,White
486.jpg,20-29,Female,White
487.jpg,20-29,Female,White
488.jpg,40-49,Female,White
489.jpg,20-29,Female,White
49.jpg,50-59,Male,White
490.jpg,30-39,Female,White
491.jpg,20-29,Male,White
492.jpg,30-39,Female,White
493.jpg,20-29,Female,Black
494.jpg,20-29,Female,Black
495.jpg,10-19,Female,Black
496.jpg,20-29,Female,Black
497.jpg,20-29,Female,Indian
498.jpg,30-39,Male,Black
499.jpg,3-9,Female,White
5.jpg,30-39,Female,White
50.jpg,more than 70,Male,White
500.jpg,20-29,Male,Asian
501.jpg,20-29,Female,Asian
502.jpg,10-19,Female,Asian
503.jpg,20-29,Female,Asian
504.jpg,20-29,Female,Asian
505.jpg,20-29,Female,White
506.jpg,20-29,Female,White
508.jpg,20-29,Female,Asian
509.jpg,20-29,Female,Indian
51.jpg,3-9,Female,White
510.jpg,20-29,Female,Indian
511.jpg,30-39,Female,White
512.jpg,20-29,Male,Indian
513.jpg,20-29,Female,Indian
514.jpg,30-39,Male,Asian
515.jpg,20-29,Female,Others
516.jpg,30-39,Male,Black
517.jpg,20-29,Male,White
518.jpg,30-39,Male,White
519.jpg,20-29,Male,White
52.jpg,30-39,Male,Black
520.jpg,20-29,Male,White
521.jpg,50-59,Male,White
522.jpg,30-39,Male,White
523.jpg,30-39,Male,White
525.jpg,20-29,Male,Black
526.jpg,20-29,Male,Black
527.jpg,30-39,Female,White
528.jpg,20-29,Male,Indian
529.jpg,10-19,Male,White
53.jpg,40-49,Male,Indian
530.jpg,30-39,Male,Indian
531.jpg,20-29,Male,Black
532.jpg,20-29,Male,Indian
533.jpg,30-39,Male,Black
534.jpg,20-29,Male,Black
535.jpg,30-39,Male,Black
536.jpg,0-2,Male,Black
537.jpg,30-39,Male,Black
538.jpg,20-29,Male,Black
539.jpg,20-29,Male,Indian
54.jpg,30-39,Male,Indian
540.jpg,3-9,Male,White
541.jpg,20-29,Male,Asian
542.jpg,30-39,Female,White
543.jpg,20-29,Male,Asian
544.jpg,20-29,Female,White
545.jpg,20-29,Male,Indian
546.jpg,20-29,Male,Black
547.jpg,20-29,Male,Indian
548.jpg,20-29,Male,Indian
549.jpg,30-39,Male,White
55.jpg,30-39,Female,White
550.jpg,20-29,Female,Indian
551.jpg,20-29,Male,White
552.jpg,20-29,Male,Indian
553.jpg,20-29,Female,White
554.jpg,30-39,Female,White
555.jpg,20-29,Male,White
556.jpg,50-59,Female,White
557.jpg,20-29,Male,White
558.jpg,20-29,Female,White
559.jpg,30-39,Female,White
56.jpg,30-39,Female,White
560.jpg,20-29,Female,Indian
561.jpg,30-39,Male,White
562.jpg,20-29,Female,White
563.jpg,30-39,Female,White
564.jpg,20-29,Male,White
565.jpg,20-29,Female,White
566.jpg,20-29,Female,White
567.jpg,50-59,Female,White
568.jpg,10-19,Female,White
569.jpg,20-29,Female,Black
57.jpg,10-19,Female,White
570.jpg,20-29,Female,White
571.jpg,20-29,Female,Black
572.jpg,20-29,Male,Black
574.jpg,20-29,Female,Black
575.jpg,20-29,Female,Asian
576.jpg,20-29,Male,Asian
577.jpg,30-39,Female,Black
578.jpg,20-29,Male,White
579.jpg,10-19,Female,White
58.jpg,10-19,Female,White
580.jpg,30-39,Female,White
581.jpg,30-39,Female,White
582.jpg,20-29,Female,Asian
583.jpg,20-29,Male,Asian
584.jpg,20-29,Female,White
585.jpg,20-29,Female,White
586.jpg,30-39,Male,Indian
587.jpg,20-29,Female,Indian
588.jpg,20-29,Male,Asian
589.jpg,20-29,Male,White
59.jpg,20-29,Female,Black
590.jpg,30-39,Male,Indian
591.jpg,20-29,Female,Indian
592.jpg,20-29,Male,Indian
593.jpg,20-29,Female,Others
594.jpg,20-29,Female,Indian
595.jpg,10-19,Female,Others
596.jpg,0-2,Male,Asian
597.jpg,30-39,Female,White
598.jpg,30-39,Male,Indian
599.jpg,20-29,Female,White
6.jpg,10-19,Male,White
60.jpg,30-39,Male,Indian
600.jpg,20-29,Female,White
601.jpg,20-29,Female,Asian
602.jpg,20-29,Female,Indian
603.jpg,30-39,Male,Indian
604.jpg,20-29,Male,Black
605.jpg,20-29,Female,Indian
606.jpg,20-29,Male,Asian
607.jpg,20-29,Female,Black
608.jpg,20-29,Female,White
609.jpg,20-29,Female,White
61.jpg,20-29,Male,Black
610.jpg,10-19,Female,White
611.jpg,30-39,Female,Asian
612.jpg,20-29,Female,Others
613.jpg,20-29,Female,Others
614.jpg,20-29,Male,White
615.jpg,20-29,Female,Indian
616.jpg,30-39,Male,Others
618.jpg,20-29,Female,White
619.jpg,20-29,Male,White
62.jpg,20-29,Male,White
620.jpg,50-59,Male,White
621.jpg,20-29,Male,White
622.jpg,40-49,Male,White
623.jpg,30-39,Male,White
624.jpg,30-39,Male,Indian
625.jpg,30-39,Male,White
626.jpg,20-29,Male,Indian
627.jpg,20-29,Male,Black
628.jpg,20-29,Female,Others
629.jpg,30-39,Male,Black
63.jpg,50-59,Male,White
630.jpg,30-39,Male,Black
631.jpg,50-59,Male,Black
632.jpg,30-39,Male,Black
633.jpg,20-29,Male,Others
634.jpg,20-29,Male,Black
635.jpg,20-29,Male,Black
636.jpg,30-39,Male,Black
637.jpg,30-39,Male,Black
638.jpg,0-2,Male,Asian
639.jpg,20-29,Male,Asian
64.jpg,3-9,Male,Indian
640.jpg,20-29,Male,Asian
641.jpg,30-39,Male,Asian
642.jpg,20-29,Male,White
643.jpg,50-59,Male,Indian
644.jpg,30-39,Male,White
645.jpg,30-39,Male,Indian
646.jpg,20-29,Male,Indian
647.jpg,20-29,Male,Black
648.jpg,20-29,Male,White
649.jpg,30-39,Male,Indian
65.jpg,50-59,Male,White
650.jpg,30-39,Male,Black
651.jpg,20-29,Male,White
652.jpg,20-29,Male,White
653.jpg,20-29,Female,Indian
654.jpg,20-29,Female,White
655.jpg,20-29,Female,Black
656.jpg,20-29,Female,White
657.jpg,30-39,Male,Indian
658.jpg,40-49,Female,White
659.jpg,20-29,Female,White
66.jpg,40-49,Male,Indian
660.jpg,40-49,Female,White
661.jpg,30-39,Female,White
662.jpg,30-39,Female,White
663.jpg,20-29,Female,Indian
664.jpg,20-29,Female,White
665.jpg,20-29,Male,White
666.jpg,20-29,Female,Asian
667.jpg,30-39,Male,White
668.jpg,30-39,Male,White
67.jpg,30-39,Male,Indian
670.jpg,20-29,Female,White
671.jpg,30-39,Male,White
672.jpg,30-39,Female,White
673.jpg,20-29,Female,Indian
674.jpg,20-29,Female,Black
675.jpg,20-29,Male,Black
676.jpg,30-39,Female,Black
677.jpg,20-29,Male,White
678.jpg,20-29,Male,Black
679.jpg,20-29,Female,Others
68.jpg,3-9,Male,White
680.jpg,30-39,Male,Indian
681.jpg,20-29,Male,Indian
682.jpg,0-2,Male,Black
683.jpg,20-29,Female,Asian
684.jpg,20-29,Female,Others
685.jpg,20-29,Female,Black
686.jpg,20-29,Male,Black
687.jpg,50-59,Female,Black
688.jpg,20-29,Male,Indian
689.jpg,20-29,Male,Black
69.jpg,20-29,Male,White
690.jpg,20-29,Female,Indian
691.jpg,20-29,Male,Asian
692.jpg,30-39,Male,Asian
693.jpg,30-39,Male,Asian
694.jpg,20-29,Female,Asian
695.jpg,30-39,Female,Asian
696.jpg,20-29,Female,White
697.jpg,30-39,Female,Indian
698.jpg,30-39,Female,Indian
699.jpg,20-29,Male,Indian
7.jpg,3-9,Female,White
70.jpg,20-29,Female,White
700.jpg,20-29,Female,Indian
701.jpg,20-29,Female,White
702.jpg,20-29,Female,Black
703.jpg,20-29,Female,White
704.jpg,30-39,Male,Indian
705.jpg,30-39,Female,Black
706.jpg,20-29,Female,Indian
707.jpg,30-39,Female,Indian
708.jpg,20-29,Female,White
709.jpg,30-39,Female,White
71.jpg,30-39,Male,Indian
710.jpg,20-29,Male,Indian
712.jpg,30-39,Male,Indian
713.jpg,20-29,Female,Black
714.jpg,20-29,Female,Indian
715.jpg,30-39,Female,Indian
716.jpg,30-39,Female,Indian
717.jpg,20-29,Female,Indian
718.jpg,20-29,Female,Black
719.jpg,30-39,Male,White
72.jpg,20-29,Female,White
720.jpg,20-29,Male,Black
721.jpg,30-39,Female,Black
722.jpg,20-29,Male,Black
723.jpg,20-29,Female,Indian
724.jpg,30-39,Male,White
725.jpg,30-39,Male,Indian
726.jpg,20-29,Male,White
727.jpg,30-39,Male,White
728.jpg,10-19,Male,White
729.jpg,30-39,Male,White
73.jpg,30-39,Female,Others
730.jpg,50-59,Male,White
731.jpg,40-49,Male,White
732.jpg,20-29,Male,Indian
733.jpg,20-29,Male,Indian
734.jpg,20-29,Male,White
735.jpg,30-39,Male,White
736.jpg,30-39,Male,Black
737.jpg,30-39,Male,White
738.jpg,20-29,Female,Indian
739.jpg,50-59,Male,White
74.jpg,30-39,Female,Indian
740.jpg,20-29,Female,White
741.jpg,50-59,Male,White
742.jpg,30-39,Male,White
743.jpg,30-39,Male,White
744.jpg,50-59,Male,White
745.jpg,30-39,Male,Black
746.jpg,30-39,Male,Black
747.jpg,30-39,Male,Black
748.jpg,20-29,Male,Black
749.jpg,50-59,Male,Black
75.jpg,20-29,Male,Indian
750.jpg,20-29,Male,Indian
751.jpg,20-29,Male,Indian
752.jpg,30-39,Male,Black
753.jpg,30-39,Male,Black
754.jpg,50-59,Male,Black
755.jpg,30-39,Male,Black
756.jpg,20-29,Male,Black
757.jpg,40-49,Male,Black
758.jpg,30-39,Male,Black
759.jpg,20-29,Male,Black
76.jpg,10-19,Male,White
760.jpg,20-29,Male,Black
761.jpg,40-49,Male,Black
762.jpg,20-29,Male,White
763.jpg,30-39,Male,Black
764.jpg,30-39,Male,Black
765.jpg,30-39,Male,Indian
766.jpg,30-39,Male,Black
768.jpg,20-29,Male,Black
769.jpg,20-29,Male,Black
77.jpg,30-39,Female,Others
770.jpg,20-29,Male,Black
771.jpg,20-29,Female,Black
772.jpg,50-59,Male,Black
773.jpg,20-29,Male,Black
774.jpg,20-29,Male,Black
775.jpg,30-39,Male,Black
776.jpg,30-39,Male,Black
777.jpg,20-29,Male,Black
778.jpg,20-29,Male,Black
779.jpg,30-39,Male,Black
78.jpg,20-29,Male,White
780.jpg,30-39,Male,White
781.jpg,3-9,Male,Asian
782.jpg,20-29,Male,Indian
783.jpg,20-29,Male,Asian
784.jpg,20-29,Male,Indian
785.jpg,30-39,Male,Indian
786.jpg,30-39,Male,White
787.jpg,30-39,Male,Asian
788.jpg,20-29,Male,White
789.jpg,30-39,Male,White
79.jpg,30-39,Male,White
790.jpg,20-29,Male,Asian
791.jpg,20-29,Male,White
792.jpg,50-59,Male,Indian
793.jpg,30-39,Male,Indian
794.jpg,30-39,Male,Indian
795.jpg,20-29,Male,Indian
796.jpg,20-29,Male,Indian
797.jpg,30-39,Male,Black
798.jpg,20-29,Male,Indian
799.jpg,30-39,Male,Black
8.jpg,10-19,Male,White
80.jpg,50-59,Male,Indian
800.jpg,30-39,Male,Indian
801.jpg,30-39,Male,Asian
802.jpg,20-29,Male,Indian
803.jpg,30-39,Male,Indian
804.jpg,30-39,Male,Asian
805.jpg,20-29,Male,White
806.jpg,20-29,Male,Indian
807.jpg,20-29,Male,Indian
808.jpg,30-39,Male,Indian
809.jpg,20-29,Male,Black
81.jpg,50-59,Male,White
810.jpg,30-39,Male,Indian
811.jpg,30-39,Male,Indian
812.jpg,30-39,Male,Black
813.jpg,30-39,Male,Indian
814.jpg,20-29,Male,Black
815.jpg,30-39,Male,Indian
816.jpg,30-39,Male,White
817.jpg,30-39,Male,Indian
818.jpg,50-59,Male,White
819.jpg,30-39,Male,White
82.jpg,20-29,Male,Asian
820.jpg,50-59,Male,Indian
821.jpg,20-29,Male,White
822.jpg,30-39,Male,Black
823.jpg,30-39,Male,Indian
824.jpg,20-29,Male,Indian
825.jpg,30-39,Male,Indian
826.jpg,20-29,Male,Indian
827.jpg,30-39,Male,White
828.jpg,20-29,Male,Others
829.jpg,20-29,Male,Indian
830.jpg,30-39,Male,Indian
831.jpg,20-29,Male,Indian
832.jpg,20-29,Male,White
833.jpg,30-39,Male,Indian
834.jpg,30-39,Male,Black
835.jpg,50-59,Male,Indian
836.jpg,50-59,Male,White
837.jpg,20-29,Male,White
838.jpg,20-29,Male,Indian
839.jpg,50-59,Male,Indian
84.jpg,20-29,Male,Asian
840.jpg,40-49,Female,White
841.jpg,30-39,Female,Indian
842.jpg,30-39,Female,White
843.jpg,30-39,Male,Black
844.jpg,20-29,Female,Indian
845.jpg,30-39,Male,White
846.jpg,20-29,Female,White
847.jpg,30-39,Female,Indian
848.jpg,40-49,Male,White
849.jpg,20-29,Female,White
85.jpg,10-19,Female,White
850.jpg,30-39,Male,White
851.jpg,20-29,Male,Black
852.jpg,20-29,Female,Indian
853.jpg,20-29,Female,Others
854.jpg,20-29,Female,White
855.jpg,20-29,Female,Indian
856.jpg,3-9,Male,White
857.jpg,30-39,Male,Indian
858.jpg,30-39,Male,White
859.jpg,20-29,Male,White
86.jpg,20-29,Male,Indian
860.jpg,30-39,Female,White
861.jpg,20-29,Female,Indian
862.jpg,3-9,Female,Black
863.jpg,20-29,Female,White
864.jpg,20-29,Female,White
865.jpg,30-39,Female,White
866.jpg,20-29,Female,Indian
867.jpg,20-29,Female,White
868.jpg,3-9,Male,White
869.jpg,20-29,Female,Indian
87.jpg,20-29,Male,White
870.jpg,30-39,Female,Black
871.jpg,20-29,Male,White
872.jpg,20-29,Male,Black
873.jpg,20-29,Male,Indian
874.jpg,20-29,Female,Black
875.jpg,30-39,Female,White
876.jpg,20-29,Female,Black
877.jpg,30-39,Female,Indian
878.jpg,20-29,Female,Indian
879.jpg,20-29,Female,Black
88.jpg,20-29,Female,White
881.jpg,30-39,Female,Black
882.jpg,20-29,Male,Black
883.jpg,30-39,Female,Black
884.jpg,20-29,Female,Black
886.jpg,20-29,Female,White
887.jpg,20-29,Female,White
888.jpg,30-39,Male,Indian
889.jpg,20-29,Male,Black
89.jpg,30-39,Female,Black
890.jpg,20-29,Male,Black
891.jpg,20-29,Male,Black
892.jpg,20-29,Female,Others
893.jpg,30-39,Female,Black
894.jpg,30-39,Female,Indian
895.jpg,20-29,Female,Black
896.jpg,20-29,Female,Black
897.jpg,20-29,Female,Black
898.jpg,30-39,Male,Black
899.jpg,20-29,Male,Black
9.jpg,10-19,Female,White
90.jpg,10-19,Female,White
900.jpg,30-39,Male,White
901.jpg,20-29,Male,Black
902.jpg,20-29,Female,Black
903.jpg,30-39,Male,Indian
904.jpg,30-39,Male,Black
905.jpg,20-29,Female,Black
906.jpg,20-29,Female,Others
907.jpg,20-29,Male,Black
908.jpg,20-29,Female,Black
909.jpg,20-29,Male,Asian
91.jpg,10-19,Male,White
910.jpg,20-29,Female,Black
911.jpg,20-29,Female,Black
912.jpg,30-39,Male,Black
913.jpg,30-39,Male,Black
914.jpg,20-29,Female,Indian
915.jpg,30-39,Male,Black
916.jpg,20-29,Female,White
917.jpg,20-29,Female,Asian
918.jpg,20-29,Female,Asian
919.jpg,20-29,Male,Asian
92.jpg,30-39,Female,White
920.jpg,30-39,Female,White
921.jpg,30-39,Female,White
922.jpg,20-29,Female,Asian
923.jpg,20-29,Female,Asian
924.jpg,40-49,Male,White
925.jpg,20-29,Male,White
926.jpg,30-39,Male,Asian
927.jpg,20-29,Female,Asian
928.jpg,20-29,Female,Asian
929.jpg,20-29,Female,Indian
93.jpg,30-39,Female,White
930.jpg,20-29,Female,Asian
931.jpg,10-19,Female,Asian
932.jpg,20-29,Female,Asian
933.jpg,20-29,Male,Indian
934.jpg,20-29,Female,Black
935.jpg,30-39,Male,Black
936.jpg,20-29,Female,White
937.jpg,20-29,Female,Asian
938.jpg,30-39,Female,White
939.jpg,30-39,Male,White
94.jpg,30-39,Female,Black
940.jpg,20-29,Female,Asian
941.jpg,20-29,Female,White
942.jpg,20-29,Male,Indian
943.jpg,20-29,Male,Asian
944.jpg,20-29,Female,Indian
945.jpg,20-29,Female,Asian
946.jpg,20-29,Female,White
947.jpg,20-29,Female,Indian
948.jpg,30-39,Female,Indian
949.jpg,20-29,Female,Indian
95.jpg,20-29,Male,White
950.jpg,20-29,Female,Black
951.jpg,20-29,Female,Indian
952.jpg,20-29,Male,Indian
953.jpg,20-29,Female,White
954.jpg,20-29,Male,Others
955.jpg,30-39,Male,White
956.jpg,30-39,Female,White
957.jpg,20-29,Male,White
958.jpg,20-29,Male,Indian
959.jpg,20-29,Female,Indian
96.jpg,20-29,Male,Indian
960.jpg,30-39,Male,Indian
961.jpg,20-29,Female,White
962.jpg,20-29,Female,White
963.jpg,3-9,Female,White
964.jpg,20-29,Male,Indian
965.jpg,20-29,Male,Indian
966.jpg,20-29,Male,Indian
967.jpg,20-29,Male,Indian
968.jpg,30-39,Male,Black
969.jpg,30-39,Female,White
97.jpg,50-59,Female,Indian
970.jpg,20-29,Female,White
971.jpg,20-29,Female,Black
972.jpg,30-39,Male,Indian
973.jpg,20-29,Female,Black
974.jpg,20-29,Female,Indian
975.jpg,20-29,Female,Black
976.jpg,20-29,Female,Indian
977.jpg,20-29,Male,Indian
978.jpg,20-29,Male,Indian
979.jpg,20-29,Female,Others
98.jpg,30-39,Female,White
980.jpg,20-29,Female,Indian
981.jpg,50-59,Female,White
982.jpg,30-39,Female,Others
983.jpg,20-29,Female,Others
984.jpg,0-2,Female,White
985.jpg,20-29,Female,White
986.jpg,20-29,Female,Asian
987.jpg,20-29,Male,Indian
988.jpg,20-29,Male,Indian
989.jpg,20-29,Female,Indian
99.jpg,50-59,Female,Indian
990.jpg,20-29,Female,Indian
991.jpg,20-29,Female,Indian
992.jpg,30-39,Female,White
993.jpg,20-29,Female,Asian
994.jpg,20-29,Female,Others
995.jpg,20-29,Female,White
996.jpg,20-29,Female,Indian
997.jpg,50-59,Male,White
998.jpg,20-29,Female,White
999.jpg,40-49,Male,White
