28.jpg,30-39,Female,White
280.jpg,3-9,Male,White
2800.jpg,more than 70,Male,White
2801.jpg,60-69,Male,White
2802.jpg,more than 70,Male,White
2803.jpg,more than 70,Male,White
2804.jpg,more than 70,Male,White
2805.jpg,more than 70,Male,Black
2806.jpg,30-39,Male,Black
2807.jpg,60-69,Female,White
2808.jpg,30-39,Male,Asian
2809.jpg,more than 70,Male,White
281.jpg,0-2,Female,White
2810.jpg,30-39,Male,Indian
2811.jpg,more than 70,Male,Black
2812.jpg,40-49,Male,White
2813.jpg,more than 70,Male,White
2814.jpg,30-39,Male,Asian
2815.jpg,more than 70,Female,White
2816.jpg,more than 70,Female,White
2817.jpg,60-69,Female,White
2818.jpg,more than 70,Male,White
2819.jpg,more than 70,Male,White
282.jpg,0-2,Female,White
2820.jpg,more than 70,Male,White
2821.jpg,none,none,none
2822.jpg,50-59,Male,White
2823.jpg,more than 70,Male,White
2824.jpg,more than 70,Male,Black
2825.jpg,50-59,Male,Indian
2826.jpg,60-69,Female,White
2827.jpg,more than 70,Female,White
2828.jpg,30-39,Female,Black
2829.jpg,30-39,Female,Black
283.jpg,0-2,Male,Indian
2830.jpg,more than 70,Female,Asian
2831.jpg,60-69,Male,White
2832.jpg,60-69,Female,White
2833.jpg,more than 70,Female,White
2834.jpg,more than 70,Female,White
2835.jpg,more than 70,Male,White
2836.jpg,more than 70,Male,White
2837.jpg,more than 70,Male,Black
2838.jpg,50-59,Male,White
2839.jpg,40-49,Male,White
284.jpg,0-2,Female,Indian
2840.jpg,more than 70,Male,Asian
2841.jpg,more than 70,Female,White
2842.jpg,more than 70,Female,White
2843.jpg,more than 70,Male,White
2844.jpg,50-59,Female,White
2845.jpg,30-39,Female,White
2846.jpg,more than 70,Male,White
2847.jpg,more than 70,Male,White
2848.jpg,more than 70,Male,Indian
2849.jpg,more than 70,Female,White
285.jpg,0-2,Male,White
2850.jpg,more than 70,Female,White
2851.jpg,10-19,Female,White
2852.jpg,20-29,Male,White
2853.jpg,30-39,Male,White
2854.jpg,none,none,none
2855.jpg,3-9,Female,White
2856.jpg,3-9,Male,Asian
2857.jpg,30-39,Male,Black
2858.jpg,40-49,Female,Black
2859.jpg,30-39,Female,Black
286.jpg,none,none,none
2860.jpg,none,none,none
2861.jpg,30-39,Female,White
2862.jpg,0-2,Female,White
2863.jpg,none,none,none
2864.jpg,20-29,Female,Others
2865.jpg,3-9,Male,Others
2866.jpg,3-9,Female,Others
2867.jpg,3-9,Female,White
2868.jpg,40-49,Male,White
2869.jpg,more than 70,Male,White
287.jpg,0-2,Male,White
2870.jpg,more than 70,Male,Asian
2871.jpg,60-69,Male,White
2872.jpg,more than 70,Male,White
2873.jpg,more than 70,Male,White
2874.jpg,more than 70,Male,White
2875.jpg,more than 70,Male,White
2876.jpg,50-59,Male,White
2877.jpg,more than 70,Male,White
2878.jpg,50-59,Male,White
2879.jpg,none,none,none
288.jpg,none,none,none
2880.jpg,more than 70,Male,White
2881.jpg,more than 70,Female,White
2882.jpg,30-39,Female,White
2883.jpg,more than 70,Female,White
2884.jpg,more than 70,Female,White
2885.jpg,40-49,Female,White
2886.jpg,30-39,Female,White
2887.jpg,more than 70,Female,White
2888.jpg,more than 70,Female,White
2889.jpg,more than 70,Female,White
289.jpg,0-2,Female,Asian
2890.jpg,more than 70,Female,White
2891.jpg,more than 70,Female,Indian
2892.jpg,more than 70,Female,White
2893.jpg,more than 70,Female,White
2894.jpg,none,none,none
2895.jpg,more than 70,Female,White
2896.jpg,more than 70,Female,White
2897.jpg,more than 70,Female,White
2898.jpg,none,none,none
2899.jpg,50-59,Male,White
29.jpg,10-19,Female,White
290.jpg,20-29,Male,Indian
2900.jpg,more than 70,Female,White
2901.jpg,0-2,Male,White
2902.jpg,more than 70,Male,White
2903.jpg,more than 70,Male,White
2904.jpg,more than 70,Male,White
2905.jpg,more than 70,Male,White
2906.jpg,more than 70,Female,White
2907.jpg,more than 70,Male,Indian
2908.jpg,more than 70,Male,White
2909.jpg,60-69,Male,White
291.jpg,0-2,Female,White
2910.jpg,more than 70,Female,White
2911.jpg,60-69,Female,White
2912.jpg,more than 70,Female,White
2913.jpg,more than 70,Female,White
2914.jpg,more than 70,Male,White
2915.jpg,more than 70,Female,Black
2916.jpg,0-2,Male,White
2917.jpg,40-49,Female,Indian
2918.jpg,none,none,none
2919.jpg,more than 70,Male,White
292.jpg,0-2,Female,White
2920.jpg,more than 70,Male,White
2921.jpg,more than 70,Female,White
2922.jpg,more than 70,Female,White
2923.jpg,30-39,Female,White
2924.jpg,more than 70,Male,White
2925.jpg,more than 70,Female,White
2926.jpg,none,none,none
2927.jpg,more than 70,Male,White
2928.jpg,more than 70,Male,White
2929.jpg,more than 70,Male,Asian
293.jpg,3-9,Male,Black
2930.jpg,30-39,Male,Asian
2931.jpg,30-39,Male,Black
2932.jpg,30-39,Male,Black
2933.jpg,10-19,Male,White
2934.jpg,10-19,Female,Asian
2935.jpg,40-49,Male,Indian
2936.jpg,10-19,Male,White
2937.jpg,10-19,Female,White
2938.jpg,30-39,Male,Indian
2939.jpg,10-19,Male,Others
294.jpg,0-2,Female,Asian
2940.jpg,3-9,Male,Others
2941.jpg,3-9,Female,White
2942.jpg,3-9,Female,White
2943.jpg,10-19,Female,White
2944.jpg,30-39,Female,White
2945.jpg,3-9,Female,White
2946.jpg,none,none,none
2947.jpg,3-9,Female,White
2948.jpg,20-29,Female,Indian
2949.jpg,10-19,Female,Asian
295.jpg,3-9,Male,Others
2950.jpg,0-2,Male,White
2951.jpg,3-9,Female,White
2952.jpg,30-39,Female,Black
2953.jpg,3-9,Female,White
2954.jpg,more than 70,Female,Indian
2955.jpg,3-9,Female,White
2956.jpg,20-29,Female,White
2957.jpg,3-9,Female,White
2958.jpg,10-19,Female,White
2959.jpg,3-9,Female,Others
296.jpg,0-2,Male,Others
2960.jpg,30-39,Female,Black
2961.jpg,3-9,Female,Asian
2962.jpg,more than 70,Male,White
2963.jpg,more than 70,Male,Black
2964.jpg,more than 70,Male,White
2965.jpg,more than 70,Male,White
2966.jpg,more than 70,Male,White
2967.jpg,more than 70,Female,White
2968.jpg,more than 70,Female,Black
2969.jpg,more than 70,Male,White
297.jpg,0-2,Male,Asian
2970.jpg,more than 70,Female,White
2971.jpg,20-29,Male,White
2972.jpg,none,none,none
2973.jpg,more than 70,Male,White
2974.jpg,more than 70,Male,White
2975.jpg,more than 70,Female,White
2976.jpg,40-49,Female,White
2977.jpg,10-19,Female,White
2978.jpg,3-9,Female,Others
2979.jpg,3-9,Male,White
298.jpg,0-2,Female,Asian
2980.jpg,3-9,Male,White
2981.jpg,3-9,Male,White
2982.jpg,3-9,Male,White
2983.jpg,10-19,Female,White
2984.jpg,10-19,Male,White
2985.jpg,3-9,Male,White
2986.jpg,3-9,Male,Others
2987.jpg,3-9,Female,Black
2988.jpg,3-9,Male,White
2989.jpg,30-39,Male,Indian
299.jpg,0-2,Female,Indian
2990.jpg,60-69,Female,White
2991.jpg,40-49,Male,White
2992.jpg,20-29,Male,Black
2993.jpg,20-29,Male,Black
2994.jpg,20-29,Female,Indian
2995.jpg,40-49,Male,Black
2996.jpg,3-9,Male,Others
2997.jpg,3-9,Male,White
2998.jpg,3-9,Female,White
2999.jpg,30-39,Female,White
3.jpg,10-19,Male,White
30.jpg,none,none,none
300.jpg,0-2,Female,Asian
3000.jpg,10-19,Female,Others
301.jpg,0-2,Female,Asian
302.jpg,0-2,Female,Asian
303.jpg,none,none,none
304.jpg,0-2,Female,Asian
305.jpg,0-2,Male,Asian
306.jpg,none,none,none
307.jpg,3-9,Male,Asian
308.jpg,0-2,Male,Asian
309.jpg,0-2,Female,Indian
31.jpg,3-9,Female,White
310.jpg,0-2,Female,Asian
311.jpg,0-2,Male,Asian
312.jpg,0-2,Male,White
313.jpg,3-9,Male,Asian
314.jpg,0-2,Male,Asian
315.jpg,0-2,Female,Asian
316.jpg,0-2,Female,Indian
317.jpg,3-9,Female,Indian
318.jpg,none,none,none
319.jpg,0-2,Male,Indian
32.jpg,3-9,Female,Asian
320.jpg,0-2,Female,Indian
321.jpg,none,none,none
322.jpg,0-2,Male,Indian
323.jpg,3-9,Female,White
324.jpg,none,none,none
325.jpg,3-9,Female,Indian
326.jpg,0-2,Female,Indian
327.jpg,0-2,Female,White
328.jpg,0-2,Female,Indian
329.jpg,0-2,Female,Indian
33.jpg,3-9,Female,Indian
330.jpg,0-2,Male,White
331.jpg,0-2,Male,Others
332.jpg,0-2,Male,White
333.jpg,0-2,Female,Others
334.jpg,20-29,Female,White
335.jpg,30-39,Male,White
336.jpg,20-29,Male,White
337.jpg,30-39,Male,White
338.jpg,30-39,Male,White
339.jpg,10-19,Female,White
34.jpg,3-9,Female,Asian
340.jpg,20-29,Female,White
341.jpg,none,none,none
342.jpg,10-19,Female,Asian
343.jpg,none,none,none
344.jpg,30-39,Male,White
345.jpg,30-39,Male,White
346.jpg,30-39,Male,White
347.jpg,30-39,Female,White
348.jpg,30-39,Female,White
349.jpg,50-59,Male,White
35.jpg,10-19,Female,White
350.jpg,10-19,Female,White
351.jpg,30-39,Female,White
352.jpg,30-39,Female,Asian
353.jpg,30-39,Female,White
354.jpg,30-39,Female,White
355.jpg,30-39,Female,White
356.jpg,30-39,Female,Indian
357.jpg,20-29,Female,White
358.jpg,30-39,Female,Black
359.jpg,30-39,Female,Black
36.jpg,10-19,Female,Indian
360.jpg,20-29,Female,Black
361.jpg,20-29,Female,Black
362.jpg,20-29,Female,Asian
363.jpg,3-9,Male,Asian
364.jpg,20-29,Female,White
365.jpg,20-29,Female,Asian
366.jpg,20-29,Female,Indian
367.jpg,30-39,Female,White
368.jpg,20-29,Female,Indian
369.jpg,30-39,Female,Indian
37.jpg,10-19,Female,White
370.jpg,10-19,Female,White
371.jpg,20-29,Female,Asian
372.jpg,40-49,Male,White
373.jpg,20-29,Female,White
374.jpg,30-39,Male,White
375.jpg,20-29,Female,White
376.jpg,20-29,Male,Black
377.jpg,more than 70,Female,Black
378.jpg,30-39,Male,Asian
379.jpg,3-9,Male,Asian
38.jpg,3-9,Female,White
380.jpg,20-29,Male,Indian
381.jpg,30-39,Male,Asian
382.jpg,3-9,Male,Indian
383.jpg,30-39,Female,White
384.jpg,20-29,Female,Indian
385.jpg,30-39,Male,White
386.jpg,20-29,Female,White
387.jpg,30-39,Female,Asian
388.jpg,20-29,Female,Black
389.jpg,30-39,Female,Black
39.jpg,10-19,Male,Asian
390.jpg,20-29,Male,Black
391.jpg,30-39,Female,Others
392.jpg,10-19,Female,Asian
393.jpg,20-29,Female,Asian
394.jpg,10-19,Female,White
395.jpg,20-29,Female,Asian
396.jpg,20-29,Female,Black
397.jpg,20-29,Female,Others
398.jpg,30-39,Female,White
399.jpg,20-29,Female,Indian
4.jpg,10-19,Male,White
40.jpg,10-19,Male,White
400.jpg,20-29,Female,Indian
401.jpg,30-39,Female,Indian
402.jpg,20-29,Female,Indian
403.jpg,40-49,Female,White
404.jpg,20-29,Female,Indian
405.jpg,20-29,Female,Others
406.jpg,30-39,Female,Indian
407.jpg,20-29,Female,Indian
408.jpg,30-39,Female,Others
409.jpg,40-49,Female,Indian
41.jpg,10-19,Female,Indian
410.jpg,30-39,Female,White
411.jpg,30-39,Female,White
412.jpg,30-39,Female,Indian
413.jpg,20-29,Female,White
414.jpg,30-39,Female,White
415.jpg,20-29,Female,White
416.jpg,30-39,Female,White
417.jpg,30-39,Male,White
418.jpg,30-39,Male,White
419.jpg,30-39,Male,White
42.jpg,30-39,Female,White
420.jpg,3-9,Male,White
421.jpg,30-39,Male,White
422.jpg,10-19,Female,Black
423.jpg,30-39,Female,Black
424.jpg,20-29,Male,Black
425.jpg,30-39,Male,Black
426.jpg,30-39,Male,Asian
427.jpg,20-29,Female,Asian
428.jpg,20-29,Male,Black
429.jpg,20-29,Female,White
43.jpg,3-9,Female,Asian
430.jpg,20-29,Male,Indian
431.jpg,30-39,Male,Indian
432.jpg,30-39,Male,Indian
433.jpg,30-39,Male,Others
434.jpg,20-29,Male,Indian
435.jpg,30-39,Female,White
436.jpg,20-29,Female,Black
437.jpg,20-29,Female,White
438.jpg,30-39,Female,White
439.jpg,20-29,Female,White
44.jpg,10-19,Female,White
440.jpg,30-39,Female,Black
441.jpg,30-39,Female,White
442.jpg,30-39,Female,Black
443.jpg,30-39,Female,Asian
444.jpg,3-9,Female,Asian
445.jpg,3-9,Female,Asian
446.jpg,10-19,Female,Asian
447.jpg,20-29,Female,Asian
448.jpg,10-19,Female,Asian
449.jpg,30-39,Female,Indian
45.jpg,20-29,Male,Black
450.jpg,10-19,Female,Indian
451.jpg,20-29,Male,Indian
452.jpg,30-39,Female,Indian
453.jpg,30-39,Female,Indian
454.jpg,20-29,Female,Indian
455.jpg,20-29,Female,Others
456.jpg,20-29,Female,Others
457.jpg,20-29,Female,Indian
458.jpg,10-19,Female,Indian
459.jpg,30-39,Female,White
46.jpg,10-19,Male,Asian
460.jpg,20-29,Female,Others
461.jpg,20-29,Male,White
462.jpg,20-29,Male,White
463.jpg,40-49,Female,White
464.jpg,30-39,Male,White
465.jpg,20-29,Male,Black
466.jpg,10-19,Female,Black
467.jpg,30-39,Male,Black
468.jpg,20-29,Male,Indian
469.jpg,20-29,Female,Indian
47.jpg,3-9,Male,Indian
470.jpg,20-29,Female,Black
471.jpg,40-49,Male,Asian
472.jpg,20-29,Male,Black
473.jpg,30-39,Male,Black
474.jpg,none,none,none
475.jpg,30-39,Male,Asian
476.jpg,40-49,Male,Indian
477.jpg,20-29,Male,White
478.jpg,10-19,Male,White
479.jpg,30-39,Male,Indian
48.jpg,30-39,Male,White
480.jpg,30-39,Male,White
481.jpg,30-39,Male,White
482.jpg,30-39,Female,White
483.jpg,20-29,Female,White
484.jpg,20-29,Female,Black
485.jpg,30-39,Female,White
486.jpg,10-19,Female,White
487.jpg,30-39,Female,White
488.jpg,30-39,Female,White
489.jpg,30-39,Female,White
49.jpg,30-39,Male,White
490.jpg,20-29,Female,White
491.jpg,30-39,Female,White
492.jpg,30-39,Female,White
493.jpg,20-29,Female,Black
494.jpg,30-39,Female,Black
495.jpg,20-29,Female,Black
496.jpg,20-29,Female,Black
497.jpg,20-29,Female,Indian
498.jpg,30-39,Female,Black
499.jpg,20-29,Female,Others
5.jpg,3-9,Female,White
50.jpg,30-39,Male,White
500.jpg,20-29,Female,Asian
501.jpg,20-29,Female,Asian
502.jpg,30-39,Female,Asian
503.jpg,30-39,Female,Asian
504.jpg,20-29,Female,Asian
505.jpg,10-19,Female,Asian
506.jpg,20-29,Female,Asian
507.jpg,none,none,none
508.jpg,20-29,Female,Indian
509.jpg,20-29,Female,Others
51.jpg,20-29,Female,White
510.jpg,30-39,Female,Others
511.jpg,20-29,Female,Others
512.jpg,20-29,Female,Indian
513.jpg,20-29,Female,Indian
514.jpg,20-29,Female,Indian
515.jpg,20-29,Female,Black
516.jpg,30-39,Female,Others
517.jpg,20-29,Male,White
518.jpg,30-39,Female,White
519.jpg,30-39,Male,White
52.jpg,3-9,Female,Black
520.jpg,30-39,Male,White
521.jpg,30-39,Male,White
522.jpg,40-49,Male,Others
523.jpg,30-39,Male,White
524.jpg,none,none,none
525.jpg,20-29,Male,Black
526.jpg,30-39,Male,Black
527.jpg,30-39,Male,White
528.jpg,20-29,Male,Black
529.jpg,20-29,Female,Indian
53.jpg,30-39,Male,Black
530.jpg,30-39,Male,Black
531.jpg,20-29,Male,Black
532.jpg,30-39,Male,Black
533.jpg,30-39,Male,Black
534.jpg,20-29,Male,Black
535.jpg,20-29,Male,Black
536.jpg,20-29,Female,Black
537.jpg,20-29,Male,Black
538.jpg,20-29,Female,Black
539.jpg,30-39,Male,Black
54.jpg,30-39,Male,White
540.jpg,10-19,Male,White
541.jpg,20-29,Female,White
542.jpg,30-39,Male,Asian
543.jpg,30-39,Male,White
544.jpg,20-29,Male,Asian
545.jpg,20-29,Male,Indian
546.jpg,30-39,Male,Black
547.jpg,30-39,Female,Indian
548.jpg,20-29,Male,Indian
549.jpg,20-29,Male,White
55.jpg,30-39,Female,White
550.jpg,30-39,Female,Others
551.jpg,40-49,Male,White
552.jpg,30-39,Male,Indian
553.jpg,20-29,Female,Others
554.jpg,40-49,Female,White
555.jpg,30-39,Female,White
556.jpg,10-19,Female,White
557.jpg,30-39,Female,White
558.jpg,30-39,Female,White
559.jpg,30-39,Female,White
56.jpg,40-49,Female,White
560.jpg,20-29,Female,Indian
561.jpg,30-39,Female,White
562.jpg,30-39,Female,White
563.jpg,30-39,Female,White
564.jpg,3-9,Female,Asian
565.jpg,30-39,Female,White
566.jpg,30-39,Female,White
567.jpg,30-39,Female,Others
568.jpg,10-19,Female,Black
569.jpg,30-39,Male,Black
57.jpg,40-49,Female,White
570.jpg,20-29,Female,Black
571.jpg,20-29,Female,Black
572.jpg,30-39,Male,Black
573.jpg,none,none,none
574.jpg,30-39,Female,Indian
575.jpg,30-39,Female,Indian
576.jpg,30-39,Female,Asian
577.jpg,30-39,Female,Black
578.jpg,20-29,Female,Asian
579.jpg,20-29,Female,White
58.jpg,10-19,Female,White
580.jpg,30-39,Male,Asian
581.jpg,30-39,Female,Asian
582.jpg,30-39,Female,Asian
583.jpg,30-39,Female,Asian
584.jpg,40-49,Female,White
585.jpg,20-29,Female,Others
586.jpg,20-29,Female,Black
587.jpg,20-29,Female,Indian
588.jpg,30-39,Female,Asian
589.jpg,20-29,Male,White
59.jpg,10-19,Female,Black
590.jpg,20-29,Female,Black
591.jpg,20-29,Female,Indian
592.jpg,20-29,Female,Asian
593.jpg,20-29,Female,Indian
594.jpg,20-29,Female,Asian
595.jpg,30-39,Female,Asian
596.jpg,3-9,Female,Asian
597.jpg,20-29,Female,Asian
598.jpg,30-39,Female,Indian
599.jpg,30-39,Female,Indian
6.jpg,10-19,Female,White
60.jpg,20-29,Female,Indian
600.jpg,20-29,Female,Others
601.jpg,30-39,Female,Indian
602.jpg,30-39,Female,Indian
603.jpg,20-29,Female,Indian
604.jpg,20-29,Female,Indian
605.jpg,30-39,Female,White
606.jpg,10-19,Female,Indian
607.jpg,30-39,Female,Black
608.jpg,30-39,Female,Others
609.jpg,20-29,Female,White
61.jpg,30-39,Female,Black
610.jpg,20-29,Female,Indian
611.jpg,20-29,Female,Asian
612.jpg,20-29,Female,Indian
613.jpg,30-39,Female,Indian
614.jpg,10-19,Female,White
615.jpg,20-29,Female,White
616.jpg,30-39,Female,Others
617.jpg,none,none,none
618.jpg,20-29,Female,Black
619.jpg,40-49,Male,White
62.jpg,20-29,Male,Black
620.jpg,40-49,Male,White
621.jpg,30-39,Male,Indian
622.jpg,30-39,Male,White
623.jpg,30-39,Male,White
624.jpg,20-29,Male,White
625.jpg,30-39,Male,White
626.jpg,30-39,Male,Indian
627.jpg,20-29,Male,White
628.jpg,20-29,Male,Asian
629.jpg,30-39,Male,Black
63.jpg,30-39,Male,White
630.jpg,30-39,Male,Black
631.jpg,20-29,Male,Black
632.jpg,20-29,Male,Black
633.jpg,30-39,Male,Indian
634.jpg,30-39,Male,Black
635.jpg,20-29,Male,Black
636.jpg,30-39,Male,Black
637.jpg,30-39,Male,Black
638.jpg,30-39,Male,Asian
639.jpg,10-19,Male,Asian
64.jpg,40-49,Male,White
640.jpg,20-29,Female,Asian
641.jpg,40-49,Female,Asian
642.jpg,30-39,Female,Black
643.jpg,10-19,Male,Indian
644.jpg,30-39,Male,Indian
645.jpg,30-39,Male,White
646.jpg,20-29,Male,Indian
647.jpg,30-39,Male,Black
648.jpg,30-39,Male,White
649.jpg,30-39,Male,Indian
65.jpg,30-39,Male,White
650.jpg,30-39,Male,Black
651.jpg,30-39,Male,Indian
652.jpg,20-29,Male,White
653.jpg,40-49,Female,White
654.jpg,30-39,Female,White
655.jpg,20-29,Male,Others
656.jpg,30-39,Female,White
657.jpg,20-29,Male,White
658.jpg,30-39,Female,Others
659.jpg,20-29,Female,White
66.jpg,30-39,Female,Indian
660.jpg,40-49,Female,White
661.jpg,30-39,Female,White
662.jpg,30-39,Female,White
663.jpg,20-29,Female,White
664.jpg,30-39,Female,White
665.jpg,20-29,Female,Indian
666.jpg,30-39,Female,White
667.jpg,30-39,Female,White
668.jpg,10-19,Female,White
669.jpg,none,none,none
67.jpg,10-19,Male,Asian
670.jpg,20-29,Female,White
671.jpg,30-39,Female,Black
672.jpg,20-29,Female,White
673.jpg,20-29,Female,Indian
674.jpg,30-39,Female,Black
675.jpg,30-39,Male,Black
676.jpg,30-39,Female,Black
677.jpg,40-49,Female,Black
678.jpg,3-9,Female,Black
679.jpg,20-29,Female,Black
68.jpg,10-19,Female,White
680.jpg,30-39,Female,Indian
681.jpg,30-39,Female,Black
682.jpg,20-29,Female,Black
683.jpg,3-9,Female,Others
684.jpg,20-29,Female,Black
685.jpg,30-39,Male,Black
686.jpg,20-29,Female,Black
687.jpg,30-39,Female,Black
688.jpg,30-39,Female,Black
689.jpg,30-39,Male,White
69.jpg,30-39,Female,White
690.jpg,20-29,Female,Asian
691.jpg,30-39,Female,Asian
692.jpg,20-29,Female,Asian
693.jpg,30-39,Female,Asian
694.jpg,3-9,Female,Asian
695.jpg,30-39,Female,Others
696.jpg,30-39,Female,Indian
697.jpg,20-29,Female,Indian
698.jpg,20-29,Female,Indian
699.jpg,30-39,Male,Asian
7.jpg,10-19,Female,White
70.jpg,30-39,Female,White
700.jpg,30-39,Female,Indian
701.jpg,30-39,Female,White
702.jpg,20-29,Female,Indian
703.jpg,30-39,Female,Indian
704.jpg,30-39,Male,Others
705.jpg,40-49,Female,Black
706.jpg,30-39,Female,Indian
707.jpg,30-39,Female,Indian
708.jpg,20-29,Female,Indian
709.jpg,30-39,Female,Indian
71.jpg,30-39,Female,Others
710.jpg,30-39,Female,Indian
711.jpg,none,none,none
712.jpg,30-39,Female,Indian
713.jpg,3-9,Female,Black
714.jpg,30-39,Female,Indian
715.jpg,3-9,Female,Indian
716.jpg,20-29,Female,Indian
717.jpg,30-39,Female,Others
718.jpg,30-39,Female,White
719.jpg,30-39,Male,Others
72.jpg,30-39,Female,White
720.jpg,20-29,Male,Black
721.jpg,30-39,Female,Black
722.jpg,20-29,Male,Indian
723.jpg,30-39,Female,Indian
724.jpg,30-39,Male,White
725.jpg,20-29,Male,Others
726.jpg,30-39,Male,White
727.jpg,20-29,Female,Black
728.jpg,20-29,Male,White
729.jpg,30-39,Male,White
73.jpg,30-39,Female,Black
730.jpg,30-39,Male,White
731.jpg,30-39,Male,Black
732.jpg,30-39,Male,White
733.jpg,30-39,Male,White
734.jpg,20-29,Male,White
735.jpg,30-39,Male,White
736.jpg,30-39,Male,White
737.jpg,30-39,Male,White
738.jpg,30-39,Male,Others
739.jpg,30-39,Male,White
74.jpg,40-49,Female,White
740.jpg,30-39,Female,Indian
741.jpg,30-39,Male,White
742.jpg,30-39,Male,Black
743.jpg,40-49,Male,Indian
744.jpg,40-49,Male,White
745.jpg,3-9,Male,Black
746.jpg,30-39,Male,Black
747.jpg,20-29,Male,Black
748.jpg,20-29,Male,Black
749.jpg,30-39,Male,Others
75.jpg,10-19,Female,Black
750.jpg,20-29,Male,Black
751.jpg,20-29,Male,Indian
752.jpg,30-39,Male,Black
753.jpg,30-39,Male,Black
754.jpg,20-29,Male,Black
755.jpg,30-39,Male,Black
756.jpg,30-39,Male,Black
757.jpg,30-39,Female,White
758.jpg,30-39,Male,Black
759.jpg,20-29,Male,Black
76.jpg,10-19,Female,Others
760.jpg,30-39,Male,Black
761.jpg,30-39,Male,Black
762.jpg,20-29,Male,White
763.jpg,30-39,Male,Black
764.jpg,40-49,Male,Black
765.jpg,30-39,Male,Indian
766.jpg,20-29,Male,Black
767.jpg,none,none,none
768.jpg,40-49,Male,Black
769.jpg,20-29,Male,Black
77.jpg,10-19,Female,Others
770.jpg,30-39,Male,Black
771.jpg,20-29,Male,Black
772.jpg,40-49,Male,Black
773.jpg,20-29,Male,Black
774.jpg,30-39,Female,Black
775.jpg,20-29,Male,Black
776.jpg,30-39,Female,Black
777.jpg,20-29,Male,Black
778.jpg,20-29,Female,Black
779.jpg,30-39,Male,Black
78.jpg,3-9,Male,Asian
780.jpg,40-49,Male,Others
781.jpg,10-19,Male,Asian
782.jpg,30-39,Male,White
783.jpg,40-49,Male,White
784.jpg,20-29,Male,White
785.jpg,30-39,Male,White
786.jpg,30-39,Male,Asian
787.jpg,30-39,Male,White
788.jpg,30-39,Female,Asian
789.jpg,30-39,Male,Indian
79.jpg,30-39,Male,White
790.jpg,30-39,Male,White
791.jpg,30-39,Male,White
792.jpg,30-39,Male,Asian
793.jpg,30-39,Male,Indian
794.jpg,20-29,Male,Indian
795.jpg,30-39,Male,Indian
796.jpg,40-49,Male,Indian
797.jpg,30-39,Male,White
798.jpg,20-29,Male,Indian
799.jpg,20-29,Male,White
8.jpg,10-19,Female,White
80.jpg,30-39,Male,White
800.jpg,30-39,Male,Indian
801.jpg,30-39,Male,Indian
802.jpg,20-29,Male,Indian
803.jpg,30-39,Male,Indian
804.jpg,30-39,Male,Indian
805.jpg,30-39,Male,White
806.jpg,20-29,Male,White
807.jpg,30-39,Male,Indian
808.jpg,30-39,Male,Others
809.jpg,30-39,Male,Indian
81.jpg,10-19,Male,White
810.jpg,20-29,Male,Indian
811.jpg,10-19,Female,White
812.jpg,30-39,Male,Indian
813.jpg,20-29,Male,Indian
814.jpg,30-39,Male,Asian
815.jpg,30-39,Male,Indian
816.jpg,40-49,Male,Indian
817.jpg,30-39,Male,Indian
818.jpg,30-39,Female,Indian
819.jpg,30-39,Male,Indian
82.jpg,10-19,Male,Asian
820.jpg,30-39,Male,Black
821.jpg,30-39,Male,Indian
822.jpg,20-29,Male,Black
823.jpg,30-39,Male,Indian
824.jpg,30-39,Male,Indian
825.jpg,30-39,Male,White
826.jpg,30-39,Male,Others
827.jpg,20-29,Male,White
828.jpg,30-39,Male,White
829.jpg,40-49,Male,White
83.jpg,none,none,none
830.jpg,30-39,Male,Indian
831.jpg,20-29,Male,White
832.jpg,30-39,Male,Others
833.jpg,30-39,Male,White
834.jpg,10-19,Female,White
835.jpg,40-49,Female,White
836.jpg,10-19,Female,White
837.jpg,20-29,Female,Indian
838.jpg,30-39,Female,White
839.jpg,50-59,Male,White
84.jpg,3-9,Male,Asian
840.jpg,30-39,Female,White
841.jpg,20-29,Female,White
842.jpg,30-39,Female,Others
843.jpg,30-39,Female,Black
844.jpg,30-39,Female,Indian
845.jpg,30-39,Female,White
846.jpg,20-29,Female,White
847.jpg,20-29,Female,Indian
848.jpg,30-39,Male,White
849.jpg,20-29,Female,White
85.jpg,10-19,Female,White
850.jpg,30-39,Female,Indian
851.jpg,20-29,Female,Black
852.jpg,20-29,Female,White
853.jpg,10-19,Female,White
854.jpg,30-39,Female,Others
855.jpg,30-39,Female,White
856.jpg,30-39,Female,White
857.jpg,30-39,Female,White
858.jpg,30-39,Female,White
859.jpg,20-29,Female,White
86.jpg,30-39,Female,White
860.jpg,30-39,Female,White
861.jpg,30-39,Female,Others
862.jpg,30-39,Female,White
863.jpg,40-49,Female,White
864.jpg,20-29,Female,Indian
865.jpg,20-29,Female,Asian
866.jpg,20-29,Female,Black
867.jpg,20-29,Female,Others
868.jpg,30-39,Female,Asian
869.jpg,30-39,Female,White
87.jpg,40-49,Female,White
870.jpg,40-49,Female,Black
871.jpg,30-39,Female,Black
872.jpg,30-39,Male,Black
873.jpg,30-39,Female,Black
874.jpg,20-29,Female,Black
875.jpg,3-9,Female,Black
876.jpg,20-29,Female,Black
877.jpg,30-39,Female,Black
878.jpg,30-39,Female,Indian
879.jpg,30-39,Female,Black
88.jpg,10-19,Female,White
880.jpg,none,none,none
881.jpg,30-39,Male,Black
882.jpg,20-29,Female,Black
883.jpg,30-39,Female,Black
884.jpg,30-39,Female,Indian
885.jpg,none,none,none
886.jpg,30-39,Female,Indian
887.jpg,30-39,Female,Others
888.jpg,30-39,Male,White
889.jpg,20-29,Female,Black
89.jpg,10-19,Female,White
890.jpg,30-39,Female,Black
891.jpg,20-29,Female,Black
892.jpg,20-29,Female,Black
893.jpg,30-39,Female,Black
894.jpg,30-39,Female,Black
895.jpg,30-39,Female,Black
896.jpg,30-39,Female,Black
897.jpg,20-29,Female,Black
898.jpg,20-29,Female,Black
899.jpg,20-29,Male,Black
9.jpg,10-19,Female,White
90.jpg,20-29,Female,White
900.jpg,30-39,Female,Black
901.jpg,20-29,Male,Black
902.jpg,30-39,Female,Black
903.jpg,30-39,Female,Black
904.jpg,20-29,Female,Black
905.jpg,20-29,Female,Black
906.jpg,30-39,Female,Black
907.jpg,30-39,Female,Black
908.jpg,30-39,Female,Black
909.jpg,20-29,Male,Asian
91.jpg,10-19,Female,Asian
910.jpg,30-39,Female,Black
911.jpg,20-29,Male,Black
912.jpg,20-29,Female,Black
913.jpg,10-19,Female,Black
914.jpg,20-29,Female,Indian
915.jpg,30-39,Female,Black
916.jpg,20-29,Female,Others
917.jpg,20-29,Female,White
918.jpg,30-39,Female,Asian
919.jpg,20-29,Female,Black
92.jpg,30-39,Female,White
920.jpg,3-9,Male,Asian
921.jpg,30-39,Female,White
922.jpg,20-29,Female,Asian
923.jpg,20-29,Female,Asian
924.jpg,20-29,Female,White
925.jpg,20-29,Female,Indian
926.jpg,20-29,Female,Asian
927.jpg,20-29,Female,Asian
928.jpg,30-39,Female,Asian
929.jpg,30-39,Female,White
93.jpg,10-19,Female,White
930.jpg,30-39,Female,Asian
931.jpg,30-39,Female,Asian
932.jpg,20-29,Female,Asian
933.jpg,3-9,Female,Indian
934.jpg,20-29,Female,Indian
935.jpg,30-39,Female,Black
936.jpg,20-29,Female,White
937.jpg,20-29,Female,Asian
938.jpg,40-49,Female,Asian
939.jpg,30-39,Female,White
94.jpg,20-29,Female,Black
940.jpg,20-29,Female,Indian
941.jpg,20-29,Female,Asian
942.jpg,20-29,Female,Indian
943.jpg,50-59,Female,Asian
944.jpg,30-39,Female,Others
945.jpg,20-29,Female,Asian
946.jpg,30-39,Female,Black
947.jpg,20-29,Female,Indian
948.jpg,20-29,Female,Indian
949.jpg,20-29,Female,Indian
95.jpg,30-39,Male,Indian
950.jpg,30-39,Female,White
951.jpg,30-39,Female,White
952.jpg,30-39,Female,Indian
953.jpg,20-29,Female,Indian
954.jpg,40-49,Female,Indian
955.jpg,20-29,Female,Indian
956.jpg,30-39,Female,White
957.jpg,30-39,Female,Indian
958.jpg,30-39,Female,Others
959.jpg,20-29,Female,Indian
96.jpg,10-19,Female,Indian
960.jpg,20-29,Female,Black
961.jpg,30-39,Female,Indian
962.jpg,30-39,Female,White
963.jpg,10-19,Female,Others
964.jpg,20-29,Female,Indian
965.jpg,20-29,Female,Indian
966.jpg,20-29,Male,Indian
967.jpg,30-39,Female,Indian
968.jpg,30-39,Male,Indian
969.jpg,10-19,Female,Indian
97.jpg,20-29,Female,Indian
970.jpg,30-39,Female,Indian
971.jpg,30-39,Female,Indian
972.jpg,30-39,Female,Indian
973.jpg,20-29,Female,White
974.jpg,20-29,Female,Black
975.jpg,30-39,Female,Indian
976.jpg,20-29,Female,Indian
977.jpg,30-39,Female,Others
978.jpg,more than 70,Female,Black
979.jpg,20-29,Female,Others
98.jpg,40-49,Female,Others
980.jpg,30-39,Female,Black
981.jpg,30-39,Female,White
982.jpg,20-29,Female,Others
983.jpg,30-39,Female,Others
984.jpg,0-2,Male,Black
985.jpg,20-29,Female,White
986.jpg,20-29,Female,Others
987.jpg,20-29,Female,Indian
988.jpg,30-39,Female,Indian
989.jpg,20-29,Female,White
99.jpg,40-49,Female,White
990.jpg,30-39,Female,Indian
991.jpg,20-29,Female,White
992.jpg,20-29,Female,Others
993.jpg,30-39,Female,White
994.jpg,30-39,Female,Others
995.jpg,30-39,Female,Indian
996.jpg,30-39,Female,White
997.jpg,30-39,Male,White
998.jpg,30-39,Male,White
999.jpg,60-69,Male,White
19.jpg,10-19,Female,White
190.jpg,0-2,Male,Asian
1900.jpg,none,none,none
1901.jpg,3-9,Male,Asian
1902.jpg,3-9,Female,Black
1903.jpg,20-29,Female,Black
1904.jpg,0-2,Female,White
1905.jpg,3-9,Male,Others
1906.jpg,0-2,Female,Others
1907.jpg,none,none,none
1908.jpg,0-2,Female,White
1909.jpg,0-2,Male,Asian
191.jpg,0-2,Male,White
1910.jpg,3-9,Female,White
1911.jpg,3-9,Female,Others
1912.jpg,0-2,Male,White
1913.jpg,3-9,Male,White
1914.jpg,3-9,Female,White
1915.jpg,3-9,Female,Black
1916.jpg,0-2,Male,White
1917.jpg,3-9,Female,Others
1918.jpg,3-9,Female,Asian
1919.jpg,3-9,Male,Asian
192.jpg,0-2,Male,White
1920.jpg,0-2,Female,Asian
1921.jpg,0-2,Male,Asian
1922.jpg,3-9,Female,Asian
1923.jpg,0-2,Female,Black
1924.jpg,none,none,none
1925.jpg,none,none,none
1926.jpg,3-9,Female,Asian
1927.jpg,3-9,Female,Asian
1928.jpg,3-9,Male,Asian
1929.jpg,none,none,none
193.jpg,0-2,Female,Asian
1930.jpg,0-2,Female,White
1931.jpg,20-29,Female,Black
1932.jpg,30-39,Female,Indian
1933.jpg,3-9,Female,Indian
1934.jpg,3-9,Female,Others
1935.jpg,60-69,Male,White
1936.jpg,30-39,Male,White
1937.jpg,40-49,Male,White
1938.jpg,30-39,Male,White
1939.jpg,30-39,Female,White
194.jpg,none,none,none
1940.jpg,60-69,Male,White
1941.jpg,40-49,Male,White
1942.jpg,40-49,Male,White
1943.jpg,30-39,Male,White
1944.jpg,40-49,Male,White
1945.jpg,30-39,Male,White
1946.jpg,40-49,Male,White
1947.jpg,30-39,Male,Indian
1948.jpg,30-39,Male,White
1949.jpg,40-49,Male,White
195.jpg,0-2,Female,Asian
1950.jpg,30-39,Male,White
1951.jpg,50-59,Male,White
1952.jpg,40-49,Male,White
1953.jpg,30-39,Male,White
1954.jpg,40-49,Male,White
1955.jpg,40-49,Male,White
1956.jpg,30-39,Male,White
1957.jpg,30-39,Male,White
1958.jpg,50-59,Male,White
1959.jpg,30-39,Male,White
196.jpg,none,none,none
1960.jpg,40-49,Male,White
1961.jpg,40-49,Male,White
1962.jpg,40-49,Male,Indian
1963.jpg,30-39,Male,Indian
1964.jpg,20-29,Male,White
1965.jpg,30-39,Male,Black
1966.jpg,20-29,Male,Black
1967.jpg,20-29,Male,Black
1968.jpg,30-39,Female,Black
1969.jpg,30-39,Male,Black
197.jpg,none,none,none
1970.jpg,40-49,Male,Indian
1971.jpg,30-39,Male,Asian
1972.jpg,30-39,Male,White
1973.jpg,30-39,Male,Black
1974.jpg,30-39,Male,White
1975.jpg,30-39,Male,Indian
1976.jpg,40-49,Male,Indian
1977.jpg,none,none,none
1978.jpg,30-39,Male,Indian
1979.jpg,30-39,Male,White
198.jpg,3-9,Female,White
1980.jpg,40-49,Female,White
1981.jpg,more than 70,Female,White
1982.jpg,30-39,Female,White
1983.jpg,40-49,Female,White
1984.jpg,40-49,Female,White
1985.jpg,40-49,Female,White
1986.jpg,30-39,Female,Asian
1987.jpg,30-39,Male,White
1988.jpg,30-39,Female,Asian
1989.jpg,40-49,Female,White
199.jpg,none,none,none
1990.jpg,30-39,Female,White
1991.jpg,30-39,Female,Black
1992.jpg,20-29,Female,Black
1993.jpg,20-29,Female,White
1994.jpg,30-39,Female,Black
1995.jpg,30-39,Male,Black
1996.jpg,40-49,Female,Black
1997.jpg,30-39,Female,Black
1998.jpg,30-39,Female,Black
1999.jpg,40-49,Female,Black
2.jpg,10-19,Male,White
20.jpg,3-9,Female,White
200.jpg,0-2,Male,Asian
2000.jpg,30-39,Female,Black
2001.jpg,20-29,Female,Black
2002.jpg,20-29,Female,Asian
2003.jpg,30-39,Female,White
2004.jpg,40-49,Female,Asian
2005.jpg,40-49,Female,Black
2006.jpg,30-39,Male,White
2007.jpg,30-39,Male,White
2008.jpg,40-49,Female,White
2009.jpg,30-39,Male,White
201.jpg,0-2,Male,Black
2010.jpg,10-19,Female,Black
2011.jpg,40-49,Male,Black
2012.jpg,30-39,Male,Asian
2013.jpg,30-39,Male,Asian
2014.jpg,40-49,Male,Indian
2015.jpg,30-39,Female,White
2016.jpg,40-49,Male,White
2017.jpg,30-39,Female,Black
2018.jpg,30-39,Female,Indian
2019.jpg,40-49,Male,White
202.jpg,0-2,Male,Asian
2020.jpg,30-39,Male,White
2021.jpg,30-39,Male,White
2022.jpg,30-39,Male,White
2023.jpg,40-49,Male,White
2024.jpg,30-39,Male,White
2025.jpg,40-49,Male,White
2026.jpg,none,none,none
2027.jpg,30-39,Male,Indian
2028.jpg,30-39,Male,White
2029.jpg,30-39,Male,Black
203.jpg,0-2,Male,Asian
2030.jpg,30-39,Male,Black
2031.jpg,20-29,Female,Indian
2032.jpg,30-39,Male,Black
2033.jpg,40-49,Male,Black
2034.jpg,30-39,Male,White
2035.jpg,30-39,Male,White
2036.jpg,30-39,Male,Indian
2037.jpg,30-39,Male,Indian
2038.jpg,40-49,Male,White
2039.jpg,40-49,Male,White
204.jpg,0-2,Female,Asian
2040.jpg,30-39,Male,Indian
2041.jpg,60-69,Male,Black
2042.jpg,30-39,Female,White
2043.jpg,30-39,Female,White
2044.jpg,40-49,Female,White
2045.jpg,40-49,Female,White
2046.jpg,30-39,Female,Indian
2047.jpg,30-39,Female,White
2048.jpg,30-39,Female,White
2049.jpg,40-49,Male,Asian
205.jpg,3-9,Male,Asian
2050.jpg,30-39,Female,Indian
2051.jpg,30-39,Female,Indian
2052.jpg,40-49,Male,White
2053.jpg,30-39,Male,White
2054.jpg,20-29,Male,White
2055.jpg,40-49,Male,Black
2056.jpg,30-39,Male,Indian
2057.jpg,30-39,Female,Indian
2058.jpg,40-49,Male,Indian
2059.jpg,30-39,Male,Black
206.jpg,20-29,Male,White
2060.jpg,30-39,Male,Indian
2061.jpg,30-39,Male,Indian
2062.jpg,40-49,Male,Indian
2063.jpg,30-39,Male,Indian
2064.jpg,40-49,Male,White
2065.jpg,40-49,Male,Indian
2066.jpg,30-39,Male,White
2067.jpg,30-39,Female,Black
2068.jpg,40-49,Male,Indian
2069.jpg,40-49,Male,White
207.jpg,0-2,Female,Asian
2070.jpg,50-59,Male,White
2071.jpg,30-39,Male,White
2072.jpg,30-39,Male,White
2073.jpg,40-49,Male,White
2074.jpg,30-39,Male,White
2075.jpg,30-39,Male,White
2076.jpg,40-49,Male,White
2077.jpg,30-39,Male,White
2078.jpg,40-49,Male,White
2079.jpg,none,none,none
208.jpg,0-2,Female,Asian
2080.jpg,40-49,Male,White
2081.jpg,30-39,Male,White
2082.jpg,50-59,Male,White
2083.jpg,30-39,Male,White
2084.jpg,30-39,Male,White
2085.jpg,40-49,Male,Black
2086.jpg,20-29,Female,Black
2087.jpg,none,none,none
2088.jpg,30-39,Male,Black
2089.jpg,30-39,Male,Others
209.jpg,0-2,Male,Asian
2090.jpg,none,none,none
2091.jpg,none,none,none
2092.jpg,30-39,Male,Indian
2093.jpg,30-39,Male,Indian
2094.jpg,30-39,Male,Indian
2095.jpg,30-39,Male,Indian
2096.jpg,40-49,Male,Indian
2097.jpg,30-39,Male,Indian
2098.jpg,30-39,Male,Indian
2099.jpg,40-49,Male,Indian
21.jpg,30-39,Female,White
210.jpg,3-9,Male,Asian
2100.jpg,40-49,Male,Indian
2101.jpg,40-49,Male,Indian
2102.jpg,40-49,Male,Indian
2103.jpg,50-59,Male,Indian
2104.jpg,40-49,Male,White
2105.jpg,30-39,Male,White
2106.jpg,30-39,Female,White
2107.jpg,30-39,Male,Indian
2108.jpg,40-49,Female,White
2109.jpg,40-49,Female,White
211.jpg,0-2,Male,Asian
2110.jpg,40-49,Female,White
2111.jpg,30-39,Female,White
2112.jpg,30-39,Male,White
2113.jpg,40-49,Female,White
2114.jpg,30-39,Female,White
2115.jpg,40-49,Female,Black
2116.jpg,20-29,Female,Black
2117.jpg,40-49,Female,Black
2118.jpg,30-39,Female,Black
2119.jpg,40-49,Female,Black
212.jpg,0-2,Male,Asian
2120.jpg,30-39,Female,Black
2121.jpg,30-39,Female,Asian
2122.jpg,30-39,Female,White
2123.jpg,40-49,Male,White
2124.jpg,40-49,Male,White
2125.jpg,40-49,Male,White
2126.jpg,40-49,Male,White
2127.jpg,40-49,Male,Indian
2128.jpg,30-39,Male,White
2129.jpg,40-49,Male,White
213.jpg,0-2,Male,Asian
2130.jpg,30-39,Male,Black
2131.jpg,30-39,Male,Asian
2132.jpg,30-39,Male,Indian
2133.jpg,40-49,Male,White
2134.jpg,50-59,Male,White
2135.jpg,30-39,Male,Indian
2136.jpg,10-19,Female,White
2137.jpg,40-49,Female,White
2138.jpg,40-49,Female,White
2139.jpg,30-39,Female,Black
214.jpg,0-2,Male,White
2140.jpg,30-39,Female,Indian
2141.jpg,40-49,Male,White
2142.jpg,40-49,Male,White
2143.jpg,50-59,Male,White
2144.jpg,none,none,none
2145.jpg,30-39,Male,Black
2146.jpg,40-49,Male,Indian
2147.jpg,40-49,Male,White
2148.jpg,40-49,Male,White
2149.jpg,40-49,Male,White
215.jpg,none,none,none
2150.jpg,40-49,Male,White
2151.jpg,30-39,Male,White
2152.jpg,40-49,Male,White
2153.jpg,30-39,Male,White
2154.jpg,30-39,Male,Black
2155.jpg,30-39,Male,Indian
2156.jpg,30-39,Male,Black
2157.jpg,40-49,Male,Indian
2158.jpg,40-49,Male,Indian
2159.jpg,40-49,Male,Indian
216.jpg,none,none,none
2160.jpg,30-39,Male,Indian
2161.jpg,3-9,Female,White
2162.jpg,40-49,Female,White
2163.jpg,50-59,Male,White
2164.jpg,30-39,Female,White
2165.jpg,30-39,Female,Indian
2166.jpg,30-39,Female,Indian
2167.jpg,40-49,Male,White
2168.jpg,30-39,Male,White
2169.jpg,40-49,Male,White
217.jpg,0-2,Male,Asian
2170.jpg,more than 70,Female,White
2171.jpg,30-39,Male,White
2172.jpg,40-49,Male,White
2173.jpg,50-59,Male,Black
2174.jpg,60-69,Male,Black
2175.jpg,40-49,Male,White
2176.jpg,40-49,Male,White
2177.jpg,40-49,Male,White
2178.jpg,40-49,Female,White
2179.jpg,40-49,Male,White
218.jpg,none,none,none
2180.jpg,30-39,Female,Black
2181.jpg,40-49,Female,Black
2182.jpg,20-29,Female,Indian
2183.jpg,30-39,Male,White
2184.jpg,40-49,Male,White
2185.jpg,40-49,Male,White
2186.jpg,more than 70,Male,White
2187.jpg,60-69,Male,Black
2188.jpg,40-49,Male,White
2189.jpg,30-39,Male,White
219.jpg,0-2,Female,Asian
2190.jpg,20-29,Male,Black
2191.jpg,60-69,Female,White
2192.jpg,40-49,Female,White
2193.jpg,30-39,Female,White
2194.jpg,30-39,Female,White
2195.jpg,40-49,Female,White
2196.jpg,40-49,Female,White
2197.jpg,40-49,Female,Indian
2198.jpg,3-9,Male,Asian
2199.jpg,0-2,Male,White
22.jpg,3-9,Male,White
220.jpg,0-2,Female,Asian
2200.jpg,0-2,Male,White
2201.jpg,3-9,Male,Indian
2202.jpg,3-9,Female,White
2203.jpg,3-9,Male,White
2204.jpg,3-9,Female,White
2205.jpg,none,none,none
2206.jpg,3-9,Male,Asian
2207.jpg,3-9,Male,Asian
2208.jpg,0-2,Male,Asian
2209.jpg,0-2,Male,Asian
221.jpg,0-2,Female,Asian
2210.jpg,3-9,Male,Asian
2211.jpg,3-9,Male,Asian
2212.jpg,3-9,Male,Indian
2213.jpg,none,none,none
2214.jpg,3-9,Male,Indian
2215.jpg,3-9,Male,Others
2216.jpg,0-2,Male,White
2217.jpg,3-9,Female,White
2218.jpg,0-2,Male,Indian
2219.jpg,10-19,Female,Black
222.jpg,0-2,Male,Asian
2220.jpg,0-2,Female,Others
2221.jpg,3-9,Male,Asian
2222.jpg,none,none,none
2223.jpg,3-9,Female,Asian
2224.jpg,3-9,Female,Indian
2225.jpg,3-9,Female,Asian
2226.jpg,3-9,Female,Indian
2227.jpg,10-19,Female,White
2228.jpg,3-9,Male,Indian
2229.jpg,3-9,Male,Indian
223.jpg,0-2,Male,Asian
2230.jpg,3-9,Female,Others
2231.jpg,3-9,Female,Black
2232.jpg,3-9,Female,Asian
2233.jpg,3-9,Female,Others
2234.jpg,3-9,Female,Indian
2235.jpg,30-39,Female,White
2236.jpg,40-49,Male,White
2237.jpg,40-49,Female,White
2238.jpg,50-59,Male,White
2239.jpg,50-59,Male,White
224.jpg,0-2,Female,Asian
2240.jpg,more than 70,Male,White
2241.jpg,40-49,Male,White
2242.jpg,40-49,Male,White
2243.jpg,40-49,Male,White
2244.jpg,40-49,Male,White
2245.jpg,30-39,Male,White
2246.jpg,50-59,Male,White
2247.jpg,30-39,Male,Indian
2248.jpg,50-59,Female,White
2249.jpg,50-59,Male,White
225.jpg,0-2,Male,Asian
2250.jpg,30-39,Female,White
2251.jpg,40-49,Male,White
2252.jpg,40-49,Male,White
2253.jpg,40-49,Male,White
2254.jpg,30-39,Male,White
2255.jpg,30-39,Male,White
2256.jpg,50-59,Male,White
2257.jpg,40-49,Male,Black
2258.jpg,50-59,Male,Black
2259.jpg,50-59,Male,Indian
226.jpg,0-2,Male,Asian
2260.jpg,40-49,Male,White
2261.jpg,30-39,Male,Black
2262.jpg,30-39,Male,Asian
2263.jpg,30-39,Male,White
2264.jpg,30-39,Female,Asian
2265.jpg,50-59,Male,Indian
2266.jpg,30-39,Male,Black
2267.jpg,40-49,Male,Indian
2268.jpg,40-49,Male,White
2269.jpg,50-59,Male,Indian
227.jpg,0-2,Male,Others
2270.jpg,40-49,Male,Indian
2271.jpg,50-59,Male,White
2272.jpg,30-39,Male,Indian
2273.jpg,30-39,Male,Indian
2274.jpg,30-39,Male,Indian
2275.jpg,30-39,Male,Black
2276.jpg,30-39,Male,Indian
2277.jpg,40-49,Male,White
2278.jpg,30-39,Male,White
2279.jpg,30-39,Male,Indian
228.jpg,none,none,none
2280.jpg,10-19,Female,White
2281.jpg,50-59,Female,White
2282.jpg,40-49,Female,White
2283.jpg,30-39,Female,White
2284.jpg,40-49,Female,White
2285.jpg,30-39,Female,White
2286.jpg,30-39,Female,White
2287.jpg,50-59,Female,White
2288.jpg,30-39,Female,White
2289.jpg,30-39,Female,White
229.jpg,0-2,Male,Asian
2290.jpg,20-29,Female,White
2291.jpg,30-39,Female,Black
2292.jpg,40-49,Male,Indian
2293.jpg,40-49,Female,Indian
2294.jpg,50-59,Male,White
2295.jpg,60-69,Male,White
2296.jpg,30-39,Male,Indian
2297.jpg,more than 70,Male,White
2298.jpg,50-59,Male,White
2299.jpg,50-59,Male,White
23.jpg,10-19,Female,Black
230.jpg,0-2,Male,Asian
2300.jpg,30-39,Male,White
2301.jpg,50-59,Male,White
2302.jpg,50-59,Male,White
2303.jpg,30-39,Male,Others
2304.jpg,40-49,Male,White
2305.jpg,50-59,Female,White
2306.jpg,30-39,Female,White
2307.jpg,50-59,Female,White
2308.jpg,40-49,Male,White
2309.jpg,30-39,Female,Black
231.jpg,none,none,none
2310.jpg,40-49,Male,Indian
2311.jpg,3-9,Female,White
2312.jpg,50-59,Male,White
2313.jpg,30-39,Male,White
2314.jpg,50-59,Male,White
2315.jpg,40-49,Male,White
2316.jpg,30-39,Male,White
2317.jpg,none,none,none
2318.jpg,60-69,Male,White
2319.jpg,30-39,Male,Black
232.jpg,30-39,Female,Asian
2320.jpg,30-39,Male,Black
2321.jpg,40-49,Male,Asian
2322.jpg,60-69,Male,Asian
2323.jpg,30-39,Male,Indian
2324.jpg,30-39,Male,Indian
2325.jpg,50-59,Male,Black
2326.jpg,40-49,Male,Indian
2327.jpg,50-59,Male,White
2328.jpg,30-39,Male,Indian
2329.jpg,60-69,Male,White
233.jpg,3-9,Female,Black
2330.jpg,30-39,Male,White
2331.jpg,40-49,Female,White
2332.jpg,50-59,Female,White
2333.jpg,40-49,Female,White
2334.jpg,30-39,Female,White
2335.jpg,20-29,Female,White
2336.jpg,30-39,Female,White
2337.jpg,30-39,Female,Black
2338.jpg,20-29,Female,Indian
2339.jpg,50-59,Male,White
234.jpg,0-2,Male,Indian
2340.jpg,50-59,Male,White
2341.jpg,40-49,Male,White
2342.jpg,30-39,Female,White
2343.jpg,30-39,Male,White
2344.jpg,30-39,Male,White
2345.jpg,30-39,Male,White
2346.jpg,50-59,Male,White
2347.jpg,40-49,Male,White
2348.jpg,40-49,Male,White
2349.jpg,50-59,Male,White
235.jpg,3-9,Male,White
2350.jpg,30-39,Male,White
2351.jpg,40-49,Male,White
2352.jpg,40-49,Male,White
2353.jpg,30-39,Male,White
2354.jpg,20-29,Male,Black
2355.jpg,30-39,Male,Indian
2356.jpg,40-49,Male,Indian
2357.jpg,30-39,Female,White
2358.jpg,10-19,Female,White
2359.jpg,60-69,Female,White
236.jpg,3-9,Male,Black
2360.jpg,60-69,Female,White
2361.jpg,30-39,Female,White
2362.jpg,30-39,Female,Black
2363.jpg,30-39,Female,Others
2364.jpg,30-39,Female,Indian
2365.jpg,20-29,Female,White
2366.jpg,40-49,Male,White
2367.jpg,30-39,Female,Black
2368.jpg,50-59,Male,White
2369.jpg,30-39,Male,Asian
237.jpg,none,none,none
2370.jpg,30-39,Male,White
2371.jpg,30-39,Male,White
2372.jpg,40-49,Male,White
2373.jpg,40-49,Male,White
2374.jpg,30-39,Male,White
2375.jpg,60-69,Female,Black
2376.jpg,40-49,Male,White
2377.jpg,30-39,Male,Black
2378.jpg,60-69,Male,White
2379.jpg,more than 70,Male,Asian
238.jpg,20-29,Male,Indian
2380.jpg,40-49,Male,Indian
2381.jpg,50-59,Male,Indian
2382.jpg,30-39,Male,Indian
2383.jpg,none,none,none
2384.jpg,30-39,Male,White
2385.jpg,50-59,Male,Indian
2386.jpg,50-59,Female,White
2387.jpg,40-49,Male,Indian
2388.jpg,more than 70,Male,White
2389.jpg,30-39,Male,Black
239.jpg,0-2,Male,Black
2390.jpg,40-49,Male,White
2391.jpg,30-39,Male,White
2392.jpg,50-59,Male,White
2393.jpg,30-39,Male,Indian
2394.jpg,50-59,Male,Indian
2395.jpg,50-59,Male,White
2396.jpg,30-39,Female,White
2397.jpg,50-59,Female,White
2398.jpg,30-39,Male,Others
2399.jpg,more than 70,Female,White
24.jpg,40-49,Male,White
240.jpg,0-2,Male,Indian
2400.jpg,20-29,Female,White
2401.jpg,60-69,Male,Black
2402.jpg,30-39,Female,Asian
2403.jpg,more than 70,Female,Asian
2404.jpg,30-39,Female,Indian
2405.jpg,40-49,Female,White
2406.jpg,40-49,Male,Indian
2407.jpg,50-59,Male,White
2408.jpg,40-49,Male,White
2409.jpg,50-59,Male,White
241.jpg,3-9,Female,Indian
2410.jpg,30-39,Male,White
2411.jpg,40-49,Male,White
2412.jpg,40-49,Male,White
2413.jpg,30-39,Male,White
2414.jpg,40-49,Male,White
2415.jpg,40-49,Male,Indian
2416.jpg,50-59,Male,White
2417.jpg,50-59,Male,White
2418.jpg,30-39,Male,Black
2419.jpg,40-49,Male,Indian
242.jpg,0-2,Female,Others
2420.jpg,50-59,Male,Black
2421.jpg,none,none,none
2422.jpg,30-39,Male,Asian
2423.jpg,50-59,Male,White
2424.jpg,50-59,Male,White
2425.jpg,40-49,Female,White
2426.jpg,40-49,Female,Indian
2427.jpg,40-49,Male,Indian
2428.jpg,30-39,Male,White
2429.jpg,30-39,Male,Indian
243.jpg,0-2,Female,White
2430.jpg,40-49,Male,Indian
2431.jpg,40-49,Male,White
2432.jpg,40-49,Male,Indian
2433.jpg,40-49,Male,Others
2434.jpg,50-59,Male,Indian
2435.jpg,40-49,Male,White
2436.jpg,40-49,Female,White
2437.jpg,50-59,Female,White
2438.jpg,30-39,Female,White
2439.jpg,50-59,Female,White
244.jpg,none,none,none
2440.jpg,40-49,Female,White
2441.jpg,30-39,Male,White
2442.jpg,40-49,Female,Black
2443.jpg,30-39,Female,Indian
2444.jpg,40-49,Female,Indian
2445.jpg,more than 70,Male,White
2446.jpg,40-49,Male,White
2447.jpg,50-59,Male,White
2448.jpg,40-49,Male,White
2449.jpg,40-49,Male,White
245.jpg,0-2,Male,Indian
2450.jpg,more than 70,Male,White
2451.jpg,40-49,Male,White
2452.jpg,30-39,Male,Black
2453.jpg,40-49,Female,Black
2454.jpg,50-59,Male,Black
2455.jpg,more than 70,Male,Indian
2456.jpg,20-29,Male,Black
2457.jpg,50-59,Male,Asian
2458.jpg,50-59,Male,Asian
2459.jpg,50-59,Male,Indian
246.jpg,0-2,Male,Asian
2460.jpg,none,none,none
2461.jpg,20-29,Female,White
2462.jpg,40-49,Female,White
2463.jpg,20-29,Female,Others
2464.jpg,30-39,Female,White
2465.jpg,60-69,Female,White
2466.jpg,30-39,Female,Others
2467.jpg,30-39,Female,Black
2468.jpg,30-39,Male,White
2469.jpg,30-39,Female,Black
247.jpg,none,none,none
2470.jpg,40-49,Female,Black
2471.jpg,30-39,Female,Black
2472.jpg,50-59,Male,White
2473.jpg,60-69,Male,White
2474.jpg,50-59,Male,White
2475.jpg,50-59,Male,White
2476.jpg,40-49,Male,White
2477.jpg,50-59,Male,White
2478.jpg,40-49,Male,White
2479.jpg,40-49,Male,White
248.jpg,0-2,Male,Indian
2480.jpg,30-39,Female,Black
2481.jpg,50-59,Male,White
2482.jpg,50-59,Male,White
2483.jpg,40-49,Male,White
2484.jpg,50-59,Male,White
2485.jpg,30-39,Male,White
2486.jpg,60-69,Male,White
2487.jpg,30-39,Male,White
2488.jpg,more than 70,Male,White
2489.jpg,30-39,Male,White
249.jpg,3-9,Female,Indian
2490.jpg,30-39,Male,White
2491.jpg,40-49,Male,White
2492.jpg,more than 70,Male,White
2493.jpg,40-49,Male,White
2494.jpg,more than 70,Female,White
2495.jpg,20-29,Female,White
2496.jpg,40-49,Male,White
2497.jpg,40-49,Female,White
2498.jpg,none,none,none
2499.jpg,more than 70,Male,White
25.jpg,3-9,Female,White
250.jpg,3-9,Female,Black
2500.jpg,more than 70,Male,White
2501.jpg,30-39,Male,White
2502.jpg,50-59,Male,White
2503.jpg,50-59,Male,White
2504.jpg,60-69,Male,White
2505.jpg,30-39,Male,Indian
2506.jpg,30-39,Male,White
2507.jpg,50-59,Male,White
2508.jpg,30-39,Male,White
2509.jpg,40-49,Male,White
251.jpg,0-2,Male,Asian
2510.jpg,50-59,Male,Indian
2511.jpg,40-49,Male,White
2512.jpg,50-59,Male,Indian
2513.jpg,40-49,Male,White
2514.jpg,50-59,Male,White
2515.jpg,50-59,Male,Indian
2516.jpg,more than 70,Male,Indian
2517.jpg,more than 70,Male,Indian
2518.jpg,60-69,Male,White
2519.jpg,50-59,Male,Indian
252.jpg,none,none,none
2520.jpg,50-59,Male,Indian
2521.jpg,more than 70,Female,White
2522.jpg,more than 70,Female,Black
2523.jpg,20-29,Female,Black
2524.jpg,40-49,Female,Indian
2525.jpg,50-59,Male,White
2526.jpg,40-49,Male,Asian
2527.jpg,60-69,Male,White
2528.jpg,50-59,Male,Indian
2529.jpg,30-39,Male,Indian
253.jpg,0-2,Female,Others
2530.jpg,30-39,Female,Asian
2531.jpg,3-9,Male,Black
2532.jpg,30-39,Female,Black
2533.jpg,0-2,Male,Asian
2534.jpg,10-19,Female,Others
2535.jpg,3-9,Male,Indian
2536.jpg,0-2,Female,Indian
2537.jpg,3-9,Female,White
2538.jpg,3-9,Female,Indian
2539.jpg,3-9,Female,Others
254.jpg,0-2,Male,Others
2540.jpg,3-9,Female,Indian
2541.jpg,30-39,Female,White
2542.jpg,3-9,Female,White
2543.jpg,3-9,Male,White
2544.jpg,3-9,Female,White
2545.jpg,3-9,Female,Others
2546.jpg,3-9,Female,Asian
2547.jpg,3-9,Male,Asian
2548.jpg,3-9,Female,White
2549.jpg,30-39,Female,Asian
255.jpg,0-2,Female,Others
2550.jpg,none,none,none
2551.jpg,none,none,none
2552.jpg,none,none,none
2553.jpg,3-9,Female,White
2554.jpg,30-39,Female,Asian
2555.jpg,3-9,Female,White
2556.jpg,20-29,Male,Indian
2557.jpg,50-59,Male,White
2558.jpg,50-59,Male,White
2559.jpg,more than 70,Male,White
256.jpg,0-2,Male,Others
2560.jpg,40-49,Male,White
2561.jpg,more than 70,Male,White
2562.jpg,30-39,Male,Indian
2563.jpg,30-39,Male,White
2564.jpg,60-69,Male,White
2565.jpg,50-59,Male,White
2566.jpg,40-49,Male,White
2567.jpg,20-29,Male,White
2568.jpg,40-49,Male,White
2569.jpg,60-69,Male,White
257.jpg,none,none,none
2570.jpg,40-49,Male,White
2571.jpg,60-69,Male,White
2572.jpg,30-39,Male,Black
2573.jpg,40-49,Male,Asian
2574.jpg,more than 70,Male,Asian
2575.jpg,50-59,Male,Asian
2576.jpg,60-69,Male,Asian
2577.jpg,30-39,Male,Black
2578.jpg,50-59,Male,White
2579.jpg,30-39,Male,Others
258.jpg,0-2,Male,Indian
2580.jpg,50-59,Male,Black
2581.jpg,30-39,Male,White
2582.jpg,40-49,Male,Indian
2583.jpg,30-39,Male,Indian
2584.jpg,50-59,Male,Indian
2585.jpg,60-69,Female,White
2586.jpg,60-69,Female,White
2587.jpg,60-69,Female,Asian
2588.jpg,30-39,Female,White
2589.jpg,10-19,Female,White
259.jpg,3-9,Female,White
2590.jpg,60-69,Female,White
2591.jpg,3-9,Female,White
2592.jpg,40-49,Female,White
2593.jpg,60-69,Female,Indian
2594.jpg,10-19,Female,White
2595.jpg,30-39,Female,White
2596.jpg,more than 70,Female,White
2597.jpg,60-69,Female,White
2598.jpg,more than 70,Female,White
2599.jpg,30-39,Female,Indian
26.jpg,10-19,Female,White
260.jpg,0-2,Female,Indian
2600.jpg,30-39,Female,Black
2601.jpg,more than 70,Female,White
2602.jpg,more than 70,Male,White
2603.jpg,more than 70,Male,White
2604.jpg,30-39,Male,White
2605.jpg,30-39,Female,Black
2606.jpg,10-19,Male,White
2607.jpg,30-39,Male,White
2608.jpg,50-59,Male,White
2609.jpg,30-39,Male,Black
261.jpg,0-2,Male,Others
2610.jpg,30-39,Male,Black
2611.jpg,none,none,none
2612.jpg,more than 70,Female,Asian
2613.jpg,40-49,Male,Indian
2614.jpg,50-59,Male,White
2615.jpg,50-59,Male,Indian
2616.jpg,40-49,Male,White
2617.jpg,60-69,Male,White
2618.jpg,30-39,Female,White
2619.jpg,none,none,none
262.jpg,0-2,Female,Others
2620.jpg,40-49,Male,Indian
2621.jpg,30-39,Female,White
2622.jpg,more than 70,Female,White
2623.jpg,40-49,Male,White
2624.jpg,40-49,Male,White
2625.jpg,more than 70,Male,White
2626.jpg,more than 70,Female,White
2627.jpg,more than 70,Male,White
2628.jpg,50-59,Male,White
2629.jpg,more than 70,Male,White
263.jpg,none,none,none
2630.jpg,50-59,Male,White
2631.jpg,60-69,Female,White
2632.jpg,more than 70,Male,Black
2633.jpg,60-69,Male,Indian
2634.jpg,more than 70,Male,White
2635.jpg,more than 70,Female,White
2636.jpg,40-49,Female,Black
2637.jpg,30-39,Female,White
2638.jpg,40-49,Female,Black
2639.jpg,40-49,Female,Indian
264.jpg,none,none,none
2640.jpg,3-9,Male,White
2641.jpg,more than 70,Female,White
2642.jpg,more than 70,Male,Indian
2643.jpg,more than 70,Male,White
2644.jpg,60-69,Male,White
2645.jpg,40-49,Male,White
2646.jpg,more than 70,Male,White
2647.jpg,60-69,Male,White
2648.jpg,30-39,Male,Black
2649.jpg,40-49,Male,Indian
265.jpg,0-2,Male,White
2650.jpg,50-59,Male,White
2651.jpg,60-69,Male,Indian
2652.jpg,30-39,Female,White
2653.jpg,60-69,Female,White
2654.jpg,40-49,Female,White
2655.jpg,more than 70,Male,White
2656.jpg,40-49,Female,White
2657.jpg,30-39,Male,White
2658.jpg,10-19,Male,White
2659.jpg,40-49,Male,Black
266.jpg,0-2,Female,White
2660.jpg,40-49,Male,White
2661.jpg,50-59,Male,White
2662.jpg,60-69,Male,White
2663.jpg,more than 70,Male,White
2664.jpg,more than 70,Male,Indian
2665.jpg,40-49,Male,White
2666.jpg,50-59,Male,White
2667.jpg,40-49,Male,White
2668.jpg,50-59,Male,Indian
2669.jpg,60-69,Male,White
267.jpg,0-2,Male,Asian
2670.jpg,30-39,Male,White
2671.jpg,50-59,Male,White
2672.jpg,none,none,none
2673.jpg,60-69,Male,White
2674.jpg,50-59,Male,White
2675.jpg,none,none,none
2676.jpg,10-19,Male,Black
2677.jpg,more than 70,Male,Black
2678.jpg,30-39,Female,Black
2679.jpg,50-59,Male,White
268.jpg,0-2,Male,White
2680.jpg,60-69,Male,White
2681.jpg,more than 70,Male,Black
2682.jpg,40-49,Male,Indian
2683.jpg,30-39,Male,White
2684.jpg,more than 70,Female,White
2685.jpg,30-39,Female,White
2686.jpg,more than 70,Female,White
2687.jpg,40-49,Female,White
2688.jpg,30-39,Female,White
2689.jpg,60-69,Female,White
269.jpg,3-9,Female,White
2690.jpg,30-39,Female,White
2691.jpg,none,none,none
2692.jpg,30-39,Female,White
2693.jpg,40-49,Female,Black
2694.jpg,30-39,Female,Asian
2695.jpg,40-49,Male,Black
2696.jpg,more than 70,Female,Black
2697.jpg,more than 70,Female,White
2698.jpg,40-49,Male,Indian
2699.jpg,40-49,Male,White
27.jpg,3-9,Male,Others
270.jpg,0-2,Female,White
2700.jpg,50-59,Male,White
2701.jpg,60-69,Male,White
2702.jpg,20-29,Male,White
2703.jpg,40-49,Female,White
2704.jpg,20-29,Female,White
2705.jpg,40-49,Male,White
2706.jpg,50-59,Male,White
2707.jpg,30-39,Male,Black
2708.jpg,more than 70,Male,Black
2709.jpg,50-59,Male,White
271.jpg,0-2,Female,Indian
2710.jpg,40-49,Male,Indian
2711.jpg,60-69,Female,White
2712.jpg,10-19,Female,White
2713.jpg,none,none,none
2714.jpg,60-69,Male,White
2715.jpg,more than 70,Male,White
2716.jpg,more than 70,Male,White
2717.jpg,50-59,Male,White
2718.jpg,more than 70,Male,White
2719.jpg,more than 70,Male,White
272.jpg,none,none,none
2720.jpg,40-49,Male,White
2721.jpg,none,none,none
2722.jpg,30-39,Male,Indian
2723.jpg,50-59,Male,Black
2724.jpg,30-39,Female,Black
2725.jpg,30-39,Male,White
2726.jpg,30-39,Female,White
2727.jpg,30-39,Female,Others
2728.jpg,30-39,Male,White
2729.jpg,30-39,Male,White
273.jpg,0-2,Male,Others
2730.jpg,50-59,Male,White
2731.jpg,40-49,Female,White
2732.jpg,more than 70,Female,White
2733.jpg,50-59,Female,White
2734.jpg,30-39,Female,White
2735.jpg,10-19,Female,White
2736.jpg,more than 70,Female,White
2737.jpg,more than 70,Male,White
2738.jpg,0-2,Male,Others
2739.jpg,3-9,Female,Indian
274.jpg,40-49,Male,White
2740.jpg,3-9,Female,White
2741.jpg,0-2,Male,White
2742.jpg,30-39,Female,Others
2743.jpg,30-39,Female,White
2744.jpg,3-9,Female,Others
2745.jpg,3-9,Female,White
2746.jpg,3-9,Female,Asian
2747.jpg,3-9,Male,Asian
2748.jpg,20-29,Female,Black
2749.jpg,30-39,Male,Indian
275.jpg,0-2,Female,White
2750.jpg,3-9,Female,Indian
2751.jpg,3-9,Female,Indian
2752.jpg,3-9,Male,Black
2753.jpg,more than 70,Male,White
2754.jpg,more than 70,Male,White
2755.jpg,50-59,Male,Indian
2756.jpg,60-69,Male,White
2757.jpg,50-59,Male,White
2758.jpg,40-49,Male,White
2759.jpg,60-69,Male,White
276.jpg,0-2,Male,White
2760.jpg,60-69,Male,Black
2761.jpg,50-59,Male,Black
2762.jpg,30-39,Female,White
2763.jpg,40-49,Female,White
2764.jpg,50-59,Male,White
2765.jpg,more than 70,Female,Indian
2766.jpg,30-39,Female,Black
2767.jpg,30-39,Male,Black
2768.jpg,more than 70,Male,White
2769.jpg,more than 70,Male,White
277.jpg,none,none,none
2770.jpg,more than 70,Female,Black
2771.jpg,50-59,Female,White
2772.jpg,more than 70,Male,White
2773.jpg,more than 70,Female,Black
2774.jpg,more than 70,Male,Black
2775.jpg,more than 70,Male,White
2776.jpg,50-59,Male,Black
2777.jpg,30-39,Female,Black
2778.jpg,50-59,Female,White
2779.jpg,more than 70,Female,White
278.jpg,3-9,Female,Indian
2780.jpg,more than 70,Female,White
2781.jpg,50-59,Female,White
2782.jpg,30-39,Female,Black
2783.jpg,60-69,Male,White
2784.jpg,40-49,Male,Black
2785.jpg,more than 70,Male,White
2786.jpg,30-39,Female,White
2787.jpg,50-59,Male,White
2788.jpg,more than 70,Female,White
2789.jpg,more than 70,Female,Black
279.jpg,0-2,Female,Asian
2790.jpg,more than 70,Female,White
2791.jpg,more than 70,Male,White
2792.jpg,more than 70,Female,White
2793.jpg,30-39,Male,White
2794.jpg,more than 70,Male,Black
2795.jpg,more than 70,Female,White
2796.jpg,40-49,Male,Black
2797.jpg,more than 70,Male,White
2798.jpg,more than 70,Male,White
2799.jpg,more than 70,Male,White
1.jpg,more than 70,Male,White
10.jpg,20-29,Female,Black
100.jpg,10-19,Female,Indian
1000.jpg,30-39,Male,White
1001.jpg,30-39,Male,White
1002.jpg,20-29,Male,White
1003.jpg,20-29,Male,White
1004.jpg,10-19,Female,White
1005.jpg,30-39,Male,Indian
1006.jpg,20-29,Male,White
1007.jpg,30-39,Male,Black
1008.jpg,20-29,Male,Black
1009.jpg,30-39,Male,Black
101.jpg,10-19,Male,White
1010.jpg,30-39,Male,Black
1011.jpg,20-29,Male,Black
1012.jpg,20-29,Male,Black
1013.jpg,20-29,Male,Asian
1014.jpg,20-29,Male,Indian
1015.jpg,30-39,Male,Indian
1016.jpg,20-29,Male,Indian
1017.jpg,20-29,Male,Indian
1018.jpg,20-29,Male,Others
1019.jpg,30-39,Male,Others
102.jpg,20-29,Male,White
1020.jpg,20-29,Male,Black
1021.jpg,30-39,Male,Indian
1022.jpg,30-39,Male,Indian
1023.jpg,30-39,Male,White
1024.jpg,30-39,Male,Others
1025.jpg,20-29,Male,Indian
1026.jpg,30-39,Female,White
1027.jpg,30-39,Female,White
1028.jpg,30-39,Female,White
1029.jpg,30-39,Female,Black
103.jpg,10-19,Male,White
1030.jpg,20-29,Female,Black
1031.jpg,30-39,Female,Black
1032.jpg,20-29,Female,Black
1033.jpg,30-39,Female,Indian
1034.jpg,20-29,Female,Black
1035.jpg,30-39,Female,Black
1036.jpg,30-39,Female,Black
1037.jpg,30-39,Female,Black
1038.jpg,10-19,Female,Asian
1039.jpg,10-19,Female,Asian
104.jpg,30-39,Female,White
1040.jpg,30-39,Female,Asian
1041.jpg,20-29,Female,Asian
1042.jpg,30-39,Female,Asian
1043.jpg,10-19,Female,Asian
1044.jpg,30-39,Female,Asian
1045.jpg,20-29,Female,Others
1046.jpg,20-29,Female,Asian
1047.jpg,20-29,Female,Asian
1048.jpg,30-39,Female,Asian
1049.jpg,0-2,Female,Asian
105.jpg,30-39,Male,White
1050.jpg,none,none,none
1051.jpg,20-29,Female,Others
1052.jpg,20-29,Female,Asian
1053.jpg,20-29,Female,Asian
1054.jpg,3-9,Female,Asian
1055.jpg,20-29,Female,Asian
1056.jpg,3-9,Female,Asian
1057.jpg,30-39,Female,Black
1058.jpg,20-29,Female,Indian
1059.jpg,30-39,Female,Indian
106.jpg,10-19,Male,White
1060.jpg,30-39,Female,White
1061.jpg,30-39,Female,White
1062.jpg,3-9,Female,Others
1063.jpg,20-29,Male,Others
1064.jpg,30-39,Male,White
1065.jpg,30-39,Male,White
1066.jpg,40-49,Male,White
1067.jpg,30-39,Male,White
1068.jpg,20-29,Male,White
1069.jpg,40-49,Male,White
107.jpg,10-19,Male,White
1070.jpg,40-49,Male,White
1071.jpg,30-39,Male,White
1072.jpg,40-49,Male,White
1073.jpg,30-39,Male,White
1074.jpg,20-29,Male,Others
1075.jpg,30-39,Male,White
1076.jpg,30-39,Male,White
1077.jpg,20-29,Male,White
1078.jpg,30-39,Male,Indian
1079.jpg,10-19,Male,White
108.jpg,30-39,Male,White
1080.jpg,30-39,Male,White
1081.jpg,20-29,Male,White
1082.jpg,20-29,Female,White
1083.jpg,40-49,Male,Black
1084.jpg,40-49,Male,Black
1085.jpg,20-29,Male,Indian
1086.jpg,none,none,none
1087.jpg,30-39,Male,Black
1088.jpg,30-39,Male,Black
1089.jpg,30-39,Male,White
109.jpg,40-49,Male,White
1090.jpg,20-29,Male,Black
1091.jpg,30-39,Male,Black
1092.jpg,30-39,Male,Black
1093.jpg,30-39,Male,Black
1094.jpg,20-29,Male,Black
1095.jpg,40-49,Male,Black
1096.jpg,20-29,Male,Black
1097.jpg,20-29,Male,Black
1098.jpg,30-39,Female,Black
1099.jpg,10-19,Male,Black
11.jpg,30-39,Female,Asian
110.jpg,10-19,Female,Indian
1100.jpg,30-39,Female,Asian
1101.jpg,20-29,Female,Asian
1102.jpg,20-29,Male,Asian
1103.jpg,20-29,Male,White
1104.jpg,30-39,Female,Asian
1105.jpg,20-29,Male,Black
1106.jpg,30-39,Male,Black
1107.jpg,30-39,Male,Indian
1108.jpg,30-39,Male,Indian
1109.jpg,20-29,Male,Indian
111.jpg,20-29,Female,White
1110.jpg,40-49,Male,Black
1111.jpg,none,none,none
1112.jpg,20-29,Male,Indian
1113.jpg,30-39,Male,Indian
1114.jpg,30-39,Male,Indian
1115.jpg,30-39,Male,Black
1116.jpg,30-39,Male,Indian
1117.jpg,30-39,Male,Indian
1118.jpg,30-39,Male,Indian
1119.jpg,30-39,Male,Indian
112.jpg,30-39,Female,Others
1120.jpg,20-29,Male,Indian
1121.jpg,30-39,Male,White
1122.jpg,30-39,Male,White
1123.jpg,30-39,Male,Indian
1124.jpg,none,none,none
1125.jpg,30-39,Female,White
1126.jpg,30-39,Female,White
1127.jpg,30-39,Female,White
1128.jpg,40-49,Female,White
1129.jpg,30-39,Female,Black
113.jpg,30-39,Female,White
1130.jpg,30-39,Female,Asian
1131.jpg,none,none,none
1132.jpg,10-19,Female,Black
1133.jpg,10-19,Female,White
1134.jpg,30-39,Female,White
1135.jpg,20-29,Female,Indian
1136.jpg,30-39,Male,White
1137.jpg,30-39,Female,White
1138.jpg,30-39,Female,White
1139.jpg,30-39,Female,White
114.jpg,40-49,Female,White
1140.jpg,40-49,Female,White
1141.jpg,20-29,Female,Black
1142.jpg,40-49,Female,Black
1143.jpg,30-39,Male,Black
1144.jpg,30-39,Male,Black
1145.jpg,40-49,Female,Black
1146.jpg,30-39,Female,Black
1147.jpg,30-39,Female,Black
1148.jpg,20-29,Female,Black
1149.jpg,30-39,Male,Black
115.jpg,20-29,Female,Black
1150.jpg,20-29,Female,Indian
1151.jpg,30-39,Female,Black
1152.jpg,20-29,Female,Black
1153.jpg,30-39,Female,Black
1154.jpg,30-39,Female,Black
1155.jpg,30-39,Female,Black
1156.jpg,30-39,Female,Black
1157.jpg,20-29,Female,Black
1158.jpg,20-29,Female,Asian
1159.jpg,30-39,Female,White
116.jpg,20-29,Female,Indian
1160.jpg,40-49,Female,Asian
1161.jpg,30-39,Female,Asian
1162.jpg,20-29,Female,Asian
1163.jpg,20-29,Female,Asian
1164.jpg,20-29,Female,Asian
1165.jpg,20-29,Female,Asian
1166.jpg,30-39,Female,White
1167.jpg,3-9,Female,Asian
1168.jpg,20-29,Female,Others
1169.jpg,20-29,Female,Asian
117.jpg,20-29,Female,Black
1170.jpg,20-29,Female,Asian
1171.jpg,30-39,Female,Asian
1172.jpg,30-39,Female,Asian
1173.jpg,30-39,Female,Asian
1174.jpg,30-39,Female,Asian
1175.jpg,3-9,Female,Asian
1176.jpg,3-9,Female,Asian
1177.jpg,30-39,Female,Indian
1178.jpg,30-39,Female,Indian
1179.jpg,20-29,Female,Indian
118.jpg,30-39,Female,White
1180.jpg,20-29,Female,Indian
1181.jpg,30-39,Female,Indian
1182.jpg,20-29,Male,Indian
1183.jpg,30-39,Female,Indian
1184.jpg,40-49,Female,Indian
1185.jpg,20-29,Female,Others
1186.jpg,30-39,Female,Others
1187.jpg,60-69,Female,White
1188.jpg,30-39,Female,White
1189.jpg,20-29,Female,Black
119.jpg,20-29,Female,Indian
1190.jpg,30-39,Female,White
1191.jpg,20-29,Female,Others
1192.jpg,30-39,Male,White
1193.jpg,30-39,Male,White
1194.jpg,30-39,Male,Indian
1195.jpg,30-39,Male,White
1196.jpg,30-39,Male,White
1197.jpg,30-39,Male,White
1198.jpg,30-39,Male,White
1199.jpg,40-49,Male,White
12.jpg,10-19,Male,Black
120.jpg,20-29,Male,White
1200.jpg,30-39,Female,Indian
1201.jpg,30-39,Male,White
1202.jpg,30-39,Male,White
1203.jpg,40-49,Male,White
1204.jpg,30-39,Male,White
1205.jpg,20-29,Male,White
1206.jpg,30-39,Male,Black
1207.jpg,30-39,Male,Black
1208.jpg,30-39,Male,Indian
1209.jpg,20-29,Male,Black
121.jpg,30-39,Male,Indian
1210.jpg,20-29,Male,Black
1211.jpg,none,none,none
1212.jpg,30-39,Male,Black
1213.jpg,30-39,Male,Indian
1214.jpg,none,none,none
1215.jpg,40-49,Male,Black
1216.jpg,40-49,Male,Black
1217.jpg,30-39,Male,Indian
1218.jpg,30-39,Male,Indian
1219.jpg,30-39,Male,Indian
122.jpg,30-39,Male,Black
1220.jpg,30-39,Male,Indian
1221.jpg,20-29,Male,Others
1222.jpg,20-29,Male,Indian
1223.jpg,30-39,Male,Indian
1224.jpg,40-49,Male,Indian
1225.jpg,30-39,Male,White
1226.jpg,40-49,Male,White
1227.jpg,30-39,Female,White
1228.jpg,40-49,Female,Others
1229.jpg,40-49,Female,White
123.jpg,20-29,Male,Black
1230.jpg,20-29,Female,White
1231.jpg,30-39,Female,White
1232.jpg,30-39,Female,White
1233.jpg,30-39,Female,White
1234.jpg,20-29,Female,White
1235.jpg,20-29,Female,White
1236.jpg,none,none,none
1237.jpg,20-29,Female,Black
1238.jpg,20-29,Female,Asian
1239.jpg,30-39,Female,Black
124.jpg,30-39,Male,Black
1240.jpg,20-29,Female,Black
1241.jpg,3-9,Female,Black
1242.jpg,30-39,Female,Black
1243.jpg,20-29,Female,Black
1244.jpg,20-29,Female,Black
1245.jpg,30-39,Female,Black
1246.jpg,20-29,Female,Black
1247.jpg,30-39,Female,Black
1248.jpg,30-39,Female,Asian
1249.jpg,30-39,Female,Indian
125.jpg,none,none,none
1250.jpg,20-29,Female,Asian
1251.jpg,20-29,Female,Asian
1252.jpg,30-39,Female,Asian
1253.jpg,none,none,none
1254.jpg,20-29,Female,Asian
1255.jpg,40-49,Female,Asian
1256.jpg,20-29,Female,Indian
1257.jpg,30-39,Female,Asian
1258.jpg,20-29,Female,Asian
1259.jpg,none,none,none
126.jpg,30-39,Female,Indian
1260.jpg,3-9,Male,White
1261.jpg,3-9,Female,Asian
1262.jpg,0-2,Female,Others
1263.jpg,3-9,Male,White
1264.jpg,3-9,Male,White
1265.jpg,3-9,Male,Indian
1266.jpg,0-2,Female,White
1267.jpg,30-39,Male,White
1268.jpg,10-19,Female,White
1269.jpg,3-9,Female,Asian
127.jpg,30-39,Male,Indian
1270.jpg,0-2,Male,Asian
1271.jpg,3-9,Male,Asian
1272.jpg,3-9,Male,Asian
1273.jpg,0-2,Male,Indian
1274.jpg,0-2,Male,Asian
1275.jpg,3-9,Female,Asian
1276.jpg,0-2,Male,Indian
1277.jpg,0-2,Female,Asian
1278.jpg,3-9,Male,Asian
1279.jpg,0-2,Male,Asian
128.jpg,10-19,Female,White
1280.jpg,0-2,Male,Asian
1281.jpg,0-2,Male,Asian
1282.jpg,0-2,Male,Asian
1283.jpg,0-2,Male,Asian
1284.jpg,0-2,Female,Asian
1285.jpg,3-9,Male,Indian
1286.jpg,0-2,Male,Indian
1287.jpg,0-2,Male,Asian
1288.jpg,0-2,Female,Indian
1289.jpg,3-9,Female,Indian
129.jpg,30-39,Female,White
1290.jpg,0-2,Male,White
1291.jpg,3-9,Female,White
1292.jpg,3-9,Female,White
1293.jpg,3-9,Female,White
1294.jpg,0-2,Female,Asian
1295.jpg,3-9,Male,White
1296.jpg,0-2,Female,White
1297.jpg,0-2,Female,White
1298.jpg,none,none,none
1299.jpg,0-2,Female,Indian
13.jpg,3-9,Male,Indian
130.jpg,30-39,Female,White
1300.jpg,0-2,Male,White
1301.jpg,none,none,none
1302.jpg,3-9,Male,Asian
1303.jpg,none,none,none
1304.jpg,0-2,Female,Asian
1305.jpg,0-2,Male,Asian
1306.jpg,0-2,Male,Asian
1307.jpg,none,none,none
1308.jpg,0-2,Female,Asian
1309.jpg,0-2,Male,Asian
131.jpg,40-49,Female,White
1310.jpg,0-2,Female,Black
1311.jpg,0-2,Male,Asian
1312.jpg,0-2,Female,Asian
1313.jpg,none,none,none
1314.jpg,0-2,Male,Asian
1315.jpg,0-2,Male,Asian
1316.jpg,3-9,Female,Asian
1317.jpg,0-2,Male,Asian
1318.jpg,0-2,Male,Asian
1319.jpg,0-2,Male,Asian
132.jpg,30-39,Female,Black
1320.jpg,0-2,Female,Asian
1321.jpg,3-9,Female,Black
1322.jpg,none,none,none
1323.jpg,none,none,none
1324.jpg,3-9,Male,White
1325.jpg,20-29,Female,Indian
1326.jpg,3-9,Female,Others
1327.jpg,3-9,Female,Others
1328.jpg,3-9,Male,Indian
1329.jpg,30-39,Male,Indian
133.jpg,10-19,Female,White
1330.jpg,3-9,Female,Asian
1331.jpg,0-2,Male,White
1332.jpg,none,none,none
1333.jpg,0-2,Male,Others
1334.jpg,0-2,Female,Indian
1335.jpg,0-2,Male,White
1336.jpg,0-2,Male,Asian
1337.jpg,10-19,Female,Asian
1338.jpg,30-39,Male,White
1339.jpg,30-39,Male,White
134.jpg,30-39,Female,White
1340.jpg,30-39,Male,White
1341.jpg,30-39,Male,White
1342.jpg,30-39,Male,White
1343.jpg,30-39,Male,White
1344.jpg,30-39,Male,White
1345.jpg,30-39,Male,White
1346.jpg,30-39,Male,White
1347.jpg,40-49,Male,White
1348.jpg,40-49,Male,White
1349.jpg,30-39,Male,White
135.jpg,30-39,Female,White
1350.jpg,30-39,Male,Indian
1351.jpg,30-39,Male,Indian
1352.jpg,30-39,Male,White
1353.jpg,20-29,Male,Black
1354.jpg,20-29,Female,Black
1355.jpg,30-39,Male,Black
1356.jpg,30-39,Male,Black
1357.jpg,30-39,Male,Black
1358.jpg,20-29,Female,Black
1359.jpg,30-39,Male,White
136.jpg,10-19,Female,Indian
1360.jpg,20-29,Male,Black
1361.jpg,40-49,Male,White
1362.jpg,40-49,Male,Indian
1363.jpg,30-39,Male,Indian
1364.jpg,10-19,Male,White
1365.jpg,30-39,Female,Asian
1366.jpg,30-39,Male,Asian
1367.jpg,30-39,Male,Asian
1368.jpg,none,none,none
1369.jpg,10-19,Male,Asian
137.jpg,3-9,Female,White
1370.jpg,20-29,Male,Black
1371.jpg,30-39,Male,Indian
1372.jpg,20-29,Male,Indian
1373.jpg,none,none,none
1374.jpg,20-29,Male,Indian
1375.jpg,10-19,Female,White
1376.jpg,30-39,Female,White
1377.jpg,30-39,Female,White
1378.jpg,20-29,Male,White
1379.jpg,30-39,Female,Indian
138.jpg,10-19,Female,Indian
1380.jpg,30-39,Female,Others
1381.jpg,30-39,Female,White
1382.jpg,30-39,Female,White
1383.jpg,20-29,Female,Indian
1384.jpg,20-29,Female,White
1385.jpg,30-39,Female,White
1386.jpg,20-29,Male,Indian
1387.jpg,none,none,none
1388.jpg,30-39,Female,White
1389.jpg,30-39,Female,White
139.jpg,10-19,Female,White
1390.jpg,40-49,Female,Indian
1391.jpg,20-29,Female,White
1392.jpg,30-39,Female,Indian
1393.jpg,30-39,Female,White
1394.jpg,30-39,Female,White
1395.jpg,30-39,Female,Indian
1396.jpg,none,none,none
1397.jpg,30-39,Female,White
1398.jpg,30-39,Female,White
1399.jpg,10-19,Female,White
14.jpg,3-9,Male,White
140.jpg,none,none,none
1400.jpg,30-39,Female,Black
1401.jpg,30-39,Female,Black
1402.jpg,20-29,Male,Black
1403.jpg,40-49,Female,Black
1404.jpg,30-39,Female,Asian
1405.jpg,30-39,Female,White
1406.jpg,30-39,Female,White
1407.jpg,more than 70,Female,Asian
1408.jpg,30-39,Female,White
1409.jpg,10-19,Female,Others
141.jpg,30-39,Female,White
1410.jpg,20-29,Female,Indian
1411.jpg,30-39,Female,White
1412.jpg,20-29,Female,Others
1413.jpg,20-29,Female,Asian
1414.jpg,40-49,Female,White
1415.jpg,20-29,Female,Indian
1416.jpg,30-39,Female,Asian
1417.jpg,30-39,Female,Black
1418.jpg,30-39,Female,Indian
1419.jpg,30-39,Female,Indian
142.jpg,30-39,Female,White
1420.jpg,30-39,Female,Indian
1421.jpg,30-39,Female,Indian
1422.jpg,30-39,Male,Indian
1423.jpg,30-39,Female,Indian
1424.jpg,30-39,Female,Indian
1425.jpg,20-29,Female,Indian
1426.jpg,20-29,Female,Indian
1427.jpg,30-39,Female,Indian
1428.jpg,60-69,Female,White
1429.jpg,30-39,Female,White
143.jpg,none,none,none
1430.jpg,30-39,Female,White
1431.jpg,30-39,Female,Indian
1432.jpg,30-39,Male,White
1433.jpg,30-39,Male,White
1434.jpg,40-49,Male,White
1435.jpg,30-39,Male,White
1436.jpg,30-39,Male,White
1437.jpg,30-39,Male,Black
1438.jpg,40-49,Male,Black
1439.jpg,30-39,Male,Indian
144.jpg,20-29,Female,Black
1440.jpg,20-29,Male,Black
1441.jpg,30-39,Male,Black
1442.jpg,30-39,Male,White
1443.jpg,30-39,Male,Asian
1444.jpg,30-39,Male,Indian
1445.jpg,30-39,Male,Indian
1446.jpg,30-39,Male,Indian
1447.jpg,30-39,Male,White
1448.jpg,more than 70,Female,White
1449.jpg,30-39,Female,White
145.jpg,20-29,Female,Asian
1450.jpg,30-39,Female,Indian
1451.jpg,40-49,Female,Others
1452.jpg,30-39,Female,Black
1453.jpg,40-49,Female,Black
1454.jpg,40-49,Female,Black
1455.jpg,10-19,Female,Black
1456.jpg,30-39,Female,Black
1457.jpg,40-49,Female,Black
1458.jpg,30-39,Female,Black
1459.jpg,30-39,Female,Black
146.jpg,60-69,Female,Asian
1460.jpg,20-29,Female,Indian
1461.jpg,20-29,Female,Black
1462.jpg,30-39,Female,Black
1463.jpg,3-9,Female,Asian
1464.jpg,30-39,Female,Asian
1465.jpg,20-29,Female,Indian
1466.jpg,30-39,Female,Indian
1467.jpg,30-39,Female,Indian
1468.jpg,20-29,Female,Black
1469.jpg,30-39,Female,White
147.jpg,30-39,Female,Indian
1470.jpg,30-39,Female,Others
1471.jpg,40-49,Male,White
1472.jpg,40-49,Male,White
1473.jpg,30-39,Male,White
1474.jpg,60-69,Male,White
1475.jpg,30-39,Male,White
1476.jpg,30-39,Male,Others
1477.jpg,30-39,Female,White
1478.jpg,30-39,Male,White
1479.jpg,30-39,Male,White
148.jpg,30-39,Female,Indian
1480.jpg,30-39,Male,White
1481.jpg,20-29,Female,White
1482.jpg,20-29,Male,White
1483.jpg,30-39,Male,White
1484.jpg,30-39,Male,White
1485.jpg,30-39,Male,Indian
1486.jpg,30-39,Male,White
1487.jpg,30-39,Male,Black
1488.jpg,30-39,Male,Black
1489.jpg,30-39,Male,Black
149.jpg,30-39,Female,Indian
1490.jpg,30-39,Male,Black
1491.jpg,30-39,Male,Black
1492.jpg,none,none,none
1493.jpg,30-39,Male,Black
1494.jpg,30-39,Male,Indian
1495.jpg,30-39,Female,Black
1496.jpg,30-39,Male,Black
1497.jpg,30-39,Male,Black
1498.jpg,30-39,Male,Indian
1499.jpg,30-39,Male,Asian
15.jpg,10-19,Female,Indian
150.jpg,40-49,Female,Others
1500.jpg,30-39,Male,Indian
1501.jpg,30-39,Male,Others
1502.jpg,40-49,Male,Indian
1503.jpg,40-49,Male,Indian
1504.jpg,20-29,Male,Indian
1505.jpg,30-39,Female,White
1506.jpg,30-39,Female,White
1507.jpg,30-39,Male,Indian
1508.jpg,3-9,Male,White
1509.jpg,none,none,none
151.jpg,10-19,Female,White
1510.jpg,30-39,Female,White
1511.jpg,30-39,Female,White
1512.jpg,40-49,Female,White
1513.jpg,40-49,Female,White
1514.jpg,30-39,Female,Others
1515.jpg,30-39,Female,White
1516.jpg,30-39,Female,White
1517.jpg,10-19,Female,White
1518.jpg,20-29,Male,Black
1519.jpg,none,none,none
152.jpg,20-29,Male,Black
1520.jpg,20-29,Female,Indian
1521.jpg,20-29,Female,White
1522.jpg,30-39,Female,White
1523.jpg,30-39,Female,White
1524.jpg,10-19,Female,Black
1525.jpg,30-39,Female,Others
1526.jpg,30-39,Female,Black
1527.jpg,more than 70,Female,White
1528.jpg,30-39,Female,Black
1529.jpg,30-39,Female,Black
153.jpg,30-39,Female,White
1530.jpg,3-9,Male,Black
1531.jpg,30-39,Female,Black
1532.jpg,30-39,Female,Black
1533.jpg,30-39,Female,Others
1534.jpg,20-29,Female,Black
1535.jpg,30-39,Female,Black
1536.jpg,30-39,Male,Black
1537.jpg,30-39,Female,Black
1538.jpg,20-29,Female,Black
1539.jpg,20-29,Female,Black
154.jpg,30-39,Female,White
1540.jpg,20-29,Female,Others
1541.jpg,30-39,Female,Asian
1542.jpg,20-29,Female,White
1543.jpg,0-2,Female,Indian
1544.jpg,30-39,Female,Asian
1545.jpg,20-29,Female,Others
1546.jpg,30-39,Female,Asian
1547.jpg,30-39,Female,Asian
1548.jpg,10-19,Male,Asian
1549.jpg,20-29,Female,White
155.jpg,10-19,Male,White
1550.jpg,30-39,Female,White
1551.jpg,30-39,Female,Others
1552.jpg,20-29,Female,Indian
1553.jpg,60-69,Female,White
1554.jpg,40-49,Female,White
1555.jpg,30-39,Female,White
1556.jpg,30-39,Female,White
1557.jpg,30-39,Female,White
1558.jpg,30-39,Female,Black
1559.jpg,30-39,Female,White
156.jpg,20-29,Male,White
1560.jpg,20-29,Female,Indian
1561.jpg,30-39,Male,White
1562.jpg,50-59,Male,Black
1563.jpg,30-39,Male,Asian
1564.jpg,30-39,Female,White
1565.jpg,30-39,Female,White
1566.jpg,40-49,Male,White
1567.jpg,30-39,Female,White
1568.jpg,30-39,Female,White
1569.jpg,30-39,Female,Indian
157.jpg,30-39,Female,Asian
1570.jpg,30-39,Female,Black
1571.jpg,30-39,Female,Black
1572.jpg,30-39,Female,Asian
1573.jpg,30-39,Female,Indian
1574.jpg,10-19,Female,White
1575.jpg,30-39,Male,White
1576.jpg,30-39,Male,White
1577.jpg,40-49,Male,White
1578.jpg,30-39,Male,White
1579.jpg,30-39,Female,White
158.jpg,30-39,Female,Indian
1580.jpg,30-39,Male,White
1581.jpg,10-19,Male,White
1582.jpg,30-39,Male,White
1583.jpg,30-39,Male,Black
1584.jpg,30-39,Male,White
1585.jpg,20-29,Male,Black
1586.jpg,30-39,Male,Black
1587.jpg,30-39,Male,Black
1588.jpg,30-39,Male,Black
1589.jpg,30-39,Male,Indian
159.jpg,30-39,Female,Indian
1590.jpg,none,none,none
1591.jpg,30-39,Male,White
1592.jpg,30-39,Male,Indian
1593.jpg,30-39,Male,Indian
1594.jpg,30-39,Male,Black
1595.jpg,30-39,Male,Indian
1596.jpg,40-49,Male,Indian
1597.jpg,30-39,Male,Indian
1598.jpg,30-39,Female,Others
1599.jpg,30-39,Female,White
16.jpg,10-19,Female,White
160.jpg,30-39,Female,Others
1600.jpg,40-49,Female,White
1601.jpg,more than 70,Female,White
1602.jpg,30-39,Female,Others
1603.jpg,30-39,Female,Others
1604.jpg,30-39,Female,White
1605.jpg,30-39,Female,Black
1606.jpg,30-39,Female,Black
1607.jpg,30-39,Male,Black
1608.jpg,30-39,Female,Asian
1609.jpg,20-29,Male,Black
161.jpg,0-2,Male,Asian
1610.jpg,20-29,Female,Black
1611.jpg,30-39,Female,Black
1612.jpg,30-39,Female,Black
1613.jpg,30-39,Female,Black
1614.jpg,30-39,Female,Black
1615.jpg,30-39,Female,Others
1616.jpg,30-39,Female,Indian
1617.jpg,20-29,Male,Black
1618.jpg,30-39,Female,Black
1619.jpg,30-39,Female,Black
162.jpg,0-2,Female,White
1620.jpg,40-49,Female,Black
1621.jpg,30-39,Female,White
1622.jpg,20-29,Female,Indian
1623.jpg,30-39,Female,Indian
1624.jpg,30-39,Female,Indian
1625.jpg,40-49,Male,White
1626.jpg,40-49,Male,White
1627.jpg,30-39,Male,White
1628.jpg,40-49,Male,White
1629.jpg,50-59,Male,White
163.jpg,0-2,Female,White
1630.jpg,40-49,Male,White
1631.jpg,40-49,Male,Indian
1632.jpg,40-49,Male,White
1633.jpg,30-39,Male,White
1634.jpg,30-39,Male,White
1635.jpg,30-39,Male,White
1636.jpg,30-39,Male,Others
1637.jpg,30-39,Male,White
1638.jpg,30-39,Male,Others
1639.jpg,50-59,Male,White
164.jpg,30-39,Male,White
1640.jpg,40-49,Male,White
1641.jpg,30-39,Male,White
1642.jpg,30-39,Male,White
1643.jpg,40-49,Female,White
1644.jpg,40-49,Male,White
1645.jpg,30-39,Male,White
1646.jpg,30-39,Female,Black
1647.jpg,40-49,Male,White
1648.jpg,30-39,Male,White
1649.jpg,30-39,Male,White
165.jpg,0-2,Male,White
1650.jpg,30-39,Male,White
1651.jpg,30-39,Male,Black
1652.jpg,30-39,Male,Black
1653.jpg,40-49,Male,Black
1654.jpg,30-39,Male,Black
1655.jpg,30-39,Male,Others
1656.jpg,40-49,Male,Black
1657.jpg,40-49,Male,Black
1658.jpg,40-49,Male,Indian
1659.jpg,20-29,Male,White
166.jpg,0-2,Female,White
1660.jpg,30-39,Male,White
1661.jpg,30-39,Male,Black
1662.jpg,30-39,Male,Black
1663.jpg,30-39,Male,Black
1664.jpg,40-49,Male,Black
1665.jpg,40-49,Male,Black
1666.jpg,30-39,Male,Indian
1667.jpg,more than 70,Male,Asian
1668.jpg,30-39,Male,White
1669.jpg,30-39,Male,White
167.jpg,none,none,none
1670.jpg,30-39,Male,Indian
1671.jpg,40-49,Male,Indian
1672.jpg,40-49,Male,Indian
1673.jpg,30-39,Male,Indian
1674.jpg,20-29,Male,Indian
1675.jpg,30-39,Male,Black
1676.jpg,30-39,Male,White
1677.jpg,30-39,Male,Indian
1678.jpg,30-39,Male,Indian
1679.jpg,30-39,Female,Indian
168.jpg,0-2,Female,White
1680.jpg,20-29,Male,Black
1681.jpg,30-39,Male,Indian
1682.jpg,20-29,Male,Indian
1683.jpg,30-39,Male,Indian
1684.jpg,30-39,Female,Black
1685.jpg,40-49,Female,White
1686.jpg,3-9,Female,White
1687.jpg,30-39,Female,White
1688.jpg,30-39,Female,Indian
1689.jpg,30-39,Female,White
169.jpg,3-9,Female,White
1690.jpg,10-19,Female,Indian
1691.jpg,20-29,Female,Indian
1692.jpg,40-49,Female,White
1693.jpg,30-39,Female,White
1694.jpg,30-39,Female,White
1695.jpg,40-49,Female,White
1696.jpg,30-39,Female,Indian
1697.jpg,30-39,Female,Indian
1698.jpg,20-29,Female,White
1699.jpg,20-29,Female,White
17.jpg,10-19,Female,White
170.jpg,0-2,Female,White
1700.jpg,30-39,Female,Black
1701.jpg,40-49,Female,White
1702.jpg,0-2,Female,Asian
1703.jpg,20-29,Female,Black
1704.jpg,30-39,Female,Black
1705.jpg,30-39,Female,Black
1706.jpg,20-29,Female,Black
1707.jpg,none,none,none
1708.jpg,30-39,Female,Black
1709.jpg,20-29,Female,Black
171.jpg,0-2,Male,Asian
1710.jpg,20-29,Male,White
1711.jpg,30-39,Male,Black
1712.jpg,30-39,Female,Black
1713.jpg,30-39,Female,Asian
1714.jpg,30-39,Female,Black
1715.jpg,20-29,Female,Black
1716.jpg,30-39,Female,White
1717.jpg,30-39,Female,Indian
1718.jpg,10-19,Female,Indian
1719.jpg,30-39,Female,Others
172.jpg,0-2,Male,White
1720.jpg,30-39,Female,Indian
1721.jpg,40-49,Female,Asian
1722.jpg,30-39,Female,White
1723.jpg,30-39,Female,Others
1724.jpg,30-39,Male,White
1725.jpg,30-39,Male,White
1726.jpg,30-39,Male,White
1727.jpg,more than 70,Female,Indian
1728.jpg,40-49,Male,White
1729.jpg,40-49,Male,White
173.jpg,0-2,Male,Indian
1730.jpg,30-39,Male,Others
1731.jpg,30-39,Female,White
1732.jpg,30-39,Male,White
1733.jpg,20-29,Male,Black
1734.jpg,30-39,Male,Black
1735.jpg,40-49,Male,Black
1736.jpg,30-39,Male,Black
1737.jpg,30-39,Male,Black
1738.jpg,20-29,Male,Black
1739.jpg,30-39,Male,Black
174.jpg,0-2,Male,White
1740.jpg,50-59,Male,White
1741.jpg,30-39,Male,Asian
1742.jpg,30-39,Male,White
1743.jpg,30-39,Male,Asian
1744.jpg,30-39,Male,Asian
1745.jpg,40-49,Male,White
1746.jpg,30-39,Male,White
1747.jpg,30-39,Male,Indian
1748.jpg,3-9,Male,White
1749.jpg,30-39,Male,Black
175.jpg,0-2,Female,White
1750.jpg,30-39,Female,Indian
1751.jpg,30-39,Male,Indian
1752.jpg,30-39,Male,Indian
1753.jpg,30-39,Male,Indian
1754.jpg,40-49,Male,White
1755.jpg,40-49,Male,White
1756.jpg,30-39,Female,White
1757.jpg,40-49,Female,White
1758.jpg,30-39,Female,White
1759.jpg,30-39,Female,White
176.jpg,0-2,Female,White
1760.jpg,more than 70,Female,White
1761.jpg,30-39,Female,White
1762.jpg,30-39,Female,White
1763.jpg,more than 70,Female,Black
1764.jpg,30-39,Female,Indian
1765.jpg,20-29,Female,White
1766.jpg,30-39,Female,White
1767.jpg,30-39,Female,Black
1768.jpg,20-29,Female,White
1769.jpg,20-29,Female,Black
177.jpg,0-2,Male,Black
1770.jpg,20-29,Male,Black
1771.jpg,30-39,Female,Black
1772.jpg,30-39,Female,Black
1773.jpg,30-39,Female,Black
1774.jpg,30-39,Female,Black
1775.jpg,30-39,Female,Black
1776.jpg,20-29,Female,Others
1777.jpg,20-29,Female,Black
1778.jpg,3-9,Female,Indian
1779.jpg,30-39,Female,White
178.jpg,0-2,Male,Black
1780.jpg,30-39,Female,Indian
1781.jpg,30-39,Female,Indian
1782.jpg,20-29,Male,Asian
1783.jpg,60-69,Male,White
1784.jpg,50-59,Female,White
1785.jpg,30-39,Male,White
1786.jpg,30-39,Male,White
1787.jpg,30-39,Male,White
1788.jpg,30-39,Male,White
1789.jpg,10-19,Male,White
179.jpg,0-2,Female,Others
1790.jpg,30-39,Male,Indian
1791.jpg,30-39,Male,Black
1792.jpg,30-39,Male,Black
1793.jpg,40-49,Male,Black
1794.jpg,30-39,Male,Black
1795.jpg,30-39,Male,Indian
1796.jpg,30-39,Male,Indian
1797.jpg,30-39,Male,Indian
1798.jpg,30-39,Male,Indian
1799.jpg,30-39,Male,Indian
18.jpg,10-19,Female,White
180.jpg,0-2,Male,Asian
1800.jpg,30-39,Male,Indian
1801.jpg,30-39,Male,Indian
1802.jpg,30-39,Male,White
1803.jpg,30-39,Male,Indian
1804.jpg,30-39,Male,White
1805.jpg,20-29,Female,Indian
1806.jpg,30-39,Female,White
1807.jpg,30-39,Male,White
1808.jpg,30-39,Female,Others
1809.jpg,40-49,Female,White
181.jpg,none,none,none
1810.jpg,30-39,Female,Others
1811.jpg,3-9,Female,White
1812.jpg,40-49,Female,Indian
1813.jpg,50-59,Male,Black
1814.jpg,20-29,Female,Indian
1815.jpg,30-39,Female,White
1816.jpg,50-59,Female,White
1817.jpg,30-39,Male,Indian
1818.jpg,40-49,Male,White
1819.jpg,40-49,Male,White
182.jpg,0-2,Male,Others
1820.jpg,30-39,Male,White
1821.jpg,30-39,Male,White
1822.jpg,30-39,Male,Indian
1823.jpg,30-39,Male,White
1824.jpg,30-39,Male,White
1825.jpg,20-29,Male,Black
1826.jpg,40-49,Male,White
1827.jpg,20-29,Male,Indian
1828.jpg,30-39,Male,Black
1829.jpg,30-39,Male,White
183.jpg,none,none,none
1830.jpg,40-49,Male,White
1831.jpg,30-39,Male,Black
1832.jpg,40-49,Female,Indian
1833.jpg,30-39,Male,Indian
1834.jpg,30-39,Male,Others
1835.jpg,60-69,Female,White
1836.jpg,30-39,Female,Indian
1837.jpg,30-39,Female,White
1838.jpg,30-39,Female,Others
1839.jpg,40-49,Female,White
184.jpg,none,none,none
1840.jpg,60-69,Female,White
1841.jpg,40-49,Female,White
1842.jpg,30-39,Female,Indian
1843.jpg,30-39,Female,Black
1844.jpg,20-29,Female,Black
1845.jpg,10-19,Female,Black
1846.jpg,30-39,Female,Black
1847.jpg,10-19,Female,Black
1848.jpg,30-39,Female,Black
1849.jpg,30-39,Female,Black
185.jpg,0-2,Male,Asian
1850.jpg,30-39,Female,Black
1851.jpg,20-29,Female,Indian
1852.jpg,30-39,Female,Indian
1853.jpg,30-39,Female,Indian
1854.jpg,30-39,Female,Indian
1855.jpg,20-29,Female,Others
1856.jpg,20-29,Female,Indian
1857.jpg,40-49,Female,Asian
1858.jpg,30-39,Female,White
1859.jpg,40-49,Male,White
186.jpg,0-2,Male,Asian
1860.jpg,30-39,Male,White
1861.jpg,30-39,Male,White
1862.jpg,30-39,Male,White
1863.jpg,30-39,Male,White
1864.jpg,30-39,Male,Black
1865.jpg,40-49,Male,White
1866.jpg,40-49,Male,White
1867.jpg,30-39,Male,White
1868.jpg,30-39,Male,White
1869.jpg,30-39,Male,White
187.jpg,0-2,Male,Asian
1870.jpg,30-39,Male,White
1871.jpg,40-49,Male,White
1872.jpg,30-39,Male,White
1873.jpg,none,none,none
1874.jpg,30-39,Male,Indian
1875.jpg,30-39,Male,Black
1876.jpg,30-39,Male,Black
1877.jpg,30-39,Male,Black
1878.jpg,10-19,Male,Asian
1879.jpg,30-39,Male,Indian
188.jpg,none,none,none
1880.jpg,30-39,Male,Indian
1881.jpg,30-39,Male,Indian
1882.jpg,30-39,Female,White
1883.jpg,30-39,Male,White
1884.jpg,more than 70,Male,White
1885.jpg,30-39,Female,White
1886.jpg,20-29,Female,White
1887.jpg,40-49,Female,Black
1888.jpg,30-39,Female,Black
1889.jpg,20-29,Female,Black
189.jpg,0-2,Male,Asian
1890.jpg,20-29,Female,White
1891.jpg,30-39,Female,Indian
1892.jpg,30-39,Female,Black
1893.jpg,0-2,Male,White
1894.jpg,0-2,Female,Asian
1895.jpg,40-49,Female,White
1896.jpg,30-39,Female,Black
1897.jpg,3-9,Female,Black
1898.jpg,3-9,Female,Indian
1899.jpg,3-9,Male,Asian
