100.jpg,20-29,Female,White
10004.jpg,20-29,Female,Asian
10012.jpg,20-29,Female,Asian
10013.jpg,none,none,none
10018.jpg,20-29,Female,Indian
10019.jpg,20-29,Female,Black
10022.jpg,none,none,none
10024.jpg,20-29,Male,Black
10025.jpg,none,none,none
10029.jpg,none,none,none
10030.jpg,20-29,Female,White
10039.jpg,40-49,Male,Indian
10043.jpg,20-29,Female,Asian
10044.jpg,50-59,Male,White
10053.jpg,30-39,Male,White
10054.jpg,10-19,Female,White
10056.jpg,20-29,Female,Indian
10059.jpg,30-39,Male,White
10061.jpg,30-39,Male,Black
10062.jpg,20-29,Male,Indian
10064.jpg,10-19,Female,White
10065.jpg,30-39,Female,Asian
10067.jpg,20-29,Female,White
10069.jpg,none,none,none
10079.jpg,20-29,Female,Indian
10081.jpg,30-39,Male,White
10084.jpg,20-29,Male,Indian
10087.jpg,30-39,Male,White
10088.jpg,none,none,none
10089.jpg,20-29,Male,White
10094.jpg,none,none,none
10100.jpg,10-19,Female,White
10106.jpg,20-29,Female,Indian
10108.jpg,30-39,Male,Indian
10109.jpg,30-39,Male,Indian
1011.jpg,20-29,Female,Indian
10115.jpg,none,none,none
10116.jpg,20-29,Female,White
10118.jpg,30-39,Female,White
1012.jpg,50-59,Female,White
10125.jpg,20-29,Male,Black
10129.jpg,30-39,Male,White
10132.jpg,none,none,none
10134.jpg,none,none,none
10135.jpg,30-39,Male,Asian
10140.jpg,50-59,Male,Asian
10146.jpg,20-29,Female,Asian
10147.jpg,20-29,Male,Black
10153.jpg,20-29,Female,White
10156.jpg,20-29,Male,Black
10167.jpg,30-39,Male,Black
10172.jpg,20-29,Female,Black
10173.jpg,20-29,Male,White
10178.jpg,20-29,Female,Asian
10180.jpg,30-39,Female,Black
10181.jpg,none,none,none
10194.jpg,20-29,Male,White
10197.jpg,20-29,Male,Indian
1020.jpg,20-29,Male,Indian
10200.jpg,20-29,Male,Asian
10202.jpg,20-29,Female,Indian
10203.jpg,30-39,Male,Indian
10205.jpg,20-29,Female,Indian
10206.jpg,20-29,Female,Indian
10214.jpg,20-29,Female,Asian
10215.jpg,30-39,Male,White
10216.jpg,30-39,Female,White
10217.jpg,20-29,Male,White
10226.jpg,10-19,Female,Black
10228.jpg,0-2,Male,Indian
1023.jpg,none,none,none
10231.jpg,30-39,Female,White
10240.jpg,10-19,Female,Asian
10241.jpg,30-39,Male,White
10242.jpg,30-39,Female,Indian
10243.jpg,30-39,Female,Asian
10248.jpg,0-2,Female,Indian
10251.jpg,none,none,none
10255.jpg,20-29,Male,Indian
10258.jpg,none,none,none
10260.jpg,none,none,none
10264.jpg,none,none,none
10266.jpg,none,none,none
10284.jpg,30-39,Male,Indian
10285.jpg,20-29,Female,Black
10289.jpg,50-59,Male,White
1029.jpg,20-29,Female,Black
10290.jpg,30-39,Male,White
10291.jpg,20-29,Female,White
10292.jpg,20-29,Male,Black
10293.jpg,20-29,Male,White
10294.jpg,none,none,none
10296.jpg,30-39,Male,White
10305.jpg,20-29,Male,White
10306.jpg,30-39,Female,Indian
10315.jpg,none,none,none
10316.jpg,20-29,Male,Black
1032.jpg,20-29,Male,Indian
10324.jpg,none,none,none
10325.jpg,20-29,Male,White
10337.jpg,20-29,Female,Black
10338.jpg,30-39,Female,Black
10343.jpg,20-29,Male,Black
10350.jpg,none,none,none
10361.jpg,30-39,Male,White
10363.jpg,20-29,Male,White
10384.jpg,20-29,Male,Asian
10389.jpg,30-39,Male,Indian
1039.jpg,20-29,Male,Black
10395.jpg,30-39,Male,Black
1040.jpg,20-29,Male,White
10400.jpg,none,none,none
10402.jpg,20-29,Male,Indian
10407.jpg,none,none,none
10413.jpg,10-19,Female,White
10416.jpg,none,none,none
10420.jpg,none,none,none
1043.jpg,10-19,Male,Indian
10430.jpg,20-29,Male,White
10434.jpg,none,none,none
10435.jpg,30-39,Male,Black
10436.jpg,20-29,Male,White
10437.jpg,40-49,Female,White
10439.jpg,none,none,none
10440.jpg,20-29,Female,White
10442.jpg,30-39,Female,Indian
10445.jpg,20-29,Male,Black
10447.jpg,20-29,Male,White
10452.jpg,20-29,Male,Black
10463.jpg,20-29,Female,Indian
10465.jpg,none,none,none
10473.jpg,40-49,Female,White
10477.jpg,none,none,none
1048.jpg,50-59,Male,Indian
10481.jpg,20-29,Female,White
10484.jpg,30-39,Male,White
10485.jpg,20-29,Female,White
10487.jpg,30-39,Male,Black
10489.jpg,20-29,Male,White
1049.jpg,30-39,Male,Black
10494.jpg,50-59,Female,Black
10496.jpg,none,none,none
10497.jpg,20-29,Male,White
10500.jpg,20-29,Male,Indian
10505.jpg,20-29,Female,Asian
10508.jpg,20-29,Male,Indian
10514.jpg,30-39,Male,White
10515.jpg,20-29,Male,Black
10518.jpg,20-29,Male,Indian
10521.jpg,none,none,none
10525.jpg,30-39,Male,Black
10527.jpg,20-29,Female,Asian
10530.jpg,20-29,Female,White
10531.jpg,20-29,Female,White
10534.jpg,20-29,Female,Black
10535.jpg,none,none,none
10537.jpg,20-29,Female,Indian
1054.jpg,20-29,Male,Indian
10542.jpg,20-29,Female,Indian
10543.jpg,20-29,Female,Indian
10545.jpg,20-29,Male,White
10546.jpg,20-29,Male,Asian
10551.jpg,50-59,Male,Indian
10554.jpg,50-59,Male,White
10557.jpg,20-29,Male,Black
1056.jpg,20-29,Male,Asian
10560.jpg,60-69,Male,Black
10561.jpg,20-29,Female,Indian
10564.jpg,20-29,Female,White
10566.jpg,30-39,Male,White
10569.jpg,30-39,Male,White
10573.jpg,20-29,Female,White
10574.jpg,20-29,Male,Black
10575.jpg,20-29,Male,Asian
10576.jpg,50-59,Male,Black
10578.jpg,30-39,Male,Indian
10580.jpg,50-59,Male,Indian
10585.jpg,30-39,Female,Asian
10586.jpg,none,none,none
10587.jpg,20-29,Female,Black
10590.jpg,50-59,Male,Indian
10591.jpg,20-29,Female,Asian
10592.jpg,20-29,Male,White
10593.jpg,50-59,Male,White
10595.jpg,none,none,none
10597.jpg,20-29,Female,Indian
1060.jpg,30-39,Male,Asian
10603.jpg,20-29,Female,Black
10607.jpg,20-29,Male,Indian
10614.jpg,30-39,Male,White
10616.jpg,3-9,Male,White
10632.jpg,none,none,none
10634.jpg,none,none,none
10639.jpg,40-49,Female,Indian
10643.jpg,20-29,Male,Black
10644.jpg,20-29,Female,Indian
10650.jpg,20-29,Male,Black
10651.jpg,20-29,Male,Black
10653.jpg,more than 70,Female,Black
10654.jpg,40-49,Female,Indian
10655.jpg,20-29,Female,White
10657.jpg,20-29,Female,White
10658.jpg,20-29,Female,Black
1066.jpg,20-29,Male,Black
10662.jpg,20-29,Male,White
10667.jpg,20-29,Male,White
10671.jpg,20-29,Female,Indian
10673.jpg,20-29,Female,Asian
10675.jpg,30-39,Female,Indian
10680.jpg,20-29,Male,White
10683.jpg,none,none,none
10686.jpg,none,none,none
10687.jpg,20-29,Female,White
1069.jpg,20-29,Female,Black
10692.jpg,20-29,Female,Indian
10693.jpg,20-29,Female,White
10694.jpg,20-29,Female,Indian
10696.jpg,20-29,Female,Asian
10700.jpg,20-29,Male,Indian
10703.jpg,50-59,Male,White
10705.jpg,30-39,Male,White
1071.jpg,none,none,none
10711.jpg,20-29,Male,Indian
10713.jpg,30-39,Male,Indian
10715.jpg,20-29,Male,Indian
1072.jpg,20-29,Female,Asian
10720.jpg,none,none,none
10722.jpg,30-39,Female,White
10724.jpg,30-39,Male,White
10728.jpg,40-49,Male,Asian
10729.jpg,none,none,none
10731.jpg,none,none,none
10732.jpg,30-39,Female,White
10736.jpg,10-19,Male,Indian
10738.jpg,none,none,none
10740.jpg,none,none,none
10741.jpg,20-29,Female,White
10743.jpg,20-29,Male,Black
1075.jpg,none,none,none
10750.jpg,none,none,none
10751.jpg,30-39,Male,Black
10754.jpg,20-29,Male,Black
10755.jpg,30-39,Male,Asian
1076.jpg,20-29,Female,White
10762.jpg,none,none,none
10769.jpg,more than 70,Male,Black
10771.jpg,30-39,Male,Indian
10773.jpg,30-39,Male,Indian
10778.jpg,20-29,Female,Indian
10779.jpg,30-39,Female,White
10780.jpg,none,none,none
10782.jpg,none,none,none
10785.jpg,20-29,Male,Black
10787.jpg,20-29,Female,White
10791.jpg,30-39,Male,Black
10799.jpg,20-29,Male,Black
108.jpg,20-29,Male,Indian
10802.jpg,20-29,Female,Indian
10804.jpg,20-29,Male,Others
10806.jpg,20-29,Male,White
10808.jpg,20-29,Male,Black
1081.jpg,40-49,Male,Asian
10812.jpg,50-59,Female,White
10813.jpg,20-29,Male,White
10816.jpg,30-39,Male,Indian
1082.jpg,30-39,Male,Indian
10820.jpg,none,none,none
10821.jpg,20-29,Male,Black
10823.jpg,20-29,Male,White
10827.jpg,20-29,Female,White
10830.jpg,20-29,Male,White
10832.jpg,30-39,Female,Black
10834.jpg,20-29,Male,Asian
1084.jpg,10-19,Female,White
10842.jpg,20-29,Female,Asian
10845.jpg,none,none,none
1085.jpg,20-29,Male,Indian
10851.jpg,20-29,Female,White
10857.jpg,40-49,Male,Indian
10861.jpg,20-29,Male,Indian
10867.jpg,20-29,Male,Black
10868.jpg,20-29,Female,Others
10873.jpg,50-59,Female,White
10879.jpg,40-49,Male,Indian
10882.jpg,none,none,none
10887.jpg,20-29,Male,Indian
10888.jpg,10-19,Male,Indian
10889.jpg,20-29,Female,Black
1089.jpg,20-29,Male,Indian
10891.jpg,20-29,Male,Black
10897.jpg,30-39,Male,Asian
1090.jpg,30-39,Male,Indian
10901.jpg,20-29,Male,Black
10904.jpg,none,none,none
10907.jpg,20-29,Male,White
10908.jpg,40-49,Female,White
10910.jpg,20-29,Male,Indian
10912.jpg,30-39,Male,White
10919.jpg,30-39,Male,Black
1092.jpg,none,none,none
10923.jpg,20-29,Female,Black
10925.jpg,20-29,Male,Indian
10946.jpg,30-39,Female,Indian
10947.jpg,40-49,Male,White
10953.jpg,none,none,none
10954.jpg,30-39,Male,Indian
1096.jpg,20-29,Female,White
110.jpg,30-39,Male,Indian
1100.jpg,20-29,Male,Black
1102.jpg,20-29,Male,Asian
1104.jpg,none,none,none
1107.jpg,20-29,Male,White
1108.jpg,20-29,Male,White
1111.jpg,20-29,Male,Black
1113.jpg,none,none,none
1117.jpg,30-39,Female,Black
1123.jpg,20-29,Male,Black
1126.jpg,40-49,Male,Indian
1127.jpg,30-39,Female,White
1129.jpg,20-29,Male,Black
113.jpg,none,none,none
1130.jpg,40-49,Male,White
1135.jpg,20-29,Male,Indian
1143.jpg,none,none,none
1146.jpg,none,none,none
1147.jpg,none,none,none
1156.jpg,20-29,Female,White
1158.jpg,20-29,Male,Black
1160.jpg,20-29,Male,White
1161.jpg,none,none,none
1162.jpg,20-29,Female,Asian
1163.jpg,20-29,Male,Indian
1166.jpg,none,none,none
1169.jpg,40-49,Male,White
1183.jpg,none,none,none
1184.jpg,30-39,Male,Indian
1186.jpg,40-49,Male,White
1189.jpg,30-39,Male,White
1191.jpg,20-29,Female,Asian
1194.jpg,20-29,Male,White
1196.jpg,20-29,Male,Indian
1198.jpg,none,none,none
120.jpg,20-29,Male,Black
1200.jpg,none,none,none
1204.jpg,20-29,Male,Asian
1213.jpg,30-39,Male,Indian
1216.jpg,none,none,none
122.jpg,20-29,Male,Indian
1224.jpg,20-29,Female,Asian
1225.jpg,30-39,Male,White
1228.jpg,40-49,Male,White
1240.jpg,10-19,Female,White
1249.jpg,none,none,none
1250.jpg,20-29,Male,Indian
1254.jpg,none,none,none
1255.jpg,20-29,Male,White
1257.jpg,20-29,Female,Indian
1267.jpg,none,none,none
1268.jpg,none,none,none
1276.jpg,20-29,Female,Black
1277.jpg,50-59,Male,Black
1284.jpg,none,none,none
1286.jpg,20-29,Female,White
1288.jpg,none,none,none
129.jpg,20-29,Male,White
1294.jpg,none,none,none
1297.jpg,30-39,Male,Indian
1302.jpg,30-39,Female,Indian
1304.jpg,20-29,Female,Asian
1305.jpg,30-39,Male,White
1312.jpg,20-29,Female,Indian
132.jpg,20-29,Male,Black
1321.jpg,20-29,Male,Black
1322.jpg,20-29,Male,White
1329.jpg,0-2,Male,White
1334.jpg,none,none,none
1340.jpg,20-29,Male,Indian
1341.jpg,30-39,Male,Black
1347.jpg,20-29,Male,Black
1353.jpg,20-29,Male,Indian
1357.jpg,20-29,Male,Indian
1361.jpg,20-29,Male,Black
1363.jpg,20-29,Male,Asian
1369.jpg,none,none,none
137.jpg,none,none,none
1372.jpg,30-39,Male,Indian
1374.jpg,20-29,Female,White
1382.jpg,none,none,none
139.jpg,40-49,Male,White
1392.jpg,20-29,Male,White
1394.jpg,more than 70,Male,White
1404.jpg,30-39,Male,White
1408.jpg,none,none,none
1409.jpg,30-39,Male,Indian
1422.jpg,20-29,Female,Asian
1423.jpg,20-29,Male,Black
1424.jpg,20-29,Female,White
1426.jpg,none,none,none
1433.jpg,none,none,none
1435.jpg,30-39,Male,White
1437.jpg,3-9,Female,Asian
144.jpg,none,none,none
1443.jpg,30-39,Female,Indian
1445.jpg,3-9,Female,Asian
1451.jpg,none,none,none
1456.jpg,20-29,Female,Black
1457.jpg,20-29,Female,Black
146.jpg,none,none,none
1460.jpg,30-39,Male,White
1462.jpg,20-29,Male,Indian
1464.jpg,20-29,Female,Black
1465.jpg,none,none,none
1477.jpg,30-39,Male,White
1488.jpg,30-39,Male,Black
1491.jpg,20-29,Male,White
1495.jpg,20-29,Male,Black
1501.jpg,20-29,Male,Indian
1502.jpg,20-29,Female,Indian
1512.jpg,30-39,Male,Black
1514.jpg,20-29,Male,Asian
1518.jpg,20-29,Male,White
1520.jpg,20-29,Male,White
1531.jpg,30-39,Male,White
1532.jpg,30-39,Female,White
1534.jpg,20-29,Female,Black
1537.jpg,20-29,Female,Indian
1538.jpg,20-29,Male,White
1542.jpg,0-2,Female,White
1548.jpg,30-39,Male,White
155.jpg,20-29,Male,Black
1552.jpg,none,none,none
1554.jpg,20-29,Female,Asian
1555.jpg,20-29,Female,Black
1558.jpg,none,none,none
1559.jpg,50-59,Male,White
156.jpg,none,none,none
1562.jpg,none,none,none
1566.jpg,50-59,Female,Indian
157.jpg,30-39,Male,White
1572.jpg,20-29,Female,Indian
1579.jpg,20-29,Male,Asian
1580.jpg,20-29,Female,Indian
1582.jpg,none,none,none
1583.jpg,20-29,Male,Indian
1588.jpg,20-29,Male,Asian
1591.jpg,more than 70,Male,Black
1592.jpg,20-29,Female,White
1594.jpg,20-29,Female,Indian
160.jpg,20-29,Female,Black
161.jpg,30-39,Male,White
1613.jpg,20-29,Male,White
1614.jpg,20-29,Female,Indian
1617.jpg,20-29,Male,Indian
1626.jpg,30-39,Male,Indian
1631.jpg,none,none,none
1632.jpg,20-29,Male,Asian
1634.jpg,none,none,none
1635.jpg,20-29,Female,White
1639.jpg,30-39,Male,White
1641.jpg,none,none,none
1649.jpg,20-29,Male,Indian
165.jpg,20-29,Male,Black
1650.jpg,none,none,none
1653.jpg,50-59,Male,Indian
1654.jpg,20-29,Female,Indian
1655.jpg,20-29,Female,Indian
1658.jpg,more than 70,Male,White
1659.jpg,40-49,Male,Indian
1660.jpg,40-49,Male,Indian
1663.jpg,30-39,Male,Black
1665.jpg,20-29,Female,Black
1667.jpg,none,none,none
167.jpg,20-29,Female,Black
1670.jpg,30-39,Male,Black
1672.jpg,50-59,Female,White
1673.jpg,none,none,none
1674.jpg,40-49,Male,Indian
1677.jpg,20-29,Female,White
168.jpg,20-29,Female,Indian
1687.jpg,0-2,Female,Asian
1690.jpg,40-49,Male,White
1693.jpg,30-39,Male,Indian
170.jpg,20-29,Female,Asian
1701.jpg,20-29,Male,White
1705.jpg,50-59,Male,Indian
171.jpg,30-39,Female,Black
1711.jpg,30-39,Female,Indian
1715.jpg,20-29,Male,White
172.jpg,none,none,none
1723.jpg,20-29,Female,Asian
1726.jpg,50-59,Female,White
1730.jpg,30-39,Male,Black
1736.jpg,20-29,Female,Asian
1738.jpg,20-29,Female,Black
1743.jpg,20-29,Female,Indian
1745.jpg,30-39,Male,Black
1751.jpg,20-29,Male,Indian
1753.jpg,30-39,Female,Indian
1754.jpg,30-39,Male,White
1757.jpg,20-29,Female,Indian
1761.jpg,20-29,Female,White
1768.jpg,20-29,Male,Indian
1769.jpg,20-29,Male,White
1770.jpg,none,none,none
1771.jpg,20-29,Male,Indian
1772.jpg,40-49,Male,White
1773.jpg,30-39,Male,Black
1779.jpg,20-29,Male,Indian
178.jpg,20-29,Male,Black
1782.jpg,none,none,none
1785.jpg,30-39,Male,Black
1795.jpg,20-29,Female,Indian
1798.jpg,30-39,Male,White
1806.jpg,20-29,Male,White
1807.jpg,20-29,Male,White
1809.jpg,20-29,Male,Asian
1818.jpg,20-29,Male,White
1819.jpg,50-59,Male,Indian
1820.jpg,30-39,Female,Asian
1831.jpg,20-29,Male,Indian
1839.jpg,20-29,Female,Indian
1849.jpg,20-29,Male,Black
1850.jpg,0-2,Female,Asian
1851.jpg,20-29,Male,White
1853.jpg,20-29,Male,Black
1858.jpg,50-59,Male,Black
1863.jpg,none,none,none
1867.jpg,more than 70,Male,White
1870.jpg,none,none,none
1877.jpg,30-39,Male,White
188.jpg,none,none,none
1880.jpg,20-29,Male,Black
1883.jpg,30-39,Male,Indian
1884.jpg,20-29,Female,White
1886.jpg,none,none,none
1899.jpg,20-29,Male,Indian
1907.jpg,30-39,Male,White
1908.jpg,30-39,Male,White
191.jpg,50-59,Male,White
1910.jpg,none,none,none
1913.jpg,20-29,Male,Indian
1914.jpg,20-29,Male,Indian
1918.jpg,3-9,Male,Indian
1921.jpg,20-29,Male,Indian
1922.jpg,40-49,Male,Indian
1927.jpg,50-59,Female,White
1928.jpg,30-39,Male,White
1930.jpg,20-29,Female,White
1936.jpg,20-29,Female,Black
1942.jpg,20-29,Male,White
1944.jpg,20-29,Male,Indian
1946.jpg,20-29,Female,Indian
1947.jpg,20-29,Male,White
1948.jpg,20-29,Male,Indian
1950.jpg,20-29,Male,White
1957.jpg,30-39,Female,Asian
196.jpg,30-39,Female,White
1964.jpg,20-29,Male,Black
1966.jpg,50-59,Male,Black
197.jpg,30-39,Male,Black
1977.jpg,20-29,Male,White
1980.jpg,none,none,none
1987.jpg,20-29,Male,Indian
1988.jpg,20-29,Male,Black
1989.jpg,30-39,Male,Black
1992.jpg,20-29,Female,Indian
1993.jpg,none,none,none
1998.jpg,30-39,Male,Indian
2.jpg,20-29,Female,Asian
2005.jpg,20-29,Male,Indian
2006.jpg,20-29,Male,Black
2008.jpg,30-39,Male,Black
2012.jpg,20-29,Female,Asian
2013.jpg,40-49,Male,Indian
2015.jpg,20-29,Female,Black
2016.jpg,20-29,Female,White
2025.jpg,20-29,Male,Indian
2033.jpg,none,none,none
2036.jpg,30-39,Male,White
2038.jpg,20-29,Male,Indian
2045.jpg,none,none,none
2047.jpg,none,none,none
2048.jpg,20-29,Male,Black
205.jpg,20-29,Male,Black
2054.jpg,20-29,Female,Indian
2056.jpg,30-39,Male,White
2059.jpg,none,none,none
2066.jpg,20-29,Female,White
2068.jpg,30-39,Male,Indian
2069.jpg,20-29,Female,White
207.jpg,30-39,Male,White
2074.jpg,30-39,Male,Indian
2079.jpg,none,none,none
2080.jpg,none,none,none
2082.jpg,20-29,Male,Indian
2086.jpg,none,none,none
2087.jpg,20-29,Female,White
2089.jpg,20-29,Female,Asian
209.jpg,none,none,none
2093.jpg,20-29,Female,Indian
2097.jpg,3-9,Female,Asian
2099.jpg,40-49,Male,Indian
2100.jpg,20-29,Female,Indian
2101.jpg,40-49,Female,White
2106.jpg,40-49,Female,White
2107.jpg,50-59,Male,White
2109.jpg,20-29,Female,Indian
211.jpg,20-29,Male,Black
2110.jpg,none,none,none
2115.jpg,20-29,Male,Black
2117.jpg,20-29,Male,Black
2120.jpg,50-59,Male,White
2126.jpg,50-59,Male,Indian
213.jpg,20-29,Female,Indian
2130.jpg,30-39,Male,White
2132.jpg,none,none,none
2133.jpg,30-39,Female,Indian
2134.jpg,30-39,Male,Black
2137.jpg,20-29,Female,Indian
2140.jpg,30-39,Male,Indian
2141.jpg,20-29,Female,White
2145.jpg,none,none,none
2146.jpg,20-29,Male,Asian
2147.jpg,20-29,Female,Black
2149.jpg,30-39,Male,White
2153.jpg,20-29,Male,Black
2156.jpg,none,none,none
2160.jpg,none,none,none
2162.jpg,20-29,Male,Asian
2167.jpg,20-29,Female,Asian
2175.jpg,20-29,Male,Indian
2177.jpg,20-29,Male,Black
2180.jpg,none,none,none
2183.jpg,none,none,none
2186.jpg,30-39,Male,Indian
2189.jpg,0-2,Male,Asian
2193.jpg,20-29,Male,White
2194.jpg,20-29,Male,Others
2197.jpg,40-49,Male,Indian
220.jpg,30-39,Male,White
2201.jpg,30-39,Male,White
2202.jpg,30-39,Male,Black
2205.jpg,20-29,Male,Indian
2208.jpg,20-29,Female,White
221.jpg,40-49,Female,Indian
2212.jpg,30-39,Female,Black
2214.jpg,20-29,Female,Asian
2222.jpg,20-29,Male,White
2227.jpg,none,none,none
2236.jpg,20-29,Male,Black
2237.jpg,none,none,none
2243.jpg,30-39,Male,Indian
2245.jpg,none,none,none
2252.jpg,30-39,Male,Indian
2256.jpg,20-29,Female,White
2257.jpg,30-39,Male,White
2258.jpg,20-29,Male,Indian
2259.jpg,20-29,Male,White
2262.jpg,20-29,Female,Black
2263.jpg,20-29,Male,Indian
2266.jpg,10-19,Female,White
2268.jpg,50-59,Male,White
2278.jpg,20-29,Male,Indian
2279.jpg,20-29,Male,Black
2281.jpg,none,none,none
2282.jpg,none,none,none
2283.jpg,none,none,none
2288.jpg,20-29,Male,Black
2303.jpg,20-29,Female,Black
2306.jpg,20-29,Male,Black
2308.jpg,none,none,none
2310.jpg,20-29,Female,Indian
2312.jpg,30-39,Female,Black
2313.jpg,20-29,Male,Asian
232.jpg,20-29,Female,Black
2320.jpg,30-39,Male,Asian
2324.jpg,30-39,Male,Indian
2327.jpg,30-39,Male,Indian
2328.jpg,20-29,Male,Black
2339.jpg,20-29,Female,Asian
2342.jpg,20-29,Female,Indian
2344.jpg,none,none,none
2345.jpg,none,none,none
2347.jpg,none,none,none
2350.jpg,20-29,Male,White
236.jpg,20-29,Female,Black
2366.jpg,30-39,Male,White
2367.jpg,20-29,Female,White
237.jpg,none,none,none
2371.jpg,20-29,Male,Indian
2372.jpg,20-29,Male,White
2378.jpg,20-29,Female,Asian
2380.jpg,20-29,Male,Black
2384.jpg,40-49,Female,White
2385.jpg,none,none,none
2388.jpg,50-59,Male,White
24.jpg,40-49,Male,White
2404.jpg,20-29,Male,Indian
2411.jpg,20-29,Male,White
2412.jpg,20-29,Male,White
2420.jpg,30-39,Male,Asian
2421.jpg,20-29,Female,Black
2426.jpg,30-39,Female,Indian
2435.jpg,30-39,Male,Indian
2441.jpg,20-29,Female,Asian
2451.jpg,none,none,none
2455.jpg,none,none,none
2460.jpg,none,none,none
2466.jpg,20-29,Female,Indian
2467.jpg,none,none,none
2471.jpg,40-49,Male,White
2478.jpg,20-29,Male,Indian
248.jpg,none,none,none
2482.jpg,20-29,Male,Asian
2485.jpg,30-39,Female,Black
2486.jpg,20-29,Male,White
2498.jpg,none,none,none
2509.jpg,none,none,none
251.jpg,20-29,Male,Indian
2517.jpg,20-29,Male,Indian
2518.jpg,20-29,Female,White
2520.jpg,40-49,Male,Black
2521.jpg,50-59,Male,White
2524.jpg,20-29,Male,Asian
2527.jpg,20-29,Female,White
2528.jpg,20-29,Male,Indian
2535.jpg,60-69,Male,Indian
254.jpg,0-2,Female,Indian
2543.jpg,30-39,Female,White
2551.jpg,30-39,Female,White
2552.jpg,30-39,Male,Indian
2556.jpg,20-29,Male,Black
2557.jpg,20-29,Male,Black
2558.jpg,20-29,Male,Asian
2562.jpg,20-29,Male,Black
2565.jpg,none,none,none
2566.jpg,20-29,Female,Black
2572.jpg,20-29,Female,Black
2579.jpg,20-29,Male,Black
2580.jpg,none,none,none
2581.jpg,20-29,Male,White
2583.jpg,20-29,Female,Black
2586.jpg,20-29,Male,White
2587.jpg,none,none,none
2588.jpg,20-29,Female,White
2591.jpg,20-29,Male,Black
2592.jpg,20-29,Male,White
2595.jpg,30-39,Female,Indian
26.jpg,50-59,Male,White
260.jpg,30-39,Male,Indian
2603.jpg,none,none,none
2605.jpg,60-69,Female,Black
2607.jpg,20-29,Male,Black
2609.jpg,50-59,Male,Indian
261.jpg,20-29,Female,Indian
2610.jpg,20-29,Female,Black
2613.jpg,20-29,Male,Asian
2614.jpg,20-29,Male,Indian
2616.jpg,50-59,Male,White
2617.jpg,20-29,Female,Indian
2618.jpg,20-29,Male,Asian
2623.jpg,20-29,Female,White
263.jpg,none,none,none
2630.jpg,30-39,Male,Indian
2634.jpg,40-49,Male,Indian
2635.jpg,20-29,Male,White
264.jpg,10-19,Male,Asian
2640.jpg,none,none,none
2642.jpg,20-29,Male,Indian
2643.jpg,none,none,none
2644.jpg,20-29,Male,White
2646.jpg,more than 70,Male,White
2647.jpg,20-29,Male,Indian
2648.jpg,30-39,Female,White
2652.jpg,more than 70,Female,Indian
2653.jpg,30-39,Male,Black
2659.jpg,none,none,none
2660.jpg,20-29,Male,Indian
2665.jpg,20-29,Female,Asian
2666.jpg,20-29,Female,White
2667.jpg,20-29,Male,White
2668.jpg,20-29,Female,Black
2669.jpg,30-39,Male,White
2670.jpg,20-29,Male,Indian
2675.jpg,30-39,Male,White
2678.jpg,30-39,Male,Indian
268.jpg,20-29,Male,Asian
2681.jpg,20-29,Female,Black
2683.jpg,20-29,Male,Black
2685.jpg,20-29,Male,Indian
2687.jpg,30-39,Male,Indian
2689.jpg,20-29,Male,Indian
2697.jpg,40-49,Male,Indian
27.jpg,20-29,Male,Indian
2701.jpg,30-39,Male,White
2703.jpg,20-29,Male,Black
2705.jpg,none,none,none
2708.jpg,30-39,Male,Indian
2709.jpg,none,none,none
2712.jpg,20-29,Female,Indian
2721.jpg,20-29,Male,White
2723.jpg,none,none,none
2724.jpg,20-29,Male,Indian
2725.jpg,20-29,Male,Indian
2726.jpg,20-29,Male,Asian
2729.jpg,20-29,Male,Indian
273.jpg,20-29,Male,White
2730.jpg,30-39,Male,White
2732.jpg,none,none,none
2737.jpg,none,none,none
2740.jpg,20-29,Male,Asian
2749.jpg,30-39,Male,Black
275.jpg,30-39,Male,Indian
2754.jpg,30-39,Male,Indian
2755.jpg,50-59,Male,White
2759.jpg,20-29,Male,White
277.jpg,none,none,none
2774.jpg,20-29,Male,Black
2775.jpg,3-9,Male,Black
2776.jpg,30-39,Female,Indian
278.jpg,none,none,none
2780.jpg,none,none,none
2781.jpg,20-29,Male,Black
2783.jpg,none,none,none
2788.jpg,30-39,Female,White
2789.jpg,none,none,none
2791.jpg,20-29,Male,Asian
2797.jpg,none,none,none
28.jpg,20-29,Female,Indian
2803.jpg,20-29,Male,Black
2807.jpg,30-39,Male,Indian
2808.jpg,0-2,Male,White
281.jpg,30-39,Male,White
2811.jpg,60-69,Female,White
2817.jpg,20-29,Female,White
2818.jpg,40-49,Female,White
2847.jpg,20-29,Female,Indian
2851.jpg,30-39,Female,White
2858.jpg,20-29,Male,Indian
286.jpg,none,none,none
2860.jpg,none,none,none
2863.jpg,20-29,Female,Black
2865.jpg,none,none,none
287.jpg,none,none,none
2871.jpg,none,none,none
2872.jpg,60-69,Male,White
2874.jpg,20-29,Female,Indian
2876.jpg,20-29,Female,White
288.jpg,50-59,Male,White
2886.jpg,20-29,Female,Asian
289.jpg,30-39,Male,White
2892.jpg,20-29,Male,Indian
2893.jpg,30-39,Female,Asian
2897.jpg,50-59,Male,Black
290.jpg,30-39,Male,Asian
2903.jpg,none,none,none
2906.jpg,20-29,Male,Indian
2907.jpg,30-39,Female,Indian
2914.jpg,none,none,none
2922.jpg,20-29,Male,Black
2925.jpg,20-29,Female,White
2928.jpg,20-29,Male,Black
2930.jpg,30-39,Male,White
2932.jpg,20-29,Male,Indian
2933.jpg,20-29,Male,White
2934.jpg,30-39,Male,Black
2939.jpg,20-29,Male,Indian
2946.jpg,20-29,Male,Indian
295.jpg,none,none,none
2958.jpg,10-19,Male,White
2961.jpg,30-39,Male,Black
2962.jpg,30-39,Male,Indian
2965.jpg,20-29,Female,Asian
2967.jpg,30-39,Male,Black
2968.jpg,20-29,Female,Black
298.jpg,none,none,none
2982.jpg,30-39,Male,Indian
2984.jpg,50-59,Male,White
2985.jpg,20-29,Female,White
2987.jpg,20-29,Male,Asian
299.jpg,50-59,Male,White
2990.jpg,20-29,Female,Indian
2991.jpg,20-29,Male,Indian
2992.jpg,20-29,Male,White
2996.jpg,20-29,Male,Black
2997.jpg,20-29,Male,Indian
2998.jpg,20-29,Female,Indian
3.jpg,20-29,Male,Black
3000.jpg,20-29,Female,Asian
3001.jpg,none,none,none
3004.jpg,20-29,Female,Indian
3007.jpg,none,none,none
3009.jpg,20-29,Male,Indian
3021.jpg,20-29,Male,White
3022.jpg,30-39,Male,White
3023.jpg,20-29,Male,Black
3024.jpg,20-29,Male,Indian
3029.jpg,20-29,Female,Black
303.jpg,20-29,Male,White
3030.jpg,none,none,none
3033.jpg,20-29,Male,White
3038.jpg,20-29,Male,Black
3039.jpg,20-29,Female,White
3043.jpg,30-39,Male,Black
3045.jpg,20-29,Male,White
3046.jpg,20-29,Male,Indian
3050.jpg,30-39,Male,Asian
3051.jpg,20-29,Female,Asian
3064.jpg,40-49,Male,Indian
3069.jpg,20-29,Male,White
3070.jpg,20-29,Male,White
3071.jpg,20-29,Male,Indian
3072.jpg,20-29,Male,Indian
3074.jpg,30-39,Male,Indian
3075.jpg,20-29,Male,Indian
3077.jpg,10-19,Female,White
3078.jpg,20-29,Male,Asian
3080.jpg,20-29,Female,Indian
3081.jpg,20-29,Male,White
3082.jpg,20-29,Male,Indian
3086.jpg,20-29,Male,Indian
3089.jpg,20-29,Male,White
309.jpg,none,none,none
3095.jpg,none,none,none
3101.jpg,20-29,Male,Indian
3102.jpg,20-29,Male,Indian
3106.jpg,30-39,Male,Black
3107.jpg,20-29,Female,White
3111.jpg,20-29,Male,White
3113.jpg,none,none,none
3117.jpg,none,none,none
3119.jpg,none,none,none
3120.jpg,20-29,Male,Indian
3123.jpg,20-29,Female,White
3126.jpg,20-29,Female,White
3128.jpg,20-29,Female,Indian
3130.jpg,40-49,Male,White
3137.jpg,60-69,Male,White
3143.jpg,more than 70,Male,Black
3150.jpg,20-29,Male,Indian
3151.jpg,20-29,Male,White
3152.jpg,20-29,Male,White
3154.jpg,20-29,Male,Asian
3157.jpg,none,none,none
3161.jpg,30-39,Female,Indian
3163.jpg,none,none,none
3166.jpg,30-39,Male,Black
3171.jpg,40-49,Male,White
3172.jpg,20-29,Male,Indian
318.jpg,30-39,Male,Indian
3182.jpg,30-39,Male,Indian
3192.jpg,none,none,none
3196.jpg,20-29,Male,Black
320.jpg,20-29,Male,Black
3201.jpg,30-39,Male,Asian
3206.jpg,20-29,Female,Asian
3208.jpg,60-69,Male,Indian
3209.jpg,30-39,Male,White
3211.jpg,20-29,Female,Asian
3219.jpg,30-39,Female,White
3225.jpg,none,none,none
3228.jpg,20-29,Female,Asian
3230.jpg,20-29,Female,Black
3232.jpg,20-29,Female,White
3236.jpg,none,none,none
3238.jpg,20-29,Male,Black
324.jpg,20-29,Male,Asian
3240.jpg,20-29,Female,Black
3242.jpg,20-29,Male,Black
3246.jpg,20-29,Female,Asian
3253.jpg,60-69,Male,White
3254.jpg,20-29,Female,Indian
3257.jpg,20-29,Female,White
3259.jpg,20-29,Male,Indian
3262.jpg,20-29,Female,Asian
3267.jpg,none,none,none
3268.jpg,20-29,Male,White
3275.jpg,30-39,Male,Asian
3277.jpg,none,none,none
3280.jpg,30-39,Male,Indian
3283.jpg,20-29,Female,Indian
3284.jpg,20-29,Male,White
3285.jpg,20-29,Female,White
3289.jpg,20-29,Female,Asian
329.jpg,20-29,Female,White
3292.jpg,none,none,none
3293.jpg,30-39,Female,Asian
3298.jpg,50-59,Male,White
3301.jpg,30-39,Female,Others
3304.jpg,20-29,Female,Asian
3305.jpg,30-39,Male,White
3307.jpg,20-29,Female,Black
331.jpg,20-29,Male,Indian
3312.jpg,40-49,Male,Asian
3322.jpg,none,none,none
333.jpg,30-39,Male,White
3337.jpg,20-29,Male,White
3341.jpg,30-39,Male,Black
3343.jpg,30-39,Male,Black
3348.jpg,none,none,none
335.jpg,20-29,Female,Asian
3354.jpg,60-69,Female,White
3355.jpg,20-29,Male,Asian
3360.jpg,20-29,Male,Indian
3361.jpg,none,none,none
3372.jpg,40-49,Male,Indian
3377.jpg,20-29,Male,Asian
3378.jpg,30-39,Male,Indian
3386.jpg,30-39,Male,White
3388.jpg,20-29,Female,White
339.jpg,20-29,Male,Indian
3393.jpg,0-2,Female,Indian
3396.jpg,20-29,Male,Asian
3404.jpg,60-69,Female,Indian
3407.jpg,20-29,Male,Black
341.jpg,none,none,none
3417.jpg,40-49,Female,Indian
3418.jpg,20-29,Female,White
3419.jpg,30-39,Female,White
3420.jpg,10-19,Female,Asian
3423.jpg,20-29,Male,White
3425.jpg,20-29,Female,White
343.jpg,none,none,none
3432.jpg,20-29,Female,Black
3436.jpg,none,none,none
3437.jpg,20-29,Male,White
3438.jpg,30-39,Female,Black
3441.jpg,20-29,Female,White
3447.jpg,20-29,Female,Black
3449.jpg,20-29,Female,Indian
3450.jpg,20-29,Male,Indian
3461.jpg,none,none,none
3463.jpg,20-29,Male,Indian
3464.jpg,20-29,Male,Black
3468.jpg,20-29,Female,White
3472.jpg,20-29,Male,Asian
3477.jpg,30-39,Male,Indian
3478.jpg,none,none,none
3483.jpg,20-29,Female,Asian
3488.jpg,30-39,Male,White
3489.jpg,50-59,Male,White
3496.jpg,30-39,Male,Indian
3501.jpg,none,none,none
3503.jpg,30-39,Female,Indian
3507.jpg,20-29,Male,Black
3508.jpg,none,none,none
3509.jpg,30-39,Female,Indian
3514.jpg,20-29,Male,Black
3516.jpg,30-39,Female,White
3521.jpg,20-29,Female,Indian
3525.jpg,40-49,Male,Indian
3528.jpg,50-59,Male,White
3529.jpg,20-29,Female,White
3530.jpg,30-39,Female,Indian
3531.jpg,20-29,Female,Indian
3536.jpg,none,none,none
3537.jpg,none,none,none
3539.jpg,none,none,none
3553.jpg,20-29,Male,Indian
356.jpg,none,none,none
3560.jpg,none,none,none
3562.jpg,20-29,Female,White
3566.jpg,none,none,none
357.jpg,20-29,Female,Black
3577.jpg,30-39,Male,White
3586.jpg,none,none,none
3591.jpg,20-29,Male,Black
3595.jpg,none,none,none
3596.jpg,20-29,Male,Indian
3598.jpg,20-29,Female,Asian
3599.jpg,20-29,Male,Indian
3602.jpg,none,none,none
3608.jpg,30-39,Male,White
3615.jpg,20-29,Male,Black
3617.jpg,20-29,Male,White
3620.jpg,none,none,none
3626.jpg,30-39,Female,White
3628.jpg,20-29,Male,Indian
3637.jpg,20-29,Female,Asian
364.jpg,20-29,Female,Indian
3643.jpg,30-39,Male,Asian
3648.jpg,20-29,Female,Indian
3649.jpg,20-29,Female,White
365.jpg,20-29,Male,Asian
3654.jpg,30-39,Male,Indian
3656.jpg,40-49,Male,Indian
3657.jpg,20-29,Female,Asian
3661.jpg,none,none,none
3666.jpg,30-39,Female,Indian
3668.jpg,30-39,Female,Indian
3677.jpg,30-39,Male,Indian
3682.jpg,50-59,Female,White
3683.jpg,20-29,Female,White
3687.jpg,10-19,Female,White
3688.jpg,none,none,none
369.jpg,30-39,Female,White
3691.jpg,10-19,Female,Asian
3696.jpg,50-59,Male,Black
3699.jpg,20-29,Male,Indian
3704.jpg,none,none,none
3705.jpg,none,none,none
3711.jpg,none,none,none
3715.jpg,20-29,Female,Black
3716.jpg,50-59,Male,Indian
3719.jpg,20-29,Male,White
3721.jpg,20-29,Female,White
3726.jpg,none,none,none
3727.jpg,3-9,Female,Black
3737.jpg,20-29,Male,White
3742.jpg,50-59,Male,White
3746.jpg,20-29,Male,White
3747.jpg,20-29,Female,Black
3751.jpg,40-49,Male,White
3759.jpg,none,none,none
3766.jpg,30-39,Male,Indian
3770.jpg,20-29,Male,Black
3772.jpg,30-39,Male,Black
3774.jpg,20-29,Male,Indian
3781.jpg,30-39,Male,Indian
3782.jpg,none,none,none
3784.jpg,30-39,Male,White
3785.jpg,20-29,Female,Asian
3795.jpg,20-29,Female,Indian
3796.jpg,none,none,none
3797.jpg,none,none,none
3798.jpg,30-39,Female,Black
3799.jpg,20-29,Female,Indian
3803.jpg,30-39,Female,White
3810.jpg,none,none,none
3812.jpg,20-29,Male,Asian
3817.jpg,10-19,Male,White
382.jpg,20-29,Male,Black
3820.jpg,20-29,Female,Indian
3822.jpg,20-29,Male,Indian
3826.jpg,30-39,Male,White
3827.jpg,none,none,none
3829.jpg,20-29,Male,Asian
3832.jpg,none,none,none
3834.jpg,30-39,Female,Indian
3836.jpg,none,none,none
3847.jpg,none,none,none
385.jpg,20-29,Female,Black
387.jpg,none,none,none
3871.jpg,30-39,Female,Asian
3876.jpg,20-29,Female,Black
3883.jpg,20-29,Male,Indian
3884.jpg,none,none,none
3887.jpg,20-29,Male,White
3893.jpg,20-29,Female,Others
3896.jpg,20-29,Female,Indian
3897.jpg,none,none,none
390.jpg,20-29,Female,Indian
3908.jpg,none,none,none
3910.jpg,20-29,Male,Indian
3915.jpg,20-29,Female,Indian
3916.jpg,20-29,Male,Indian
3918.jpg,none,none,none
3922.jpg,20-29,Male,Indian
3928.jpg,none,none,none
3934.jpg,30-39,Male,Black
3936.jpg,none,none,none
3939.jpg,30-39,Male,White
3940.jpg,none,none,none
3943.jpg,50-59,Male,White
3944.jpg,20-29,Male,Black
3949.jpg,20-29,Male,Indian
3952.jpg,20-29,Male,Black
3953.jpg,20-29,Male,Indian
3958.jpg,0-2,Female,Asian
3962.jpg,none,none,none
3964.jpg,none,none,none
3966.jpg,30-39,Male,Black
3975.jpg,20-29,Male,Asian
3987.jpg,30-39,Male,Indian
3991.jpg,20-29,Female,Indian
3994.jpg,20-29,Female,Asian
4009.jpg,20-29,Female,White
4017.jpg,3-9,Male,Asian
4019.jpg,30-39,Male,Indian
4024.jpg,30-39,Female,White
4032.jpg,30-39,Male,Indian
4033.jpg,30-39,Male,White
4038.jpg,20-29,Male,Indian
404.jpg,20-29,Female,Black
4042.jpg,20-29,Female,Black
4046.jpg,none,none,none
4047.jpg,none,none,none
4056.jpg,30-39,Female,Indian
4057.jpg,20-29,Female,White
406.jpg,20-29,Male,White
4063.jpg,20-29,Female,Indian
4065.jpg,none,none,none
4077.jpg,none,none,none
4078.jpg,none,none,none
4080.jpg,20-29,Male,White
4081.jpg,20-29,Male,White
4083.jpg,30-39,Male,Indian
4087.jpg,10-19,Male,White
4091.jpg,none,none,none
4095.jpg,none,none,none
4102.jpg,none,none,none
4103.jpg,none,none,none
4104.jpg,20-29,Male,Indian
4111.jpg,20-29,Male,White
4113.jpg,30-39,Male,Indian
4118.jpg,30-39,Male,Indian
4122.jpg,20-29,Male,Black
4123.jpg,30-39,Male,White
4125.jpg,20-29,Male,Indian
4126.jpg,none,none,none
4127.jpg,none,none,none
4135.jpg,20-29,Male,White
4143.jpg,none,none,none
4147.jpg,20-29,Male,Asian
4148.jpg,3-9,Female,Asian
4151.jpg,20-29,Female,Indian
4153.jpg,10-19,Male,White
4162.jpg,3-9,Female,White
4166.jpg,40-49,Male,White
4170.jpg,30-39,Male,Black
4176.jpg,20-29,Male,White
4184.jpg,40-49,Male,White
4189.jpg,none,none,none
419.jpg,20-29,Female,Indian
4192.jpg,20-29,Female,Indian
42.jpg,20-29,Male,Indian
4206.jpg,20-29,Female,White
4213.jpg,20-29,Male,Asian
4214.jpg,20-29,Female,Asian
4218.jpg,20-29,Female,White
422.jpg,20-29,Male,Asian
4226.jpg,none,none,none
4232.jpg,30-39,Female,White
4233.jpg,60-69,Male,White
4234.jpg,20-29,Female,White
4235.jpg,20-29,Male,White
4236.jpg,30-39,Female,White
4240.jpg,none,none,none
425.jpg,30-39,Female,Others
4252.jpg,20-29,Female,Black
4253.jpg,30-39,Male,Indian
4256.jpg,30-39,Male,Indian
4258.jpg,0-2,Male,White
4260.jpg,20-29,Female,Black
4263.jpg,20-29,Female,Black
4264.jpg,20-29,Male,Black
4273.jpg,20-29,Female,Asian
4275.jpg,20-29,Male,White
428.jpg,20-29,Male,Indian
4280.jpg,20-29,Female,Others
4287.jpg,20-29,Male,Black
4293.jpg,20-29,Female,White
4299.jpg,20-29,Male,Black
4301.jpg,30-39,Male,Black
4302.jpg,20-29,Male,Asian
4305.jpg,20-29,Female,Asian
4308.jpg,20-29,Male,Indian
4311.jpg,30-39,Male,Indian
4313.jpg,20-29,Female,Asian
4320.jpg,30-39,Male,Indian
4322.jpg,50-59,Female,White
4323.jpg,20-29,Female,Indian
4324.jpg,30-39,Female,Indian
4325.jpg,20-29,Female,White
4334.jpg,20-29,Female,White
4336.jpg,20-29,Male,Indian
4337.jpg,20-29,Female,White
4338.jpg,none,none,none
4339.jpg,30-39,Male,Indian
4340.jpg,20-29,Male,White
4347.jpg,20-29,Female,Indian
435.jpg,20-29,Male,Indian
4351.jpg,30-39,Male,Indian
4352.jpg,20-29,Female,Indian
4353.jpg,20-29,Male,White
436.jpg,none,none,none
4369.jpg,20-29,Female,Indian
4375.jpg,30-39,Male,Indian
4377.jpg,30-39,Male,Black
4379.jpg,none,none,none
4381.jpg,none,none,none
4385.jpg,30-39,Male,Black
4387.jpg,50-59,Male,White
4388.jpg,10-19,Female,Asian
4391.jpg,none,none,none
4396.jpg,20-29,Male,White
4399.jpg,20-29,Male,White
44.jpg,20-29,Male,Indian
440.jpg,3-9,Female,White
4400.jpg,20-29,Female,Asian
4402.jpg,30-39,Male,Indian
4409.jpg,20-29,Female,Asian
4411.jpg,20-29,Male,White
4412.jpg,10-19,Female,White
4414.jpg,20-29,Male,Black
4416.jpg,none,none,none
4418.jpg,20-29,Male,White
4421.jpg,20-29,Female,Asian
443.jpg,20-29,Female,Asian
4432.jpg,20-29,Female,White
4435.jpg,40-49,Female,Indian
4438.jpg,20-29,Female,Indian
4440.jpg,20-29,Male,Indian
4444.jpg,none,none,none
4448.jpg,20-29,Female,Black
445.jpg,20-29,Female,Indian
4451.jpg,20-29,Male,Black
4452.jpg,60-69,Female,White
4460.jpg,20-29,Male,Black
4464.jpg,more than 70,Female,Indian
4468.jpg,40-49,Male,White
4469.jpg,none,none,none
4470.jpg,30-39,Female,Asian
4471.jpg,30-39,Female,White
4480.jpg,20-29,Female,White
4485.jpg,20-29,Male,Indian
4486.jpg,20-29,Male,White
4489.jpg,20-29,Male,Indian
4492.jpg,30-39,Female,Black
4495.jpg,20-29,Male,White
4496.jpg,20-29,Female,White
450.jpg,20-29,Male,Indian
4501.jpg,20-29,Male,Asian
4505.jpg,20-29,Male,Indian
4516.jpg,3-9,Male,White
4519.jpg,20-29,Male,Indian
4521.jpg,none,none,none
4526.jpg,none,none,none
4527.jpg,30-39,Male,White
4536.jpg,none,none,none
4541.jpg,20-29,Female,Indian
4546.jpg,none,none,none
4552.jpg,none,none,none
4553.jpg,30-39,Male,Black
4554.jpg,20-29,Female,White
4556.jpg,20-29,Male,Indian
4558.jpg,20-29,Male,Indian
4559.jpg,none,none,none
4562.jpg,20-29,Male,Black
4563.jpg,20-29,Female,Indian
4564.jpg,20-29,Male,Indian
457.jpg,20-29,Female,Indian
4575.jpg,30-39,Male,Black
4576.jpg,20-29,Female,Black
4577.jpg,none,none,none
4578.jpg,none,none,none
4582.jpg,20-29,Male,Black
4583.jpg,none,none,none
4584.jpg,none,none,none
4591.jpg,20-29,Female,Black
4595.jpg,20-29,Male,Indian
46.jpg,none,none,none
4601.jpg,none,none,none
4603.jpg,none,none,none
4604.jpg,none,none,none
4605.jpg,30-39,Female,Indian
461.jpg,30-39,Male,Black
4615.jpg,none,none,none
4620.jpg,none,none,none
4622.jpg,20-29,Female,White
4624.jpg,20-29,Male,Black
4625.jpg,none,none,none
4627.jpg,20-29,Female,Black
463.jpg,20-29,Female,Black
4632.jpg,none,none,none
4634.jpg,30-39,Female,Indian
4636.jpg,10-19,Female,White
4647.jpg,20-29,Female,Indian
4648.jpg,20-29,Male,Asian
4649.jpg,20-29,Female,Indian
465.jpg,none,none,none
4651.jpg,20-29,Female,Indian
4652.jpg,20-29,Male,Black
4653.jpg,20-29,Male,Black
4654.jpg,none,none,none
4656.jpg,20-29,Male,Indian
4665.jpg,40-49,Male,White
4674.jpg,20-29,Female,Black
4675.jpg,20-29,Female,White
4681.jpg,20-29,Male,Indian
4689.jpg,30-39,Female,White
4690.jpg,30-39,Male,White
4693.jpg,20-29,Female,Black
4694.jpg,none,none,none
4697.jpg,30-39,Male,Indian
4698.jpg,30-39,Male,White
4699.jpg,30-39,Male,White
4700.jpg,20-29,Male,Indian
4701.jpg,none,none,none
4708.jpg,20-29,Female,White
471.jpg,20-29,Male,Indian
4710.jpg,20-29,Male,Indian
4712.jpg,20-29,Female,Black
4716.jpg,none,none,none
4719.jpg,20-29,Male,Indian
472.jpg,none,none,none
4724.jpg,none,none,none
4725.jpg,20-29,Male,Indian
4732.jpg,none,none,none
4738.jpg,20-29,Female,Asian
4741.jpg,20-29,Male,Indian
4742.jpg,none,none,none
4745.jpg,20-29,Male,Indian
4748.jpg,none,none,none
4751.jpg,none,none,none
4752.jpg,20-29,Male,Indian
4753.jpg,30-39,Male,White
4754.jpg,20-29,Female,Black
4755.jpg,none,none,none
4760.jpg,30-39,Male,Indian
4764.jpg,30-39,Male,Indian
4768.jpg,50-59,Male,White
4773.jpg,none,none,none
4774.jpg,20-29,Male,White
4775.jpg,20-29,Male,Indian
4777.jpg,30-39,Male,White
4781.jpg,30-39,Male,Asian
4784.jpg,more than 70,Female,Asian
4785.jpg,20-29,Male,Black
4791.jpg,20-29,Male,Indian
4792.jpg,none,none,none
4793.jpg,20-29,Female,Asian
4797.jpg,20-29,Male,Black
480.jpg,20-29,Female,White
4802.jpg,20-29,Male,Indian
4811.jpg,none,none,none
4813.jpg,none,none,none
4814.jpg,20-29,Female,Others
4815.jpg,30-39,Male,White
4818.jpg,none,none,none
4820.jpg,30-39,Female,White
4827.jpg,30-39,Male,Indian
4828.jpg,none,none,none
4831.jpg,none,none,none
4833.jpg,20-29,Male,White
4837.jpg,3-9,Male,Black
4840.jpg,none,none,none
4846.jpg,20-29,Male,Indian
4847.jpg,20-29,Female,Indian
485.jpg,3-9,Female,White
4852.jpg,60-69,Male,White
4855.jpg,30-39,Male,White
4856.jpg,50-59,Male,Indian
4858.jpg,20-29,Male,Black
4863.jpg,30-39,Male,Asian
4866.jpg,20-29,Female,Black
4873.jpg,20-29,Male,Black
4888.jpg,30-39,Male,Indian
4889.jpg,30-39,Male,White
4890.jpg,30-39,Female,Indian
4895.jpg,30-39,Male,White
4906.jpg,20-29,Male,Indian
491.jpg,20-29,Female,White
4910.jpg,20-29,Female,Black
4914.jpg,20-29,Female,White
4915.jpg,30-39,Male,Black
4918.jpg,30-39,Female,Indian
492.jpg,none,none,none
4920.jpg,20-29,Female,Asian
4921.jpg,20-29,Male,Indian
4922.jpg,40-49,Male,Black
4923.jpg,20-29,Male,Indian
4927.jpg,50-59,Female,Indian
4929.jpg,more than 70,Male,White
4934.jpg,20-29,Male,Indian
4935.jpg,more than 70,Male,Black
4936.jpg,20-29,Male,Black
4938.jpg,30-39,Male,White
4939.jpg,20-29,Female,Asian
494.jpg,20-29,Male,Black
4942.jpg,20-29,Male,Black
4946.jpg,20-29,Male,White
4951.jpg,30-39,Male,Indian
4956.jpg,30-39,Male,Indian
4958.jpg,30-39,Male,White
4959.jpg,none,none,none
4960.jpg,none,none,none
4967.jpg,none,none,none
4973.jpg,30-39,Male,Indian
4978.jpg,40-49,Male,White
4988.jpg,20-29,Male,Indian
499.jpg,20-29,Female,Asian
4991.jpg,30-39,Male,Indian
4992.jpg,50-59,Male,White
4994.jpg,20-29,Female,White
4996.jpg,30-39,Male,White
4997.jpg,20-29,Female,Asian
5.jpg,40-49,Male,White
500.jpg,30-39,Male,White
5000.jpg,30-39,Female,White
5001.jpg,20-29,Male,Indian
5005.jpg,0-2,Female,Black
5008.jpg,30-39,Male,White
501.jpg,50-59,Male,White
5014.jpg,20-29,Female,Indian
5016.jpg,20-29,Male,Black
5020.jpg,20-29,Female,Indian
5021.jpg,none,none,none
5022.jpg,20-29,Female,Indian
5025.jpg,none,none,none
5045.jpg,more than 70,Male,Black
5047.jpg,20-29,Female,Asian
5049.jpg,20-29,Male,White
505.jpg,20-29,Male,White
5052.jpg,60-69,Male,Indian
5054.jpg,20-29,Male,Black
5057.jpg,30-39,Male,Black
506.jpg,30-39,Male,Black
5064.jpg,20-29,Male,Indian
5072.jpg,30-39,Male,White
5074.jpg,20-29,Male,Indian
5083.jpg,none,none,none
5085.jpg,20-29,Female,Black
5091.jpg,20-29,Female,Black
5098.jpg,none,none,none
51.jpg,30-39,Male,White
5101.jpg,30-39,Male,Black
5102.jpg,none,none,none
5108.jpg,none,none,none
5109.jpg,20-29,Female,Asian
511.jpg,20-29,Male,Black
5112.jpg,30-39,Male,Black
5118.jpg,30-39,Male,Black
5120.jpg,30-39,Female,White
5128.jpg,30-39,Male,White
5133.jpg,20-29,Male,White
5135.jpg,none,none,none
5136.jpg,30-39,Male,White
5138.jpg,60-69,Male,White
5146.jpg,20-29,Male,Asian
5148.jpg,30-39,Female,White
5159.jpg,30-39,Male,White
5163.jpg,20-29,Male,Indian
5164.jpg,none,none,none
5166.jpg,30-39,Male,White
5171.jpg,none,none,none
5172.jpg,none,none,none
5176.jpg,none,none,none
5181.jpg,20-29,Male,Asian
5182.jpg,30-39,Male,Indian
5185.jpg,none,none,none
5188.jpg,30-39,Male,Indian
519.jpg,30-39,Female,White
5190.jpg,10-19,Female,White
5198.jpg,20-29,Female,Asian
5199.jpg,20-29,Male,Black
52.jpg,20-29,Female,Indian
5205.jpg,30-39,Male,Black
5210.jpg,20-29,Male,White
5214.jpg,20-29,Male,Indian
5215.jpg,none,none,none
5224.jpg,20-29,Male,White
5228.jpg,20-29,Male,Black
5239.jpg,20-29,Female,Indian
5240.jpg,3-9,Female,White
5242.jpg,0-2,Male,White
5246.jpg,20-29,Male,White
5249.jpg,30-39,Female,Indian
525.jpg,20-29,Female,White
5253.jpg,40-49,Female,Indian
526.jpg,20-29,Female,Indian
5265.jpg,30-39,Female,White
5269.jpg,30-39,Female,Indian
5273.jpg,30-39,Male,White
5275.jpg,20-29,Male,Black
5279.jpg,30-39,Male,Indian
5281.jpg,30-39,Male,Black
5284.jpg,20-29,Female,Black
529.jpg,none,none,none
5290.jpg,none,none,none
5297.jpg,30-39,Female,Asian
5298.jpg,none,none,none
53.jpg,20-29,Male,Indian
5300.jpg,20-29,Female,White
5301.jpg,30-39,Male,Indian
5304.jpg,20-29,Male,Indian
5306.jpg,20-29,Male,Indian
5310.jpg,30-39,Male,Black
5315.jpg,20-29,Male,Indian
5316.jpg,20-29,Female,White
5319.jpg,40-49,Male,White
533.jpg,20-29,Male,White
5338.jpg,20-29,Female,White
5341.jpg,20-29,Male,White
5343.jpg,30-39,Male,Black
5344.jpg,30-39,Male,White
5346.jpg,none,none,none
5347.jpg,30-39,Male,Indian
5351.jpg,30-39,Male,Indian
5357.jpg,50-59,Male,Indian
5358.jpg,none,none,none
5359.jpg,20-29,Female,Black
5374.jpg,20-29,Female,White
5376.jpg,20-29,Male,Indian
538.jpg,20-29,Male,Black
5380.jpg,30-39,Female,Black
5383.jpg,20-29,Female,Black
5384.jpg,20-29,Female,Black
539.jpg,20-29,Male,Indian
5390.jpg,20-29,Male,Black
5391.jpg,20-29,Male,Indian
5394.jpg,20-29,Female,Black
5400.jpg,30-39,Male,White
5401.jpg,none,none,none
5405.jpg,20-29,Female,Asian
5407.jpg,20-29,Male,Indian
5409.jpg,none,none,none
5410.jpg,30-39,Male,White
5411.jpg,30-39,Female,White
5413.jpg,40-49,Male,White
5414.jpg,50-59,Male,Indian
5416.jpg,0-2,Male,Asian
5417.jpg,20-29,Female,Asian
5424.jpg,20-29,Female,White
5425.jpg,20-29,Female,White
5429.jpg,none,none,none
543.jpg,20-29,Female,Black
5432.jpg,30-39,Male,White
5434.jpg,50-59,Male,Indian
5437.jpg,20-29,Male,Indian
5439.jpg,20-29,Female,White
5441.jpg,20-29,Female,Indian
5448.jpg,20-29,Male,Asian
5450.jpg,30-39,Female,White
5453.jpg,20-29,Female,Black
5457.jpg,20-29,Male,Indian
5460.jpg,none,none,none
5464.jpg,20-29,Female,White
5465.jpg,20-29,Male,Black
5472.jpg,30-39,Female,White
548.jpg,20-29,Male,Indian
5480.jpg,30-39,Male,Black
5483.jpg,20-29,Female,Black
5487.jpg,20-29,Male,Indian
5490.jpg,20-29,Female,White
5495.jpg,50-59,Male,Indian
5500.jpg,30-39,Male,Indian
5506.jpg,20-29,Male,Black
5507.jpg,20-29,Male,Black
5510.jpg,none,none,none
5521.jpg,30-39,Male,White
5527.jpg,50-59,Male,White
553.jpg,30-39,Male,Indian
5536.jpg,20-29,Male,Black
5537.jpg,30-39,Male,White
5538.jpg,30-39,Female,Asian
5547.jpg,20-29,Male,Asian
5556.jpg,20-29,Female,Indian
5557.jpg,30-39,Male,Black
5559.jpg,30-39,Female,White
556.jpg,30-39,Male,White
5563.jpg,20-29,Male,Black
5569.jpg,0-2,Male,Indian
557.jpg,20-29,Female,Indian
5574.jpg,20-29,Female,Indian
5579.jpg,30-39,Male,Black
5584.jpg,none,none,none
5591.jpg,none,none,none
5593.jpg,20-29,Female,Indian
5594.jpg,20-29,Male,Indian
5595.jpg,20-29,Male,Indian
5597.jpg,30-39,Male,Indian
56.jpg,20-29,Male,Indian
560.jpg,20-29,Female,Black
5601.jpg,20-29,Male,White
5602.jpg,20-29,Female,White
5609.jpg,20-29,Female,Black
561.jpg,30-39,Male,Black
5614.jpg,none,none,none
5615.jpg,20-29,Male,Indian
5620.jpg,30-39,Male,Black
5629.jpg,20-29,Female,Indian
5640.jpg,20-29,Female,Black
5642.jpg,more than 70,Male,White
565.jpg,20-29,Male,White
5650.jpg,40-49,Male,Indian
5657.jpg,20-29,Male,Indian
5662.jpg,20-29,Male,White
5664.jpg,none,none,none
5665.jpg,20-29,Female,White
5666.jpg,60-69,Male,Indian
5668.jpg,30-39,Male,Black
5669.jpg,40-49,Male,Indian
5675.jpg,20-29,Male,Black
5677.jpg,20-29,Male,Black
5680.jpg,none,none,none
5681.jpg,20-29,Female,White
5683.jpg,50-59,Male,Black
5686.jpg,30-39,Female,Indian
5689.jpg,20-29,Male,Indian
5691.jpg,20-29,Female,Black
5700.jpg,none,none,none
5701.jpg,20-29,Female,Black
5703.jpg,20-29,Female,White
5705.jpg,30-39,Female,Indian
5709.jpg,none,none,none
5715.jpg,30-39,Female,White
5719.jpg,30-39,Female,Indian
5722.jpg,none,none,none
5723.jpg,40-49,Male,Black
5725.jpg,10-19,Female,Indian
5726.jpg,50-59,Male,White
5733.jpg,20-29,Male,Black
5734.jpg,20-29,Female,Indian
5740.jpg,30-39,Female,White
5742.jpg,20-29,Female,White
5747.jpg,none,none,none
5749.jpg,30-39,Male,White
5752.jpg,none,none,none
5770.jpg,30-39,Male,White
5776.jpg,none,none,none
5779.jpg,20-29,Male,Indian
5785.jpg,20-29,Male,Asian
579.jpg,none,none,none
5794.jpg,none,none,none
5796.jpg,20-29,Female,White
5797.jpg,20-29,Male,White
58.jpg,20-29,Male,Black
580.jpg,50-59,Male,White
5805.jpg,20-29,Female,Asian
5814.jpg,50-59,Male,Indian
5816.jpg,20-29,Female,Indian
5819.jpg,20-29,Male,Indian
582.jpg,50-59,Male,Indian
5822.jpg,20-29,Female,Asian
5825.jpg,20-29,Female,Indian
5829.jpg,20-29,Female,Indian
583.jpg,20-29,Male,Indian
5833.jpg,20-29,Male,Indian
5840.jpg,20-29,Male,Indian
5842.jpg,20-29,Female,Black
5843.jpg,20-29,Female,Black
5846.jpg,20-29,Female,Indian
5847.jpg,20-29,Male,Black
5855.jpg,20-29,Male,Asian
5857.jpg,20-29,Female,Asian
5862.jpg,none,none,none
5863.jpg,20-29,Female,Asian
5868.jpg,40-49,Male,White
5870.jpg,30-39,Male,White
5872.jpg,30-39,Male,Black
5875.jpg,20-29,Female,White
5877.jpg,none,none,none
5878.jpg,30-39,Male,White
588.jpg,30-39,Male,White
5882.jpg,20-29,Male,White
5884.jpg,30-39,Female,Indian
5886.jpg,50-59,Female,White
5893.jpg,60-69,Female,White
5894.jpg,20-29,Male,White
5897.jpg,none,none,none
5902.jpg,20-29,Female,Black
5906.jpg,40-49,Male,White
5908.jpg,30-39,Male,White
591.jpg,30-39,Male,Black
5916.jpg,20-29,Male,Black
5924.jpg,20-29,Male,Black
5934.jpg,20-29,Male,White
5935.jpg,more than 70,Male,White
5936.jpg,30-39,Female,Indian
5939.jpg,20-29,Male,Indian
5943.jpg,none,none,none
5944.jpg,60-69,Male,White
5948.jpg,20-29,Female,White
5952.jpg,30-39,Male,Black
5956.jpg,none,none,none
5957.jpg,none,none,none
5958.jpg,20-29,Female,Asian
5959.jpg,20-29,Male,Indian
596.jpg,20-29,Female,Asian
5961.jpg,30-39,Male,Black
5967.jpg,20-29,Female,Asian
5969.jpg,20-29,Male,Black
5970.jpg,none,none,none
5971.jpg,50-59,Male,Black
5972.jpg,20-29,Male,Asian
5974.jpg,20-29,Male,Indian
5980.jpg,20-29,Male,White
5981.jpg,20-29,Male,White
5983.jpg,more than 70,Female,Indian
5985.jpg,20-29,Male,Indian
5987.jpg,20-29,Female,White
5990.jpg,none,none,none
5993.jpg,20-29,Female,White
5994.jpg,30-39,Male,Indian
5999.jpg,20-29,Female,Asian
6000.jpg,20-29,Male,Indian
6001.jpg,30-39,Male,Indian
6007.jpg,20-29,Male,Indian
6010.jpg,none,none,none
6011.jpg,20-29,Female,Black
6014.jpg,50-59,Female,White
6017.jpg,20-29,Male,Asian
602.jpg,20-29,Male,White
6024.jpg,20-29,Female,Indian
6026.jpg,none,none,none
6030.jpg,none,none,none
6033.jpg,20-29,Male,Black
6036.jpg,20-29,Male,Black
6044.jpg,20-29,Male,Indian
605.jpg,30-39,Female,Black
6051.jpg,none,none,none
6058.jpg,more than 70,Male,White
6063.jpg,20-29,Female,Indian
6072.jpg,20-29,Female,Black
6073.jpg,40-49,Male,Indian
6074.jpg,30-39,Male,White
6077.jpg,20-29,Female,White
6080.jpg,30-39,Male,Indian
6082.jpg,20-29,Male,Indian
6084.jpg,30-39,Male,White
6085.jpg,20-29,Female,Indian
6086.jpg,30-39,Female,White
6093.jpg,none,none,none
6094.jpg,none,none,none
6095.jpg,20-29,Female,White
6099.jpg,20-29,Male,White
611.jpg,30-39,Male,Indian
6113.jpg,40-49,Female,Black
6114.jpg,none,none,none
612.jpg,20-29,Female,Black
6121.jpg,20-29,Male,White
6123.jpg,20-29,Male,Indian
613.jpg,none,none,none
6136.jpg,none,none,none
6139.jpg,20-29,Male,Asian
6147.jpg,20-29,Female,Indian
6148.jpg,30-39,Female,White
615.jpg,30-39,Male,Black
6150.jpg,50-59,Male,White
6151.jpg,20-29,Male,Black
6160.jpg,30-39,Male,Black
6163.jpg,20-29,Female,Asian
6165.jpg,30-39,Male,White
6166.jpg,20-29,Male,White
6171.jpg,20-29,Male,Indian
6172.jpg,30-39,Male,Indian
6174.jpg,20-29,Male,Indian
6176.jpg,30-39,Male,Indian
618.jpg,more than 70,Male,White
6180.jpg,20-29,Female,Indian
6182.jpg,20-29,Male,Black
6183.jpg,20-29,Female,Asian
6185.jpg,none,none,none
619.jpg,60-69,Female,Black
6190.jpg,20-29,Male,Indian
6198.jpg,3-9,Female,Indian
6204.jpg,30-39,Male,White
621.jpg,30-39,Male,Black
6210.jpg,20-29,Male,Black
6212.jpg,20-29,Female,Black
6218.jpg,20-29,Male,White
6219.jpg,30-39,Male,White
6223.jpg,20-29,Male,Indian
6225.jpg,20-29,Male,White
6232.jpg,20-29,Male,Black
6237.jpg,20-29,Male,White
6242.jpg,40-49,Male,Black
6247.jpg,20-29,Male,White
6248.jpg,20-29,Male,White
6251.jpg,30-39,Male,Black
6258.jpg,20-29,Male,White
626.jpg,20-29,Female,Others
6267.jpg,20-29,Male,White
6269.jpg,20-29,Male,Indian
6270.jpg,none,none,none
6272.jpg,none,none,none
6282.jpg,20-29,Male,Indian
6284.jpg,20-29,Female,White
6287.jpg,30-39,Female,Asian
6290.jpg,10-19,Female,White
6293.jpg,50-59,Male,White
63.jpg,30-39,Female,Black
6304.jpg,20-29,Female,White
6306.jpg,30-39,Female,Indian
6307.jpg,none,none,none
6308.jpg,none,none,none
6313.jpg,50-59,Female,Indian
6315.jpg,20-29,Male,Black
6317.jpg,none,none,none
6318.jpg,20-29,Female,Black
6323.jpg,20-29,Female,Indian
6325.jpg,20-29,Male,Indian
6330.jpg,30-39,Male,Black
6333.jpg,30-39,Female,White
6334.jpg,3-9,Male,Asian
6335.jpg,none,none,none
6337.jpg,20-29,Male,White
6338.jpg,30-39,Male,Black
6342.jpg,10-19,Female,White
6347.jpg,30-39,Female,Black
6349.jpg,20-29,Male,White
6351.jpg,20-29,Male,Black
6354.jpg,none,none,none
6356.jpg,20-29,Male,White
6359.jpg,30-39,Male,White
6362.jpg,30-39,Male,White
6365.jpg,20-29,Male,White
6366.jpg,20-29,Female,White
6372.jpg,none,none,none
6374.jpg,none,none,none
6375.jpg,50-59,Male,White
6378.jpg,20-29,Female,Indian
6379.jpg,20-29,Female,Asian
6390.jpg,none,none,none
6394.jpg,30-39,Female,White
640.jpg,none,none,none
641.jpg,20-29,Female,Indian
6416.jpg,30-39,Male,Indian
6419.jpg,30-39,Female,White
642.jpg,20-29,Female,Black
6420.jpg,20-29,Male,Black
6424.jpg,20-29,Female,Asian
6426.jpg,20-29,Male,White
6429.jpg,20-29,Female,White
6430.jpg,20-29,Male,White
6431.jpg,none,none,none
6432.jpg,none,none,none
6435.jpg,20-29,Male,Indian
6436.jpg,20-29,Female,Asian
6438.jpg,20-29,Male,Black
644.jpg,none,none,none
6442.jpg,20-29,Male,Black
6443.jpg,none,none,none
645.jpg,20-29,Female,Indian
6450.jpg,3-9,Female,White
6453.jpg,20-29,Male,Black
6458.jpg,none,none,none
6466.jpg,30-39,Female,Indian
6467.jpg,20-29,Male,White
6471.jpg,20-29,Male,Indian
6477.jpg,20-29,Male,White
6478.jpg,40-49,Female,White
648.jpg,none,none,none
6483.jpg,20-29,Female,Asian
6490.jpg,none,none,none
6491.jpg,20-29,Male,Indian
6498.jpg,20-29,Female,Indian
65.jpg,30-39,Male,Indian
6500.jpg,20-29,Male,White
6503.jpg,none,none,none
6505.jpg,20-29,Male,White
6532.jpg,20-29,Male,White
6536.jpg,30-39,Male,Black
6539.jpg,20-29,Male,White
654.jpg,30-39,Male,Indian
6542.jpg,40-49,Male,Indian
6543.jpg,20-29,Male,White
6546.jpg,30-39,Female,White
6548.jpg,30-39,Female,White
6567.jpg,none,none,none
657.jpg,20-29,Male,White
6570.jpg,none,none,none
6574.jpg,20-29,Female,White
6575.jpg,20-29,Female,White
6580.jpg,40-49,Male,White
6581.jpg,30-39,Male,Indian
6582.jpg,20-29,Male,White
6583.jpg,30-39,Male,Black
6590.jpg,none,none,none
6596.jpg,20-29,Male,Black
6598.jpg,20-29,Male,Black
66.jpg,20-29,Female,Indian
6603.jpg,none,none,none
6604.jpg,30-39,Male,Indian
6606.jpg,none,none,none
661.jpg,20-29,Male,White
6628.jpg,20-29,Male,Black
6629.jpg,40-49,Male,Indian
663.jpg,30-39,Female,Black
6631.jpg,3-9,Female,White
6632.jpg,20-29,Male,Black
6637.jpg,50-59,Female,White
6638.jpg,20-29,Male,White
6639.jpg,30-39,Female,Indian
6640.jpg,none,none,none
6643.jpg,30-39,Male,Indian
6644.jpg,20-29,Male,Indian
6647.jpg,3-9,Female,Asian
6649.jpg,20-29,Male,Black
665.jpg,30-39,Male,Indian
6663.jpg,20-29,Female,Indian
667.jpg,20-29,Male,White
6671.jpg,none,none,none
6673.jpg,20-29,Female,White
6676.jpg,none,none,none
668.jpg,30-39,Female,Black
6682.jpg,30-39,Male,White
6693.jpg,none,none,none
6695.jpg,20-29,Male,White
6696.jpg,20-29,Male,Black
6702.jpg,none,none,none
6703.jpg,20-29,Male,Black
6704.jpg,50-59,Female,White
6705.jpg,30-39,Male,Asian
6708.jpg,40-49,Male,Indian
6710.jpg,30-39,Male,Indian
6716.jpg,50-59,Female,White
6718.jpg,30-39,Male,Indian
6719.jpg,30-39,Male,Indian
6722.jpg,20-29,Female,Indian
6723.jpg,20-29,Male,Indian
6724.jpg,30-39,Female,Black
6727.jpg,20-29,Male,White
6733.jpg,20-29,Male,Asian
6737.jpg,20-29,Male,Indian
6741.jpg,20-29,Male,Indian
6744.jpg,more than 70,Male,White
6747.jpg,30-39,Male,Black
6749.jpg,20-29,Male,Black
6752.jpg,20-29,Female,Asian
6754.jpg,30-39,Male,Indian
6755.jpg,30-39,Male,White
6761.jpg,none,none,none
6762.jpg,none,none,none
6763.jpg,20-29,Female,Asian
6764.jpg,60-69,Male,Indian
6765.jpg,20-29,Male,White
6769.jpg,30-39,Male,White
6771.jpg,20-29,Male,Black
6777.jpg,20-29,Female,Indian
678.jpg,20-29,Female,Black
6780.jpg,40-49,Female,Black
6786.jpg,30-39,Male,Indian
6787.jpg,20-29,Female,Indian
6791.jpg,20-29,Male,Black
6792.jpg,none,none,none
6798.jpg,20-29,Male,White
6799.jpg,20-29,Female,White
68.jpg,30-39,Male,Black
680.jpg,20-29,Male,Black
6804.jpg,30-39,Female,White
6807.jpg,30-39,Male,Black
6809.jpg,50-59,Male,Indian
681.jpg,none,none,none
6810.jpg,20-29,Male,White
6812.jpg,none,none,none
6815.jpg,30-39,Male,Black
682.jpg,none,none,none
6820.jpg,10-19,Female,White
6825.jpg,none,none,none
6827.jpg,20-29,Female,Asian
6831.jpg,20-29,Male,Black
6833.jpg,20-29,Male,White
6835.jpg,40-49,Male,Indian
6839.jpg,30-39,Male,Asian
6841.jpg,30-39,Female,White
6851.jpg,50-59,Male,Black
6852.jpg,20-29,Female,Black
6853.jpg,20-29,Female,Indian
6856.jpg,30-39,Female,White
6857.jpg,30-39,Male,White
6862.jpg,20-29,Female,White
6871.jpg,none,none,none
6881.jpg,20-29,Male,Indian
6883.jpg,20-29,Male,Black
6896.jpg,30-39,Male,White
6898.jpg,30-39,Female,White
6903.jpg,10-19,Male,White
6904.jpg,20-29,Female,White
6908.jpg,30-39,Male,Indian
6919.jpg,none,none,none
6926.jpg,20-29,Female,Asian
6928.jpg,30-39,Male,Indian
6929.jpg,20-29,Male,Indian
6930.jpg,30-39,Male,White
6931.jpg,20-29,Male,Asian
6935.jpg,20-29,Male,Black
6936.jpg,3-9,Female,Asian
6941.jpg,none,none,none
6943.jpg,60-69,Female,White
6946.jpg,none,none,none
695.jpg,none,none,none
6958.jpg,20-29,Female,Indian
6959.jpg,30-39,Female,Indian
6960.jpg,20-29,Male,Indian
6961.jpg,30-39,Male,Indian
6966.jpg,30-39,Female,Black
6969.jpg,30-39,Male,Indian
6976.jpg,20-29,Female,Indian
6978.jpg,30-39,Male,White
6984.jpg,none,none,none
6990.jpg,30-39,Male,White
6991.jpg,30-39,Male,Indian
6995.jpg,20-29,Female,Indian
6998.jpg,20-29,Male,White
7007.jpg,20-29,Female,White
7008.jpg,20-29,Male,Indian
7010.jpg,20-29,Male,Indian
7016.jpg,20-29,Male,White
7018.jpg,20-29,Female,Others
702.jpg,20-29,Female,Asian
7022.jpg,20-29,Male,White
7024.jpg,30-39,Male,Black
7025.jpg,20-29,Male,White
7027.jpg,30-39,Male,White
703.jpg,none,none,none
7031.jpg,20-29,Male,Indian
704.jpg,20-29,Male,White
7042.jpg,40-49,Male,White
7047.jpg,20-29,Male,White
7048.jpg,50-59,Male,White
7059.jpg,30-39,Female,White
7066.jpg,30-39,Male,White
7071.jpg,30-39,Male,Indian
7075.jpg,20-29,Female,Indian
7076.jpg,20-29,Female,Indian
7079.jpg,none,none,none
7080.jpg,none,none,none
7081.jpg,20-29,Female,White
7089.jpg,20-29,Male,Indian
709.jpg,none,none,none
7091.jpg,20-29,Male,Black
7092.jpg,20-29,Female,Black
7095.jpg,40-49,Female,Indian
7097.jpg,30-39,Male,White
7101.jpg,none,none,none
7103.jpg,none,none,none
7108.jpg,20-29,Male,Indian
7115.jpg,20-29,Female,Black
7117.jpg,20-29,Male,Black
7127.jpg,60-69,Male,White
713.jpg,none,none,none
7131.jpg,20-29,Female,Indian
7138.jpg,30-39,Female,White
7141.jpg,30-39,Female,Black
7151.jpg,none,none,none
7153.jpg,20-29,Male,Black
7157.jpg,30-39,Female,Black
7158.jpg,20-29,Male,Asian
7159.jpg,20-29,Female,Asian
7163.jpg,none,none,none
7164.jpg,20-29,Female,Black
7165.jpg,20-29,Female,Indian
7168.jpg,30-39,Male,White
7169.jpg,20-29,Male,Asian
717.jpg,none,none,none
7173.jpg,20-29,Male,Indian
7176.jpg,30-39,Male,Indian
7182.jpg,30-39,Male,Black
7192.jpg,20-29,Female,Indian
7209.jpg,20-29,Female,Indian
7216.jpg,20-29,Female,White
722.jpg,20-29,Female,Black
7220.jpg,30-39,Female,White
7223.jpg,30-39,Female,White
7224.jpg,none,none,none
7227.jpg,30-39,Male,White
7229.jpg,20-29,Female,White
7233.jpg,30-39,Male,White
7242.jpg,40-49,Female,White
7244.jpg,30-39,Male,Indian
7245.jpg,30-39,Male,Black
7253.jpg,20-29,Female,White
7254.jpg,20-29,Male,Black
7259.jpg,30-39,Male,White
7270.jpg,30-39,Male,Indian
7275.jpg,none,none,none
7281.jpg,20-29,Female,Asian
7288.jpg,50-59,Male,Indian
7291.jpg,20-29,Male,Black
7295.jpg,30-39,Male,Indian
73.jpg,20-29,Female,White
7303.jpg,40-49,Female,Black
7307.jpg,50-59,Male,White
7308.jpg,40-49,Female,Black
7309.jpg,none,none,none
731.jpg,20-29,Male,Indian
7310.jpg,none,none,none
7315.jpg,30-39,Male,Black
7317.jpg,20-29,Male,Indian
7330.jpg,50-59,Male,Indian
7331.jpg,20-29,Male,Indian
7337.jpg,20-29,Male,Indian
7340.jpg,20-29,Female,Indian
7341.jpg,none,none,none
7346.jpg,50-59,Male,Indian
7347.jpg,20-29,Male,White
735.jpg,20-29,Male,Indian
7350.jpg,3-9,Female,Black
7351.jpg,20-29,Female,White
7356.jpg,20-29,Male,Black
7364.jpg,30-39,Female,White
737.jpg,none,none,none
7373.jpg,20-29,Female,Black
7378.jpg,40-49,Female,Indian
7379.jpg,none,none,none
7382.jpg,30-39,Female,White
7383.jpg,20-29,Female,Asian
7387.jpg,none,none,none
740.jpg,20-29,Male,White
7408.jpg,20-29,Female,Black
741.jpg,20-29,Male,Asian
7411.jpg,20-29,Female,Asian
7414.jpg,30-39,Male,Indian
7417.jpg,10-19,Male,White
7421.jpg,none,none,none
7426.jpg,none,none,none
743.jpg,30-39,Male,White
7433.jpg,30-39,Male,White
7437.jpg,20-29,Male,Black
7447.jpg,20-29,Male,Black
7448.jpg,50-59,Male,White
7449.jpg,none,none,none
745.jpg,20-29,Male,White
7451.jpg,20-29,Male,White
7455.jpg,none,none,none
7458.jpg,20-29,Male,Indian
7463.jpg,20-29,Male,Asian
7466.jpg,30-39,Male,Asian
7467.jpg,30-39,Female,White
7475.jpg,20-29,Female,Black
7478.jpg,20-29,Male,Asian
7479.jpg,20-29,Female,White
7481.jpg,20-29,Female,Indian
7483.jpg,30-39,Male,Indian
7487.jpg,none,none,none
7488.jpg,20-29,Female,Asian
7489.jpg,none,none,none
7492.jpg,20-29,Female,White
7494.jpg,60-69,Male,White
7496.jpg,30-39,Male,White
7499.jpg,20-29,Female,Indian
750.jpg,none,none,none
7501.jpg,20-29,Female,White
7502.jpg,30-39,Male,Indian
7504.jpg,20-29,Male,Asian
7505.jpg,more than 70,Male,Black
7509.jpg,20-29,Male,White
7510.jpg,20-29,Male,Indian
7511.jpg,20-29,Male,White
7515.jpg,none,none,none
7516.jpg,more than 70,Female,White
7518.jpg,20-29,Male,White
7519.jpg,20-29,Female,White
7522.jpg,20-29,Male,Indian
7529.jpg,20-29,Male,White
7532.jpg,30-39,Female,White
7533.jpg,20-29,Female,Indian
7540.jpg,20-29,Female,White
7542.jpg,3-9,Male,White
7545.jpg,none,none,none
755.jpg,30-39,Female,White
7553.jpg,30-39,Male,Black
7554.jpg,none,none,none
7557.jpg,none,none,none
7558.jpg,20-29,Female,Asian
7560.jpg,none,none,none
7561.jpg,20-29,Male,Indian
7562.jpg,30-39,Male,Black
7571.jpg,30-39,Male,Indian
7572.jpg,20-29,Male,Indian
7578.jpg,3-9,Male,Black
7579.jpg,20-29,Female,Indian
7589.jpg,20-29,Female,Indian
759.jpg,20-29,Male,Black
7590.jpg,30-39,Female,Indian
7594.jpg,none,none,none
7595.jpg,50-59,Male,White
760.jpg,none,none,none
7601.jpg,20-29,Male,Indian
7604.jpg,none,none,none
7609.jpg,3-9,Male,White
7616.jpg,none,none,none
7620.jpg,30-39,Male,Black
7624.jpg,20-29,Male,White
7625.jpg,20-29,Male,Indian
7630.jpg,30-39,Male,White
7633.jpg,20-29,Female,Black
7635.jpg,20-29,Female,Black
7636.jpg,none,none,none
7638.jpg,20-29,Male,Indian
7641.jpg,30-39,Male,Indian
7646.jpg,20-29,Female,Black
7649.jpg,20-29,Male,White
7653.jpg,none,none,none
7656.jpg,20-29,Male,Black
7664.jpg,3-9,Female,Asian
7669.jpg,20-29,Male,Black
7673.jpg,none,none,none
7676.jpg,40-49,Male,White
7680.jpg,30-39,Female,Black
7683.jpg,20-29,Male,Black
7687.jpg,20-29,Female,Indian
7688.jpg,30-39,Female,White
7689.jpg,30-39,Female,Black
769.jpg,3-9,Male,Indian
7690.jpg,40-49,Male,Indian
7693.jpg,30-39,Male,White
7694.jpg,20-29,Female,Black
7696.jpg,20-29,Female,Black
7699.jpg,10-19,Female,White
77.jpg,20-29,Male,White
7700.jpg,20-29,Male,White
7701.jpg,30-39,Male,Black
7702.jpg,none,none,none
7703.jpg,20-29,Female,Indian
7704.jpg,30-39,Male,White
7708.jpg,none,none,none
7710.jpg,30-39,Female,Indian
7720.jpg,none,none,none
7723.jpg,30-39,Male,White
7724.jpg,30-39,Male,White
7728.jpg,3-9,Female,Asian
773.jpg,30-39,Male,White
7736.jpg,20-29,Female,Asian
7737.jpg,none,none,none
7738.jpg,10-19,Female,Indian
7741.jpg,50-59,Male,Indian
7743.jpg,20-29,Male,White
775.jpg,20-29,Female,White
7750.jpg,20-29,Male,White
7752.jpg,30-39,Male,Indian
7755.jpg,20-29,Male,Black
7758.jpg,20-29,Female,Indian
7759.jpg,20-29,Female,Black
7760.jpg,3-9,Female,White
7763.jpg,40-49,Male,White
7766.jpg,20-29,Male,Black
7771.jpg,60-69,Female,White
7772.jpg,20-29,Male,Black
7773.jpg,20-29,Male,White
7776.jpg,20-29,Male,Indian
7778.jpg,50-59,Male,White
7781.jpg,10-19,Female,Indian
7783.jpg,20-29,Female,Indian
7793.jpg,30-39,Female,White
7796.jpg,20-29,Female,Indian
7799.jpg,none,none,none
7800.jpg,none,none,none
7809.jpg,30-39,Male,White
781.jpg,none,none,none
7811.jpg,20-29,Female,White
7812.jpg,none,none,none
7814.jpg,20-29,Female,Black
7819.jpg,20-29,Male,Black
7822.jpg,20-29,Female,White
7823.jpg,30-39,Male,Black
7824.jpg,40-49,Male,Indian
7826.jpg,20-29,Female,Black
7830.jpg,none,none,none
7835.jpg,20-29,Female,White
7837.jpg,20-29,Female,White
7839.jpg,20-29,Male,Asian
7841.jpg,none,none,none
7847.jpg,none,none,none
785.jpg,none,none,none
7852.jpg,30-39,Female,Black
7853.jpg,20-29,Female,White
7858.jpg,20-29,Male,Black
7860.jpg,20-29,Male,Asian
7864.jpg,20-29,Male,Black
7872.jpg,10-19,Male,Asian
7876.jpg,none,none,none
7881.jpg,20-29,Male,Black
7882.jpg,20-29,Male,Indian
7886.jpg,3-9,Male,Indian
7888.jpg,20-29,Female,Black
789.jpg,20-29,Female,Black
7895.jpg,20-29,Male,Black
79.jpg,30-39,Male,White
7903.jpg,20-29,Male,Indian
7905.jpg,20-29,Female,White
7907.jpg,30-39,Female,White
7912.jpg,more than 70,Female,White
7913.jpg,20-29,Male,Black
7914.jpg,30-39,Female,White
7919.jpg,30-39,Female,Indian
792.jpg,30-39,Male,Indian
7923.jpg,50-59,Male,White
7925.jpg,20-29,Male,Asian
7927.jpg,20-29,Female,White
7929.jpg,20-29,Female,Indian
7932.jpg,30-39,Female,Black
7939.jpg,60-69,Female,White
7940.jpg,20-29,Male,Indian
7942.jpg,none,none,none
7947.jpg,none,none,none
7948.jpg,none,none,none
7950.jpg,30-39,Male,Indian
7957.jpg,30-39,Male,Black
7959.jpg,20-29,Male,White
7961.jpg,30-39,Male,Indian
798.jpg,20-29,Female,Black
7981.jpg,20-29,Male,White
7983.jpg,none,none,none
7985.jpg,20-29,Male,White
7987.jpg,20-29,Male,Indian
7989.jpg,20-29,Male,Indian
7991.jpg,30-39,Male,White
7994.jpg,20-29,Female,Asian
7999.jpg,20-29,Male,Indian
8.jpg,0-2,Male,Indian
80.jpg,20-29,Male,Black
8003.jpg,30-39,Male,Asian
8012.jpg,20-29,Male,Indian
8013.jpg,50-59,Male,White
8030.jpg,60-69,Male,Black
8034.jpg,20-29,Male,White
8037.jpg,20-29,Female,Indian
8041.jpg,20-29,Female,White
8043.jpg,30-39,Male,Black
8045.jpg,50-59,Male,White
8049.jpg,20-29,Male,Black
805.jpg,60-69,Male,White
8050.jpg,none,none,none
8051.jpg,none,none,none
8053.jpg,30-39,Male,Indian
8055.jpg,20-29,Female,White
8059.jpg,20-29,Male,Black
8061.jpg,30-39,Male,Indian
8069.jpg,20-29,Male,Black
8074.jpg,20-29,Male,White
8075.jpg,50-59,Male,White
8077.jpg,20-29,Female,White
8078.jpg,none,none,none
8081.jpg,20-29,Male,Indian
8088.jpg,none,none,none
8099.jpg,30-39,Female,Black
81.jpg,30-39,Male,Black
8104.jpg,3-9,Female,Indian
8106.jpg,20-29,Male,White
8109.jpg,20-29,Female,Black
8111.jpg,60-69,Female,Indian
8114.jpg,none,none,none
8115.jpg,none,none,none
8116.jpg,40-49,Male,Indian
8117.jpg,20-29,Male,White
8119.jpg,20-29,Male,Black
8125.jpg,none,none,none
8127.jpg,50-59,Female,White
8131.jpg,none,none,none
8133.jpg,20-29,Male,Black
8134.jpg,more than 70,Male,Black
8135.jpg,20-29,Female,Asian
8137.jpg,none,none,none
8139.jpg,20-29,Male,Black
8146.jpg,20-29,Male,White
8148.jpg,40-49,Female,Black
8151.jpg,20-29,Male,Indian
8152.jpg,20-29,Female,Indian
8153.jpg,30-39,Female,Black
8154.jpg,20-29,Male,Indian
8157.jpg,10-19,Female,Indian
8163.jpg,30-39,Male,Indian
8164.jpg,50-59,Male,Black
8166.jpg,20-29,Male,Asian
8180.jpg,30-39,Female,Black
8182.jpg,20-29,Male,White
8188.jpg,none,none,none
8197.jpg,none,none,none
82.jpg,20-29,Female,Indian
8206.jpg,20-29,Male,White
8209.jpg,30-39,Male,White
8210.jpg,30-39,Male,Indian
8214.jpg,20-29,Male,Asian
8217.jpg,20-29,Male,White
8227.jpg,20-29,Female,Black
8228.jpg,20-29,Male,White
823.jpg,20-29,Female,Indian
8233.jpg,none,none,none
8239.jpg,20-29,Male,Asian
8242.jpg,20-29,Male,Indian
8243.jpg,none,none,none
8244.jpg,none,none,none
8246.jpg,20-29,Female,Black
825.jpg,20-29,Male,Indian
8254.jpg,20-29,Male,White
8256.jpg,none,none,none
8257.jpg,20-29,Male,Indian
8262.jpg,none,none,none
8264.jpg,none,none,none
8266.jpg,none,none,none
8269.jpg,20-29,Male,White
8274.jpg,30-39,Female,Indian
8275.jpg,none,none,none
8276.jpg,20-29,Female,White
8278.jpg,20-29,Female,Indian
828.jpg,30-39,Female,White
8280.jpg,30-39,Female,White
8282.jpg,20-29,Male,Indian
8283.jpg,30-39,Male,Indian
829.jpg,40-49,Male,White
8295.jpg,none,none,none
83.jpg,50-59,Male,White
8302.jpg,30-39,Female,Black
8303.jpg,20-29,Male,White
8306.jpg,30-39,Female,White
8309.jpg,none,none,none
831.jpg,30-39,Female,White
8310.jpg,more than 70,Male,White
8318.jpg,20-29,Male,Black
8319.jpg,30-39,Male,Indian
8328.jpg,none,none,none
8332.jpg,20-29,Male,Indian
8333.jpg,none,none,none
8338.jpg,30-39,Female,White
834.jpg,20-29,Male,White
8343.jpg,0-2,Female,Asian
8346.jpg,40-49,Male,White
8354.jpg,20-29,Female,Indian
8359.jpg,20-29,Female,Indian
836.jpg,none,none,none
8360.jpg,20-29,Female,Asian
8367.jpg,20-29,Male,Asian
8369.jpg,20-29,Female,White
837.jpg,20-29,Female,Black
8371.jpg,none,none,none
8375.jpg,20-29,Female,Black
8387.jpg,20-29,Female,Black
8388.jpg,none,none,none
8407.jpg,none,none,none
8408.jpg,20-29,Male,Indian
8409.jpg,20-29,Male,White
8414.jpg,20-29,Male,Indian
8419.jpg,30-39,Male,White
8420.jpg,30-39,Female,White
8427.jpg,30-39,Male,Indian
843.jpg,10-19,Female,Asian
8441.jpg,30-39,Male,Indian
8443.jpg,20-29,Female,Indian
8445.jpg,20-29,Female,Indian
8446.jpg,20-29,Male,Indian
8447.jpg,30-39,Male,White
8448.jpg,30-39,Male,White
8451.jpg,40-49,Male,Indian
846.jpg,20-29,Male,Indian
8460.jpg,20-29,Male,Indian
8464.jpg,none,none,none
8466.jpg,30-39,Female,White
8469.jpg,30-39,Female,White
8472.jpg,30-39,Male,White
8474.jpg,20-29,Male,Black
8478.jpg,none,none,none
848.jpg,20-29,Male,Indian
8482.jpg,none,none,none
8484.jpg,none,none,none
8492.jpg,none,none,none
8496.jpg,more than 70,Male,White
8498.jpg,none,none,none
8503.jpg,40-49,Male,White
8505.jpg,none,none,none
8506.jpg,20-29,Female,Indian
8508.jpg,30-39,Female,White
851.jpg,3-9,Female,Asian
8511.jpg,none,none,none
8513.jpg,30-39,Male,Indian
8514.jpg,20-29,Female,White
8515.jpg,20-29,Female,Indian
8519.jpg,50-59,Male,Black
8525.jpg,30-39,Female,Indian
8528.jpg,20-29,Male,White
8532.jpg,30-39,Female,White
8535.jpg,none,none,none
8536.jpg,30-39,Male,Black
8538.jpg,none,none,none
854.jpg,30-39,Male,Indian
8540.jpg,10-19,Female,White
8541.jpg,20-29,Female,Black
8553.jpg,20-29,Female,Indian
856.jpg,20-29,Female,White
8560.jpg,20-29,Female,Indian
8562.jpg,20-29,Male,White
8565.jpg,none,none,none
8568.jpg,30-39,Male,White
8572.jpg,50-59,Female,White
8574.jpg,20-29,Female,Indian
8584.jpg,20-29,Female,White
8587.jpg,20-29,Male,White
8591.jpg,20-29,Male,Indian
8593.jpg,20-29,Female,White
8598.jpg,none,none,none
8599.jpg,20-29,Male,Black
8600.jpg,20-29,Male,Indian
8602.jpg,30-39,Male,Indian
8603.jpg,10-19,Male,White
8607.jpg,none,none,none
8616.jpg,20-29,Male,Indian
8626.jpg,20-29,Male,Indian
8630.jpg,20-29,Female,Indian
8631.jpg,20-29,Male,White
8636.jpg,none,none,none
8638.jpg,30-39,Male,White
864.jpg,20-29,Male,Indian
8642.jpg,none,none,none
8646.jpg,20-29,Female,White
8647.jpg,none,none,none
8649.jpg,20-29,Male,Indian
865.jpg,50-59,Male,White
8650.jpg,none,none,none
8652.jpg,20-29,Male,Asian
8655.jpg,20-29,Male,Black
8661.jpg,none,none,none
8669.jpg,20-29,Female,Indian
867.jpg,30-39,Female,White
8670.jpg,none,none,none
8673.jpg,20-29,Female,Black
8675.jpg,20-29,Male,Asian
8676.jpg,30-39,Male,Indian
8677.jpg,20-29,Male,Black
8679.jpg,20-29,Male,Black
8681.jpg,30-39,Female,Indian
8683.jpg,none,none,none
8684.jpg,20-29,Male,White
8689.jpg,20-29,Female,Asian
8690.jpg,20-29,Male,Asian
8698.jpg,20-29,Female,Asian
8700.jpg,none,none,none
8701.jpg,none,none,none
8704.jpg,none,none,none
8708.jpg,3-9,Male,Asian
871.jpg,20-29,Male,Indian
8711.jpg,40-49,Female,Black
8713.jpg,20-29,Female,White
8716.jpg,20-29,Female,Black
8717.jpg,20-29,Male,White
8728.jpg,none,none,none
8731.jpg,20-29,Female,Black
8733.jpg,20-29,Male,White
8739.jpg,30-39,Male,White
874.jpg,20-29,Female,Black
8740.jpg,none,none,none
8742.jpg,30-39,Male,Indian
8745.jpg,none,none,none
8747.jpg,30-39,Male,Black
8748.jpg,30-39,Male,Asian
8751.jpg,20-29,Male,Indian
8755.jpg,none,none,none
8761.jpg,20-29,Female,Black
8770.jpg,none,none,none
8772.jpg,20-29,Female,Black
8784.jpg,30-39,Female,White
8785.jpg,30-39,Female,Indian
879.jpg,none,none,none
8790.jpg,20-29,Female,Black
8794.jpg,20-29,Female,Indian
8799.jpg,20-29,Female,Asian
88.jpg,30-39,Male,White
8802.jpg,20-29,Male,Black
8803.jpg,20-29,Female,Asian
8805.jpg,more than 70,Male,White
8811.jpg,none,none,none
8819.jpg,40-49,Male,Indian
882.jpg,10-19,Female,White
8825.jpg,20-29,Female,Indian
8827.jpg,40-49,Male,White
8828.jpg,50-59,Male,White
8834.jpg,none,none,none
8835.jpg,20-29,Male,White
8839.jpg,20-29,Female,Indian
8840.jpg,20-29,Male,Indian
8842.jpg,40-49,Male,Indian
8844.jpg,none,none,none
8846.jpg,30-39,Male,Black
885.jpg,30-39,Male,Black
8858.jpg,none,none,none
8859.jpg,20-29,Male,Black
8866.jpg,none,none,none
8870.jpg,30-39,Male,Black
8877.jpg,20-29,Female,Asian
888.jpg,20-29,Female,Indian
8880.jpg,20-29,Male,Black
8884.jpg,30-39,Male,Indian
8885.jpg,30-39,Male,White
8889.jpg,50-59,Male,Black
889.jpg,20-29,Male,Black
8896.jpg,20-29,Male,Black
8897.jpg,none,none,none
8900.jpg,none,none,none
8901.jpg,20-29,Male,Indian
891.jpg,20-29,Female,Indian
8914.jpg,30-39,Male,White
8919.jpg,20-29,Male,Indian
892.jpg,20-29,Male,Indian
8920.jpg,30-39,Male,Black
893.jpg,20-29,Male,Indian
8935.jpg,20-29,Female,White
8938.jpg,30-39,Male,White
8945.jpg,20-29,Male,Indian
8948.jpg,40-49,Male,Black
895.jpg,20-29,Female,White
8950.jpg,none,none,none
8953.jpg,30-39,Female,White
8954.jpg,none,none,none
8956.jpg,30-39,Male,White
8958.jpg,30-39,Male,Black
896.jpg,none,none,none
8961.jpg,30-39,Female,White
8962.jpg,30-39,Male,Indian
8964.jpg,none,none,none
8967.jpg,20-29,Male,Black
8972.jpg,30-39,Male,White
8974.jpg,20-29,Male,Indian
898.jpg,20-29,Female,White
8982.jpg,20-29,Male,White
8985.jpg,20-29,Female,Indian
8993.jpg,20-29,Male,Indian
8998.jpg,30-39,Male,Indian
9.jpg,none,none,none
9002.jpg,20-29,Female,White
9004.jpg,30-39,Male,Indian
9009.jpg,20-29,Male,White
9016.jpg,30-39,Male,Indian
9018.jpg,10-19,Female,White
9019.jpg,30-39,Female,Black
902.jpg,none,none,none
9021.jpg,20-29,Male,Asian
9023.jpg,none,none,none
9025.jpg,40-49,Female,Indian
9028.jpg,50-59,Female,Indian
9029.jpg,30-39,Female,Black
9030.jpg,20-29,Male,White
9031.jpg,20-29,Female,White
9036.jpg,none,none,none
9038.jpg,30-39,Male,Black
9040.jpg,20-29,Female,Black
9043.jpg,30-39,Male,White
9046.jpg,30-39,Female,Black
9050.jpg,none,none,none
9054.jpg,more than 70,Female,White
9055.jpg,30-39,Female,White
9057.jpg,none,none,none
9058.jpg,20-29,Female,Black
9059.jpg,20-29,Male,Indian
906.jpg,30-39,Female,Asian
9064.jpg,20-29,Male,White
9065.jpg,30-39,Male,Indian
9066.jpg,20-29,Female,Indian
9067.jpg,20-29,Male,Black
9071.jpg,30-39,Male,Indian
9072.jpg,30-39,Male,White
9075.jpg,20-29,Female,Black
9076.jpg,20-29,Male,White
9082.jpg,20-29,Male,Indian
9086.jpg,none,none,none
9090.jpg,30-39,Female,White
9092.jpg,none,none,none
9097.jpg,30-39,Female,Black
9099.jpg,20-29,Male,Black
9102.jpg,30-39,Male,Indian
9105.jpg,10-19,Female,White
9107.jpg,20-29,Female,White
9110.jpg,20-29,Female,Indian
9114.jpg,none,none,none
9121.jpg,more than 70,Female,White
9122.jpg,20-29,Female,White
9129.jpg,20-29,Male,Asian
9130.jpg,20-29,Female,Indian
9132.jpg,30-39,Male,Indian
9133.jpg,none,none,none
9139.jpg,30-39,Female,Asian
9143.jpg,20-29,Male,Indian
9154.jpg,0-2,Female,Asian
9161.jpg,20-29,Male,White
9163.jpg,20-29,Female,Indian
9165.jpg,50-59,Male,White
9166.jpg,20-29,Male,Black
9167.jpg,30-39,Female,White
9168.jpg,30-39,Male,Black
9171.jpg,20-29,Female,Indian
9172.jpg,none,none,none
9173.jpg,20-29,Male,White
918.jpg,none,none,none
9182.jpg,none,none,none
919.jpg,20-29,Male,Black
9196.jpg,20-29,Male,Black
9197.jpg,20-29,Male,Indian
9198.jpg,30-39,Female,Asian
92.jpg,none,none,none
9203.jpg,20-29,Female,Indian
9204.jpg,none,none,none
921.jpg,20-29,Female,Indian
9213.jpg,60-69,Female,White
9216.jpg,40-49,Male,Indian
9221.jpg,none,none,none
9222.jpg,20-29,Female,Black
9225.jpg,20-29,Male,Indian
9228.jpg,30-39,Male,Indian
923.jpg,30-39,Male,White
9237.jpg,30-39,Male,Indian
9238.jpg,40-49,Male,Indian
9249.jpg,20-29,Female,White
9250.jpg,50-59,Male,Indian
9252.jpg,none,none,none
9254.jpg,20-29,Male,Black
9256.jpg,30-39,Male,Indian
926.jpg,20-29,Female,White
9262.jpg,20-29,Male,Black
9264.jpg,20-29,Female,White
9265.jpg,none,none,none
9266.jpg,none,none,none
9267.jpg,none,none,none
9275.jpg,20-29,Female,Black
9281.jpg,none,none,none
9285.jpg,0-2,Male,White
9286.jpg,none,none,none
9287.jpg,20-29,Male,Black
929.jpg,20-29,Female,Black
9292.jpg,60-69,Male,White
9295.jpg,none,none,none
9296.jpg,none,none,none
93.jpg,20-29,Male,Indian
9301.jpg,20-29,Female,Indian
9311.jpg,20-29,Male,Black
9320.jpg,20-29,Male,Asian
9322.jpg,20-29,Female,White
9326.jpg,30-39,Male,Asian
9328.jpg,20-29,Male,Black
933.jpg,30-39,Male,Indian
9333.jpg,30-39,Male,Indian
9334.jpg,20-29,Female,White
9337.jpg,40-49,Male,Indian
9339.jpg,20-29,Male,Indian
9341.jpg,20-29,Female,Asian
9344.jpg,30-39,Female,Asian
9347.jpg,20-29,Female,White
9349.jpg,30-39,Male,Black
9350.jpg,none,none,none
9353.jpg,none,none,none
9354.jpg,30-39,Female,White
9356.jpg,20-29,Female,Asian
9368.jpg,none,none,none
9369.jpg,20-29,Female,Black
9372.jpg,30-39,Male,Black
9374.jpg,30-39,Male,Indian
9378.jpg,none,none,none
9379.jpg,20-29,Female,White
9382.jpg,30-39,Male,White
9384.jpg,40-49,Female,Indian
9388.jpg,more than 70,Male,White
9394.jpg,20-29,Female,White
9396.jpg,none,none,none
9399.jpg,30-39,Male,White
9403.jpg,60-69,Male,White
9409.jpg,none,none,none
941.jpg,30-39,Male,White
9413.jpg,none,none,none
9416.jpg,40-49,Male,White
9420.jpg,30-39,Male,White
9432.jpg,30-39,Male,White
9433.jpg,none,none,none
9434.jpg,20-29,Male,Indian
9437.jpg,20-29,Female,Indian
9438.jpg,none,none,none
944.jpg,20-29,Female,White
9440.jpg,none,none,none
9443.jpg,30-39,Female,Asian
9449.jpg,20-29,Male,Black
9453.jpg,none,none,none
9456.jpg,none,none,none
9459.jpg,20-29,Male,White
9469.jpg,0-2,Male,Indian
9477.jpg,none,none,none
9482.jpg,20-29,Male,Indian
9484.jpg,30-39,Female,Black
9486.jpg,20-29,Female,White
9492.jpg,40-49,Male,Black
9498.jpg,40-49,Male,Indian
9499.jpg,20-29,Female,White
95.jpg,20-29,Male,Asian
9504.jpg,20-29,Male,Indian
9506.jpg,20-29,Male,White
9510.jpg,none,none,none
9513.jpg,20-29,Male,Black
9514.jpg,20-29,Male,White
952.jpg,20-29,Female,Asian
9520.jpg,none,none,none
9522.jpg,50-59,Male,Indian
9523.jpg,none,none,none
9532.jpg,20-29,Female,Asian
9533.jpg,30-39,Male,Black
9538.jpg,20-29,Male,Indian
9544.jpg,30-39,Male,White
9546.jpg,none,none,none
9551.jpg,20-29,Female,White
9556.jpg,none,none,none
9557.jpg,20-29,Male,White
9565.jpg,20-29,Male,Indian
9569.jpg,20-29,Male,Indian
9571.jpg,20-29,Male,White
9577.jpg,30-39,Female,White
9578.jpg,20-29,Male,Black
9583.jpg,20-29,Male,Indian
9585.jpg,20-29,Female,Indian
9586.jpg,20-29,Male,Indian
9596.jpg,50-59,Male,White
9598.jpg,30-39,Male,Indian
9602.jpg,30-39,Female,Black
9612.jpg,none,none,none
9615.jpg,20-29,Male,Indian
9617.jpg,20-29,Female,White
9620.jpg,none,none,none
9627.jpg,none,none,none
9628.jpg,20-29,Female,White
9629.jpg,20-29,Male,Black
9631.jpg,none,none,none
9635.jpg,20-29,Female,Indian
9636.jpg,30-39,Female,White
964.jpg,50-59,Male,White
9647.jpg,20-29,Female,Indian
965.jpg,none,none,none
9652.jpg,40-49,Male,White
966.jpg,20-29,Male,Asian
9664.jpg,20-29,Female,Black
9666.jpg,20-29,Male,White
9674.jpg,20-29,Female,Indian
9683.jpg,50-59,Male,Indian
9685.jpg,20-29,Female,Indian
9687.jpg,30-39,Male,Indian
969.jpg,20-29,Male,Indian
9692.jpg,20-29,Male,Indian
9696.jpg,20-29,Male,Indian
9698.jpg,20-29,Male,Indian
9703.jpg,20-29,Female,Indian
9705.jpg,20-29,Female,Asian
9709.jpg,30-39,Female,White
9711.jpg,20-29,Male,Black
9716.jpg,30-39,Male,Black
9725.jpg,20-29,Male,Indian
973.jpg,20-29,Male,White
9732.jpg,30-39,Male,Black
9733.jpg,none,none,none
974.jpg,20-29,Female,Asian
9740.jpg,20-29,Female,White
9741.jpg,none,none,none
9744.jpg,none,none,none
9746.jpg,none,none,none
9748.jpg,20-29,Female,Asian
9753.jpg,40-49,Male,White
9754.jpg,50-59,Female,White
9755.jpg,20-29,Male,Indian
9757.jpg,20-29,Female,Indian
9765.jpg,20-29,Male,Black
9769.jpg,20-29,Male,Black
9771.jpg,20-29,Female,White
9772.jpg,20-29,Female,Asian
978.jpg,20-29,Female,Black
9780.jpg,30-39,Male,Indian
9793.jpg,20-29,Female,White
98.jpg,20-29,Male,Indian
980.jpg,none,none,none
9803.jpg,20-29,Male,Indian
9811.jpg,none,none,none
9815.jpg,30-39,Male,Indian
9816.jpg,20-29,Female,White
9817.jpg,20-29,Female,Black
982.jpg,20-29,Male,Black
9822.jpg,20-29,Female,Indian
9826.jpg,20-29,Male,White
9828.jpg,50-59,Male,Indian
9831.jpg,20-29,Female,Indian
9835.jpg,20-29,Female,Black
9840.jpg,20-29,Male,Asian
9842.jpg,30-39,Male,Black
9845.jpg,20-29,Female,Indian
9848.jpg,50-59,Male,White
9854.jpg,50-59,Female,White
9859.jpg,30-39,Female,Black
9862.jpg,20-29,Female,White
9863.jpg,30-39,Male,Indian
9864.jpg,30-39,Male,White
9866.jpg,20-29,Male,Black
9867.jpg,30-39,Male,White
9871.jpg,40-49,Male,White
9872.jpg,20-29,Female,Indian
9873.jpg,20-29,Female,Indian
9874.jpg,30-39,Female,Indian
9875.jpg,20-29,Female,Asian
9876.jpg,50-59,Male,White
9881.jpg,none,none,none
9882.jpg,20-29,Male,Indian
9886.jpg,20-29,Male,Asian
9889.jpg,20-29,Male,Indian
989.jpg,20-29,Male,Indian
9897.jpg,20-29,Male,White
9898.jpg,none,none,none
9900.jpg,20-29,Male,Indian
9914.jpg,30-39,Male,Indian
9919.jpg,none,none,none
9921.jpg,30-39,Male,Asian
9922.jpg,20-29,Male,Indian
9924.jpg,20-29,Male,Black
993.jpg,20-29,Female,Asian
9932.jpg,none,none,none
9933.jpg,20-29,Male,White
9935.jpg,20-29,Male,White
9939.jpg,60-69,Male,White
9941.jpg,30-39,Male,Black
9944.jpg,20-29,Female,White
9948.jpg,20-29,Female,Indian
9949.jpg,50-59,Male,Black
995.jpg,30-39,Male,Indian
9950.jpg,30-39,Male,Black
9966.jpg,20-29,Male,Black
9967.jpg,40-49,Male,White
9968.jpg,20-29,Male,Black
997.jpg,none,none,none
9976.jpg,none,none,none
9990.jpg,none,none,none
9998.jpg,none,none,none
