100.jpg,20-29,Female,Asian
10004.jpg,20-29,Male,Asian
10012.jpg,30-39,Female,Asian
10018.jpg,30-39,Female,Others
10019.jpg,20-29,Female,Asian
10024.jpg,20-29,Male,White
10030.jpg,30-39,Male,White
10039.jpg,20-29,Male,Asian
10043.jpg,10-19,Male,Asian
10044.jpg,20-29,Male,White
10053.jpg,3-9,Male,White
10054.jpg,30-39,Female,Others
10056.jpg,3-9,Male,Indian
10059.jpg,30-39,Male,White
10061.jpg,30-39,Male,Black
10062.jpg,30-39,Male,Asian
10064.jpg,30-39,Male,White
10065.jpg,3-9,Female,Asian
10067.jpg,30-39,Male,Black
10079.jpg,20-29,Female,Asian
10081.jpg,20-29,Male,Asian
10084.jpg,30-39,Male,Indian
10087.jpg,3-9,Male,Asian
10089.jpg,20-29,Male,Others
10100.jpg,20-29,Female,White
10106.jpg,30-39,Female,Asian
10108.jpg,20-29,Female,Asian
10109.jpg,10-19,Female,Asian
1011.jpg,20-29,Male,Asian
10116.jpg,30-39,Male,Others
10118.jpg,20-29,Female,White
1012.jpg,40-49,Male,Asian
10125.jpg,30-39,Male,Others
10129.jpg,40-49,Male,White
10135.jpg,30-39,Male,Asian
10140.jpg,3-9,Female,Asian
10146.jpg,3-9,Male,Asian
10147.jpg,40-49,Male,Black
10153.jpg,20-29,Female,Indian
10156.jpg,10-19,Male,White
10167.jpg,10-19,Male,White
10172.jpg,3-9,Female,Asian
10173.jpg,20-29,Male,Asian
10178.jpg,3-9,Male,Asian
10180.jpg,3-9,Female,Black
10194.jpg,20-29,Male,White
10197.jpg,40-49,Male,Asian
1020.jpg,40-49,Female,Others
10200.jpg,40-49,Male,Others
10202.jpg,20-29,Female,Others
10203.jpg,30-39,Male,Asian
10205.jpg,30-39,Male,Asian
10206.jpg,20-29,Male,Asian
10214.jpg,20-29,Female,Others
10215.jpg,30-39,Male,Asian
10216.jpg,10-19,Male,White
10217.jpg,3-9,Male,Others
10226.jpg,20-29,Female,Others
10228.jpg,20-29,Female,White
10231.jpg,40-49,Male,Asian
10240.jpg,20-29,Female,Asian
10241.jpg,30-39,Male,Asian
10242.jpg,40-49,Male,White
10243.jpg,30-39,Female,Asian
10248.jpg,3-9,Female,Asian
10255.jpg,40-49,Male,Others
10284.jpg,30-39,Male,Others
10285.jpg,30-39,Male,Indian
10289.jpg,40-49,Male,Asian
1029.jpg,20-29,Male,Asian
10290.jpg,30-39,Female,Others
10291.jpg,20-29,Male,White
10292.jpg,30-39,Male,Black
10293.jpg,30-39,Male,Asian
10296.jpg,30-39,Male,Indian
10305.jpg,20-29,Female,White
10306.jpg,40-49,Male,Others
10316.jpg,20-29,Male,Indian
1032.jpg,20-29,Male,Others
10325.jpg,50-59,Male,Asian
10337.jpg,3-9,Male,Indian
10338.jpg,20-29,Male,Others
10343.jpg,20-29,Male,Others
10361.jpg,20-29,Female,White
10363.jpg,20-29,Male,Asian
10384.jpg,20-29,Male,Asian
10389.jpg,50-59,Male,Asian
1039.jpg,20-29,Male,Asian
10395.jpg,20-29,Female,Black
1040.jpg,40-49,Male,Others
10402.jpg,20-29,Male,Asian
10413.jpg,20-29,Female,Asian
1043.jpg,40-49,Male,Others
10430.jpg,30-39,Male,Asian
10435.jpg,20-29,Male,Indian
10436.jpg,3-9,Male,Asian
10437.jpg,40-49,Female,White
10440.jpg,30-39,Female,Asian
10442.jpg,30-39,Female,Indian
10445.jpg,3-9,Male,Others
10447.jpg,30-39,Male,Asian
10452.jpg,30-39,Male,Black
10463.jpg,20-29,Female,White
10473.jpg,30-39,Female,Others
1048.jpg,30-39,Male,Others
10481.jpg,20-29,Female,Asian
10484.jpg,20-29,Male,Others
10485.jpg,20-29,Female,White
10487.jpg,20-29,Male,Black
10489.jpg,40-49,Male,Others
1049.jpg,40-49,Male,Black
10494.jpg,20-29,Male,Asian
10497.jpg,20-29,Male,Others
10500.jpg,20-29,Male,Others
10505.jpg,20-29,Female,Others
10508.jpg,20-29,Male,Others
10514.jpg,3-9,Male,White
10515.jpg,20-29,Male,Asian
10518.jpg,30-39,Male,Indian
10525.jpg,30-39,Male,Black
10527.jpg,3-9,Male,Asian
10530.jpg,40-49,Female,Asian
10531.jpg,20-29,Male,Black
10534.jpg,40-49,Male,Black
10537.jpg,20-29,Female,Indian
1054.jpg,30-39,Male,White
10542.jpg,30-39,Male,Others
10543.jpg,20-29,Male,Others
10545.jpg,40-49,Male,White
10546.jpg,30-39,Male,Others
10551.jpg,30-39,Male,Black
10554.jpg,30-39,Male,White
10557.jpg,10-19,Male,Black
1056.jpg,10-19,Male,White
10560.jpg,40-49,Male,Black
10561.jpg,30-39,Female,Asian
10564.jpg,10-19,Male,White
10566.jpg,40-49,Male,Asian
10569.jpg,30-39,Male,Others
10573.jpg,30-39,Male,Others
10574.jpg,20-29,Male,Others
10575.jpg,20-29,Male,White
10576.jpg,30-39,Male,Others
10578.jpg,30-39,Male,Others
10580.jpg,50-59,Male,White
10585.jpg,20-29,Female,White
10587.jpg,30-39,Male,Asian
10590.jpg,40-49,Female,Others
10591.jpg,20-29,Male,Others
10592.jpg,20-29,Male,Others
10593.jpg,20-29,Female,White
10597.jpg,40-49,Male,Others
1060.jpg,30-39,Male,Others
10603.jpg,40-49,Male,Asian
10607.jpg,20-29,Female,Black
10614.jpg,10-19,Female,White
10616.jpg,30-39,Male,White
10639.jpg,3-9,Male,Asian
10643.jpg,40-49,Male,Asian
10644.jpg,30-39,Female,Asian
10650.jpg,40-49,Male,Black
10651.jpg,30-39,Female,Indian
10653.jpg,20-29,Female,Indian
10654.jpg,3-9,Female,Others
10655.jpg,20-29,Female,White
10657.jpg,20-29,Male,Indian
10658.jpg,20-29,Female,Indian
1066.jpg,40-49,Male,Others
10662.jpg,30-39,Male,Others
10667.jpg,10-19,Male,Others
10671.jpg,10-19,Female,Others
10673.jpg,20-29,Female,White
10675.jpg,3-9,Male,Others
10680.jpg,30-39,Male,White
10687.jpg,30-39,Female,White
1069.jpg,20-29,Male,Others
10692.jpg,30-39,Female,Others
10693.jpg,30-39,Female,Others
10694.jpg,10-19,Male,Asian
10696.jpg,20-29,Female,Others
10700.jpg,30-39,Male,Asian
10703.jpg,20-29,Male,Asian
10705.jpg,20-29,Male,Others
10711.jpg,30-39,Male,White
10713.jpg,40-49,Male,Others
10715.jpg,20-29,Female,White
1072.jpg,20-29,Male,Asian
10722.jpg,3-9,Male,Indian
10724.jpg,30-39,Male,White
10728.jpg,20-29,Male,Others
10732.jpg,20-29,Female,White
10736.jpg,20-29,Male,Asian
10741.jpg,30-39,Male,White
10743.jpg,40-49,Male,Black
10751.jpg,30-39,Male,Black
10754.jpg,30-39,Male,Asian
10755.jpg,3-9,Male,White
1076.jpg,30-39,Female,Others
10769.jpg,60-69,Male,Black
10771.jpg,40-49,Male,Others
10773.jpg,40-49,Male,Others
10778.jpg,20-29,Female,Asian
10779.jpg,30-39,Male,Others
10785.jpg,30-39,Male,Others
10787.jpg,30-39,Male,White
10791.jpg,20-29,Female,Others
10799.jpg,40-49,Male,Asian
108.jpg,20-29,Female,White
10802.jpg,20-29,Female,White
10804.jpg,20-29,Male,Others
10806.jpg,10-19,Male,Asian
10808.jpg,40-49,Male,Indian
1081.jpg,20-29,Male,Asian
10812.jpg,40-49,Male,Black
10813.jpg,20-29,Male,White
10816.jpg,30-39,Male,Others
1082.jpg,20-29,Male,Indian
10821.jpg,20-29,Female,Asian
10823.jpg,20-29,Male,Others
10827.jpg,20-29,Female,White
10830.jpg,20-29,Male,Others
10832.jpg,20-29,Male,Black
10834.jpg,30-39,Male,Others
1084.jpg,3-9,Female,Asian
10842.jpg,20-29,Male,Asian
1085.jpg,20-29,Male,Others
10851.jpg,30-39,Female,White
10857.jpg,40-49,Male,Others
10861.jpg,30-39,Male,Others
10867.jpg,3-9,Male,Asian
10868.jpg,20-29,Female,Others
10873.jpg,10-19,Male,Black
10879.jpg,30-39,Male,White
10887.jpg,40-49,Male,Black
10888.jpg,10-19,Male,White
10889.jpg,10-19,Male,Black
1089.jpg,40-49,Male,Others
10891.jpg,20-29,Male,Others
10897.jpg,30-39,Male,Others
1090.jpg,30-39,Male,Asian
10901.jpg,30-39,Male,Asian
10907.jpg,30-39,Male,Others
10908.jpg,30-39,Female,White
10910.jpg,20-29,Male,Others
10912.jpg,30-39,Male,White
10919.jpg,3-9,Male,Asian
10923.jpg,3-9,Male,Asian
10925.jpg,10-19,Male,Others
10946.jpg,30-39,Female,Others
10947.jpg,50-59,Male,Asian
10954.jpg,50-59,Male,Others
1096.jpg,20-29,Male,Asian
110.jpg,20-29,Male,Others
1100.jpg,30-39,Male,Black
1102.jpg,30-39,Female,Asian
1107.jpg,3-9,Male,Others
1108.jpg,20-29,Male,Asian
1111.jpg,20-29,Male,Asian
1117.jpg,30-39,Male,Asian
1123.jpg,20-29,Male,Asian
1126.jpg,30-39,Male,Others
1127.jpg,20-29,Female,White
1129.jpg,3-9,Female,Asian
1130.jpg,50-59,Male,Others
1135.jpg,20-29,Male,Others
1156.jpg,20-29,Female,White
1158.jpg,20-29,Male,Others
1160.jpg,20-29,Male,White
1162.jpg,3-9,Male,Asian
1163.jpg,3-9,Male,Asian
1169.jpg,20-29,Male,White
1184.jpg,20-29,Male,Asian
1186.jpg,30-39,Male,Others
1189.jpg,30-39,Male,White
1191.jpg,20-29,Female,Asian
1194.jpg,20-29,Male,Asian
1196.jpg,30-39,Male,White
120.jpg,20-29,Male,Indian
1204.jpg,30-39,Male,Asian
1213.jpg,20-29,Male,Black
122.jpg,20-29,Male,Asian
1224.jpg,20-29,Female,Asian
1225.jpg,30-39,Male,White
1228.jpg,30-39,Male,Others
1240.jpg,20-29,Female,Indian
1250.jpg,30-39,Male,Asian
1255.jpg,20-29,Male,Others
1257.jpg,20-29,Female,Asian
1276.jpg,3-9,Male,Asian
1277.jpg,40-49,Male,Others
1286.jpg,20-29,Female,White
129.jpg,30-39,Male,Asian
1297.jpg,10-19,Male,Asian
1302.jpg,3-9,Male,Indian
1304.jpg,20-29,Male,Asian
1305.jpg,30-39,Male,Indian
1312.jpg,20-29,Male,Indian
132.jpg,3-9,Male,Black
1321.jpg,20-29,Male,Black
1322.jpg,20-29,Male,Others
1329.jpg,30-39,Male,White
1340.jpg,10-19,Female,Others
1341.jpg,10-19,Male,Black
1347.jpg,20-29,Male,Black
1353.jpg,3-9,Male,White
1357.jpg,40-49,Male,Black
1361.jpg,20-29,Male,Asian
1363.jpg,20-29,Male,Asian
1372.jpg,30-39,Male,Others
1374.jpg,3-9,Female,Others
139.jpg,30-39,Male,Others
1392.jpg,30-39,Male,White
1394.jpg,30-39,Male,Asian
1404.jpg,30-39,Male,Others
1409.jpg,50-59,Male,Others
1422.jpg,20-29,Male,Asian
1423.jpg,30-39,Male,Black
1424.jpg,10-19,Female,Asian
1435.jpg,50-59,Male,White
1437.jpg,3-9,Female,Asian
1443.jpg,30-39,Male,Black
1445.jpg,20-29,Female,Asian
1456.jpg,20-29,Female,Asian
1457.jpg,10-19,Male,Asian
1460.jpg,30-39,Male,Asian
1462.jpg,30-39,Male,Others
1464.jpg,30-39,Male,White
1477.jpg,30-39,Male,White
1488.jpg,50-59,Male,Black
1491.jpg,3-9,Male,Others
1495.jpg,10-19,Male,Asian
1501.jpg,10-19,Male,Asian
1502.jpg,20-29,Female,Asian
1512.jpg,30-39,Male,Black
1514.jpg,50-59,Male,Asian
1518.jpg,20-29,Male,Asian
1520.jpg,10-19,Male,White
1531.jpg,30-39,Male,Others
1532.jpg,20-29,Male,White
1534.jpg,20-29,Male,Asian
1537.jpg,10-19,Female,Indian
1538.jpg,30-39,Male,White
1542.jpg,3-9,Male,Others
1548.jpg,20-29,Male,Asian
155.jpg,3-9,Female,Black
1554.jpg,20-29,Female,Asian
1555.jpg,20-29,Male,Asian
1559.jpg,30-39,Male,Others
1566.jpg,40-49,Female,Others
157.jpg,40-49,Male,Others
1572.jpg,20-29,Female,Asian
1579.jpg,30-39,Male,Asian
1580.jpg,20-29,Male,Asian
1583.jpg,30-39,Male,Indian
1588.jpg,3-9,Male,Asian
1591.jpg,more than 70,Male,Indian
1592.jpg,20-29,Female,Asian
1594.jpg,40-49,Female,Indian
160.jpg,40-49,Male,Asian
161.jpg,30-39,Male,White
1613.jpg,20-29,Male,Asian
1614.jpg,20-29,Female,Asian
1617.jpg,20-29,Male,Others
1626.jpg,40-49,Male,Asian
1632.jpg,30-39,Male,Asian
1635.jpg,20-29,Male,White
1639.jpg,30-39,Male,Asian
1649.jpg,20-29,Male,Indian
165.jpg,3-9,Male,Black
1653.jpg,30-39,Male,White
1654.jpg,20-29,Female,Others
1655.jpg,20-29,Male,Asian
1658.jpg,3-9,Male,White
1659.jpg,50-59,Male,Others
1660.jpg,40-49,Male,Others
1663.jpg,20-29,Male,Asian
1665.jpg,20-29,Female,Others
167.jpg,20-29,Female,Asian
1670.jpg,20-29,Male,Indian
1672.jpg,20-29,Female,Indian
1674.jpg,40-49,Male,White
1677.jpg,20-29,Female,White
168.jpg,10-19,Female,Asian
1687.jpg,0-2,Male,Asian
1690.jpg,20-29,Male,Asian
1693.jpg,30-39,Male,Asian
170.jpg,20-29,Female,White
1701.jpg,20-29,Male,Others
1705.jpg,30-39,Male,Others
171.jpg,20-29,Female,Black
1711.jpg,10-19,Male,Asian
1715.jpg,40-49,Male,Others
1723.jpg,20-29,Female,White
1726.jpg,20-29,Male,White
1730.jpg,30-39,Male,Black
1736.jpg,20-29,Female,Others
1738.jpg,10-19,Female,Black
1743.jpg,3-9,Female,Asian
1745.jpg,10-19,Male,Others
1751.jpg,30-39,Male,White
1753.jpg,3-9,Male,Asian
1754.jpg,20-29,Male,Others
1757.jpg,10-19,Female,Others
1761.jpg,3-9,Male,Others
1768.jpg,40-49,Male,Indian
1769.jpg,20-29,Male,Asian
1771.jpg,30-39,Male,Asian
1772.jpg,30-39,Male,Others
1773.jpg,3-9,Male,Black
1779.jpg,20-29,Male,Asian
178.jpg,20-29,Male,Black
1785.jpg,50-59,Male,Black
1795.jpg,10-19,Male,Asian
1798.jpg,20-29,Male,Asian
1806.jpg,20-29,Male,Indian
1807.jpg,40-49,Male,Asian
1809.jpg,30-39,Male,Asian
1818.jpg,30-39,Male,Asian
1819.jpg,40-49,Male,Others
1820.jpg,30-39,Female,Asian
1831.jpg,10-19,Male,Black
1839.jpg,20-29,Female,White
1849.jpg,3-9,Male,Asian
1850.jpg,20-29,Male,White
1851.jpg,30-39,Male,Others
1853.jpg,20-29,Male,Asian
1858.jpg,40-49,Male,Others
1867.jpg,30-39,Female,White
1877.jpg,20-29,Male,Others
1880.jpg,40-49,Male,Black
1883.jpg,20-29,Male,Asian
1884.jpg,20-29,Male,Asian
1899.jpg,10-19,Male,Black
1907.jpg,20-29,Male,Asian
1908.jpg,10-19,Male,Others
191.jpg,50-59,Male,Others
1913.jpg,30-39,Male,Asian
1914.jpg,10-19,Male,Others
1918.jpg,20-29,Male,White
1921.jpg,20-29,Male,Others
1922.jpg,40-49,Male,Asian
1927.jpg,20-29,Male,Asian
1928.jpg,30-39,Male,White
1930.jpg,30-39,Female,Asian
1936.jpg,30-39,Male,Others
1942.jpg,20-29,Male,White
1944.jpg,40-49,Male,Indian
1946.jpg,3-9,Female,Asian
1947.jpg,30-39,Male,Others
1948.jpg,20-29,Male,Asian
1950.jpg,30-39,Male,White
1957.jpg,30-39,Male,White
196.jpg,3-9,Female,Others
1964.jpg,20-29,Male,Black
1966.jpg,30-39,Male,Asian
197.jpg,30-39,Male,Black
1977.jpg,30-39,Male,Indian
1987.jpg,30-39,Male,Asian
1988.jpg,3-9,Male,Asian
1989.jpg,40-49,Male,Asian
1992.jpg,50-59,Male,Indian
1998.jpg,20-29,Male,Asian
2.jpg,30-39,Male,Asian
2005.jpg,20-29,Male,Asian
2006.jpg,20-29,Male,Asian
2008.jpg,30-39,Male,Others
2012.jpg,30-39,Female,Asian
2013.jpg,40-49,Male,Asian
2015.jpg,3-9,Female,Asian
2016.jpg,20-29,Female,White
2025.jpg,10-19,Male,Others
2036.jpg,30-39,Male,White
2038.jpg,30-39,Male,Others
2048.jpg,20-29,Male,Black
205.jpg,3-9,Male,Black
2054.jpg,10-19,Male,Asian
2056.jpg,40-49,Male,White
2066.jpg,20-29,Male,Others
2068.jpg,40-49,Male,Others
2069.jpg,20-29,Male,White
207.jpg,20-29,Male,White
2074.jpg,20-29,Male,Asian
2082.jpg,30-39,Male,Indian
2087.jpg,20-29,Female,White
2089.jpg,20-29,Male,Asian
2093.jpg,20-29,Female,Others
2097.jpg,3-9,Female,Asian
2099.jpg,40-49,Male,Others
2100.jpg,20-29,Female,Asian
2101.jpg,30-39,Female,White
2106.jpg,3-9,Female,Indian
2107.jpg,50-59,Male,Others
2109.jpg,20-29,Female,Others
211.jpg,50-59,Male,Black
2115.jpg,30-39,Male,Black
2117.jpg,40-49,Male,Others
2120.jpg,40-49,Male,Others
2126.jpg,50-59,Male,Indian
213.jpg,20-29,Male,Asian
2130.jpg,20-29,Male,Asian
2133.jpg,3-9,Male,Asian
2134.jpg,30-39,Male,Black
2137.jpg,20-29,Male,Others
2140.jpg,20-29,Female,Others
2141.jpg,20-29,Female,Asian
2146.jpg,0-2,Male,Asian
2147.jpg,3-9,Male,Others
2149.jpg,50-59,Male,Others
2153.jpg,20-29,Male,Asian
2162.jpg,20-29,Male,Asian
2167.jpg,30-39,Male,Asian
2175.jpg,10-19,Male,Asian
2177.jpg,30-39,Male,Asian
2186.jpg,40-49,Male,Indian
2189.jpg,3-9,Male,White
2193.jpg,30-39,Male,Others
2194.jpg,3-9,Male,Asian
2197.jpg,30-39,Male,Others
220.jpg,40-49,Male,White
2201.jpg,3-9,Male,Asian
2202.jpg,3-9,Male,Others
2205.jpg,30-39,Male,Asian
2208.jpg,20-29,Male,Others
221.jpg,50-59,Male,Black
2212.jpg,10-19,Male,Black
2214.jpg,3-9,Female,White
2222.jpg,40-49,Male,White
2236.jpg,20-29,Male,Asian
2243.jpg,30-39,Male,Others
2252.jpg,30-39,Male,Asian
2256.jpg,10-19,Male,Asian
2257.jpg,10-19,Male,White
2258.jpg,20-29,Male,Others
2259.jpg,30-39,Female,White
2262.jpg,20-29,Female,Others
2263.jpg,50-59,Male,Asian
2266.jpg,3-9,Female,White
2268.jpg,50-59,Male,Indian
2278.jpg,30-39,Male,Indian
2279.jpg,40-49,Male,Asian
2288.jpg,30-39,Female,Others
2303.jpg,20-29,Male,Others
2306.jpg,20-29,Male,Black
2310.jpg,20-29,Female,White
2312.jpg,20-29,Female,White
2313.jpg,30-39,Male,Asian
232.jpg,20-29,Female,Asian
2320.jpg,30-39,Male,Others
2324.jpg,20-29,Male,Others
2327.jpg,30-39,Male,Others
2328.jpg,20-29,Male,White
2339.jpg,30-39,Male,Asian
2342.jpg,30-39,Male,Asian
2350.jpg,3-9,Male,Black
236.jpg,20-29,Female,Others
2366.jpg,30-39,Male,Others
2367.jpg,20-29,Male,White
2371.jpg,30-39,Male,Indian
2372.jpg,10-19,Male,White
2378.jpg,30-39,Female,Asian
2380.jpg,20-29,Male,Black
2384.jpg,30-39,Female,Asian
2388.jpg,40-49,Male,Others
24.jpg,10-19,Male,Asian
2404.jpg,20-29,Male,Asian
2411.jpg,20-29,Female,White
2412.jpg,30-39,Male,White
2420.jpg,40-49,Male,White
2421.jpg,20-29,Female,Indian
2426.jpg,30-39,Male,Indian
2435.jpg,30-39,Male,Asian
2441.jpg,3-9,Male,Asian
2466.jpg,20-29,Female,Asian
2471.jpg,40-49,Male,Asian
2478.jpg,20-29,Male,Indian
2482.jpg,30-39,Male,Asian
2485.jpg,30-39,Male,Black
2486.jpg,20-29,Male,Asian
251.jpg,10-19,Male,Asian
2517.jpg,20-29,Male,Indian
2518.jpg,20-29,Male,Others
2520.jpg,40-49,Female,Asian
2521.jpg,50-59,Male,White
2524.jpg,20-29,Female,Indian
2527.jpg,30-39,Male,Others
2528.jpg,20-29,Male,Indian
2535.jpg,50-59,Male,Black
254.jpg,20-29,Female,White
2543.jpg,20-29,Female,White
2551.jpg,20-29,Male,White
2552.jpg,30-39,Male,Black
2556.jpg,20-29,Male,Asian
2557.jpg,3-9,Male,Indian
2558.jpg,3-9,Male,Asian
2562.jpg,20-29,Male,Indian
2566.jpg,20-29,Female,Others
2572.jpg,30-39,Male,Asian
2579.jpg,40-49,Male,Others
2581.jpg,30-39,Female,Black
2583.jpg,20-29,Female,Others
2586.jpg,3-9,Male,Asian
2588.jpg,50-59,Male,Others
2591.jpg,20-29,Male,Asian
2592.jpg,20-29,Male,Asian
2595.jpg,10-19,Male,Others
26.jpg,30-39,Male,Others
260.jpg,30-39,Male,Black
2605.jpg,50-59,Male,Others
2607.jpg,40-49,Male,Others
2609.jpg,30-39,Male,Others
261.jpg,20-29,Male,Others
2610.jpg,30-39,Male,Indian
2613.jpg,20-29,Male,Asian
2614.jpg,20-29,Male,Others
2616.jpg,30-39,Male,Others
2617.jpg,20-29,Female,Asian
2618.jpg,10-19,Male,Asian
2623.jpg,20-29,Female,Others
2630.jpg,30-39,Male,Others
2634.jpg,40-49,Male,White
2635.jpg,20-29,Male,White
264.jpg,40-49,Female,Asian
2642.jpg,3-9,Male,Indian
2644.jpg,30-39,Male,Others
2646.jpg,40-49,Male,Others
2647.jpg,20-29,Male,White
2648.jpg,40-49,Female,White
2652.jpg,20-29,Female,White
2653.jpg,40-49,Male,Indian
2660.jpg,20-29,Male,Asian
2665.jpg,20-29,Male,Asian
2666.jpg,3-9,Male,Asian
2667.jpg,30-39,Male,Asian
2668.jpg,20-29,Female,Black
2669.jpg,40-49,Male,Others
2670.jpg,30-39,Male,Indian
2675.jpg,3-9,Male,White
2678.jpg,10-19,Male,Others
268.jpg,10-19,Male,Asian
2681.jpg,3-9,Male,Asian
2683.jpg,30-39,Male,Black
2685.jpg,10-19,Female,Asian
2687.jpg,20-29,Male,Black
2689.jpg,40-49,Male,Asian
2697.jpg,3-9,Male,Asian
27.jpg,40-49,Male,Others
2701.jpg,3-9,Male,Asian
2703.jpg,40-49,Male,Asian
2708.jpg,10-19,Male,White
2712.jpg,40-49,Male,Indian
2721.jpg,30-39,Male,White
2724.jpg,30-39,Male,Indian
2725.jpg,20-29,Male,Black
2726.jpg,10-19,Male,Indian
2729.jpg,40-49,Male,Asian
273.jpg,20-29,Female,Indian
2730.jpg,30-39,Male,Others
2740.jpg,30-39,Male,Others
2749.jpg,30-39,Male,Black
275.jpg,30-39,Male,Asian
2754.jpg,40-49,Male,Asian
2755.jpg,3-9,Male,Others
2759.jpg,30-39,Male,White
2774.jpg,40-49,Male,Others
2775.jpg,3-9,Male,Asian
2776.jpg,30-39,Female,Indian
2781.jpg,30-39,Female,Asian
2788.jpg,3-9,Male,Asian
2791.jpg,30-39,Male,Asian
28.jpg,20-29,Female,Asian
2803.jpg,40-49,Male,Others
2807.jpg,30-39,Male,Asian
2808.jpg,0-2,Male,Others
281.jpg,30-39,Male,Asian
2811.jpg,20-29,Female,Asian
2817.jpg,30-39,Female,White
2818.jpg,20-29,Female,White
2847.jpg,30-39,Male,Others
2851.jpg,20-29,Female,Others
2858.jpg,10-19,Male,Asian
2863.jpg,3-9,Male,Others
2872.jpg,50-59,Male,Others
2874.jpg,3-9,Male,Indian
2876.jpg,20-29,Female,Asian
288.jpg,20-29,Male,Others
2886.jpg,20-29,Female,White
289.jpg,30-39,Male,Asian
2892.jpg,20-29,Male,Others
2893.jpg,30-39,Female,Others
2897.jpg,3-9,Female,Black
290.jpg,30-39,Male,Asian
2906.jpg,20-29,Male,Asian
2907.jpg,20-29,Female,Asian
2922.jpg,30-39,Male,Others
2925.jpg,20-29,Male,White
2928.jpg,30-39,Male,Asian
2930.jpg,40-49,Male,Asian
2932.jpg,20-29,Male,Others
2933.jpg,30-39,Male,Others
2934.jpg,30-39,Male,Indian
2939.jpg,30-39,Male,Asian
2946.jpg,30-39,Male,Others
2958.jpg,30-39,Male,Others
2961.jpg,10-19,Male,Black
2962.jpg,20-29,Male,Indian
2965.jpg,20-29,Female,White
2967.jpg,40-49,Male,Others
2968.jpg,40-49,Male,Asian
2982.jpg,20-29,Male,Others
2984.jpg,40-49,Male,Others
2985.jpg,20-29,Male,Asian
2987.jpg,3-9,Male,Asian
299.jpg,40-49,Male,Others
2990.jpg,3-9,Female,Others
2991.jpg,20-29,Male,Black
2992.jpg,40-49,Male,White
2996.jpg,20-29,Male,Black
2997.jpg,40-49,Male,Others
2998.jpg,3-9,Male,Asian
3.jpg,30-39,Male,Others
3000.jpg,20-29,Male,Asian
3004.jpg,3-9,Female,Asian
3009.jpg,40-49,Male,White
3021.jpg,50-59,Female,Indian
3022.jpg,30-39,Male,Asian
3023.jpg,30-39,Male,Others
3024.jpg,20-29,Male,Asian
3029.jpg,50-59,Female,Black
303.jpg,30-39,Male,Others
3033.jpg,40-49,Male,Others
3038.jpg,20-29,Male,Black
3039.jpg,20-29,Male,White
3043.jpg,3-9,Male,Black
3045.jpg,30-39,Male,Others
3046.jpg,30-39,Male,Others
3050.jpg,30-39,Female,Asian
3051.jpg,3-9,Male,Asian
3064.jpg,50-59,Male,Others
3069.jpg,20-29,Male,Asian
3070.jpg,20-29,Male,White
3071.jpg,10-19,Male,Asian
3072.jpg,30-39,Male,White
3074.jpg,50-59,Male,Indian
3075.jpg,10-19,Male,White
3077.jpg,20-29,Female,White
3078.jpg,40-49,Male,Asian
3080.jpg,20-29,Female,Asian
3081.jpg,30-39,Male,White
3082.jpg,30-39,Male,Others
3086.jpg,20-29,Male,Asian
3089.jpg,10-19,Male,Black
3101.jpg,20-29,Female,Others
3102.jpg,30-39,Male,Asian
3106.jpg,50-59,Male,Asian
3107.jpg,20-29,Male,White
3111.jpg,20-29,Female,Asian
3120.jpg,3-9,Female,Others
3123.jpg,20-29,Male,White
3126.jpg,20-29,Female,Asian
3128.jpg,20-29,Male,White
3130.jpg,40-49,Male,Asian
3137.jpg,50-59,Male,Indian
3143.jpg,30-39,Male,Others
3150.jpg,30-39,Male,Asian
3151.jpg,20-29,Male,Asian
3152.jpg,30-39,Male,Asian
3154.jpg,30-39,Male,Asian
3161.jpg,30-39,Male,Indian
3166.jpg,30-39,Male,Black
3171.jpg,30-39,Male,White
3172.jpg,20-29,Male,Others
318.jpg,30-39,Female,White
3182.jpg,30-39,Male,Indian
3196.jpg,40-49,Male,White
320.jpg,3-9,Male,Black
3201.jpg,3-9,Male,Asian
3206.jpg,3-9,Male,Asian
3208.jpg,40-49,Male,Others
3209.jpg,30-39,Male,Others
3211.jpg,30-39,Female,Asian
3219.jpg,30-39,Female,White
3228.jpg,20-29,Female,Asian
3230.jpg,40-49,Female,Others
3232.jpg,20-29,Female,Asian
3238.jpg,10-19,Male,Others
324.jpg,3-9,Female,Asian
3240.jpg,30-39,Female,White
3242.jpg,20-29,Male,Others
3246.jpg,3-9,Female,Others
3253.jpg,50-59,Male,Asian
3254.jpg,20-29,Male,White
3257.jpg,20-29,Female,Others
3259.jpg,40-49,Male,Others
3262.jpg,3-9,Female,Indian
3268.jpg,20-29,Male,Asian
3275.jpg,3-9,Male,Asian
3280.jpg,20-29,Male,Asian
3283.jpg,20-29,Male,Others
3284.jpg,30-39,Male,White
3285.jpg,20-29,Male,Asian
3289.jpg,10-19,Female,Others
329.jpg,30-39,Female,White
3293.jpg,3-9,Male,Asian
3298.jpg,50-59,Male,Others
3301.jpg,20-29,Male,Asian
3304.jpg,20-29,Male,Asian
3305.jpg,20-29,Female,Asian
3307.jpg,20-29,Female,Others
331.jpg,20-29,Female,White
3312.jpg,50-59,Male,White
333.jpg,30-39,Male,Asian
3337.jpg,30-39,Male,White
3341.jpg,30-39,Male,Black
3343.jpg,30-39,Male,Others
335.jpg,30-39,Male,Asian
3354.jpg,40-49,Female,Asian
3355.jpg,20-29,Male,Indian
3360.jpg,20-29,Male,Others
3372.jpg,40-49,Male,Asian
3377.jpg,30-39,Male,Asian
3378.jpg,30-39,Male,White
3386.jpg,30-39,Male,Others
3388.jpg,20-29,Male,Asian
339.jpg,20-29,Male,Indian
3393.jpg,0-2,Male,White
3396.jpg,20-29,Male,Asian
3404.jpg,40-49,Female,Asian
3407.jpg,40-49,Male,Asian
3417.jpg,30-39,Male,Asian
3418.jpg,50-59,Male,White
3419.jpg,3-9,Female,White
3420.jpg,20-29,Female,Asian
3423.jpg,20-29,Female,Asian
3425.jpg,20-29,Male,White
3432.jpg,3-9,Female,Others
3437.jpg,10-19,Male,White
3438.jpg,20-29,Male,Indian
3441.jpg,10-19,Female,Others
3447.jpg,20-29,Male,White
3449.jpg,20-29,Female,Others
3450.jpg,40-49,Male,Asian
3463.jpg,30-39,Male,Others
3464.jpg,10-19,Male,Asian
3468.jpg,20-29,Female,White
3472.jpg,40-49,Male,Others
3477.jpg,20-29,Male,Others
3483.jpg,20-29,Female,Asian
3488.jpg,30-39,Male,White
3489.jpg,50-59,Male,White
3496.jpg,40-49,Male,Asian
3503.jpg,20-29,Female,Asian
3507.jpg,10-19,Male,Others
3509.jpg,30-39,Male,White
3514.jpg,20-29,Male,Black
3516.jpg,20-29,Male,Others
3521.jpg,30-39,Female,Others
3525.jpg,40-49,Male,Others
3528.jpg,20-29,Male,Others
3529.jpg,3-9,Male,Asian
3530.jpg,40-49,Female,Others
3531.jpg,20-29,Male,Asian
3553.jpg,30-39,Male,Asian
3562.jpg,20-29,Female,White
357.jpg,20-29,Male,Black
3577.jpg,30-39,Male,Others
3591.jpg,20-29,Male,Black
3596.jpg,10-19,Male,Asian
3598.jpg,20-29,Female,Asian
3599.jpg,20-29,Male,Asian
3608.jpg,30-39,Male,White
3615.jpg,10-19,Male,Others
3617.jpg,20-29,Male,Others
3626.jpg,10-19,Female,White
3628.jpg,10-19,Male,Asian
3637.jpg,20-29,Male,Asian
364.jpg,30-39,Female,Asian
3643.jpg,30-39,Male,Asian
3648.jpg,10-19,Female,Indian
3649.jpg,20-29,Male,White
365.jpg,20-29,Male,Asian
3654.jpg,30-39,Male,Indian
3656.jpg,50-59,Male,Indian
3657.jpg,20-29,Male,Asian
3666.jpg,20-29,Female,Others
3668.jpg,40-49,Female,White
3677.jpg,20-29,Male,Others
3682.jpg,40-49,Female,White
3683.jpg,10-19,Female,White
3687.jpg,20-29,Male,White
369.jpg,3-9,Male,Asian
3691.jpg,20-29,Female,Others
3696.jpg,30-39,Male,Black
3699.jpg,40-49,Male,White
3715.jpg,30-39,Female,Black
3716.jpg,20-29,Male,Others
3719.jpg,30-39,Male,Asian
3721.jpg,10-19,Female,Indian
3727.jpg,0-2,Male,Asian
3737.jpg,30-39,Male,White
3742.jpg,20-29,Male,White
3746.jpg,20-29,Male,White
3747.jpg,20-29,Female,Others
3751.jpg,20-29,Female,White
3766.jpg,30-39,Male,Others
3770.jpg,20-29,Male,Others
3772.jpg,30-39,Male,Asian
3774.jpg,30-39,Male,Asian
3781.jpg,30-39,Male,Indian
3784.jpg,20-29,Male,Others
3785.jpg,20-29,Female,Asian
3795.jpg,40-49,Male,White
3798.jpg,30-39,Female,Black
3799.jpg,10-19,Male,Asian
3803.jpg,40-49,Male,White
3812.jpg,20-29,Male,Asian
3817.jpg,10-19,Female,Others
382.jpg,20-29,Male,Black
3820.jpg,3-9,Female,Asian
3822.jpg,30-39,Male,Others
3826.jpg,40-49,Male,Asian
3829.jpg,30-39,Male,Asian
3834.jpg,20-29,Male,White
385.jpg,20-29,Male,Asian
3871.jpg,20-29,Male,Asian
3876.jpg,30-39,Male,Asian
3883.jpg,20-29,Male,Others
3887.jpg,50-59,Male,Asian
3893.jpg,3-9,Male,Asian
3896.jpg,3-9,Male,Asian
390.jpg,0-2,Female,Others
3910.jpg,20-29,Female,Asian
3915.jpg,20-29,Male,White
3916.jpg,30-39,Male,Indian
3922.jpg,20-29,Male,Asian
3934.jpg,30-39,Male,Black
3939.jpg,40-49,Male,Asian
3943.jpg,40-49,Male,White
3944.jpg,20-29,Female,Indian
3949.jpg,30-39,Male,Others
3952.jpg,30-39,Male,Indian
3953.jpg,40-49,Male,Indian
3958.jpg,3-9,Male,Asian
3966.jpg,30-39,Male,Black
3975.jpg,10-19,Male,Asian
3987.jpg,40-49,Male,Others
3991.jpg,50-59,Female,Others
3994.jpg,3-9,Male,Others
4009.jpg,20-29,Male,Asian
4017.jpg,20-29,Male,Asian
4019.jpg,20-29,Male,Asian
4024.jpg,30-39,Male,Asian
4032.jpg,20-29,Female,White
4033.jpg,30-39,Male,Others
4038.jpg,10-19,Male,Asian
404.jpg,10-19,Male,Black
4042.jpg,10-19,Female,Asian
4056.jpg,30-39,Female,Asian
4057.jpg,20-29,Female,White
406.jpg,30-39,Male,Asian
4063.jpg,3-9,Female,White
4080.jpg,20-29,Male,Asian
4081.jpg,40-49,Male,Others
4083.jpg,40-49,Male,Others
4087.jpg,40-49,Male,White
4104.jpg,30-39,Male,Others
4111.jpg,40-49,Male,White
4113.jpg,30-39,Male,Asian
4118.jpg,30-39,Male,Others
4122.jpg,20-29,Male,Others
4123.jpg,30-39,Male,White
4125.jpg,30-39,Male,White
4135.jpg,20-29,Male,Asian
4147.jpg,20-29,Male,Asian
4148.jpg,20-29,Female,Asian
4151.jpg,20-29,Male,Others
4153.jpg,10-19,Male,Others
4162.jpg,50-59,Male,White
4166.jpg,50-59,Male,Others
4170.jpg,40-49,Male,Others
4176.jpg,10-19,Male,Others
4184.jpg,40-49,Male,Others
419.jpg,30-39,Male,White
4192.jpg,20-29,Male,Others
42.jpg,20-29,Female,Asian
4206.jpg,30-39,Male,Asian
4213.jpg,20-29,Male,Others
4214.jpg,20-29,Male,Asian
4218.jpg,30-39,Male,White
422.jpg,20-29,Male,Others
4232.jpg,30-39,Female,White
4233.jpg,50-59,Male,Others
4234.jpg,20-29,Male,Others
4235.jpg,20-29,Female,Indian
4236.jpg,10-19,Male,White
425.jpg,20-29,Female,Asian
4252.jpg,20-29,Male,Asian
4253.jpg,50-59,Male,Others
4256.jpg,20-29,Male,Asian
4258.jpg,20-29,Male,Others
4260.jpg,10-19,Female,Asian
4263.jpg,40-49,Female,Asian
4264.jpg,20-29,Male,Asian
4273.jpg,30-39,Male,Others
4275.jpg,20-29,Female,Others
428.jpg,20-29,Male,Asian
4280.jpg,40-49,Male,Others
4287.jpg,20-29,Male,Indian
4293.jpg,30-39,Male,White
4299.jpg,10-19,Male,Asian
4301.jpg,20-29,Male,Asian
4302.jpg,30-39,Male,Asian
4305.jpg,10-19,Female,Others
4308.jpg,20-29,Male,Asian
4311.jpg,20-29,Male,Asian
4313.jpg,3-9,Male,Asian
4320.jpg,30-39,Male,White
4322.jpg,10-19,Female,Others
4323.jpg,20-29,Male,Others
4324.jpg,10-19,Female,Asian
4325.jpg,30-39,Female,White
4334.jpg,30-39,Female,White
4336.jpg,40-49,Male,Indian
4337.jpg,20-29,Female,White
4339.jpg,30-39,Male,Others
4340.jpg,30-39,Male,White
4347.jpg,40-49,Female,Others
435.jpg,20-29,Male,White
4351.jpg,20-29,Male,Asian
4352.jpg,20-29,Female,Indian
4353.jpg,20-29,Male,Others
4369.jpg,20-29,Male,Others
4375.jpg,20-29,Male,White
4377.jpg,20-29,Male,Asian
4385.jpg,30-39,Male,Others
4387.jpg,40-49,Male,Others
4388.jpg,20-29,Male,Asian
4396.jpg,30-39,Male,Asian
4399.jpg,20-29,Male,White
44.jpg,30-39,Female,Asian
440.jpg,20-29,Female,Others
4400.jpg,20-29,Male,Asian
4402.jpg,40-49,Male,Asian
4409.jpg,20-29,Male,Asian
4411.jpg,20-29,Male,White
4412.jpg,20-29,Female,Asian
4414.jpg,10-19,Male,Asian
4418.jpg,20-29,Male,Asian
4421.jpg,30-39,Male,Asian
443.jpg,20-29,Female,Asian
4432.jpg,20-29,Male,White
4435.jpg,40-49,Male,Asian
4438.jpg,20-29,Male,Others
4440.jpg,20-29,Male,Others
4448.jpg,60-69,Male,Others
445.jpg,20-29,Male,Asian
4451.jpg,30-39,Male,Asian
4452.jpg,60-69,Male,Asian
4460.jpg,20-29,Female,Asian
4464.jpg,30-39,Male,White
4468.jpg,30-39,Male,Others
4470.jpg,30-39,Female,Others
4471.jpg,30-39,Male,Asian
4480.jpg,20-29,Female,White
4485.jpg,20-29,Female,Others
4486.jpg,10-19,Male,White
4489.jpg,10-19,Male,Others
4492.jpg,20-29,Female,Black
4495.jpg,10-19,Male,White
4496.jpg,20-29,Male,White
450.jpg,20-29,Male,Others
4501.jpg,20-29,Female,Others
4505.jpg,30-39,Male,Asian
4516.jpg,20-29,Female,Asian
4519.jpg,40-49,Female,Indian
4527.jpg,30-39,Male,Others
4541.jpg,30-39,Male,Asian
4553.jpg,50-59,Male,Asian
4554.jpg,40-49,Male,White
4556.jpg,30-39,Male,Others
4558.jpg,20-29,Male,Asian
4562.jpg,20-29,Female,Asian
4563.jpg,40-49,Female,Asian
4564.jpg,20-29,Male,Asian
457.jpg,30-39,Male,Asian
4575.jpg,3-9,Male,Asian
4576.jpg,20-29,Male,Others
4582.jpg,30-39,Male,Asian
4591.jpg,10-19,Male,Others
4595.jpg,30-39,Male,Black
4605.jpg,20-29,Female,Asian
461.jpg,30-39,Male,Asian
4622.jpg,3-9,Male,Asian
4624.jpg,30-39,Male,Black
4627.jpg,20-29,Female,Indian
463.jpg,20-29,Male,Others
4634.jpg,20-29,Male,Indian
4636.jpg,20-29,Female,Others
4647.jpg,30-39,Female,White
4648.jpg,3-9,Male,Others
4649.jpg,30-39,Male,Others
4651.jpg,10-19,Female,White
4652.jpg,20-29,Male,Black
4653.jpg,30-39,Male,Asian
4656.jpg,20-29,Male,White
4665.jpg,20-29,Male,White
4674.jpg,30-39,Female,Asian
4675.jpg,20-29,Male,Black
4681.jpg,40-49,Male,Asian
4689.jpg,20-29,Male,White
4690.jpg,30-39,Male,Others
4693.jpg,30-39,Male,Asian
4697.jpg,40-49,Male,Asian
4698.jpg,30-39,Female,White
4699.jpg,20-29,Male,Others
4700.jpg,20-29,Male,Asian
4708.jpg,30-39,Female,Asian
471.jpg,20-29,Female,White
4710.jpg,20-29,Male,Indian
4712.jpg,20-29,Male,Asian
4719.jpg,20-29,Female,Asian
4725.jpg,20-29,Male,Others
4738.jpg,3-9,Male,Asian
4741.jpg,3-9,Male,Asian
4745.jpg,20-29,Male,Asian
4752.jpg,30-39,Male,Others
4753.jpg,50-59,Male,Others
4754.jpg,10-19,Male,Asian
4760.jpg,20-29,Male,Asian
4764.jpg,40-49,Male,Others
4768.jpg,50-59,Male,Others
4774.jpg,30-39,Female,Others
4775.jpg,30-39,Male,Asian
4777.jpg,50-59,Male,White
4781.jpg,30-39,Male,Others
4784.jpg,3-9,Female,White
4785.jpg,3-9,Female,Asian
4791.jpg,30-39,Male,Others
4793.jpg,10-19,Male,Asian
4797.jpg,40-49,Male,Black
480.jpg,30-39,Female,White
4802.jpg,30-39,Male,Indian
4814.jpg,10-19,Female,Others
4815.jpg,20-29,Male,Indian
4820.jpg,3-9,Male,Asian
4827.jpg,30-39,Male,Indian
4833.jpg,30-39,Male,White
4837.jpg,3-9,Male,Asian
4846.jpg,10-19,Male,Asian
4847.jpg,30-39,Female,Others
485.jpg,3-9,Male,Others
4852.jpg,50-59,Male,Others
4855.jpg,20-29,Male,Asian
4856.jpg,40-49,Male,Others
4858.jpg,10-19,Male,Others
4863.jpg,40-49,Male,White
4866.jpg,10-19,Female,Asian
4873.jpg,20-29,Male,Black
4888.jpg,40-49,Male,Others
4889.jpg,20-29,Female,Asian
4890.jpg,40-49,Female,Others
4895.jpg,3-9,Male,Asian
4906.jpg,20-29,Male,Indian
491.jpg,10-19,Male,Others
4910.jpg,3-9,Male,Asian
4914.jpg,10-19,Male,Asian
4915.jpg,40-49,Male,Others
4918.jpg,30-39,Male,Asian
4920.jpg,40-49,Female,White
4921.jpg,30-39,Male,Indian
4922.jpg,40-49,Male,Black
4923.jpg,30-39,Male,Asian
4927.jpg,10-19,Male,Others
4929.jpg,30-39,Male,Others
4934.jpg,20-29,Male,Asian
4935.jpg,40-49,Male,Others
4936.jpg,3-9,Male,Asian
4938.jpg,40-49,Male,Asian
4939.jpg,20-29,Male,Asian
494.jpg,40-49,Male,Asian
4942.jpg,30-39,Male,Others
4946.jpg,20-29,Male,Asian
4951.jpg,20-29,Male,Asian
4956.jpg,3-9,Male,Asian
4958.jpg,40-49,Male,White
4973.jpg,30-39,Male,Others
4978.jpg,50-59,Male,White
4988.jpg,30-39,Male,Others
499.jpg,30-39,Male,Others
4991.jpg,20-29,Male,Others
4992.jpg,60-69,Male,White
4994.jpg,20-29,Female,White
4996.jpg,20-29,Male,Others
4997.jpg,30-39,Female,Asian
5.jpg,20-29,Male,Asian
500.jpg,3-9,Male,Asian
5000.jpg,30-39,Female,White
5001.jpg,30-39,Male,Others
5005.jpg,3-9,Male,Asian
5008.jpg,50-59,Male,White
501.jpg,10-19,Male,Others
5014.jpg,20-29,Female,White
5016.jpg,30-39,Male,Others
5020.jpg,3-9,Male,Asian
5022.jpg,20-29,Female,Asian
5045.jpg,30-39,Male,Indian
5047.jpg,20-29,Male,White
5049.jpg,30-39,Male,Others
505.jpg,30-39,Male,Asian
5052.jpg,30-39,Male,Others
5054.jpg,30-39,Male,Black
5057.jpg,40-49,Male,Black
506.jpg,30-39,Male,Others
5064.jpg,3-9,Male,Others
5072.jpg,40-49,Male,Asian
5074.jpg,40-49,Male,Asian
5085.jpg,20-29,Female,Others
5091.jpg,30-39,Male,Asian
51.jpg,30-39,Male,White
5101.jpg,40-49,Male,Others
5109.jpg,20-29,Female,White
511.jpg,10-19,Male,Asian
5112.jpg,30-39,Male,Others
5118.jpg,30-39,Male,Asian
5120.jpg,20-29,Female,Asian
5128.jpg,10-19,Male,Others
5133.jpg,10-19,Male,Others
5136.jpg,20-29,Female,Asian
5138.jpg,50-59,Male,White
5146.jpg,30-39,Male,Asian
5148.jpg,20-29,Male,Asian
5159.jpg,50-59,Male,White
5163.jpg,3-9,Male,Others
5166.jpg,20-29,Male,Indian
5181.jpg,20-29,Male,Asian
5182.jpg,30-39,Male,Others
5188.jpg,30-39,Female,Others
519.jpg,20-29,Female,White
5190.jpg,3-9,Female,Asian
5198.jpg,20-29,Female,Asian
5199.jpg,20-29,Male,Black
52.jpg,3-9,Female,Others
5205.jpg,20-29,Male,Indian
5210.jpg,10-19,Male,Asian
5214.jpg,30-39,Male,White
5224.jpg,40-49,Male,White
5228.jpg,10-19,Female,Indian
5239.jpg,30-39,Female,Others
5240.jpg,3-9,Female,White
5242.jpg,30-39,Male,Asian
5246.jpg,30-39,Male,White
5249.jpg,30-39,Female,Asian
525.jpg,3-9,Male,Asian
5253.jpg,30-39,Male,Others
526.jpg,40-49,Male,Asian
5265.jpg,50-59,Male,White
5269.jpg,20-29,Male,White
5273.jpg,20-29,Male,Indian
5275.jpg,3-9,Male,Others
5279.jpg,30-39,Male,Asian
5281.jpg,40-49,Male,Black
5284.jpg,50-59,Male,Black
5297.jpg,20-29,Female,Asian
53.jpg,50-59,Male,White
5300.jpg,30-39,Male,White
5301.jpg,30-39,Male,Others
5304.jpg,20-29,Male,Asian
5306.jpg,30-39,Male,White
5310.jpg,30-39,Male,Asian
5315.jpg,3-9,Male,Others
5316.jpg,20-29,Female,Indian
5319.jpg,20-29,Male,Asian
533.jpg,30-39,Male,Asian
5338.jpg,30-39,Male,White
5341.jpg,20-29,Male,Asian
5343.jpg,3-9,Male,White
5344.jpg,30-39,Male,Others
5347.jpg,30-39,Male,Black
5351.jpg,20-29,Female,Asian
5357.jpg,50-59,Male,White
5359.jpg,40-49,Male,Others
5374.jpg,30-39,Male,Asian
5376.jpg,30-39,Male,Asian
538.jpg,20-29,Male,Black
5380.jpg,20-29,Male,Others
5383.jpg,30-39,Male,Others
5384.jpg,3-9,Male,Indian
539.jpg,30-39,Male,Others
5390.jpg,20-29,Male,Black
5391.jpg,20-29,Male,Asian
5394.jpg,10-19,Male,Black
5400.jpg,30-39,Male,Black
5405.jpg,20-29,Female,White
5407.jpg,20-29,Male,White
5410.jpg,40-49,Male,Asian
5411.jpg,30-39,Male,White
5413.jpg,40-49,Male,Others
5414.jpg,20-29,Male,Black
5416.jpg,3-9,Male,Asian
5417.jpg,20-29,Female,White
5424.jpg,30-39,Male,White
5425.jpg,50-59,Female,Asian
543.jpg,30-39,Male,Others
5432.jpg,40-49,Male,Asian
5434.jpg,30-39,Male,Others
5437.jpg,10-19,Male,Asian
5439.jpg,30-39,Female,White
5441.jpg,30-39,Female,Others
5448.jpg,20-29,Male,Asian
5450.jpg,20-29,Female,Others
5453.jpg,30-39,Male,White
5457.jpg,30-39,Male,Others
5464.jpg,20-29,Female,White
5465.jpg,20-29,Male,Asian
5472.jpg,20-29,Female,Asian
548.jpg,20-29,Male,Others
5480.jpg,30-39,Male,White
5483.jpg,20-29,Female,Black
5487.jpg,3-9,Male,Asian
5490.jpg,10-19,Female,White
5495.jpg,40-49,Male,Others
5500.jpg,30-39,Male,Asian
5506.jpg,30-39,Male,Indian
5507.jpg,20-29,Male,Others
5521.jpg,3-9,Male,Black
5527.jpg,50-59,Male,Asian
553.jpg,50-59,Male,Black
5536.jpg,30-39,Male,White
5537.jpg,30-39,Male,Others
5538.jpg,20-29,Male,Asian
5547.jpg,3-9,Male,Asian
5556.jpg,10-19,Male,Others
5557.jpg,50-59,Male,Black
5559.jpg,20-29,Female,Others
556.jpg,30-39,Male,White
5563.jpg,20-29,Male,Asian
5569.jpg,3-9,Male,Others
557.jpg,50-59,Male,Asian
5574.jpg,40-49,Male,White
5579.jpg,30-39,Male,Black
5593.jpg,20-29,Female,Asian
5594.jpg,20-29,Male,Indian
5595.jpg,10-19,Male,Others
5597.jpg,30-39,Male,Asian
56.jpg,10-19,Male,White
560.jpg,20-29,Female,Asian
5601.jpg,3-9,Male,Asian
5602.jpg,20-29,Female,White
5609.jpg,10-19,Female,Asian
561.jpg,3-9,Male,Black
5615.jpg,40-49,Male,Asian
5620.jpg,40-49,Male,Others
5629.jpg,40-49,Male,White
5640.jpg,30-39,Male,Asian
5642.jpg,20-29,Male,Indian
565.jpg,20-29,Female,Others
5650.jpg,30-39,Male,White
5657.jpg,10-19,Male,Asian
5662.jpg,30-39,Male,Others
5665.jpg,3-9,Female,White
5666.jpg,20-29,Male,Black
5668.jpg,20-29,Male,Others
5669.jpg,20-29,Male,White
5675.jpg,3-9,Female,Others
5677.jpg,20-29,Male,Black
5681.jpg,40-49,Male,White
5683.jpg,30-39,Male,Black
5686.jpg,50-59,Male,Asian
5689.jpg,20-29,Male,Others
5691.jpg,20-29,Male,Black
5701.jpg,20-29,Female,Others
5703.jpg,20-29,Female,Asian
5705.jpg,20-29,Male,White
5715.jpg,20-29,Male,White
5719.jpg,10-19,Female,Asian
5723.jpg,20-29,Male,White
5725.jpg,3-9,Male,White
5726.jpg,50-59,Male,White
5733.jpg,3-9,Male,Black
5734.jpg,20-29,Male,Asian
5740.jpg,20-29,Female,Asian
5742.jpg,10-19,Male,Asian
5749.jpg,30-39,Male,Others
5770.jpg,40-49,Male,Others
5779.jpg,20-29,Female,Indian
5785.jpg,20-29,Male,White
5796.jpg,10-19,Male,White
5797.jpg,3-9,Male,Asian
58.jpg,40-49,Male,Indian
580.jpg,30-39,Male,Others
5805.jpg,30-39,Female,White
5814.jpg,40-49,Male,Others
5816.jpg,3-9,Male,Asian
5819.jpg,30-39,Male,Asian
582.jpg,40-49,Male,Others
5822.jpg,20-29,Female,Asian
5825.jpg,10-19,Female,Others
5829.jpg,10-19,Female,Indian
583.jpg,30-39,Male,Asian
5833.jpg,40-49,Male,Others
5840.jpg,30-39,Male,Others
5842.jpg,40-49,Male,Others
5843.jpg,3-9,Female,Others
5846.jpg,20-29,Male,Asian
5847.jpg,50-59,Male,Asian
5855.jpg,20-29,Male,Others
5857.jpg,3-9,Male,Others
5863.jpg,30-39,Female,Asian
5868.jpg,20-29,Male,Asian
5870.jpg,30-39,Male,Others
5872.jpg,30-39,Male,White
5875.jpg,30-39,Female,Asian
5878.jpg,20-29,Female,White
588.jpg,20-29,Male,White
5882.jpg,20-29,Male,Asian
5884.jpg,40-49,Female,Others
5886.jpg,20-29,Male,White
5893.jpg,30-39,Female,White
5894.jpg,20-29,Male,White
5902.jpg,20-29,Male,Others
5906.jpg,40-49,Male,Asian
5908.jpg,30-39,Male,White
591.jpg,30-39,Male,Others
5916.jpg,20-29,Male,Asian
5924.jpg,30-39,Male,Others
5934.jpg,20-29,Male,Asian
5935.jpg,30-39,Male,Others
5936.jpg,30-39,Female,White
5939.jpg,20-29,Male,Others
5944.jpg,40-49,Male,Asian
5948.jpg,30-39,Female,White
5952.jpg,30-39,Male,Others
5958.jpg,20-29,Female,Asian
5959.jpg,20-29,Female,Others
596.jpg,20-29,Female,Asian
5961.jpg,40-49,Male,Others
5967.jpg,30-39,Female,Asian
5969.jpg,30-39,Male,Indian
5971.jpg,50-59,Male,Asian
5972.jpg,0-2,Male,Asian
5974.jpg,40-49,Male,Asian
5980.jpg,20-29,Male,Asian
5981.jpg,30-39,Male,Others
5983.jpg,20-29,Male,White
5985.jpg,20-29,Male,Asian
5987.jpg,3-9,Male,Asian
5993.jpg,20-29,Male,White
5994.jpg,20-29,Male,Indian
5999.jpg,3-9,Male,Others
6000.jpg,40-49,Male,Asian
6001.jpg,50-59,Male,Asian
6007.jpg,20-29,Male,Asian
6011.jpg,20-29,Female,Black
6014.jpg,20-29,Male,Asian
6017.jpg,3-9,Male,Asian
602.jpg,20-29,Male,Asian
6024.jpg,30-39,Male,Asian
6033.jpg,20-29,Male,Indian
6036.jpg,40-49,Male,Others
6044.jpg,30-39,Male,Others
605.jpg,30-39,Male,Asian
6058.jpg,50-59,Male,Others
6063.jpg,10-19,Male,Asian
6072.jpg,3-9,Female,Black
6073.jpg,40-49,Male,Asian
6074.jpg,30-39,Female,Asian
6077.jpg,20-29,Male,White
6080.jpg,20-29,Male,Asian
6082.jpg,20-29,Male,Black
6084.jpg,30-39,Male,Others
6085.jpg,20-29,Male,Others
6086.jpg,3-9,Male,Asian
6095.jpg,30-39,Female,White
6099.jpg,20-29,Male,Others
611.jpg,40-49,Male,Indian
6113.jpg,40-49,Female,Black
612.jpg,20-29,Male,Others
6121.jpg,30-39,Female,Asian
6123.jpg,10-19,Male,White
6139.jpg,3-9,Male,Others
6147.jpg,10-19,Female,White
6148.jpg,20-29,Female,Others
615.jpg,30-39,Male,White
6150.jpg,10-19,Male,White
6151.jpg,20-29,Male,Asian
6160.jpg,40-49,Male,Others
6163.jpg,10-19,Male,Asian
6165.jpg,20-29,Male,Asian
6166.jpg,20-29,Male,Asian
6171.jpg,20-29,Male,Indian
6172.jpg,30-39,Male,Indian
6174.jpg,20-29,Male,White
6176.jpg,20-29,Female,Indian
618.jpg,more than 70,Male,Asian
6180.jpg,30-39,Female,Others
6182.jpg,20-29,Male,Asian
6183.jpg,20-29,Female,Asian
619.jpg,40-49,Male,Others
6190.jpg,20-29,Male,Indian
6198.jpg,40-49,Male,White
6204.jpg,30-39,Male,White
621.jpg,30-39,Male,Black
6210.jpg,20-29,Male,Asian
6212.jpg,20-29,Male,Asian
6218.jpg,30-39,Male,White
6219.jpg,30-39,Male,Others
6223.jpg,20-29,Female,Asian
6225.jpg,50-59,Male,Indian
6232.jpg,40-49,Male,Others
6237.jpg,20-29,Male,Asian
6242.jpg,50-59,Male,White
6247.jpg,30-39,Male,White
6248.jpg,20-29,Female,Others
6251.jpg,30-39,Male,Asian
6258.jpg,30-39,Male,White
626.jpg,20-29,Male,Asian
6267.jpg,30-39,Female,Black
6269.jpg,30-39,Male,Others
6282.jpg,30-39,Male,Asian
6284.jpg,10-19,Female,Indian
6287.jpg,30-39,Female,Asian
6290.jpg,3-9,Male,Asian
6293.jpg,50-59,Male,Others
63.jpg,3-9,Male,Asian
6304.jpg,50-59,Male,White
6306.jpg,30-39,Male,Others
6313.jpg,50-59,Male,Asian
6315.jpg,30-39,Male,Black
6318.jpg,20-29,Male,Black
6323.jpg,20-29,Female,Asian
6325.jpg,30-39,Male,Others
6330.jpg,30-39,Male,Asian
6333.jpg,20-29,Female,White
6334.jpg,3-9,Male,Asian
6337.jpg,40-49,Male,Asian
6338.jpg,20-29,Male,Asian
6342.jpg,10-19,Female,Asian
6347.jpg,40-49,Female,Asian
6349.jpg,3-9,Male,Asian
6351.jpg,30-39,Male,Black
6356.jpg,30-39,Male,Others
6359.jpg,10-19,Male,Asian
6362.jpg,30-39,Male,Asian
6365.jpg,30-39,Male,White
6366.jpg,3-9,Male,Asian
6375.jpg,50-59,Male,Indian
6378.jpg,10-19,Female,Others
6379.jpg,20-29,Female,Asian
6394.jpg,30-39,Male,White
641.jpg,30-39,Male,Others
6416.jpg,50-59,Male,Asian
6419.jpg,3-9,Female,White
642.jpg,3-9,Male,Asian
6420.jpg,40-49,Male,Asian
6424.jpg,20-29,Male,White
6426.jpg,30-39,Male,White
6429.jpg,3-9,Female,Asian
6430.jpg,40-49,Male,Asian
6435.jpg,30-39,Male,White
6436.jpg,20-29,Male,White
6438.jpg,30-39,Female,Black
6442.jpg,30-39,Male,Asian
645.jpg,20-29,Male,White
6450.jpg,20-29,Male,White
6453.jpg,30-39,Male,Asian
6466.jpg,30-39,Male,White
6467.jpg,20-29,Male,Others
6471.jpg,30-39,Male,White
6477.jpg,30-39,Male,Others
6478.jpg,30-39,Male,White
6483.jpg,20-29,Female,White
6491.jpg,40-49,Male,Others
6498.jpg,20-29,Female,Asian
65.jpg,50-59,Male,Others
6500.jpg,20-29,Male,Others
6505.jpg,20-29,Female,Asian
6532.jpg,10-19,Male,White
6536.jpg,30-39,Male,Black
6539.jpg,30-39,Male,Others
654.jpg,40-49,Male,White
6542.jpg,30-39,Male,Indian
6543.jpg,20-29,Male,White
6546.jpg,3-9,Male,Others
6548.jpg,40-49,Male,White
657.jpg,50-59,Male,White
6574.jpg,30-39,Male,White
6575.jpg,10-19,Female,Asian
6580.jpg,30-39,Male,Indian
6581.jpg,30-39,Male,Others
6582.jpg,10-19,Male,Asian
6583.jpg,40-49,Male,Indian
6596.jpg,40-49,Male,Asian
6598.jpg,20-29,Male,White
66.jpg,20-29,Female,White
6604.jpg,10-19,Male,Asian
661.jpg,50-59,Male,White
6628.jpg,3-9,Male,Asian
6629.jpg,50-59,Male,Others
663.jpg,20-29,Male,White
6631.jpg,10-19,Female,White
6632.jpg,30-39,Male,Black
6637.jpg,20-29,Male,Others
6638.jpg,20-29,Male,Indian
6639.jpg,20-29,Female,Others
6643.jpg,40-49,Male,Indian
6644.jpg,40-49,Male,Others
6647.jpg,20-29,Female,Asian
6649.jpg,3-9,Male,Others
665.jpg,30-39,Male,Indian
6663.jpg,20-29,Male,Asian
667.jpg,20-29,Male,White
6673.jpg,30-39,Male,Asian
668.jpg,30-39,Male,Others
6682.jpg,30-39,Male,White
6695.jpg,20-29,Male,Others
6696.jpg,3-9,Female,Black
6703.jpg,10-19,Male,Asian
6704.jpg,40-49,Female,White
6705.jpg,10-19,Male,Asian
6708.jpg,30-39,Male,White
6710.jpg,3-9,Male,Black
6716.jpg,30-39,Female,Others
6718.jpg,20-29,Male,White
6719.jpg,30-39,Male,White
6722.jpg,20-29,Female,Others
6723.jpg,40-49,Male,White
6724.jpg,20-29,Male,Asian
6727.jpg,20-29,Male,Asian
6733.jpg,30-39,Female,Asian
6737.jpg,40-49,Male,Others
6741.jpg,20-29,Male,Asian
6744.jpg,30-39,Male,White
6747.jpg,20-29,Male,Others
6749.jpg,30-39,Male,Asian
6752.jpg,20-29,Female,Asian
6754.jpg,50-59,Male,Asian
6755.jpg,30-39,Male,Others
6763.jpg,3-9,Female,Asian
6764.jpg,30-39,Male,Others
6765.jpg,30-39,Male,Others
6769.jpg,40-49,Male,White
6771.jpg,30-39,Male,Asian
6777.jpg,20-29,Female,Others
678.jpg,10-19,Male,Black
6780.jpg,50-59,Male,Black
6786.jpg,30-39,Male,Indian
6787.jpg,3-9,Male,White
6791.jpg,40-49,Male,White
6798.jpg,10-19,Male,Others
6799.jpg,30-39,Female,White
68.jpg,20-29,Male,Indian
680.jpg,20-29,Male,Black
6804.jpg,30-39,Male,Asian
6807.jpg,30-39,Male,Black
6809.jpg,40-49,Male,White
6810.jpg,20-29,Male,Asian
6815.jpg,40-49,Male,Others
6820.jpg,20-29,Female,White
6827.jpg,20-29,Male,White
6831.jpg,40-49,Male,Indian
6833.jpg,20-29,Male,White
6835.jpg,40-49,Male,Others
6839.jpg,30-39,Male,Asian
6841.jpg,30-39,Female,White
6851.jpg,40-49,Male,Others
6852.jpg,20-29,Male,Others
6853.jpg,3-9,Male,Others
6856.jpg,30-39,Male,Asian
6857.jpg,30-39,Male,White
6862.jpg,3-9,Female,White
6881.jpg,30-39,Female,White
6883.jpg,40-49,Male,Black
6896.jpg,20-29,Male,White
6898.jpg,30-39,Female,Others
6903.jpg,10-19,Male,White
6904.jpg,20-29,Female,Asian
6908.jpg,30-39,Male,Others
6926.jpg,30-39,Male,Asian
6928.jpg,30-39,Male,Others
6929.jpg,50-59,Male,White
6930.jpg,30-39,Male,White
6931.jpg,20-29,Male,Asian
6935.jpg,10-19,Male,Indian
6936.jpg,20-29,Female,Asian
6943.jpg,20-29,Male,Others
6958.jpg,20-29,Male,Asian
6959.jpg,20-29,Male,Others
6960.jpg,20-29,Male,White
6961.jpg,20-29,Male,Asian
6966.jpg,40-49,Male,Black
6969.jpg,20-29,Male,Asian
6976.jpg,20-29,Male,Others
6978.jpg,40-49,Male,White
6990.jpg,3-9,Male,Asian
6991.jpg,20-29,Male,Others
6995.jpg,20-29,Female,White
6998.jpg,20-29,Male,Asian
7007.jpg,20-29,Female,Indian
7008.jpg,30-39,Male,Others
7010.jpg,20-29,Male,Asian
7016.jpg,40-49,Male,Others
7018.jpg,40-49,Female,Asian
702.jpg,30-39,Female,Asian
7022.jpg,3-9,Male,Asian
7024.jpg,30-39,Male,Others
7025.jpg,30-39,Male,Others
7027.jpg,30-39,Male,Others
7031.jpg,40-49,Male,Asian
704.jpg,30-39,Male,Others
7042.jpg,20-29,Male,White
7047.jpg,20-29,Male,Asian
7048.jpg,30-39,Male,Black
7059.jpg,20-29,Male,Others
7066.jpg,30-39,Male,Asian
7071.jpg,30-39,Male,Others
7075.jpg,20-29,Female,White
7076.jpg,50-59,Male,Others
7081.jpg,30-39,Male,Asian
7089.jpg,20-29,Male,Others
7091.jpg,50-59,Male,Others
7092.jpg,40-49,Male,Others
7095.jpg,20-29,Male,Others
7097.jpg,30-39,Male,Others
7108.jpg,40-49,Male,Indian
7115.jpg,40-49,Female,Black
7117.jpg,20-29,Female,Others
7127.jpg,40-49,Male,White
7131.jpg,20-29,Female,White
7138.jpg,30-39,Male,Asian
7141.jpg,30-39,Male,Asian
7153.jpg,30-39,Male,Black
7157.jpg,30-39,Male,White
7158.jpg,20-29,Male,Asian
7159.jpg,20-29,Male,Others
7164.jpg,30-39,Female,White
7165.jpg,20-29,Female,Asian
7168.jpg,40-49,Male,Others
7169.jpg,20-29,Male,Indian
7173.jpg,20-29,Male,Others
7176.jpg,30-39,Male,Others
7182.jpg,3-9,Male,Black
7192.jpg,3-9,Male,White
7209.jpg,30-39,Male,Others
7216.jpg,50-59,Male,Asian
722.jpg,20-29,Male,Others
7220.jpg,40-49,Male,White
7223.jpg,20-29,Male,White
7227.jpg,20-29,Male,Asian
7229.jpg,20-29,Female,White
7233.jpg,20-29,Male,Others
7242.jpg,20-29,Male,White
7244.jpg,20-29,Male,Others
7245.jpg,50-59,Male,Black
7253.jpg,20-29,Female,White
7254.jpg,20-29,Male,Black
7259.jpg,30-39,Male,Asian
7270.jpg,30-39,Male,Indian
7281.jpg,3-9,Male,White
7288.jpg,30-39,Male,White
7291.jpg,40-49,Female,Indian
7295.jpg,40-49,Male,White
73.jpg,20-29,Male,White
7303.jpg,10-19,Male,Asian
7307.jpg,30-39,Male,Others
7308.jpg,30-39,Male,Black
731.jpg,20-29,Male,Indian
7315.jpg,10-19,Male,Black
7317.jpg,20-29,Male,Others
7330.jpg,40-49,Male,Others
7331.jpg,30-39,Male,Asian
7337.jpg,3-9,Male,Asian
7340.jpg,20-29,Female,Indian
7346.jpg,30-39,Male,Others
7347.jpg,20-29,Female,Others
735.jpg,50-59,Male,White
7350.jpg,3-9,Male,Asian
7351.jpg,40-49,Male,Indian
7356.jpg,20-29,Male,Others
7364.jpg,20-29,Female,Others
7373.jpg,3-9,Male,Others
7378.jpg,20-29,Female,Others
7382.jpg,3-9,Male,White
7383.jpg,3-9,Female,Asian
740.jpg,30-39,Male,White
7408.jpg,3-9,Female,Black
741.jpg,20-29,Male,Others
7411.jpg,40-49,Female,White
7414.jpg,10-19,Male,Others
7417.jpg,20-29,Female,Asian
743.jpg,20-29,Female,White
7433.jpg,20-29,Male,Others
7437.jpg,20-29,Male,Black
7447.jpg,20-29,Male,Black
7448.jpg,40-49,Male,Asian
745.jpg,20-29,Male,White
7451.jpg,20-29,Female,Others
7458.jpg,20-29,Male,Asian
7463.jpg,40-49,Male,Others
7466.jpg,30-39,Male,Asian
7467.jpg,3-9,Female,Others
7475.jpg,40-49,Male,Asian
7478.jpg,20-29,Male,Asian
7479.jpg,20-29,Female,White
7481.jpg,40-49,Female,Asian
7483.jpg,50-59,Male,Others
7488.jpg,20-29,Female,Others
7492.jpg,20-29,Male,White
7494.jpg,30-39,Male,White
7496.jpg,30-39,Male,Others
7499.jpg,40-49,Male,Black
7501.jpg,20-29,Female,Others
7502.jpg,20-29,Male,Others
7504.jpg,20-29,Male,Others
7505.jpg,40-49,Male,Others
7509.jpg,20-29,Male,Indian
7510.jpg,40-49,Male,Others
7511.jpg,20-29,Male,Asian
7516.jpg,more than 70,Male,Asian
7518.jpg,3-9,Male,Asian
7519.jpg,40-49,Male,White
7522.jpg,30-39,Male,Others
7529.jpg,40-49,Male,White
7532.jpg,30-39,Male,Others
7533.jpg,10-19,Male,Others
7540.jpg,20-29,Female,White
7542.jpg,3-9,Male,White
755.jpg,40-49,Female,White
7553.jpg,3-9,Male,Asian
7558.jpg,30-39,Female,Asian
7561.jpg,20-29,Male,Others
7562.jpg,10-19,Male,Asian
7571.jpg,40-49,Male,White
7572.jpg,20-29,Male,Others
7578.jpg,3-9,Male,Others
7579.jpg,30-39,Male,Asian
7589.jpg,20-29,Male,White
759.jpg,10-19,Female,White
7590.jpg,30-39,Female,Asian
7595.jpg,50-59,Male,Others
7601.jpg,20-29,Male,Asian
7609.jpg,3-9,Male,Asian
7620.jpg,50-59,Male,Others
7624.jpg,20-29,Male,Indian
7625.jpg,10-19,Female,Others
7630.jpg,40-49,Male,Others
7633.jpg,20-29,Male,White
7635.jpg,30-39,Male,White
7638.jpg,20-29,Male,Asian
7641.jpg,20-29,Male,Others
7646.jpg,30-39,Male,Black
7649.jpg,20-29,Male,Others
7656.jpg,20-29,Male,Asian
7664.jpg,3-9,Male,Asian
7669.jpg,30-39,Male,Others
7676.jpg,30-39,Male,White
7680.jpg,30-39,Male,Black
7683.jpg,20-29,Male,Others
7687.jpg,20-29,Female,Others
7688.jpg,30-39,Male,White
7689.jpg,20-29,Male,Black
769.jpg,3-9,Male,Others
7690.jpg,40-49,Male,Asian
7693.jpg,30-39,Male,Others
7694.jpg,3-9,Female,Black
7696.jpg,50-59,Female,Asian
7699.jpg,20-29,Female,White
77.jpg,30-39,Female,White
7700.jpg,20-29,Female,Asian
7701.jpg,10-19,Male,Others
7703.jpg,30-39,Female,Others
7704.jpg,30-39,Male,Others
7710.jpg,20-29,Male,Indian
7723.jpg,30-39,Female,Others
7724.jpg,50-59,Male,Others
7728.jpg,3-9,Male,Asian
773.jpg,30-39,Male,White
7736.jpg,20-29,Male,Asian
7738.jpg,3-9,Female,Asian
7741.jpg,30-39,Male,White
7743.jpg,20-29,Male,Asian
775.jpg,30-39,Female,White
7750.jpg,30-39,Male,White
7752.jpg,40-49,Male,Others
7755.jpg,30-39,Male,Black
7758.jpg,20-29,Female,Black
7759.jpg,20-29,Female,Others
7760.jpg,3-9,Male,Others
7763.jpg,30-39,Male,Others
7766.jpg,30-39,Male,Others
7771.jpg,20-29,Male,Others
7772.jpg,30-39,Male,Others
7773.jpg,20-29,Male,Asian
7776.jpg,20-29,Female,Others
7778.jpg,20-29,Male,White
7781.jpg,3-9,Female,Asian
7783.jpg,20-29,Female,Asian
7793.jpg,30-39,Female,Others
7796.jpg,30-39,Female,Asian
7809.jpg,50-59,Male,Asian
7811.jpg,20-29,Male,White
7814.jpg,20-29,Male,White
7819.jpg,20-29,Male,Others
7822.jpg,30-39,Female,Others
7823.jpg,30-39,Male,Black
7824.jpg,40-49,Male,White
7826.jpg,30-39,Male,Asian
7835.jpg,20-29,Male,Asian
7837.jpg,20-29,Male,Asian
7839.jpg,30-39,Male,Asian
7852.jpg,20-29,Female,Indian
7853.jpg,40-49,Female,White
7858.jpg,20-29,Female,Black
7860.jpg,3-9,Male,Asian
7864.jpg,20-29,Male,Asian
7872.jpg,3-9,Female,Others
7881.jpg,30-39,Male,Indian
7882.jpg,20-29,Male,Asian
7886.jpg,3-9,Male,Asian
7888.jpg,10-19,Female,Others
789.jpg,30-39,Female,Indian
7895.jpg,20-29,Female,Black
79.jpg,40-49,Male,Others
7903.jpg,20-29,Male,Asian
7905.jpg,30-39,Female,White
7907.jpg,20-29,Female,Asian
7912.jpg,30-39,Male,White
7913.jpg,3-9,Male,Asian
7914.jpg,20-29,Female,White
7919.jpg,40-49,Male,Asian
792.jpg,40-49,Male,Indian
7923.jpg,30-39,Male,Others
7925.jpg,20-29,Male,Asian
7927.jpg,20-29,Male,Asian
7929.jpg,40-49,Female,Others
7932.jpg,20-29,Male,Others
7939.jpg,50-59,Male,White
7940.jpg,20-29,Female,Asian
7950.jpg,50-59,Male,Others
7957.jpg,20-29,Male,Others
7959.jpg,30-39,Male,White
7961.jpg,3-9,Male,Indian
798.jpg,20-29,Male,Asian
7981.jpg,20-29,Male,Others
7985.jpg,40-49,Male,Asian
7987.jpg,40-49,Male,Others
7989.jpg,30-39,Male,Asian
7991.jpg,20-29,Male,Black
7994.jpg,20-29,Female,Asian
7999.jpg,20-29,Male,Others
8.jpg,3-9,Male,Asian
80.jpg,20-29,Female,Asian
8003.jpg,30-39,Male,Asian
8012.jpg,30-39,Male,Asian
8013.jpg,60-69,Male,White
8030.jpg,40-49,Male,Others
8034.jpg,30-39,Male,White
8037.jpg,10-19,Female,Asian
8041.jpg,40-49,Male,Asian
8043.jpg,30-39,Male,Asian
8045.jpg,40-49,Male,White
8049.jpg,20-29,Female,Asian
805.jpg,60-69,Male,White
8053.jpg,30-39,Male,White
8055.jpg,20-29,Male,White
8059.jpg,30-39,Male,Others
8061.jpg,30-39,Male,Asian
8069.jpg,30-39,Male,Others
8074.jpg,40-49,Male,Others
8075.jpg,20-29,Male,White
8077.jpg,20-29,Male,Asian
8081.jpg,20-29,Male,Others
8099.jpg,20-29,Male,White
81.jpg,30-39,Male,Black
8104.jpg,3-9,Female,Asian
8106.jpg,30-39,Male,Indian
8109.jpg,10-19,Male,Asian
8111.jpg,10-19,Male,Asian
8116.jpg,30-39,Male,Asian
8117.jpg,30-39,Male,Asian
8119.jpg,30-39,Male,Others
8127.jpg,20-29,Male,White
8133.jpg,20-29,Male,Asian
8134.jpg,more than 70,Female,Others
8135.jpg,30-39,Female,White
8139.jpg,30-39,Male,Black
8146.jpg,20-29,Male,Asian
8148.jpg,30-39,Male,Black
8151.jpg,30-39,Female,White
8152.jpg,3-9,Male,Others
8153.jpg,3-9,Male,Black
8154.jpg,40-49,Male,Indian
8157.jpg,30-39,Female,Asian
8163.jpg,20-29,Male,Asian
8164.jpg,20-29,Male,Indian
8166.jpg,20-29,Male,Asian
8180.jpg,30-39,Male,Others
8182.jpg,40-49,Male,Others
82.jpg,10-19,Male,Asian
8206.jpg,3-9,Male,Asian
8209.jpg,30-39,Male,Others
8210.jpg,40-49,Male,Indian
8214.jpg,more than 70,Male,Others
8217.jpg,20-29,Male,Asian
8227.jpg,20-29,Female,Asian
8228.jpg,20-29,Male,Asian
823.jpg,20-29,Female,Others
8239.jpg,40-49,Male,Asian
8242.jpg,30-39,Male,Indian
8246.jpg,20-29,Male,Others
825.jpg,40-49,Male,White
8254.jpg,30-39,Male,Others
8257.jpg,20-29,Male,White
8269.jpg,30-39,Male,Others
8274.jpg,20-29,Female,Others
8276.jpg,3-9,Male,Asian
8278.jpg,3-9,Female,Indian
828.jpg,40-49,Male,Others
8280.jpg,3-9,Male,Asian
8282.jpg,20-29,Male,Asian
8283.jpg,20-29,Male,Others
829.jpg,20-29,Male,Asian
83.jpg,50-59,Female,White
8302.jpg,30-39,Female,Asian
8303.jpg,20-29,Female,Asian
8306.jpg,20-29,Male,Others
831.jpg,40-49,Male,Asian
8310.jpg,50-59,Male,Others
8318.jpg,30-39,Male,Black
8319.jpg,50-59,Male,Others
8332.jpg,20-29,Male,Asian
8338.jpg,60-69,Male,White
834.jpg,3-9,Male,Asian
8343.jpg,0-2,Male,Asian
8346.jpg,30-39,Male,White
8354.jpg,40-49,Male,Asian
8359.jpg,20-29,Female,White
8360.jpg,20-29,Male,Asian
8367.jpg,20-29,Male,Asian
8369.jpg,20-29,Female,White
837.jpg,20-29,Male,Asian
8375.jpg,20-29,Male,Asian
8387.jpg,20-29,Female,Asian
8408.jpg,30-39,Male,Indian
8409.jpg,3-9,Male,Indian
8414.jpg,20-29,Male,Asian
8419.jpg,30-39,Male,White
8420.jpg,10-19,Male,White
8427.jpg,30-39,Male,Others
843.jpg,3-9,Male,Asian
8441.jpg,30-39,Male,Asian
8443.jpg,20-29,Female,Others
8445.jpg,20-29,Female,Asian
8446.jpg,20-29,Female,Asian
8447.jpg,20-29,Male,White
8448.jpg,30-39,Male,White
8451.jpg,40-49,Male,Others
846.jpg,20-29,Male,Others
8460.jpg,20-29,Male,Indian
8466.jpg,20-29,Male,White
8469.jpg,20-29,Female,White
8472.jpg,20-29,Male,Asian
8474.jpg,3-9,Male,Black
848.jpg,20-29,Female,White
8496.jpg,40-49,Male,Others
8503.jpg,40-49,Female,Others
8506.jpg,20-29,Female,Others
8508.jpg,20-29,Male,Asian
851.jpg,3-9,Female,Asian
8513.jpg,30-39,Male,Indian
8514.jpg,20-29,Female,White
8515.jpg,40-49,Female,Others
8519.jpg,30-39,Male,Black
8525.jpg,20-29,Female,Asian
8528.jpg,20-29,Male,Asian
8532.jpg,50-59,Female,White
8536.jpg,20-29,Male,Black
854.jpg,30-39,Male,Others
8540.jpg,20-29,Male,Asian
8541.jpg,3-9,Female,Black
8553.jpg,20-29,Female,Asian
856.jpg,3-9,Male,Others
8560.jpg,30-39,Male,White
8562.jpg,30-39,Male,White
8568.jpg,20-29,Male,Asian
8572.jpg,40-49,Male,White
8574.jpg,30-39,Female,Others
8584.jpg,10-19,Male,Indian
8587.jpg,20-29,Male,Asian
8591.jpg,20-29,Male,Asian
8593.jpg,20-29,Female,White
8599.jpg,20-29,Female,Black
8600.jpg,3-9,Male,Asian
8602.jpg,40-49,Male,Indian
8603.jpg,30-39,Female,White
8616.jpg,20-29,Male,Others
8626.jpg,20-29,Male,Indian
8630.jpg,10-19,Female,Asian
8631.jpg,30-39,Male,White
8638.jpg,20-29,Male,Others
864.jpg,30-39,Male,Asian
8646.jpg,20-29,Male,Others
8649.jpg,30-39,Male,Asian
865.jpg,30-39,Male,White
8652.jpg,20-29,Male,Others
8655.jpg,20-29,Male,Black
8669.jpg,30-39,Female,Others
867.jpg,30-39,Female,White
8673.jpg,3-9,Male,White
8675.jpg,20-29,Male,Asian
8676.jpg,20-29,Male,Others
8677.jpg,20-29,Male,Asian
8679.jpg,30-39,Male,Asian
8681.jpg,30-39,Male,Others
8684.jpg,30-39,Male,White
8689.jpg,3-9,Female,Asian
8690.jpg,20-29,Female,Asian
8698.jpg,10-19,Female,Asian
8708.jpg,3-9,Male,Asian
871.jpg,40-49,Male,Asian
8711.jpg,40-49,Male,Others
8713.jpg,40-49,Male,Others
8716.jpg,20-29,Female,Indian
8717.jpg,40-49,Female,Others
8731.jpg,3-9,Female,Indian
8733.jpg,10-19,Male,White
8739.jpg,40-49,Male,Asian
874.jpg,20-29,Male,Others
8742.jpg,20-29,Male,Asian
8747.jpg,30-39,Male,Black
8748.jpg,3-9,Male,Asian
8751.jpg,30-39,Male,Others
8761.jpg,20-29,Female,Black
8772.jpg,20-29,Male,Black
8784.jpg,30-39,Female,Others
8785.jpg,30-39,Male,Others
8790.jpg,3-9,Male,Asian
8794.jpg,20-29,Female,White
8799.jpg,20-29,Female,White
88.jpg,30-39,Male,Asian
8802.jpg,20-29,Male,Asian
8803.jpg,30-39,Female,Asian
8805.jpg,more than 70,Male,Others
8819.jpg,20-29,Male,Others
882.jpg,3-9,Male,Others
8825.jpg,20-29,Female,Others
8827.jpg,40-49,Male,Asian
8828.jpg,30-39,Male,White
8835.jpg,20-29,Male,White
8839.jpg,20-29,Female,Asian
8840.jpg,3-9,Male,Asian
8842.jpg,20-29,Male,Asian
8846.jpg,50-59,Male,White
885.jpg,30-39,Female,Indian
8859.jpg,20-29,Male,Asian
8870.jpg,20-29,Male,Asian
8877.jpg,10-19,Female,White
888.jpg,30-39,Male,Others
8880.jpg,20-29,Male,Indian
8884.jpg,40-49,Male,White
8885.jpg,30-39,Male,Asian
8889.jpg,30-39,Female,Others
889.jpg,3-9,Male,Black
8896.jpg,10-19,Male,Indian
8901.jpg,20-29,Male,Asian
891.jpg,40-49,Female,Others
8914.jpg,3-9,Male,Asian
8919.jpg,10-19,Male,Asian
892.jpg,30-39,Male,Asian
8920.jpg,40-49,Male,Black
893.jpg,30-39,Male,Asian
8935.jpg,20-29,Female,Others
8938.jpg,40-49,Male,Indian
8945.jpg,20-29,Female,Others
8948.jpg,40-49,Male,Black
895.jpg,20-29,Female,White
8953.jpg,30-39,Male,White
8956.jpg,30-39,Male,Others
8958.jpg,40-49,Male,Asian
8961.jpg,10-19,Female,White
8962.jpg,20-29,Male,Asian
8967.jpg,3-9,Male,Indian
8972.jpg,20-29,Male,Others
8974.jpg,20-29,Male,White
898.jpg,40-49,Female,Asian
8982.jpg,30-39,Male,Others
8985.jpg,20-29,Female,Asian
8993.jpg,20-29,Male,Asian
8998.jpg,30-39,Female,Asian
9002.jpg,20-29,Male,White
9004.jpg,20-29,Male,Others
9009.jpg,30-39,Male,White
9016.jpg,20-29,Male,Black
9018.jpg,3-9,Male,Asian
9019.jpg,30-39,Female,Indian
9021.jpg,3-9,Female,Asian
9025.jpg,40-49,Male,Others
9028.jpg,40-49,Male,Others
9029.jpg,40-49,Female,Black
9030.jpg,30-39,Male,Others
9031.jpg,40-49,Female,White
9038.jpg,10-19,Male,Others
9040.jpg,50-59,Male,Asian
9043.jpg,30-39,Male,Asian
9046.jpg,3-9,Female,Asian
9054.jpg,30-39,Female,Asian
9055.jpg,20-29,Female,Asian
9058.jpg,30-39,Male,Asian
9059.jpg,30-39,Male,White
906.jpg,3-9,Male,Asian
9064.jpg,50-59,Male,White
9065.jpg,30-39,Male,Others
9066.jpg,3-9,Female,White
9067.jpg,20-29,Male,Others
9071.jpg,30-39,Male,Others
9072.jpg,60-69,Male,Others
9075.jpg,3-9,Male,Indian
9076.jpg,20-29,Male,Asian
9082.jpg,30-39,Male,Asian
9090.jpg,30-39,Female,Asian
9097.jpg,40-49,Male,Others
9099.jpg,30-39,Male,Black
9102.jpg,30-39,Male,Asian
9105.jpg,10-19,Female,White
9107.jpg,20-29,Male,Asian
9110.jpg,10-19,Male,Others
9121.jpg,3-9,Male,Others
9122.jpg,20-29,Female,Others
9129.jpg,20-29,Male,Asian
9130.jpg,20-29,Male,White
9132.jpg,40-49,Male,White
9139.jpg,30-39,Male,White
9143.jpg,20-29,Male,White
9154.jpg,3-9,Male,Asian
9161.jpg,30-39,Male,White
9163.jpg,3-9,Male,Others
9165.jpg,20-29,Male,Asian
9166.jpg,20-29,Male,Others
9167.jpg,60-69,Male,White
9168.jpg,30-39,Male,Indian
9171.jpg,20-29,Female,Others
9173.jpg,20-29,Male,Asian
919.jpg,30-39,Male,Asian
9196.jpg,30-39,Male,Black
9197.jpg,40-49,Male,Black
9198.jpg,40-49,Female,White
9203.jpg,3-9,Male,Asian
921.jpg,20-29,Male,White
9213.jpg,30-39,Female,White
9216.jpg,20-29,Male,Indian
9222.jpg,30-39,Female,Others
9225.jpg,30-39,Male,Others
9228.jpg,30-39,Male,Others
923.jpg,30-39,Male,Asian
9237.jpg,30-39,Male,White
9238.jpg,30-39,Male,Others
9249.jpg,40-49,Male,Asian
9250.jpg,30-39,Male,Others
9254.jpg,30-39,Male,Asian
9256.jpg,20-29,Male,Asian
926.jpg,10-19,Male,Others
9262.jpg,30-39,Male,Asian
9264.jpg,20-29,Female,Others
9275.jpg,20-29,Male,Others
9285.jpg,30-39,Male,White
9287.jpg,30-39,Male,Asian
929.jpg,3-9,Male,Asian
9292.jpg,20-29,Male,Black
93.jpg,20-29,Male,Asian
9301.jpg,20-29,Female,Others
9311.jpg,30-39,Male,Asian
9320.jpg,20-29,Male,White
9322.jpg,30-39,Female,White
9326.jpg,20-29,Male,Asian
9328.jpg,20-29,Male,Indian
933.jpg,20-29,Male,Asian
9333.jpg,20-29,Male,Asian
9334.jpg,20-29,Male,Others
9337.jpg,40-49,Male,Asian
9339.jpg,20-29,Male,Others
9341.jpg,20-29,Female,Asian
9344.jpg,40-49,Male,Asian
9347.jpg,30-39,Male,White
9349.jpg,20-29,Male,Black
9354.jpg,20-29,Male,Asian
9356.jpg,3-9,Male,Asian
9369.jpg,20-29,Female,Others
9372.jpg,30-39,Male,Asian
9374.jpg,30-39,Male,White
9379.jpg,3-9,Male,White
9382.jpg,20-29,Female,Asian
9384.jpg,50-59,Male,Asian
9388.jpg,30-39,Male,Asian
9394.jpg,20-29,Female,Asian
9399.jpg,20-29,Male,Others
9403.jpg,30-39,Male,Others
941.jpg,20-29,Male,Asian
9416.jpg,30-39,Male,Others
9420.jpg,3-9,Male,Asian
9432.jpg,30-39,Male,Asian
9434.jpg,20-29,Male,Asian
9437.jpg,10-19,Female,White
944.jpg,20-29,Male,Asian
9443.jpg,20-29,Male,Others
9449.jpg,20-29,Male,Others
9459.jpg,30-39,Female,Asian
9469.jpg,30-39,Male,White
9482.jpg,20-29,Male,Others
9484.jpg,3-9,Male,Black
9486.jpg,20-29,Male,White
9492.jpg,30-39,Male,Indian
9498.jpg,50-59,Male,Others
9499.jpg,20-29,Female,Indian
95.jpg,40-49,Male,Asian
9504.jpg,30-39,Male,Others
9506.jpg,30-39,Male,Others
9513.jpg,30-39,Male,White
9514.jpg,10-19,Female,Asian
952.jpg,30-39,Male,White
9522.jpg,30-39,Male,Others
9532.jpg,20-29,Male,Asian
9533.jpg,20-29,Male,White
9538.jpg,20-29,Male,Asian
9544.jpg,30-39,Male,White
9551.jpg,30-39,Male,White
9557.jpg,20-29,Male,Asian
9565.jpg,30-39,Male,White
9569.jpg,20-29,Male,Asian
9571.jpg,20-29,Male,Asian
9577.jpg,50-59,Female,White
9578.jpg,40-49,Male,Black
9583.jpg,30-39,Female,Others
9585.jpg,20-29,Male,White
9586.jpg,20-29,Male,White
9596.jpg,40-49,Male,Black
9598.jpg,30-39,Male,Others
9602.jpg,30-39,Male,Black
9615.jpg,40-49,Male,Others
9617.jpg,3-9,Female,Asian
9628.jpg,30-39,Female,Asian
9629.jpg,20-29,Male,White
9635.jpg,3-9,Male,White
9636.jpg,30-39,Male,White
964.jpg,40-49,Male,White
9647.jpg,20-29,Female,Asian
9652.jpg,30-39,Male,Asian
966.jpg,20-29,Male,White
9664.jpg,20-29,Female,Asian
9666.jpg,40-49,Male,Others
9674.jpg,20-29,Female,Indian
9683.jpg,30-39,Female,Others
9685.jpg,40-49,Female,Asian
9687.jpg,20-29,Male,White
969.jpg,20-29,Male,Others
9692.jpg,40-49,Male,Others
9696.jpg,30-39,Male,Others
9698.jpg,20-29,Male,Others
9703.jpg,30-39,Female,Others
9705.jpg,20-29,Male,Asian
9709.jpg,20-29,Female,White
9711.jpg,20-29,Male,Asian
9716.jpg,3-9,Male,Asian
9725.jpg,30-39,Male,White
973.jpg,20-29,Male,White
9732.jpg,30-39,Male,Black
974.jpg,20-29,Male,Asian
9740.jpg,20-29,Male,White
9748.jpg,20-29,Female,Others
9753.jpg,40-49,Male,Others
9754.jpg,30-39,Female,White
9755.jpg,20-29,Male,Asian
9757.jpg,3-9,Male,Asian
9765.jpg,20-29,Male,Indian
9769.jpg,40-49,Male,Black
9771.jpg,30-39,Female,Asian
9772.jpg,40-49,Male,White
978.jpg,20-29,Male,Indian
9780.jpg,30-39,Male,Others
9793.jpg,30-39,Male,Others
98.jpg,20-29,Male,Asian
9803.jpg,20-29,Male,White
9815.jpg,20-29,Female,Asian
9816.jpg,10-19,Female,Others
9817.jpg,10-19,Male,Black
982.jpg,30-39,Male,Asian
9822.jpg,3-9,Male,Others
9826.jpg,30-39,Male,Asian
9828.jpg,40-49,Male,Others
9831.jpg,10-19,Female,Asian
9835.jpg,20-29,Female,Others
9840.jpg,30-39,Male,Asian
9842.jpg,10-19,Male,Black
9845.jpg,20-29,Male,Others
9848.jpg,50-59,Male,Others
9854.jpg,20-29,Male,White
9859.jpg,10-19,Male,Indian
9862.jpg,20-29,Male,White
9863.jpg,20-29,Female,Asian
9864.jpg,30-39,Male,White
9866.jpg,20-29,Male,Black
9867.jpg,20-29,Male,Asian
9871.jpg,20-29,Male,Black
9872.jpg,10-19,Female,Asian
9873.jpg,3-9,Female,Asian
9874.jpg,3-9,Male,Others
9875.jpg,20-29,Female,Asian
9876.jpg,30-39,Female,White
9882.jpg,30-39,Male,White
9886.jpg,30-39,Male,Others
9889.jpg,20-29,Male,Indian
989.jpg,40-49,Male,Asian
9897.jpg,30-39,Male,Others
9900.jpg,30-39,Male,Others
9914.jpg,3-9,Male,Asian
9921.jpg,20-29,Male,Others
9922.jpg,20-29,Female,Black
9924.jpg,20-29,Male,Others
993.jpg,20-29,Female,Asian
9933.jpg,30-39,Male,Others
9935.jpg,40-49,Male,White
9939.jpg,40-49,Male,Others
9941.jpg,30-39,Male,Indian
9944.jpg,20-29,Male,Asian
9948.jpg,20-29,Male,Others
9949.jpg,3-9,Male,Black
995.jpg,40-49,Male,White
9950.jpg,20-29,Female,Black
9966.jpg,30-39,Male,Black
9967.jpg,40-49,Male,White
9968.jpg,20-29,Male,Asian
