1.jpg,20-29,Male,Black
10.jpg,20-29,Male,Black
100.jpg,30-39,Female,Asian
1000.jpg,20-29,Male,Asian
1001.jpg,20-29,Female,White
1002.jpg,30-39,Male,Indian
1003.jpg,0-2,Male,Asian
1004.jpg,30-39,Male,Asian
1005.jpg,0-2,Female,White
1006.jpg,20-29,Female,Asian
1007.jpg,30-39,Male,White
1008.jpg,30-39,Female,White
1009.jpg,20-29,Male,Asian
101.jpg,30-39,Female,White
1010.jpg,10-19,Male,White
1011.jpg,40-49,Female,White
1012.jpg,0-2,Female,White
1013.jpg,20-29,Male,White
1014.jpg,30-39,Male,White
1015.jpg,30-39,Female,Indian
1016.jpg,30-39,Female,Indian
1017.jpg,20-29,Female,Asian
1018.jpg,20-29,Female,White
1019.jpg,30-39,Male,Black
102.jpg,20-29,Female,White
1020.jpg,30-39,Male,White
1021.jpg,30-39,Male,Black
1022.jpg,30-39,Female,Asian
1023.jpg,3-9,Female,White
1024.jpg,20-29,Female,White
1025.jpg,30-39,Female,Asian
1026.jpg,0-2,Female,Asian
1027.jpg,30-39,Male,Asian
1028.jpg,20-29,Female,Asian
1029.jpg,0-2,Female,Asian
103.jpg,20-29,Female,White
1030.jpg,10-19,Female,Asian
1031.jpg,20-29,Female,Asian
1032.jpg,20-29,Female,Asian
1033.jpg,3-9,Female,White
1034.jpg,20-29,Female,Asian
1035.jpg,0-2,Female,White
1036.jpg,30-39,Male,White
1037.jpg,30-39,Female,Asian
1038.jpg,20-29,Female,Asian
1039.jpg,20-29,Female,Asian
104.jpg,20-29,Male,Black
1040.jpg,20-29,Male,Asian
1041.jpg,40-49,Male,White
1042.jpg,3-9,Female,Asian
1043.jpg,30-39,Male,White
1044.jpg,20-29,Female,Indian
1045.jpg,20-29,Female,Black
1046.jpg,30-39,Male,Black
1047.jpg,30-39,Male,Black
1048.jpg,20-29,Male,Black
1049.jpg,20-29,Female,Asian
105.jpg,30-39,Male,Black
1050.jpg,30-39,Female,White
1051.jpg,30-39,Female,White
1052.jpg,30-39,Male,White
1053.jpg,0-2,Male,White
1054.jpg,0-2,Female,Asian
1055.jpg,20-29,Female,Asian
1056.jpg,30-39,Male,Indian
1057.jpg,30-39,Male,Indian
1058.jpg,3-9,Female,Asian
1059.jpg,40-49,Female,Asian
106.jpg,30-39,Female,White
1060.jpg,30-39,Female,White
1061.jpg,20-29,Female,Asian
1062.jpg,30-39,Female,Black
1063.jpg,40-49,Male,White
1064.jpg,0-2,Male,Asian
1065.jpg,20-29,Male,White
1066.jpg,20-29,Male,Black
1067.jpg,20-29,Female,Black
1068.jpg,20-29,Female,White
1069.jpg,20-29,Female,White
107.jpg,none,none,none
1070.jpg,30-39,Female,Indian
1071.jpg,20-29,Male,Black
1072.jpg,20-29,Female,White
1073.jpg,20-29,Male,Black
1074.jpg,0-2,Male,White
1075.jpg,30-39,Female,White
1076.jpg,20-29,Male,White
1077.jpg,10-19,Female,White
1078.jpg,50-59,Male,White
1079.jpg,30-39,Female,Black
108.jpg,20-29,Male,Indian
1080.jpg,20-29,Female,White
1081.jpg,10-19,Female,White
1082.jpg,20-29,Female,Indian
1083.jpg,20-29,Female,Asian
1084.jpg,20-29,Female,Black
1085.jpg,20-29,Female,Black
1086.jpg,20-29,Male,Black
1087.jpg,30-39,Female,Asian
1088.jpg,30-39,Male,Black
1089.jpg,20-29,Female,Indian
109.jpg,30-39,Male,White
1090.jpg,none,none,none
1091.jpg,3-9,Female,White
1092.jpg,20-29,Female,White
1093.jpg,20-29,Female,Asian
1094.jpg,20-29,Male,Black
1095.jpg,30-39,Female,Indian
1096.jpg,20-29,Male,White
1097.jpg,20-29,Male,White
1098.jpg,20-29,Female,Black
1099.jpg,3-9,Male,Asian
11.jpg,20-29,Female,White
110.jpg,50-59,Male,Black
1100.jpg,30-39,Male,White
1101.jpg,50-59,Male,Indian
1102.jpg,20-29,Male,Asian
1103.jpg,20-29,Male,White
1104.jpg,20-29,Male,Indian
1105.jpg,20-29,Male,Indian
1106.jpg,20-29,Male,White
1107.jpg,30-39,Male,White
1108.jpg,20-29,Female,White
1109.jpg,20-29,Male,White
111.jpg,20-29,Female,Black
1110.jpg,20-29,Male,Black
1111.jpg,30-39,Male,Indian
1112.jpg,20-29,Male,Black
1113.jpg,20-29,Male,Indian
1114.jpg,20-29,Male,White
1115.jpg,more than 70,Male,White
1116.jpg,50-59,Male,White
1117.jpg,20-29,Male,Black
1118.jpg,50-59,Male,White
1119.jpg,30-39,Male,White
112.jpg,20-29,Female,Indian
1120.jpg,40-49,Male,White
1121.jpg,20-29,Female,White
1122.jpg,20-29,Female,Black
1123.jpg,20-29,Female,White
1124.jpg,3-9,Female,White
1125.jpg,0-2,Female,Asian
1126.jpg,0-2,Male,White
1127.jpg,30-39,Female,Indian
1128.jpg,20-29,Female,White
1129.jpg,20-29,Female,Black
113.jpg,20-29,Female,Asian
1130.jpg,20-29,Male,Black
1131.jpg,20-29,Female,Black
1132.jpg,20-29,Female,Black
1133.jpg,30-39,Female,Asian
1134.jpg,20-29,Female,Black
1135.jpg,20-29,Female,Black
1136.jpg,20-29,Male,Black
1137.jpg,20-29,Female,Black
1138.jpg,20-29,Female,Asian
1139.jpg,30-39,Female,Asian
114.jpg,20-29,Female,Indian
1140.jpg,20-29,Male,Asian
1141.jpg,40-49,Male,White
1142.jpg,20-29,Male,White
1143.jpg,30-39,Male,Asian
1144.jpg,10-19,Female,Asian
1145.jpg,20-29,Female,Asian
1146.jpg,20-29,Male,White
1147.jpg,20-29,Male,Black
1148.jpg,20-29,Female,Black
1149.jpg,30-39,Male,White
115.jpg,20-29,Female,Indian
1150.jpg,30-39,Male,White
1151.jpg,0-2,Male,Black
1152.jpg,20-29,Female,Black
1153.jpg,none,none,none
1154.jpg,20-29,Female,Indian
1155.jpg,20-29,Male,Black
1156.jpg,30-39,Male,White
1157.jpg,0-2,Male,White
1158.jpg,50-59,Male,White
1159.jpg,20-29,Male,White
116.jpg,0-2,Female,White
1160.jpg,more than 70,Male,White
1161.jpg,20-29,Male,White
1162.jpg,30-39,Male,White
1163.jpg,more than 70,Male,White
1164.jpg,50-59,Male,White
1165.jpg,20-29,Female,Asian
1166.jpg,30-39,Female,White
1167.jpg,50-59,Male,Black
1168.jpg,20-29,Male,White
1169.jpg,30-39,Female,Indian
117.jpg,30-39,Female,White
1170.jpg,30-39,Female,White
1171.jpg,50-59,Male,White
1172.jpg,30-39,Male,White
1173.jpg,20-29,Male,Black
1174.jpg,30-39,Female,Black
1175.jpg,10-19,Female,White
1176.jpg,30-39,Female,White
1177.jpg,3-9,Female,White
1178.jpg,10-19,Female,White
1179.jpg,20-29,Male,Asian
118.jpg,3-9,Female,Asian
1180.jpg,20-29,Male,Asian
1181.jpg,20-29,Male,Asian
1182.jpg,3-9,Female,Asian
1183.jpg,20-29,Male,White
1184.jpg,20-29,Female,White
1185.jpg,40-49,Female,Black
1186.jpg,20-29,Male,Black
1187.jpg,20-29,Male,White
1188.jpg,20-29,Male,Black
1189.jpg,20-29,Female,Asian
119.jpg,20-29,Female,Asian
1190.jpg,10-19,Female,White
1191.jpg,20-29,Female,White
1192.jpg,20-29,Female,White
1193.jpg,30-39,Female,Asian
1194.jpg,10-19,Female,Asian
1195.jpg,30-39,Female,Black
1196.jpg,30-39,Female,White
1197.jpg,20-29,Male,Asian
1198.jpg,30-39,Female,White
1199.jpg,30-39,Female,Black
12.jpg,20-29,Male,White
120.jpg,20-29,Female,Asian
1200.jpg,30-39,Female,Asian
1201.jpg,30-39,Male,Indian
1202.jpg,40-49,Male,White
1203.jpg,30-39,Male,Black
1204.jpg,30-39,Female,White
1205.jpg,20-29,Female,Asian
1206.jpg,20-29,Female,Asian
1207.jpg,20-29,Female,Asian
1208.jpg,20-29,Female,Asian
1209.jpg,0-2,Female,Asian
121.jpg,0-2,Male,Asian
1210.jpg,30-39,Female,Asian
1211.jpg,3-9,Female,Asian
1212.jpg,20-29,Male,Indian
1213.jpg,20-29,Female,White
1214.jpg,30-39,Female,Asian
1215.jpg,0-2,Female,Indian
1216.jpg,20-29,Female,Black
1217.jpg,20-29,Female,Indian
1218.jpg,30-39,Female,White
1219.jpg,30-39,Female,Black
122.jpg,30-39,Male,White
1220.jpg,0-2,Male,Asian
1221.jpg,0-2,Female,Asian
1222.jpg,20-29,Female,Asian
1223.jpg,20-29,Male,Black
1224.jpg,30-39,Male,White
1225.jpg,20-29,Male,White
1226.jpg,30-39,Male,Indian
1227.jpg,0-2,Male,Asian
1228.jpg,30-39,Male,Indian
1229.jpg,0-2,Male,Asian
123.jpg,30-39,Male,Black
1230.jpg,3-9,Female,Asian
1231.jpg,20-29,Male,Asian
1232.jpg,30-39,Female,Indian
1233.jpg,20-29,Male,Indian
1234.jpg,40-49,Male,Indian
1235.jpg,20-29,Male,Indian
1236.jpg,20-29,Female,Black
1237.jpg,0-2,Male,Asian
1238.jpg,0-2,Male,Asian
1239.jpg,20-29,Female,Asian
124.jpg,20-29,Male,White
1240.jpg,20-29,Female,Asian
1241.jpg,30-39,Female,White
1242.jpg,20-29,Female,Black
1243.jpg,20-29,Female,Indian
1244.jpg,20-29,Male,White
1245.jpg,0-2,Male,Asian
1246.jpg,20-29,Female,Asian
1247.jpg,3-9,Female,Asian
1248.jpg,3-9,Female,Asian
1249.jpg,20-29,Male,Asian
125.jpg,0-2,Male,White
1250.jpg,none,none,none
1251.jpg,10-19,Female,White
1252.jpg,30-39,Female,Black
1253.jpg,0-2,Female,Asian
1254.jpg,3-9,Female,White
1255.jpg,20-29,Male,Asian
1256.jpg,20-29,Male,White
1257.jpg,20-29,Male,Black
1258.jpg,50-59,Male,White
1259.jpg,more than 70,Male,White
126.jpg,30-39,Male,Black
1260.jpg,20-29,Male,Black
1261.jpg,20-29,Male,Black
1262.jpg,30-39,Female,White
1263.jpg,30-39,Male,Black
1264.jpg,3-9,Female,White
1265.jpg,30-39,Male,Indian
1266.jpg,20-29,Male,White
1267.jpg,20-29,Female,White
1268.jpg,30-39,Male,Black
1269.jpg,20-29,Female,Black
127.jpg,20-29,Male,Black
1270.jpg,20-29,Male,White
1271.jpg,10-19,Male,White
1272.jpg,0-2,Female,Asian
1273.jpg,20-29,Male,Black
1274.jpg,50-59,Female,White
1275.jpg,20-29,Female,Black
1276.jpg,30-39,Male,White
1277.jpg,20-29,Female,Black
1278.jpg,20-29,Female,White
1279.jpg,20-29,Female,White
128.jpg,20-29,Male,White
1280.jpg,30-39,Male,White
1281.jpg,50-59,Male,Black
1282.jpg,0-2,Male,Asian
1283.jpg,20-29,Female,White
1284.jpg,30-39,Female,Black
1285.jpg,20-29,Female,Indian
1286.jpg,30-39,Female,Black
1287.jpg,20-29,Male,White
1288.jpg,30-39,Male,Indian
1289.jpg,20-29,Male,Indian
129.jpg,50-59,Female,White
1290.jpg,20-29,Male,Black
1291.jpg,20-29,Male,Indian
1292.jpg,30-39,Female,White
1293.jpg,20-29,Female,White
1294.jpg,20-29,Female,Asian
1295.jpg,20-29,Female,White
1296.jpg,20-29,Female,Black
1297.jpg,30-39,Female,White
1298.jpg,30-39,Female,White
1299.jpg,20-29,Female,White
13.jpg,20-29,Female,Black
130.jpg,30-39,Female,Indian
1300.jpg,20-29,Male,White
1301.jpg,20-29,Female,White
1302.jpg,20-29,Female,White
1303.jpg,0-2,Male,White
1304.jpg,3-9,Male,White
1305.jpg,3-9,Female,White
1306.jpg,20-29,Female,Black
1307.jpg,40-49,Male,Indian
1308.jpg,20-29,Female,Asian
1309.jpg,20-29,Female,Asian
131.jpg,20-29,Female,Indian
1310.jpg,30-39,Female,Asian
1311.jpg,30-39,Female,Asian
1312.jpg,20-29,Male,Indian
1313.jpg,20-29,Male,Black
1314.jpg,20-29,Female,Asian
1315.jpg,0-2,Female,Indian
1316.jpg,20-29,Male,Asian
1317.jpg,0-2,Female,Asian
1318.jpg,20-29,Male,White
1319.jpg,0-2,Male,Asian
132.jpg,20-29,Female,White
1320.jpg,20-29,Female,White
1321.jpg,20-29,Male,Asian
1322.jpg,20-29,Female,Asian
1323.jpg,30-39,Female,Black
1324.jpg,30-39,Male,Black
1325.jpg,30-39,Male,Asian
1326.jpg,20-29,Male,White
1327.jpg,0-2,Female,White
1328.jpg,30-39,Female,Indian
1329.jpg,0-2,Female,White
133.jpg,3-9,Female,Asian
1330.jpg,20-29,Male,White
1331.jpg,20-29,Male,Asian
1332.jpg,60-69,Male,White
1333.jpg,20-29,Female,Black
1334.jpg,20-29,Female,Asian
1335.jpg,20-29,Female,White
1336.jpg,0-2,Female,White
1337.jpg,30-39,Male,Asian
1338.jpg,20-29,Female,Asian
1339.jpg,10-19,Female,White
134.jpg,20-29,Female,White
1340.jpg,20-29,Female,White
1341.jpg,20-29,Male,Indian
1342.jpg,20-29,Male,Asian
1343.jpg,30-39,Male,Black
1344.jpg,20-29,Male,White
1345.jpg,20-29,Female,White
1346.jpg,20-29,Female,Black
1347.jpg,30-39,Female,Asian
1348.jpg,20-29,Male,White
1349.jpg,20-29,Female,Indian
135.jpg,0-2,Female,White
1350.jpg,20-29,Female,Indian
1351.jpg,20-29,Female,White
1352.jpg,30-39,Female,White
1353.jpg,3-9,Female,Asian
1354.jpg,20-29,Female,Asian
1355.jpg,20-29,Male,Indian
1356.jpg,20-29,Female,Asian
1357.jpg,30-39,Female,Black
1358.jpg,20-29,Male,Black
1359.jpg,20-29,Male,Indian
136.jpg,30-39,Male,Black
1360.jpg,30-39,Female,Asian
1361.jpg,20-29,Female,White
1362.jpg,30-39,Male,White
1363.jpg,20-29,Male,Black
1364.jpg,20-29,Male,White
1365.jpg,3-9,Female,Asian
1366.jpg,20-29,Female,Asian
1367.jpg,40-49,Male,Black
1368.jpg,20-29,Female,Black
1369.jpg,20-29,Female,Indian
137.jpg,30-39,Male,Black
1370.jpg,none,none,none
1371.jpg,0-2,Female,Asian
1372.jpg,20-29,Female,White
1373.jpg,20-29,Male,Black
1374.jpg,20-29,Female,Black
1375.jpg,10-19,Female,White
1376.jpg,3-9,Female,Asian
1377.jpg,20-29,Male,Black
1378.jpg,0-2,Male,White
1379.jpg,20-29,Female,White
138.jpg,30-39,Male,Asian
1380.jpg,30-39,Female,White
1381.jpg,20-29,Male,Indian
1382.jpg,30-39,Female,Asian
1383.jpg,30-39,Male,Black
1384.jpg,30-39,Female,White
1385.jpg,0-2,Male,White
1386.jpg,30-39,Male,White
1387.jpg,20-29,Female,Indian
1388.jpg,20-29,Female,Indian
1389.jpg,20-29,Female,Asian
139.jpg,0-2,Female,Indian
1390.jpg,30-39,Female,Indian
1391.jpg,30-39,Female,White
1392.jpg,20-29,Female,White
1393.jpg,20-29,Male,Indian
1394.jpg,20-29,Female,Indian
1395.jpg,10-19,Male,White
1396.jpg,20-29,Female,White
1397.jpg,0-2,Male,Asian
1398.jpg,30-39,Male,White
1399.jpg,30-39,Female,Black
14.jpg,30-39,Male,Black
140.jpg,10-19,Female,White
1400.jpg,0-2,Male,White
1401.jpg,20-29,Female,White
1402.jpg,0-2,Female,White
1403.jpg,20-29,Female,Asian
1404.jpg,20-29,Female,White
1405.jpg,0-2,Female,White
1406.jpg,0-2,Female,Asian
1407.jpg,20-29,Male,Indian
1408.jpg,50-59,Male,White
1409.jpg,30-39,Male,White
141.jpg,20-29,Male,Asian
1410.jpg,30-39,Female,Asian
1411.jpg,20-29,Female,Indian
1412.jpg,0-2,Male,Indian
1413.jpg,20-29,Male,White
1414.jpg,30-39,Male,White
1415.jpg,20-29,Female,Black
1416.jpg,20-29,Male,Asian
1417.jpg,20-29,Female,Black
1418.jpg,3-9,Male,White
1419.jpg,20-29,Female,Indian
142.jpg,20-29,Female,Black
1420.jpg,20-29,Male,Black
1421.jpg,none,none,none
1422.jpg,30-39,Female,Black
1423.jpg,50-59,Male,White
1424.jpg,3-9,Male,Asian
1425.jpg,40-49,Male,Black
1426.jpg,20-29,Female,Black
1427.jpg,0-2,Male,Asian
1428.jpg,20-29,Female,Black
1429.jpg,3-9,Female,Asian
143.jpg,3-9,Male,Asian
1430.jpg,20-29,Female,Indian
1431.jpg,20-29,Female,White
1432.jpg,20-29,Female,Asian
1433.jpg,20-29,Female,Asian
1434.jpg,30-39,Female,Asian
1435.jpg,30-39,Male,Indian
1436.jpg,20-29,Female,Black
1437.jpg,30-39,Female,Black
1438.jpg,40-49,Male,White
1439.jpg,0-2,Male,White
144.jpg,3-9,Female,Asian
1440.jpg,20-29,Male,Black
1441.jpg,0-2,Male,Asian
1442.jpg,30-39,Male,Black
1443.jpg,30-39,Male,Black
1444.jpg,30-39,Male,White
1445.jpg,50-59,Male,White
1446.jpg,30-39,Male,White
1447.jpg,20-29,Female,Asian
1448.jpg,20-29,Male,Asian
1449.jpg,3-9,Male,Asian
145.jpg,0-2,Male,Asian
1450.jpg,30-39,Female,Black
1451.jpg,0-2,Female,Asian
1452.jpg,20-29,Female,Black
1453.jpg,20-29,Female,Asian
1454.jpg,0-2,Male,White
1455.jpg,30-39,Female,Black
1456.jpg,20-29,Male,White
1457.jpg,20-29,Male,Black
1458.jpg,20-29,Female,Black
1459.jpg,30-39,Male,Black
146.jpg,3-9,Female,White
1460.jpg,30-39,Male,Black
1461.jpg,30-39,Male,White
1462.jpg,20-29,Female,Asian
1463.jpg,20-29,Female,Indian
1464.jpg,20-29,Female,Black
1465.jpg,20-29,Female,Black
1466.jpg,none,none,none
1467.jpg,20-29,Female,Asian
1468.jpg,20-29,Female,White
1469.jpg,20-29,Female,White
147.jpg,20-29,Male,White
1470.jpg,0-2,Female,Asian
1471.jpg,20-29,Female,Asian
1472.jpg,20-29,Male,Asian
1473.jpg,30-39,Male,White
1474.jpg,30-39,Male,Asian
1475.jpg,20-29,Female,Asian
1476.jpg,20-29,Male,White
1477.jpg,3-9,Female,Asian
1478.jpg,30-39,Male,White
1479.jpg,30-39,Female,Black
148.jpg,10-19,Female,Indian
1480.jpg,30-39,Male,Indian
1481.jpg,0-2,Male,White
1482.jpg,20-29,Female,White
1483.jpg,30-39,Male,Asian
1484.jpg,30-39,Female,Asian
1485.jpg,20-29,Female,White
1486.jpg,30-39,Male,White
1487.jpg,0-2,Female,White
1488.jpg,30-39,Female,White
1489.jpg,20-29,Female,Asian
149.jpg,20-29,Female,Indian
1490.jpg,10-19,Female,White
1491.jpg,20-29,Female,Asian
1492.jpg,20-29,Female,Asian
1493.jpg,30-39,Male,Black
1494.jpg,20-29,Female,Black
1495.jpg,30-39,Male,Asian
1496.jpg,20-29,Female,Black
1497.jpg,40-49,Male,Indian
1498.jpg,40-49,Male,White
1499.jpg,20-29,Male,Indian
15.jpg,20-29,Male,Indian
150.jpg,20-29,Female,Indian
1500.jpg,0-2,Male,Indian
1501.jpg,3-9,Male,White
1502.jpg,20-29,Female,White
1503.jpg,0-2,Female,Black
1504.jpg,30-39,Female,Black
1505.jpg,20-29,Female,White
1506.jpg,20-29,Female,Asian
1507.jpg,20-29,Female,White
1508.jpg,20-29,Male,White
1509.jpg,20-29,Male,Black
151.jpg,30-39,Female,Indian
1510.jpg,30-39,Female,White
1511.jpg,20-29,Female,Indian
1512.jpg,30-39,Male,Indian
1513.jpg,30-39,Male,Asian
1514.jpg,10-19,Male,Asian
1515.jpg,10-19,Female,Asian
1516.jpg,20-29,Female,Black
1517.jpg,30-39,Female,Black
1518.jpg,20-29,Female,White
1519.jpg,30-39,Female,Indian
152.jpg,30-39,Female,White
1520.jpg,20-29,Female,Black
1521.jpg,20-29,Female,Asian
1522.jpg,20-29,Male,Indian
1523.jpg,20-29,Female,White
1524.jpg,20-29,Male,Indian
1525.jpg,30-39,Male,Black
1526.jpg,3-9,Female,Asian
1527.jpg,20-29,Female,Asian
1528.jpg,20-29,Female,White
1529.jpg,30-39,Male,White
153.jpg,20-29,Female,Black
1530.jpg,30-39,Male,Black
1531.jpg,10-19,Male,White
1532.jpg,20-29,Male,Indian
1533.jpg,20-29,Female,White
1534.jpg,20-29,Female,White
1535.jpg,20-29,Female,White
1536.jpg,30-39,Female,White
1537.jpg,20-29,Female,Indian
1538.jpg,40-49,Male,Black
1539.jpg,20-29,Female,Indian
154.jpg,30-39,Female,White
1540.jpg,20-29,Female,White
1541.jpg,30-39,Male,Black
1542.jpg,30-39,Male,Black
1543.jpg,more than 70,Male,White
1544.jpg,20-29,Male,White
1545.jpg,20-29,Male,White
1546.jpg,30-39,Male,White
1547.jpg,30-39,Female,Asian
1548.jpg,10-19,Female,White
1549.jpg,30-39,Female,Indian
155.jpg,30-39,Female,White
1550.jpg,3-9,Male,White
1551.jpg,0-2,Female,Asian
1552.jpg,20-29,Female,Asian
1553.jpg,20-29,Female,White
1554.jpg,20-29,Male,White
1555.jpg,30-39,Female,Indian
1556.jpg,30-39,Male,Black
1557.jpg,30-39,Female,White
1558.jpg,20-29,Female,Black
1559.jpg,30-39,Female,Black
156.jpg,10-19,Female,White
1560.jpg,20-29,Male,White
1561.jpg,30-39,Female,Black
1562.jpg,20-29,Female,Asian
1563.jpg,0-2,Male,White
1564.jpg,more than 70,Male,Black
1565.jpg,0-2,Male,Asian
1566.jpg,50-59,Male,Black
1567.jpg,30-39,Male,Indian
1568.jpg,20-29,Female,Black
1569.jpg,30-39,Male,Indian
157.jpg,0-2,Male,White
1570.jpg,30-39,Male,Black
1571.jpg,20-29,Male,Black
1572.jpg,30-39,Female,White
1573.jpg,20-29,Female,Black
1574.jpg,0-2,Male,Asian
1575.jpg,3-9,Female,Asian
1576.jpg,20-29,Female,Asian
1577.jpg,20-29,Female,Asian
1578.jpg,20-29,Female,Asian
1579.jpg,0-2,Female,Asian
158.jpg,10-19,Female,Asian
1580.jpg,0-2,Female,White
1581.jpg,3-9,Female,Asian
1582.jpg,20-29,Male,White
1583.jpg,20-29,Female,White
1584.jpg,20-29,Female,Asian
1585.jpg,0-2,Female,Asian
1586.jpg,30-39,Female,White
1587.jpg,30-39,Male,Black
1588.jpg,20-29,Male,Black
1589.jpg,20-29,Female,Indian
159.jpg,20-29,Female,Asian
1590.jpg,20-29,Male,White
1591.jpg,30-39,Female,Indian
1592.jpg,40-49,Female,White
1593.jpg,40-49,Female,White
1594.jpg,20-29,Female,White
1595.jpg,20-29,Male,Black
1596.jpg,30-39,Female,White
1597.jpg,20-29,Female,Black
1598.jpg,20-29,Female,Black
1599.jpg,0-2,Male,White
16.jpg,20-29,Male,Indian
160.jpg,20-29,Female,White
1600.jpg,20-29,Male,Black
1601.jpg,20-29,Female,Black
1602.jpg,3-9,Female,White
1603.jpg,20-29,Male,Asian
1604.jpg,20-29,Female,Asian
1605.jpg,20-29,Female,Asian
1606.jpg,30-39,Female,Asian
1607.jpg,20-29,Female,Asian
1608.jpg,20-29,Female,Indian
1609.jpg,20-29,Male,White
161.jpg,20-29,Female,White
1610.jpg,20-29,Female,Black
1611.jpg,20-29,Female,Black
1612.jpg,30-39,Female,Black
1613.jpg,30-39,Male,White
1614.jpg,30-39,Male,White
1615.jpg,30-39,Male,White
1616.jpg,30-39,Female,White
1617.jpg,3-9,Male,White
1618.jpg,30-39,Male,Asian
1619.jpg,20-29,Male,Asian
162.jpg,20-29,Male,White
1620.jpg,30-39,Female,White
1621.jpg,30-39,Male,White
1622.jpg,20-29,Male,White
1623.jpg,30-39,Male,White
1624.jpg,10-19,Male,White
1625.jpg,40-49,Male,Black
1626.jpg,30-39,Male,Black
1627.jpg,20-29,Female,White
1628.jpg,30-39,Female,Asian
1629.jpg,30-39,Male,Black
163.jpg,20-29,Female,Black
1630.jpg,40-49,Female,White
1631.jpg,30-39,Male,Black
1632.jpg,0-2,Male,Asian
1633.jpg,0-2,Female,Asian
1634.jpg,3-9,Male,Asian
1635.jpg,30-39,Female,Asian
1636.jpg,20-29,Female,White
1637.jpg,20-29,Male,Black
1638.jpg,20-29,Male,Indian
1639.jpg,20-29,Male,White
164.jpg,20-29,Male,White
1640.jpg,30-39,Female,Asian
1641.jpg,30-39,Female,Black
1642.jpg,20-29,Female,Asian
1643.jpg,20-29,Male,Black
1644.jpg,30-39,Female,White
1645.jpg,20-29,Female,Asian
1646.jpg,20-29,Male,Black
1647.jpg,20-29,Female,Asian
1648.jpg,20-29,Female,White
1649.jpg,30-39,Female,Indian
165.jpg,20-29,Female,White
1650.jpg,20-29,Female,White
1651.jpg,3-9,Female,White
1652.jpg,30-39,Female,White
1653.jpg,30-39,Female,Asian
1654.jpg,0-2,Female,Asian
1655.jpg,20-29,Female,White
1656.jpg,20-29,Female,White
1657.jpg,20-29,Female,White
1658.jpg,20-29,Female,White
1659.jpg,30-39,Male,Black
166.jpg,0-2,Male,White
1660.jpg,20-29,Male,Black
1661.jpg,20-29,Female,White
1662.jpg,20-29,Female,White
1663.jpg,10-19,Female,White
1664.jpg,20-29,Male,White
1665.jpg,0-2,Female,White
1666.jpg,3-9,Female,White
1667.jpg,20-29,Male,White
1668.jpg,20-29,Female,Indian
1669.jpg,20-29,Female,White
167.jpg,0-2,Female,White
1670.jpg,20-29,Female,Indian
1671.jpg,20-29,Male,White
1672.jpg,none,none,none
1673.jpg,20-29,Female,Black
1674.jpg,20-29,Female,Asian
1675.jpg,3-9,Female,White
1676.jpg,20-29,Male,Indian
1677.jpg,0-2,Male,White
1678.jpg,20-29,Male,Asian
1679.jpg,20-29,Male,Black
168.jpg,20-29,Female,White
1680.jpg,30-39,Female,Black
1681.jpg,30-39,Male,White
1682.jpg,20-29,Female,Black
1683.jpg,20-29,Male,Black
1684.jpg,30-39,Female,Black
1685.jpg,0-2,Male,Black
1686.jpg,20-29,Female,Black
1687.jpg,30-39,Male,Black
1688.jpg,60-69,Male,White
1689.jpg,20-29,Female,Black
169.jpg,20-29,Male,Black
1690.jpg,20-29,Female,Indian
1691.jpg,20-29,Female,Asian
1692.jpg,20-29,Male,Black
1693.jpg,20-29,Female,Indian
1694.jpg,30-39,Female,White
1695.jpg,30-39,Female,Asian
1696.jpg,40-49,Male,Black
1697.jpg,20-29,Female,White
1698.jpg,20-29,Male,Asian
1699.jpg,20-29,Female,Asian
17.jpg,20-29,Male,Black
170.jpg,30-39,Male,Asian
1700.jpg,10-19,Female,Asian
1701.jpg,20-29,Female,White
1702.jpg,20-29,Female,White
1703.jpg,20-29,Male,White
1704.jpg,30-39,Male,Asian
1705.jpg,30-39,Male,White
1706.jpg,20-29,Male,White
1707.jpg,50-59,Male,White
1708.jpg,30-39,Male,Indian
1709.jpg,20-29,Female,White
171.jpg,20-29,Male,Black
1710.jpg,20-29,Male,White
1711.jpg,3-9,Female,Asian
1712.jpg,20-29,Female,Asian
1713.jpg,20-29,Female,Asian
1714.jpg,20-29,Female,Indian
1715.jpg,none,none,none
1716.jpg,0-2,Female,Black
1717.jpg,20-29,Male,White
1718.jpg,20-29,Male,Indian
1719.jpg,20-29,Female,White
172.jpg,30-39,Female,White
1720.jpg,20-29,Female,White
1721.jpg,20-29,Female,Black
1722.jpg,20-29,Female,White
1723.jpg,30-39,Female,White
1724.jpg,20-29,Female,White
1725.jpg,30-39,Female,White
1726.jpg,20-29,Male,Indian
1727.jpg,20-29,Female,White
1728.jpg,20-29,Male,Black
1729.jpg,20-29,Male,Indian
173.jpg,30-39,Female,White
1730.jpg,3-9,Female,White
1731.jpg,20-29,Female,White
1732.jpg,0-2,Female,White
1733.jpg,20-29,Male,Black
1734.jpg,3-9,Male,White
1735.jpg,30-39,Female,White
1736.jpg,20-29,Male,Black
1737.jpg,30-39,Male,Indian
1738.jpg,20-29,Male,Asian
1739.jpg,20-29,Male,Indian
174.jpg,30-39,Female,White
1740.jpg,more than 70,Male,White
1741.jpg,30-39,Female,White
1742.jpg,20-29,Female,Black
1743.jpg,20-29,Female,Black
1744.jpg,20-29,Female,Asian
1745.jpg,20-29,Male,Black
1746.jpg,20-29,Female,White
1747.jpg,20-29,Male,White
1748.jpg,20-29,Male,Black
1749.jpg,30-39,Female,White
175.jpg,20-29,Female,Asian
1750.jpg,30-39,Female,White
1751.jpg,0-2,Female,White
1752.jpg,50-59,Female,White
1753.jpg,20-29,Male,White
1754.jpg,30-39,Male,Black
1755.jpg,20-29,Female,White
1756.jpg,20-29,Female,White
1757.jpg,30-39,Male,Black
1758.jpg,20-29,Male,Black
1759.jpg,20-29,Male,Indian
176.jpg,20-29,Female,Black
1760.jpg,20-29,Male,Black
1761.jpg,20-29,Female,Black
1762.jpg,30-39,Female,Black
1763.jpg,50-59,Male,White
1764.jpg,20-29,Female,Indian
1765.jpg,20-29,Female,White
1766.jpg,30-39,Male,White
1767.jpg,20-29,Female,Asian
1768.jpg,20-29,Female,Asian
1769.jpg,20-29,Female,Asian
177.jpg,20-29,Female,White
1770.jpg,0-2,Male,Asian
1771.jpg,20-29,Male,Black
1772.jpg,30-39,Female,White
1773.jpg,10-19,Female,White
1774.jpg,20-29,Female,Asian
1775.jpg,30-39,Male,Black
1776.jpg,20-29,Male,White
1777.jpg,20-29,Female,Black
1778.jpg,20-29,Male,White
1779.jpg,20-29,Female,White
178.jpg,20-29,Female,Black
1780.jpg,0-2,Male,Asian
1781.jpg,20-29,Female,Indian
1782.jpg,20-29,Female,Asian
1783.jpg,10-19,Female,White
1784.jpg,20-29,Female,Asian
1785.jpg,0-2,Male,Asian
1786.jpg,3-9,Female,Asian
1787.jpg,20-29,Female,White
1788.jpg,20-29,Female,Black
1789.jpg,30-39,Male,Black
179.jpg,30-39,Male,Black
1790.jpg,30-39,Male,Indian
1791.jpg,20-29,Female,Black
1792.jpg,40-49,Male,White
1793.jpg,20-29,Female,Indian
1794.jpg,30-39,Male,White
1795.jpg,30-39,Female,Indian
1796.jpg,20-29,Male,Indian
1797.jpg,20-29,Female,Indian
1798.jpg,20-29,Female,Indian
1799.jpg,30-39,Female,White
18.jpg,20-29,Male,Indian
180.jpg,20-29,Male,Black
1800.jpg,20-29,Female,Black
1801.jpg,20-29,Female,White
1802.jpg,20-29,Female,Indian
1803.jpg,20-29,Female,Indian
1804.jpg,20-29,Female,White
1805.jpg,20-29,Female,White
1806.jpg,20-29,Male,Black
1807.jpg,20-29,Female,Indian
1808.jpg,20-29,Male,Asian
1809.jpg,20-29,Female,Asian
181.jpg,30-39,Male,White
1810.jpg,3-9,Female,Asian
1811.jpg,20-29,Female,Indian
1812.jpg,3-9,Male,Indian
1813.jpg,20-29,Female,Indian
1814.jpg,20-29,Female,Black
1815.jpg,3-9,Female,White
1816.jpg,0-2,Female,Asian
1817.jpg,30-39,Female,White
1818.jpg,10-19,Female,White
1819.jpg,30-39,Female,White
182.jpg,10-19,Female,White
1820.jpg,30-39,Male,White
1821.jpg,20-29,Female,White
1822.jpg,20-29,Female,Black
1823.jpg,20-29,Female,Black
1824.jpg,0-2,Male,White
1825.jpg,30-39,Female,White
1826.jpg,0-2,Female,White
1827.jpg,20-29,Female,White
1828.jpg,20-29,Male,Black
1829.jpg,20-29,Female,White
183.jpg,20-29,Male,Black
1830.jpg,30-39,Male,Black
1831.jpg,20-29,Male,Black
1832.jpg,20-29,Male,Black
1833.jpg,20-29,Male,White
1834.jpg,30-39,Male,White
1835.jpg,20-29,Female,Indian
1836.jpg,30-39,Male,Black
1837.jpg,30-39,Male,Black
1838.jpg,20-29,Male,Black
1839.jpg,40-49,Male,White
184.jpg,0-2,Male,White
1840.jpg,20-29,Male,Black
1841.jpg,40-49,Male,White
1842.jpg,20-29,Male,Indian
1843.jpg,20-29,Male,Black
1844.jpg,20-29,Male,White
1845.jpg,30-39,Male,White
1846.jpg,40-49,Male,White
1847.jpg,20-29,Male,Asian
1848.jpg,30-39,Male,White
1849.jpg,0-2,Male,White
185.jpg,30-39,Male,White
1850.jpg,20-29,Female,White
1851.jpg,20-29,Female,Asian
1852.jpg,0-2,Female,Asian
1853.jpg,30-39,Female,Black
1854.jpg,30-39,Female,Black
1855.jpg,30-39,Male,White
1856.jpg,30-39,Male,Black
1857.jpg,3-9,Female,Asian
1858.jpg,3-9,Female,White
1859.jpg,30-39,Male,White
186.jpg,20-29,Female,White
1860.jpg,20-29,Male,White
1861.jpg,20-29,Male,Black
1862.jpg,30-39,Female,White
1863.jpg,30-39,Female,Indian
1864.jpg,30-39,Female,White
1865.jpg,0-2,Female,Asian
1866.jpg,20-29,Female,Asian
1867.jpg,30-39,Male,Black
1868.jpg,20-29,Female,Asian
1869.jpg,30-39,Female,Asian
187.jpg,30-39,Male,Black
1870.jpg,20-29,Female,Asian
1871.jpg,10-19,Female,Asian
1872.jpg,3-9,Female,Asian
1873.jpg,20-29,Male,Black
1874.jpg,0-2,Male,White
1875.jpg,20-29,Female,White
1876.jpg,20-29,Male,Asian
1877.jpg,30-39,Male,Black
1878.jpg,30-39,Female,White
1879.jpg,20-29,Female,Asian
188.jpg,20-29,Male,Indian
1880.jpg,3-9,Male,Asian
1881.jpg,0-2,Female,Asian
1882.jpg,20-29,Female,Asian
1883.jpg,20-29,Male,White
1884.jpg,20-29,Female,Asian
1885.jpg,20-29,Female,Asian
1886.jpg,20-29,Female,Asian
1887.jpg,30-39,Female,White
1888.jpg,30-39,Female,Black
1889.jpg,30-39,Female,White
189.jpg,30-39,Female,White
1890.jpg,20-29,Female,Asian
1891.jpg,20-29,Female,White
1892.jpg,20-29,Female,Black
1893.jpg,0-2,Male,Asian
1894.jpg,20-29,Female,White
1895.jpg,20-29,Female,White
1896.jpg,20-29,Female,Asian
1897.jpg,30-39,Female,White
1898.jpg,30-39,Female,Indian
1899.jpg,30-39,Male,Black
19.jpg,20-29,Male,White
190.jpg,20-29,Female,Asian
1900.jpg,20-29,Female,Indian
1901.jpg,30-39,Male,White
1902.jpg,0-2,Male,White
1903.jpg,30-39,Female,White
1904.jpg,30-39,Female,Indian
1905.jpg,30-39,Male,Indian
1906.jpg,20-29,Female,White
1907.jpg,10-19,Male,White
1908.jpg,20-29,Female,White
1909.jpg,20-29,Male,Asian
191.jpg,20-29,Female,White
1910.jpg,20-29,Female,White
1911.jpg,0-2,Male,Asian
1912.jpg,30-39,Male,Black
1913.jpg,30-39,Male,Black
1914.jpg,3-9,Male,White
1915.jpg,none,none,none
1916.jpg,30-39,Male,Indian
1917.jpg,20-29,Male,Indian
1918.jpg,20-29,Male,White
1919.jpg,20-29,Male,White
192.jpg,30-39,Female,Indian
1920.jpg,30-39,Male,White
1921.jpg,50-59,Female,White
1922.jpg,20-29,Female,Asian
1923.jpg,20-29,Female,White
1924.jpg,30-39,Female,White
1925.jpg,20-29,Female,Indian
1926.jpg,20-29,Male,White
1927.jpg,0-2,Female,White
1928.jpg,20-29,Male,White
1929.jpg,20-29,Male,Black
193.jpg,20-29,Female,Indian
1930.jpg,20-29,Female,Black
1931.jpg,20-29,Male,Asian
1932.jpg,3-9,Female,White
1933.jpg,20-29,Female,Asian
1934.jpg,none,none,none
1935.jpg,10-19,Female,White
1936.jpg,20-29,Female,Indian
1937.jpg,20-29,Female,Asian
1938.jpg,0-2,Male,Asian
1939.jpg,30-39,Female,White
194.jpg,20-29,Male,Indian
1940.jpg,30-39,Male,Black
1941.jpg,20-29,Female,Black
1942.jpg,none,none,none
1943.jpg,20-29,Female,Black
1944.jpg,30-39,Female,White
1945.jpg,30-39,Female,Black
1946.jpg,20-29,Female,White
1947.jpg,20-29,Female,Indian
1948.jpg,20-29,Female,Asian
1949.jpg,3-9,Male,Asian
195.jpg,20-29,Female,White
1950.jpg,30-39,Male,Indian
1951.jpg,30-39,Female,Indian
1952.jpg,20-29,Male,Black
1953.jpg,20-29,Male,Black
1954.jpg,0-2,Male,White
1955.jpg,3-9,Female,Asian
1956.jpg,0-2,Female,Asian
1957.jpg,3-9,Female,Asian
1958.jpg,30-39,Female,White
1959.jpg,3-9,Male,Asian
196.jpg,30-39,Female,Indian
1960.jpg,20-29,Male,Black
1961.jpg,20-29,Female,Asian
1962.jpg,0-2,Female,Asian
1963.jpg,0-2,Female,Asian
1964.jpg,30-39,Male,White
1965.jpg,3-9,Female,White
1966.jpg,20-29,Male,Indian
1967.jpg,20-29,Male,Asian
1968.jpg,20-29,Female,Indian
1969.jpg,20-29,Female,Indian
197.jpg,30-39,Female,White
1970.jpg,3-9,Male,Asian
1971.jpg,30-39,Female,White
1972.jpg,20-29,Female,White
1973.jpg,20-29,Female,Asian
1974.jpg,30-39,Female,White
1975.jpg,3-9,Female,White
1976.jpg,20-29,Female,Asian
1977.jpg,20-29,Female,White
1978.jpg,20-29,Female,Indian
1979.jpg,30-39,Male,White
198.jpg,30-39,Female,Black
1980.jpg,30-39,Female,Indian
1981.jpg,20-29,Female,Indian
1982.jpg,20-29,Female,Asian
1983.jpg,20-29,Male,Asian
1984.jpg,20-29,Male,Indian
1985.jpg,3-9,Male,White
1986.jpg,50-59,Male,White
1987.jpg,20-29,Male,Black
1988.jpg,50-59,Male,White
1989.jpg,20-29,Female,White
199.jpg,20-29,Male,Black
1990.jpg,20-29,Female,White
1991.jpg,20-29,Female,White
1992.jpg,20-29,Male,White
1993.jpg,30-39,Female,White
1994.jpg,20-29,Female,Indian
1995.jpg,20-29,Female,Indian
1996.jpg,30-39,Male,White
1997.jpg,30-39,Male,White
1998.jpg,10-19,Female,Asian
1999.jpg,20-29,Female,Indian
2.jpg,20-29,Female,Indian
20.jpg,0-2,Male,Black
200.jpg,30-39,Male,White
2000.jpg,30-39,Female,Asian
2001.jpg,20-29,Female,Asian
2002.jpg,20-29,Female,White
2003.jpg,20-29,Male,Indian
2004.jpg,0-2,Male,White
2005.jpg,20-29,Female,Asian
2006.jpg,30-39,Female,Asian
2007.jpg,10-19,Female,Asian
2008.jpg,30-39,Female,Black
2009.jpg,20-29,Female,White
201.jpg,30-39,Female,Asian
2010.jpg,20-29,Female,Asian
2011.jpg,30-39,Female,Asian
2012.jpg,20-29,Male,Black
2013.jpg,20-29,Female,White
2014.jpg,30-39,Female,Black
2015.jpg,10-19,Female,White
2016.jpg,20-29,Female,Black
2017.jpg,10-19,Female,White
2018.jpg,20-29,Female,White
2019.jpg,30-39,Male,White
202.jpg,30-39,Male,Indian
2020.jpg,20-29,Female,Indian
2021.jpg,3-9,Female,White
2022.jpg,3-9,Female,White
2023.jpg,20-29,Female,Black
2024.jpg,20-29,Male,Black
2025.jpg,20-29,Male,Indian
2026.jpg,20-29,Female,Indian
2027.jpg,20-29,Female,Black
2028.jpg,20-29,Female,White
2029.jpg,30-39,Male,Asian
203.jpg,20-29,Male,White
2030.jpg,30-39,Female,White
2031.jpg,30-39,Female,White
2032.jpg,40-49,Male,White
2033.jpg,20-29,Female,White
2034.jpg,20-29,Female,White
2035.jpg,30-39,Female,White
2036.jpg,10-19,Female,White
2037.jpg,20-29,Female,Asian
2038.jpg,3-9,Female,Asian
2039.jpg,30-39,Female,White
204.jpg,20-29,Male,Black
2040.jpg,30-39,Male,Black
2041.jpg,0-2,Female,Asian
2042.jpg,30-39,Male,Asian
2043.jpg,20-29,Female,Black
2044.jpg,20-29,Male,Black
2045.jpg,0-2,Female,Black
2046.jpg,30-39,Male,Black
2047.jpg,20-29,Male,Black
2048.jpg,none,none,none
2049.jpg,20-29,Female,Black
205.jpg,60-69,Male,White
2050.jpg,20-29,Female,Black
2051.jpg,20-29,Female,Black
2052.jpg,20-29,Female,White
2053.jpg,30-39,Female,Indian
2054.jpg,30-39,Female,Black
2055.jpg,20-29,Female,Asian
2056.jpg,20-29,Female,White
2057.jpg,20-29,Female,White
2058.jpg,20-29,Female,Asian
2059.jpg,20-29,Female,Black
206.jpg,30-39,Male,White
2060.jpg,30-39,Female,Black
2061.jpg,20-29,Female,Asian
2062.jpg,20-29,Female,Indian
2063.jpg,30-39,Female,White
2064.jpg,20-29,Female,Asian
2065.jpg,20-29,Female,Indian
2066.jpg,20-29,Male,Asian
2067.jpg,40-49,Male,White
2068.jpg,more than 70,Male,White
2069.jpg,20-29,Female,White
207.jpg,0-2,Male,Asian
2070.jpg,20-29,Female,Asian
2071.jpg,20-29,Female,White
2072.jpg,20-29,Female,Asian
2073.jpg,20-29,Female,Black
2074.jpg,0-2,Male,Asian
2075.jpg,30-39,Male,Asian
2076.jpg,30-39,Male,Indian
2077.jpg,10-19,Female,White
2078.jpg,20-29,Female,White
2079.jpg,30-39,Female,Black
208.jpg,30-39,Male,White
2080.jpg,20-29,Female,Asian
2081.jpg,20-29,Female,Black
2082.jpg,30-39,Female,Black
2083.jpg,20-29,Male,Black
2084.jpg,3-9,Female,Asian
2085.jpg,20-29,Female,White
2086.jpg,20-29,Female,White
2087.jpg,20-29,Male,White
2088.jpg,20-29,Female,Asian
2089.jpg,3-9,Female,Asian
209.jpg,30-39,Male,Indian
2090.jpg,10-19,Female,White
2091.jpg,20-29,Male,Black
2092.jpg,0-2,Female,White
2093.jpg,20-29,Female,White
2094.jpg,30-39,Female,White
2095.jpg,20-29,Female,Black
2096.jpg,20-29,Male,Indian
2097.jpg,more than 70,Female,White
2098.jpg,30-39,Female,Black
2099.jpg,20-29,Male,Indian
21.jpg,30-39,Male,Black
210.jpg,30-39,Female,Black
2100.jpg,0-2,Male,Black
2101.jpg,30-39,Male,Black
2102.jpg,50-59,Male,White
2103.jpg,20-29,Female,Black
2104.jpg,30-39,Male,Black
2105.jpg,20-29,Female,White
2106.jpg,30-39,Female,Black
2107.jpg,3-9,Female,Asian
2108.jpg,30-39,Female,Asian
2109.jpg,20-29,Male,Asian
211.jpg,20-29,Male,White
2110.jpg,20-29,Male,Black
2111.jpg,30-39,Male,Black
2112.jpg,30-39,Male,White
2113.jpg,10-19,Male,White
2114.jpg,20-29,Male,White
2115.jpg,20-29,Male,Black
2116.jpg,20-29,Female,White
2117.jpg,30-39,Female,Asian
2118.jpg,20-29,Female,Asian
2119.jpg,20-29,Male,White
212.jpg,30-39,Male,Black
2120.jpg,30-39,Female,Black
2121.jpg,0-2,Male,Asian
2122.jpg,20-29,Female,Indian
2123.jpg,20-29,Female,Indian
2124.jpg,20-29,Female,Indian
2125.jpg,30-39,Male,Black
2126.jpg,40-49,Male,White
2127.jpg,20-29,Male,Black
2128.jpg,30-39,Female,Black
2129.jpg,20-29,Female,Black
213.jpg,30-39,Female,Asian
2130.jpg,20-29,Male,White
2131.jpg,30-39,Male,White
2132.jpg,30-39,Male,Black
2133.jpg,3-9,Male,White
2134.jpg,20-29,Female,White
2135.jpg,3-9,Male,White
2136.jpg,30-39,Female,Asian
2137.jpg,30-39,Female,Indian
2138.jpg,20-29,Female,Indian
2139.jpg,20-29,Female,Asian
214.jpg,20-29,Female,Asian
2140.jpg,20-29,Female,Asian
2141.jpg,20-29,Male,Indian
2142.jpg,20-29,Female,White
2143.jpg,20-29,Female,White
2144.jpg,20-29,Female,Asian
2145.jpg,20-29,Female,White
2146.jpg,20-29,Female,White
2147.jpg,30-39,Male,White
2148.jpg,20-29,Male,Indian
2149.jpg,20-29,Male,White
215.jpg,30-39,Female,Asian
2150.jpg,30-39,Male,White
2151.jpg,10-19,Male,Asian
2152.jpg,3-9,Male,White
2153.jpg,30-39,Female,Black
2154.jpg,20-29,Female,Asian
2155.jpg,20-29,Male,Black
2156.jpg,30-39,Male,White
2157.jpg,30-39,Male,White
2158.jpg,20-29,Male,Black
2159.jpg,20-29,Female,White
216.jpg,20-29,Male,Asian
2160.jpg,0-2,Male,Asian
2161.jpg,20-29,Female,Black
2162.jpg,20-29,Male,Indian
2163.jpg,0-2,Male,Asian
2164.jpg,20-29,Male,White
2165.jpg,20-29,Male,Black
2166.jpg,20-29,Male,Black
2167.jpg,30-39,Male,White
2168.jpg,0-2,Male,White
2169.jpg,20-29,Male,White
217.jpg,20-29,Female,White
2170.jpg,30-39,Male,White
2171.jpg,20-29,Female,White
2172.jpg,30-39,Male,Black
2173.jpg,20-29,Female,White
2174.jpg,30-39,Female,White
2175.jpg,20-29,Female,White
2176.jpg,3-9,Male,Indian
2177.jpg,3-9,Male,Black
2178.jpg,30-39,Female,Black
2179.jpg,30-39,Female,Asian
218.jpg,30-39,Male,Indian
2180.jpg,20-29,Female,White
2181.jpg,20-29,Female,Black
2182.jpg,20-29,Male,Black
2183.jpg,20-29,Female,White
2184.jpg,20-29,Female,White
2185.jpg,10-19,Female,White
2186.jpg,20-29,Male,White
2187.jpg,3-9,Male,White
2188.jpg,30-39,Male,Black
2189.jpg,30-39,Female,White
219.jpg,20-29,Male,White
2190.jpg,30-39,Female,White
2191.jpg,10-19,Female,White
2192.jpg,30-39,Male,Black
2193.jpg,30-39,Male,Black
2194.jpg,50-59,Male,White
2195.jpg,30-39,Male,White
2196.jpg,0-2,Male,Asian
2197.jpg,30-39,Male,Black
2198.jpg,more than 70,Male,Black
2199.jpg,40-49,Male,White
22.jpg,0-2,Male,Indian
220.jpg,10-19,Female,White
2200.jpg,30-39,Female,White
2201.jpg,30-39,Male,White
2202.jpg,none,none,none
2203.jpg,20-29,Male,Indian
2204.jpg,20-29,Female,White
2205.jpg,20-29,Female,Asian
2206.jpg,30-39,Female,Indian
2207.jpg,20-29,Female,White
2208.jpg,20-29,Female,Black
2209.jpg,none,none,none
221.jpg,30-39,Female,White
2210.jpg,30-39,Female,Black
2211.jpg,30-39,Male,Black
2212.jpg,20-29,Male,White
2213.jpg,0-2,Male,White
2214.jpg,30-39,Female,White
2215.jpg,10-19,Male,White
2216.jpg,0-2,Male,Indian
2217.jpg,40-49,Male,Black
2218.jpg,30-39,Male,Black
2219.jpg,30-39,Female,Indian
222.jpg,30-39,Female,Asian
2220.jpg,20-29,Male,Indian
2221.jpg,20-29,Male,Indian
2222.jpg,30-39,Male,Indian
2223.jpg,20-29,Male,Indian
2224.jpg,20-29,Female,White
2225.jpg,20-29,Male,White
2226.jpg,0-2,Female,White
2227.jpg,20-29,Female,White
2228.jpg,30-39,Female,White
2229.jpg,30-39,Female,White
223.jpg,0-2,Male,Black
2230.jpg,20-29,Male,Black
2231.jpg,20-29,Male,White
2232.jpg,20-29,Male,White
2233.jpg,10-19,Female,Black
2234.jpg,20-29,Female,Asian
2235.jpg,30-39,Female,Indian
2236.jpg,30-39,Male,White
2237.jpg,40-49,Male,White
2238.jpg,20-29,Male,Asian
2239.jpg,20-29,Female,White
224.jpg,0-2,Male,Asian
2240.jpg,0-2,Female,Indian
2241.jpg,20-29,Male,Indian
2242.jpg,30-39,Male,White
2243.jpg,20-29,Female,White
2244.jpg,20-29,Male,Indian
2245.jpg,20-29,Male,White
2246.jpg,30-39,Female,White
2247.jpg,20-29,Male,Black
2248.jpg,0-2,Female,Asian
2249.jpg,20-29,Female,Asian
225.jpg,10-19,Female,White
2250.jpg,20-29,Male,Indian
2251.jpg,30-39,Female,White
2252.jpg,20-29,Female,Indian
2253.jpg,60-69,Male,Black
2254.jpg,30-39,Male,White
2255.jpg,40-49,Male,Indian
2256.jpg,0-2,Male,White
2257.jpg,20-29,Female,Indian
2258.jpg,0-2,Female,Indian
2259.jpg,50-59,Male,White
226.jpg,0-2,Male,Asian
2260.jpg,20-29,Male,White
2261.jpg,20-29,Female,Asian
2262.jpg,30-39,Male,Indian
2263.jpg,0-2,Male,White
2264.jpg,10-19,Female,White
2265.jpg,20-29,Female,Asian
2266.jpg,10-19,Female,Asian
2267.jpg,20-29,Female,Black
2268.jpg,20-29,Female,Asian
2269.jpg,20-29,Female,White
227.jpg,30-39,Female,Black
2270.jpg,20-29,Female,Indian
2271.jpg,30-39,Male,White
2272.jpg,20-29,Male,White
2273.jpg,20-29,Female,Black
2274.jpg,30-39,Female,Indian
2275.jpg,20-29,Female,Black
2276.jpg,30-39,Female,White
2277.jpg,0-2,Female,Asian
2278.jpg,20-29,Female,Indian
2279.jpg,30-39,Female,White
228.jpg,20-29,Male,Black
2280.jpg,20-29,Female,White
2281.jpg,30-39,Male,White
2282.jpg,30-39,Female,Asian
2283.jpg,10-19,Male,White
2284.jpg,30-39,Male,White
2285.jpg,20-29,Female,Black
2286.jpg,30-39,Male,Black
2287.jpg,3-9,Male,Asian
2288.jpg,20-29,Male,White
2289.jpg,0-2,Male,White
229.jpg,20-29,Female,Black
2290.jpg,30-39,Female,White
2291.jpg,20-29,Male,Indian
2292.jpg,40-49,Male,Indian
2293.jpg,20-29,Male,Indian
2294.jpg,30-39,Male,Indian
2295.jpg,20-29,Male,White
2296.jpg,40-49,Male,White
2297.jpg,3-9,Male,White
2298.jpg,20-29,Female,White
2299.jpg,40-49,Male,Indian
23.jpg,3-9,Male,White
230.jpg,30-39,Female,White
2300.jpg,30-39,Male,Indian
2301.jpg,30-39,Male,White
2302.jpg,20-29,Female,White
2303.jpg,20-29,Male,Black
2304.jpg,40-49,Male,Indian
2305.jpg,20-29,Male,White
2306.jpg,10-19,Male,Indian
2307.jpg,20-29,Male,White
2308.jpg,0-2,Male,White
2309.jpg,20-29,Female,Indian
231.jpg,50-59,Male,White
2310.jpg,20-29,Female,Black
2311.jpg,20-29,Female,Indian
2312.jpg,30-39,Female,White
2313.jpg,30-39,Male,White
2314.jpg,20-29,Male,White
2315.jpg,30-39,Male,White
2316.jpg,30-39,Male,White
2317.jpg,20-29,Male,Asian
2318.jpg,30-39,Male,White
2319.jpg,20-29,Female,Black
232.jpg,0-2,Male,White
2320.jpg,20-29,Female,White
2321.jpg,20-29,Female,Black
2322.jpg,0-2,Male,Indian
2323.jpg,30-39,Male,White
2324.jpg,30-39,Male,White
2325.jpg,20-29,Male,White
2326.jpg,50-59,Male,White
2327.jpg,20-29,Female,Indian
2328.jpg,10-19,Female,Indian
2329.jpg,30-39,Male,White
233.jpg,20-29,Male,White
2330.jpg,20-29,Male,White
2331.jpg,20-29,Male,Black
2332.jpg,20-29,Male,White
2333.jpg,20-29,Female,White
2334.jpg,30-39,Male,Black
2335.jpg,0-2,Male,Asian
2336.jpg,20-29,Male,Black
2337.jpg,20-29,Female,White
2338.jpg,30-39,Female,White
2339.jpg,20-29,Female,Asian
234.jpg,3-9,Female,White
2340.jpg,20-29,Female,White
2341.jpg,20-29,Female,White
2342.jpg,20-29,Female,Black
2343.jpg,30-39,Female,Asian
2344.jpg,20-29,Female,White
2345.jpg,20-29,Female,White
2346.jpg,20-29,Female,Indian
2347.jpg,20-29,Female,Indian
2348.jpg,20-29,Male,Black
2349.jpg,0-2,Male,Indian
235.jpg,20-29,Male,White
2350.jpg,50-59,Male,Black
2351.jpg,40-49,Male,White
2352.jpg,30-39,Female,Asian
2353.jpg,10-19,Female,White
2354.jpg,20-29,Male,Indian
2355.jpg,0-2,Male,White
2356.jpg,20-29,Male,Black
2357.jpg,20-29,Female,Asian
2358.jpg,20-29,Female,Asian
2359.jpg,20-29,Female,Black
236.jpg,20-29,Female,Black
2360.jpg,30-39,Male,Black
2361.jpg,50-59,Male,White
2362.jpg,more than 70,Male,White
2363.jpg,30-39,Male,Black
2364.jpg,20-29,Female,Asian
2365.jpg,30-39,Female,White
2366.jpg,30-39,Female,Asian
2367.jpg,20-29,Female,Asian
2368.jpg,30-39,Female,White
2369.jpg,20-29,Female,White
237.jpg,20-29,Female,Black
2370.jpg,20-29,Female,White
2371.jpg,30-39,Male,Black
2372.jpg,20-29,Female,Asian
2373.jpg,30-39,Female,Indian
2374.jpg,20-29,Female,White
2375.jpg,20-29,Female,White
2376.jpg,20-29,Female,White
2377.jpg,20-29,Female,Indian
2378.jpg,20-29,Male,White
2379.jpg,none,none,none
238.jpg,30-39,Female,Asian
2380.jpg,30-39,Female,Asian
2381.jpg,20-29,Female,Indian
2382.jpg,30-39,Female,White
2383.jpg,30-39,Female,Black
2384.jpg,30-39,Male,Black
2385.jpg,20-29,Male,White
2386.jpg,20-29,Male,Black
2387.jpg,20-29,Female,Indian
2388.jpg,20-29,Male,Black
2389.jpg,40-49,Male,White
239.jpg,3-9,Male,White
2390.jpg,0-2,Female,Asian
2391.jpg,30-39,Female,White
2392.jpg,30-39,Female,White
2393.jpg,20-29,Female,White
2394.jpg,20-29,Female,White
2395.jpg,20-29,Female,Asian
2396.jpg,20-29,Male,Indian
2397.jpg,30-39,Female,Black
2398.jpg,20-29,Female,Asian
2399.jpg,20-29,Female,White
24.jpg,20-29,Female,Black
240.jpg,20-29,Female,White
2400.jpg,20-29,Male,Asian
2401.jpg,20-29,Male,Indian
2402.jpg,30-39,Male,Indian
2403.jpg,20-29,Female,Black
2404.jpg,20-29,Female,White
2405.jpg,20-29,Male,Black
2406.jpg,40-49,Male,White
2407.jpg,0-2,Female,White
2408.jpg,20-29,Male,White
2409.jpg,30-39,Male,Black
241.jpg,30-39,Female,White
2410.jpg,30-39,Female,Indian
2411.jpg,20-29,Male,Indian
2412.jpg,20-29,Male,Indian
2413.jpg,20-29,Male,Indian
2414.jpg,40-49,Male,Indian
2415.jpg,20-29,Male,Asian
2416.jpg,40-49,Male,White
2417.jpg,0-2,Female,Black
2418.jpg,20-29,Female,White
2419.jpg,3-9,Female,Indian
242.jpg,30-39,Female,White
2420.jpg,0-2,Female,White
2421.jpg,0-2,Male,White
2422.jpg,none,none,none
2423.jpg,20-29,Female,Black
2424.jpg,20-29,Male,Black
2425.jpg,30-39,Female,White
2426.jpg,30-39,Male,White
2427.jpg,30-39,Male,Black
2428.jpg,20-29,Male,Indian
2429.jpg,30-39,Female,White
243.jpg,20-29,Male,Indian
2430.jpg,0-2,Male,White
2431.jpg,20-29,Male,Black
2432.jpg,30-39,Female,Asian
2433.jpg,20-29,Female,Black
2434.jpg,20-29,Male,Black
2435.jpg,10-19,Female,White
2436.jpg,0-2,Female,Asian
2437.jpg,30-39,Female,White
2438.jpg,20-29,Female,Asian
2439.jpg,20-29,Female,Black
244.jpg,20-29,Female,White
2440.jpg,10-19,Male,Indian
2441.jpg,20-29,Male,Black
2442.jpg,20-29,Female,White
2443.jpg,30-39,Male,White
2444.jpg,30-39,Female,White
2445.jpg,50-59,Male,White
2446.jpg,0-2,Male,Indian
2447.jpg,30-39,Male,White
2448.jpg,30-39,Female,White
2449.jpg,0-2,Male,Asian
245.jpg,30-39,Female,Indian
2450.jpg,30-39,Female,Asian
2451.jpg,20-29,Female,Black
2452.jpg,30-39,Male,White
2453.jpg,30-39,Male,Black
2454.jpg,30-39,Male,White
2455.jpg,40-49,Male,White
2456.jpg,20-29,Male,Indian
2457.jpg,20-29,Male,Indian
2458.jpg,20-29,Male,White
2459.jpg,20-29,Male,White
246.jpg,3-9,Female,Asian
2460.jpg,20-29,Male,Indian
2461.jpg,20-29,Female,Asian
2462.jpg,20-29,Female,Asian
2463.jpg,20-29,Female,White
2464.jpg,20-29,Male,Black
2465.jpg,20-29,Female,Black
2466.jpg,20-29,Male,Indian
2467.jpg,20-29,Female,Indian
2468.jpg,20-29,Female,Asian
2469.jpg,20-29,Female,Black
247.jpg,20-29,Female,White
2470.jpg,20-29,Female,White
2471.jpg,20-29,Female,White
2472.jpg,30-39,Female,Asian
2473.jpg,20-29,Female,Asian
2474.jpg,0-2,Female,Asian
2475.jpg,20-29,Male,White
2476.jpg,30-39,Male,White
2477.jpg,30-39,Female,White
2478.jpg,30-39,Female,Black
2479.jpg,20-29,Female,Black
248.jpg,10-19,Female,Asian
2480.jpg,20-29,Male,White
2481.jpg,20-29,Male,Indian
2482.jpg,20-29,Male,Black
2483.jpg,20-29,Male,Indian
2484.jpg,3-9,Female,Asian
2485.jpg,20-29,Female,Black
2486.jpg,30-39,Male,Asian
2487.jpg,20-29,Male,White
2488.jpg,20-29,Male,Asian
2489.jpg,30-39,Male,Asian
249.jpg,20-29,Male,Asian
2490.jpg,20-29,Female,Indian
2491.jpg,20-29,Male,White
2492.jpg,20-29,Female,Indian
2493.jpg,20-29,Female,Asian
2494.jpg,20-29,Female,Black
2495.jpg,30-39,Female,Indian
2496.jpg,30-39,Female,Black
2497.jpg,20-29,Female,Indian
2498.jpg,20-29,Female,Indian
2499.jpg,30-39,Female,Asian
25.jpg,30-39,Female,White
250.jpg,10-19,Female,Asian
2500.jpg,20-29,Female,White
2501.jpg,20-29,Female,Indian
2502.jpg,20-29,Female,White
2503.jpg,30-39,Male,Black
2504.jpg,20-29,Male,White
2505.jpg,3-9,Female,Asian
2506.jpg,3-9,Male,Asian
2507.jpg,30-39,Female,White
2508.jpg,20-29,Female,Indian
2509.jpg,20-29,Male,Indian
251.jpg,20-29,Male,Indian
2510.jpg,20-29,Female,White
2511.jpg,20-29,Male,Indian
2512.jpg,30-39,Male,White
2513.jpg,20-29,Male,Black
2514.jpg,30-39,Male,Indian
2515.jpg,10-19,Male,White
2516.jpg,30-39,Male,Indian
2517.jpg,0-2,Male,Indian
2518.jpg,3-9,Female,White
2519.jpg,20-29,Female,White
252.jpg,20-29,Female,White
2520.jpg,20-29,Male,Indian
2521.jpg,20-29,Male,White
2522.jpg,20-29,Female,White
2523.jpg,30-39,Male,Asian
2524.jpg,20-29,Male,Indian
2525.jpg,50-59,Male,White
2526.jpg,20-29,Male,Indian
2527.jpg,20-29,Female,Indian
2528.jpg,20-29,Female,Asian
2529.jpg,20-29,Female,Indian
253.jpg,30-39,Female,White
2530.jpg,20-29,Female,Asian
2531.jpg,0-2,Female,White
2532.jpg,20-29,Female,Asian
2533.jpg,30-39,Female,White
2534.jpg,20-29,Female,Indian
2535.jpg,20-29,Female,Black
2536.jpg,20-29,Female,Indian
2537.jpg,20-29,Female,Indian
2538.jpg,20-29,Female,Indian
2539.jpg,30-39,Female,White
254.jpg,20-29,Female,Indian
2540.jpg,30-39,Male,Indian
2541.jpg,0-2,Male,Black
2542.jpg,20-29,Female,Indian
2543.jpg,30-39,Female,White
2544.jpg,40-49,Male,Indian
2545.jpg,30-39,Male,White
2546.jpg,20-29,Male,Indian
2547.jpg,20-29,Female,Indian
2548.jpg,20-29,Female,White
2549.jpg,20-29,Female,White
255.jpg,10-19,Female,White
2550.jpg,20-29,Female,White
2551.jpg,20-29,Female,Asian
2552.jpg,30-39,Female,Indian
2553.jpg,30-39,Male,White
2554.jpg,20-29,Female,Asian
2555.jpg,30-39,Male,White
2556.jpg,20-29,Female,Indian
2557.jpg,20-29,Male,Black
2558.jpg,30-39,Male,White
2559.jpg,30-39,Female,White
256.jpg,20-29,Female,Black
2560.jpg,20-29,Female,White
2561.jpg,20-29,Male,Indian
2562.jpg,20-29,Female,Black
2563.jpg,3-9,Male,Asian
2564.jpg,20-29,Female,White
2565.jpg,20-29,Female,Black
2566.jpg,20-29,Female,White
2567.jpg,3-9,Male,Black
2568.jpg,20-29,Male,Black
2569.jpg,20-29,Female,Asian
257.jpg,3-9,Female,White
2570.jpg,0-2,Male,Asian
2571.jpg,20-29,Female,White
2572.jpg,30-39,Female,White
2573.jpg,20-29,Male,Asian
2574.jpg,3-9,Female,Asian
2575.jpg,20-29,Female,White
2576.jpg,20-29,Female,Black
2577.jpg,20-29,Male,Black
2578.jpg,20-29,Female,Black
2579.jpg,30-39,Male,White
258.jpg,20-29,Female,White
2580.jpg,20-29,Female,Asian
2581.jpg,0-2,Female,White
2582.jpg,30-39,Female,Indian
2583.jpg,3-9,Female,Asian
2584.jpg,20-29,Male,Indian
2585.jpg,30-39,Female,Asian
2586.jpg,30-39,Male,White
2587.jpg,3-9,Male,White
2588.jpg,20-29,Female,Black
2589.jpg,20-29,Female,Asian
259.jpg,20-29,Male,Indian
2590.jpg,20-29,Female,Indian
2591.jpg,20-29,Female,Indian
2592.jpg,20-29,Male,Asian
2593.jpg,20-29,Male,Asian
2594.jpg,20-29,Female,White
2595.jpg,20-29,Female,Asian
2596.jpg,30-39,Female,White
2597.jpg,30-39,Female,White
2598.jpg,0-2,Male,Asian
2599.jpg,20-29,Male,Black
26.jpg,20-29,Female,White
260.jpg,none,none,none
2600.jpg,none,none,none
2601.jpg,20-29,Female,Black
2602.jpg,20-29,Female,Black
2603.jpg,20-29,Male,White
2604.jpg,40-49,Male,Indian
2605.jpg,20-29,Male,Indian
2606.jpg,20-29,Female,Indian
2607.jpg,0-2,Female,White
2608.jpg,20-29,Female,White
2609.jpg,20-29,Female,Indian
261.jpg,30-39,Female,Black
2610.jpg,30-39,Male,White
2611.jpg,20-29,Female,Indian
2612.jpg,20-29,Female,White
2613.jpg,20-29,Male,Black
2614.jpg,30-39,Male,Black
2615.jpg,20-29,Female,Black
2616.jpg,20-29,Female,Indian
2617.jpg,30-39,Male,Indian
2618.jpg,20-29,Male,Asian
2619.jpg,20-29,Female,Asian
262.jpg,30-39,Male,Indian
2620.jpg,20-29,Male,Indian
2621.jpg,20-29,Female,Black
2622.jpg,30-39,Female,Black
2623.jpg,30-39,Male,Black
2624.jpg,20-29,Female,Asian
2625.jpg,3-9,Female,Asian
2626.jpg,20-29,Male,Asian
2627.jpg,20-29,Female,Indian
2628.jpg,20-29,Female,White
2629.jpg,30-39,Female,White
263.jpg,20-29,Male,Indian
2630.jpg,30-39,Female,Asian
2631.jpg,20-29,Male,Black
2632.jpg,30-39,Male,Black
2633.jpg,20-29,Male,Asian
2634.jpg,20-29,Female,White
2635.jpg,30-39,Male,Asian
2636.jpg,3-9,Male,Asian
2637.jpg,20-29,Female,Asian
2638.jpg,20-29,Female,White
2639.jpg,3-9,Male,Asian
264.jpg,30-39,Female,Asian
2640.jpg,30-39,Male,Indian
2641.jpg,20-29,Female,Asian
2642.jpg,20-29,Female,Asian
2643.jpg,none,none,none
2644.jpg,20-29,Male,Asian
2645.jpg,20-29,Female,White
2646.jpg,40-49,Female,Black
2647.jpg,30-39,Male,Indian
2648.jpg,0-2,Male,Asian
2649.jpg,30-39,Female,White
265.jpg,30-39,Male,Indian
2650.jpg,20-29,Female,Indian
2651.jpg,0-2,Male,White
2652.jpg,20-29,Male,Indian
2653.jpg,20-29,Female,Indian
2654.jpg,30-39,Female,White
2655.jpg,20-29,Female,Asian
2656.jpg,30-39,Female,Asian
2657.jpg,30-39,Male,Black
2658.jpg,3-9,Female,Asian
2659.jpg,30-39,Female,Asian
266.jpg,20-29,Female,Black
2660.jpg,20-29,Female,White
2661.jpg,3-9,Male,Black
2662.jpg,20-29,Female,White
2663.jpg,30-39,Female,Asian
2664.jpg,30-39,Female,White
2665.jpg,30-39,Male,Black
2666.jpg,20-29,Female,Indian
2667.jpg,0-2,Male,White
2668.jpg,20-29,Male,White
2669.jpg,60-69,Male,White
267.jpg,3-9,Female,White
2670.jpg,20-29,Female,Black
2671.jpg,20-29,Male,White
2672.jpg,20-29,Female,Asian
2673.jpg,20-29,Female,White
2674.jpg,20-29,Female,Black
2675.jpg,3-9,Female,Asian
2676.jpg,30-39,Male,White
2677.jpg,20-29,Female,White
2678.jpg,0-2,Female,Asian
2679.jpg,30-39,Female,Asian
268.jpg,30-39,Male,Indian
2680.jpg,3-9,Female,Asian
2681.jpg,20-29,Female,Black
2682.jpg,0-2,Male,Indian
2683.jpg,40-49,Male,Indian
2684.jpg,30-39,Female,Black
2685.jpg,20-29,Female,Asian
2686.jpg,20-29,Female,Indian
2687.jpg,0-2,Male,White
2688.jpg,20-29,Female,Black
2689.jpg,20-29,Male,Asian
269.jpg,20-29,Male,Indian
2690.jpg,10-19,Male,Asian
2691.jpg,20-29,Female,Asian
2692.jpg,20-29,Female,Black
2693.jpg,20-29,Male,Indian
2694.jpg,30-39,Female,Indian
2695.jpg,20-29,Male,Black
2696.jpg,20-29,Male,Black
2697.jpg,3-9,Female,Asian
2698.jpg,20-29,Female,White
2699.jpg,30-39,Male,Black
27.jpg,20-29,Female,Black
270.jpg,30-39,Female,Indian
2700.jpg,20-29,Female,White
2701.jpg,20-29,Female,White
2702.jpg,20-29,Female,Asian
2703.jpg,20-29,Female,Asian
2704.jpg,20-29,Female,White
2705.jpg,20-29,Male,Indian
2706.jpg,50-59,Male,White
2707.jpg,50-59,Male,White
2708.jpg,20-29,Male,White
2709.jpg,3-9,Female,Asian
271.jpg,20-29,Female,White
2710.jpg,20-29,Female,Indian
2711.jpg,30-39,Female,White
2712.jpg,30-39,Female,Black
2713.jpg,3-9,Female,Asian
2714.jpg,20-29,Male,Black
2715.jpg,10-19,Female,White
2716.jpg,10-19,Female,Black
2717.jpg,3-9,Male,Asian
2718.jpg,20-29,Female,White
2719.jpg,30-39,Male,White
272.jpg,20-29,Male,White
2720.jpg,30-39,Female,White
2721.jpg,20-29,Male,Asian
2722.jpg,30-39,Female,Black
2723.jpg,30-39,Female,Black
2724.jpg,20-29,Female,Asian
2725.jpg,20-29,Female,Asian
2726.jpg,30-39,Female,Asian
2727.jpg,20-29,Male,White
2728.jpg,30-39,Male,Black
2729.jpg,50-59,Male,White
273.jpg,20-29,Female,Indian
2730.jpg,0-2,Male,White
2731.jpg,0-2,Male,White
2732.jpg,30-39,Female,White
2733.jpg,3-9,Female,White
2734.jpg,0-2,Female,White
2735.jpg,40-49,Male,Indian
2736.jpg,20-29,Male,Indian
2737.jpg,30-39,Male,White
2738.jpg,20-29,Female,Black
2739.jpg,20-29,Male,White
274.jpg,20-29,Female,White
2740.jpg,0-2,Male,White
2741.jpg,20-29,Female,Asian
2742.jpg,20-29,Female,White
2743.jpg,20-29,Female,White
2744.jpg,0-2,Female,Asian
2745.jpg,30-39,Female,Asian
2746.jpg,30-39,Male,Asian
2747.jpg,20-29,Female,Asian
2748.jpg,3-9,Female,Asian
2749.jpg,30-39,Male,Black
275.jpg,20-29,Female,White
2750.jpg,20-29,Male,Black
2751.jpg,20-29,Male,White
2752.jpg,3-9,Female,Asian
2753.jpg,20-29,Female,Asian
2754.jpg,20-29,Female,White
2755.jpg,3-9,Male,Asian
2756.jpg,20-29,Female,Asian
2757.jpg,20-29,Female,Black
2758.jpg,3-9,Female,White
2759.jpg,40-49,Male,White
276.jpg,40-49,Male,Indian
2760.jpg,20-29,Female,Black
2761.jpg,30-39,Female,White
2762.jpg,20-29,Male,Black
2763.jpg,30-39,Female,Black
2764.jpg,30-39,Male,White
2765.jpg,20-29,Female,White
2766.jpg,30-39,Male,Asian
2767.jpg,20-29,Female,Indian
2768.jpg,0-2,Female,Asian
2769.jpg,3-9,Female,Asian
277.jpg,20-29,Male,Black
2770.jpg,20-29,Female,White
2771.jpg,20-29,Male,Indian
2772.jpg,30-39,Female,Asian
2773.jpg,30-39,Female,Black
2774.jpg,30-39,Female,White
2775.jpg,60-69,Male,White
2776.jpg,20-29,Male,White
2777.jpg,10-19,Female,Asian
2778.jpg,20-29,Female,White
2779.jpg,0-2,Male,Asian
278.jpg,none,none,none
2780.jpg,30-39,Male,Black
2781.jpg,30-39,Female,White
2782.jpg,3-9,Female,White
2783.jpg,20-29,Female,Asian
2784.jpg,20-29,Male,Asian
2785.jpg,20-29,Female,Indian
2786.jpg,3-9,Male,Asian
2787.jpg,30-39,Female,White
2788.jpg,20-29,Male,Black
2789.jpg,30-39,Female,White
279.jpg,30-39,Male,Black
2790.jpg,20-29,Male,White
2791.jpg,20-29,Male,White
2792.jpg,20-29,Female,Black
2793.jpg,30-39,Female,Black
2794.jpg,30-39,Female,Black
2795.jpg,30-39,Male,Asian
2796.jpg,20-29,Female,Indian
2797.jpg,0-2,Female,White
2798.jpg,0-2,Female,White
2799.jpg,30-39,Male,White
28.jpg,10-19,Female,White
280.jpg,10-19,Male,White
2800.jpg,50-59,Male,Black
2801.jpg,40-49,Male,White
2802.jpg,20-29,Male,Black
2803.jpg,3-9,Female,White
2804.jpg,20-29,Male,White
2805.jpg,50-59,Male,Black
2806.jpg,20-29,Female,White
2807.jpg,30-39,Male,Black
2808.jpg,20-29,Female,Black
2809.jpg,0-2,Female,Black
281.jpg,30-39,Male,White
2810.jpg,20-29,Female,Black
2811.jpg,30-39,Male,Black
2812.jpg,30-39,Male,Black
2813.jpg,none,none,none
2814.jpg,50-59,Male,White
2815.jpg,20-29,Male,Indian
2816.jpg,30-39,Male,Black
2817.jpg,3-9,Female,White
2818.jpg,30-39,Male,Indian
2819.jpg,20-29,Male,Black
282.jpg,30-39,Male,White
2820.jpg,0-2,Male,Indian
2821.jpg,30-39,Male,White
2822.jpg,20-29,Male,Black
2823.jpg,20-29,Female,White
2824.jpg,20-29,Female,Black
2825.jpg,30-39,Male,Black
2826.jpg,30-39,Male,Black
2827.jpg,30-39,Male,Black
2828.jpg,50-59,Male,White
2829.jpg,30-39,Male,Black
283.jpg,30-39,Male,Black
2830.jpg,20-29,Female,Asian
2831.jpg,20-29,Female,Black
2832.jpg,30-39,Male,Black
2833.jpg,20-29,Female,White
2834.jpg,30-39,Male,Black
2835.jpg,20-29,Female,White
2836.jpg,0-2,Female,White
2837.jpg,10-19,Male,White
2838.jpg,20-29,Male,Black
2839.jpg,40-49,Male,White
284.jpg,30-39,Male,Black
2840.jpg,40-49,Male,Asian
2841.jpg,30-39,Female,Asian
2842.jpg,20-29,Female,Black
2843.jpg,30-39,Female,Black
2844.jpg,30-39,Female,White
2845.jpg,20-29,Male,Black
2846.jpg,30-39,Male,White
2847.jpg,20-29,Male,Black
2848.jpg,30-39,Male,White
2849.jpg,20-29,Male,Black
285.jpg,50-59,Male,White
2850.jpg,3-9,Male,White
2851.jpg,30-39,Male,White
2852.jpg,20-29,Male,Asian
2853.jpg,30-39,Female,White
2854.jpg,20-29,Male,White
2855.jpg,0-2,Male,White
2856.jpg,20-29,Male,Indian
2857.jpg,3-9,Male,Asian
2858.jpg,20-29,Male,Black
2859.jpg,20-29,Male,White
286.jpg,20-29,Male,White
2860.jpg,30-39,Female,White
2861.jpg,20-29,Male,Black
2862.jpg,more than 70,Male,Black
2863.jpg,more than 70,Male,Black
2864.jpg,20-29,Male,Asian
2865.jpg,20-29,Male,Black
2866.jpg,3-9,Female,Asian
2867.jpg,0-2,Female,Asian
2868.jpg,30-39,Male,Black
2869.jpg,30-39,Male,Black
287.jpg,20-29,Male,Black
2870.jpg,20-29,Male,Asian
2871.jpg,20-29,Male,White
2872.jpg,20-29,Male,Black
2873.jpg,20-29,Male,Black
2874.jpg,20-29,Male,Black
2875.jpg,40-49,Male,Black
2876.jpg,30-39,Female,Black
2877.jpg,20-29,Female,Black
2878.jpg,20-29,Male,Black
2879.jpg,30-39,Male,Asian
288.jpg,20-29,Male,Black
2880.jpg,20-29,Male,Black
2881.jpg,3-9,Female,Asian
2882.jpg,none,none,none
2883.jpg,20-29,Male,White
2884.jpg,0-2,Male,White
2885.jpg,30-39,Male,Black
2886.jpg,30-39,Male,Black
2887.jpg,30-39,Male,Black
2888.jpg,30-39,Male,Black
2889.jpg,20-29,Female,Indian
289.jpg,30-39,Male,Asian
2890.jpg,20-29,Female,Black
2891.jpg,50-59,Male,White
2892.jpg,3-9,Male,Indian
2893.jpg,50-59,Male,White
2894.jpg,20-29,Female,Black
2895.jpg,30-39,Female,Black
2896.jpg,20-29,Female,Asian
2897.jpg,30-39,Female,Asian
2898.jpg,20-29,Female,White
2899.jpg,30-39,Female,Black
29.jpg,20-29,Female,Black
290.jpg,more than 70,Male,Black
2900.jpg,50-59,Male,White
2901.jpg,20-29,Female,White
2902.jpg,20-29,Female,White
2903.jpg,20-29,Female,White
2904.jpg,30-39,Female,White
2905.jpg,20-29,Female,White
2906.jpg,20-29,Female,White
2907.jpg,20-29,Female,Asian
2908.jpg,0-2,Female,Asian
2909.jpg,20-29,Male,White
291.jpg,50-59,Female,White
2910.jpg,20-29,Male,Black
2911.jpg,20-29,Male,Black
2912.jpg,20-29,Male,Black
2913.jpg,20-29,Male,Indian
2914.jpg,10-19,Female,White
2915.jpg,40-49,Male,Indian
2916.jpg,20-29,Male,Indian
2917.jpg,30-39,Male,Indian
2918.jpg,0-2,Female,White
2919.jpg,50-59,Male,White
292.jpg,60-69,Male,White
2920.jpg,10-19,Female,White
2921.jpg,0-2,Female,White
2922.jpg,20-29,Female,White
2923.jpg,20-29,Female,Asian
2924.jpg,20-29,Female,Asian
2925.jpg,40-49,Male,Indian
2926.jpg,30-39,Male,Indian
2927.jpg,20-29,Female,White
2928.jpg,3-9,Female,Asian
2929.jpg,0-2,Female,White
293.jpg,30-39,Female,White
2930.jpg,20-29,Female,Asian
2931.jpg,30-39,Male,Black
2932.jpg,30-39,Female,White
2933.jpg,30-39,Male,Black
2934.jpg,50-59,Male,White
2935.jpg,30-39,Male,Asian
2936.jpg,20-29,Male,Black
2937.jpg,3-9,Female,White
2938.jpg,20-29,Female,Asian
2939.jpg,20-29,Female,White
294.jpg,20-29,Male,Black
2940.jpg,0-2,Female,Asian
2941.jpg,30-39,Female,Black
2942.jpg,0-2,Female,Asian
2943.jpg,20-29,Female,Indian
2944.jpg,20-29,Female,Black
2945.jpg,30-39,Male,Black
2946.jpg,0-2,Male,White
2947.jpg,20-29,Female,White
2948.jpg,30-39,Male,White
2949.jpg,20-29,Male,White
295.jpg,40-49,Male,White
2950.jpg,20-29,Male,Indian
2951.jpg,30-39,Male,White
2952.jpg,20-29,Female,Asian
2953.jpg,30-39,Female,Asian
2954.jpg,20-29,Female,Asian
2955.jpg,30-39,Female,White
2956.jpg,20-29,Male,White
2957.jpg,20-29,Female,Asian
2958.jpg,3-9,Male,Asian
2959.jpg,0-2,Female,White
296.jpg,20-29,Male,Indian
2960.jpg,3-9,Female,White
2961.jpg,0-2,Male,Black
2962.jpg,0-2,Male,Asian
2963.jpg,50-59,Male,Black
2964.jpg,20-29,Male,Indian
2965.jpg,0-2,Female,Asian
2966.jpg,20-29,Female,Black
2967.jpg,20-29,Male,Black
2968.jpg,0-2,Female,Asian
2969.jpg,0-2,Female,White
297.jpg,30-39,Female,White
2970.jpg,40-49,Male,White
2971.jpg,20-29,Female,Asian
2972.jpg,20-29,Female,White
2973.jpg,3-9,Female,Black
2974.jpg,30-39,Female,Asian
2975.jpg,0-2,Male,White
2976.jpg,30-39,Female,Asian
2977.jpg,20-29,Female,Asian
2978.jpg,20-29,Female,Asian
2979.jpg,30-39,Female,White
298.jpg,20-29,Male,White
2980.jpg,20-29,Male,Indian
2981.jpg,20-29,Female,Asian
2982.jpg,0-2,Female,Asian
2983.jpg,20-29,Female,White
2984.jpg,20-29,Female,Asian
2985.jpg,3-9,Female,Asian
2986.jpg,40-49,Male,Asian
2987.jpg,20-29,Female,Asian
2988.jpg,3-9,Female,Asian
2989.jpg,3-9,Female,Asian
299.jpg,30-39,Female,Asian
2990.jpg,20-29,Male,Asian
2991.jpg,20-29,Male,Black
2992.jpg,30-39,Male,Indian
2993.jpg,20-29,Female,Black
2994.jpg,20-29,Female,Black
2995.jpg,30-39,Male,Black
2996.jpg,0-2,Female,Black
2997.jpg,30-39,Male,Black
2998.jpg,20-29,Female,White
2999.jpg,20-29,Female,Indian
3.jpg,20-29,Male,Indian
30.jpg,20-29,Male,Black
300.jpg,3-9,Female,White
3000.jpg,more than 70,Male,White
301.jpg,20-29,Female,Asian
302.jpg,20-29,Male,Black
303.jpg,50-59,Male,White
304.jpg,20-29,Male,Asian
305.jpg,20-29,Female,Asian
306.jpg,20-29,Female,Asian
307.jpg,30-39,Male,White
308.jpg,30-39,Male,White
309.jpg,20-29,Male,Indian
31.jpg,20-29,Male,Black
310.jpg,30-39,Male,Black
311.jpg,20-29,Female,Indian
312.jpg,20-29,Female,White
313.jpg,20-29,Female,White
314.jpg,20-29,Male,Indian
315.jpg,20-29,Female,Black
316.jpg,20-29,Male,Black
317.jpg,more than 70,Male,Black
318.jpg,0-2,Male,Asian
319.jpg,20-29,Male,Black
32.jpg,none,none,none
320.jpg,30-39,Male,Black
321.jpg,30-39,Male,Black
322.jpg,30-39,Male,Black
323.jpg,20-29,Male,Black
324.jpg,50-59,Male,White
325.jpg,30-39,Female,Asian
326.jpg,20-29,Male,Indian
327.jpg,20-29,Female,Asian
328.jpg,60-69,Male,White
329.jpg,none,none,none
33.jpg,20-29,Female,White
330.jpg,20-29,Female,White
331.jpg,20-29,Male,White
332.jpg,20-29,Male,Black
333.jpg,20-29,Female,White
334.jpg,50-59,Male,White
335.jpg,30-39,Male,White
336.jpg,30-39,Female,Black
337.jpg,20-29,Female,Indian
338.jpg,20-29,Male,Black
339.jpg,20-29,Male,Black
34.jpg,20-29,Female,White
340.jpg,20-29,Male,White
341.jpg,20-29,Female,White
342.jpg,30-39,Male,Black
343.jpg,20-29,Male,Black
344.jpg,20-29,Male,Black
345.jpg,3-9,Female,Asian
346.jpg,30-39,Male,White
347.jpg,20-29,Male,Black
348.jpg,20-29,Male,White
349.jpg,30-39,Male,White
35.jpg,20-29,Female,Indian
350.jpg,0-2,Male,Black
351.jpg,none,none,none
352.jpg,30-39,Male,White
353.jpg,10-19,Male,White
354.jpg,20-29,Male,White
355.jpg,0-2,Male,Indian
356.jpg,20-29,Male,Black
357.jpg,20-29,Male,Black
358.jpg,20-29,Female,Black
359.jpg,30-39,Male,White
36.jpg,20-29,Female,Black
360.jpg,20-29,Female,Black
361.jpg,20-29,Female,Indian
362.jpg,20-29,Male,White
363.jpg,40-49,Male,White
364.jpg,20-29,Male,Black
365.jpg,20-29,Female,White
366.jpg,20-29,Male,Black
367.jpg,20-29,Male,Asian
368.jpg,20-29,Male,White
369.jpg,40-49,Male,Black
37.jpg,20-29,Female,Indian
370.jpg,30-39,Female,Black
371.jpg,20-29,Male,Black
372.jpg,0-2,Female,White
373.jpg,none,none,none
374.jpg,20-29,Female,Black
375.jpg,20-29,Male,Black
376.jpg,30-39,Female,Asian
377.jpg,30-39,Male,White
378.jpg,40-49,Male,Black
379.jpg,30-39,Male,Asian
38.jpg,20-29,Male,Asian
380.jpg,20-29,Male,Black
381.jpg,20-29,Female,Indian
382.jpg,20-29,Female,White
383.jpg,3-9,Female,White
384.jpg,30-39,Male,White
385.jpg,20-29,Female,Black
386.jpg,20-29,Female,Black
387.jpg,more than 70,Female,Black
388.jpg,20-29,Male,Black
389.jpg,none,none,none
39.jpg,30-39,Male,White
390.jpg,0-2,Female,White
391.jpg,30-39,Female,White
392.jpg,30-39,Female,White
393.jpg,20-29,Female,Black
394.jpg,20-29,Female,White
395.jpg,30-39,Female,Indian
396.jpg,20-29,Female,White
397.jpg,10-19,Male,White
398.jpg,0-2,Female,White
399.jpg,20-29,Male,White
4.jpg,20-29,Male,Asian
40.jpg,0-2,Male,White
400.jpg,30-39,Male,Asian
401.jpg,20-29,Female,Black
402.jpg,20-29,Male,Black
403.jpg,3-9,Male,White
404.jpg,30-39,Male,White
405.jpg,30-39,Female,White
406.jpg,30-39,Female,White
407.jpg,20-29,Female,Black
408.jpg,10-19,Female,White
409.jpg,20-29,Female,Asian
41.jpg,20-29,Male,Asian
410.jpg,0-2,Male,Black
411.jpg,20-29,Female,White
412.jpg,20-29,Female,White
413.jpg,0-2,Female,White
414.jpg,20-29,Female,White
415.jpg,30-39,Female,Asian
416.jpg,0-2,Male,Asian
417.jpg,30-39,Male,Black
418.jpg,40-49,Male,Indian
419.jpg,20-29,Female,White
42.jpg,20-29,Male,Indian
420.jpg,20-29,Male,White
421.jpg,20-29,Male,White
422.jpg,30-39,Male,White
423.jpg,20-29,Male,Black
424.jpg,20-29,Female,Asian
425.jpg,20-29,Male,White
426.jpg,30-39,Male,Indian
427.jpg,20-29,Female,Indian
428.jpg,20-29,Female,White
429.jpg,20-29,Male,Indian
43.jpg,0-2,Female,Asian
430.jpg,40-49,Male,White
431.jpg,30-39,Female,White
432.jpg,20-29,Male,White
433.jpg,20-29,Male,Black
434.jpg,more than 70,Male,White
435.jpg,20-29,Female,White
436.jpg,30-39,Female,White
437.jpg,20-29,Male,Asian
438.jpg,20-29,Female,Black
439.jpg,20-29,Female,Indian
44.jpg,20-29,Female,Indian
440.jpg,more than 70,Male,White
441.jpg,20-29,Female,Indian
442.jpg,20-29,Female,White
443.jpg,20-29,Male,Black
444.jpg,20-29,Male,Black
445.jpg,3-9,Female,White
446.jpg,20-29,Female,Asian
447.jpg,20-29,Female,Asian
448.jpg,20-29,Male,White
449.jpg,30-39,Male,Black
45.jpg,3-9,Female,Asian
450.jpg,20-29,Male,Black
451.jpg,0-2,Female,Asian
452.jpg,20-29,Female,Black
453.jpg,0-2,Male,Asian
454.jpg,20-29,Female,Indian
455.jpg,20-29,Female,Asian
456.jpg,20-29,Female,Asian
457.jpg,20-29,Female,Asian
458.jpg,20-29,Female,White
459.jpg,20-29,Male,Indian
46.jpg,3-9,Female,White
460.jpg,30-39,Female,Black
461.jpg,20-29,Female,White
462.jpg,20-29,Male,Black
463.jpg,30-39,Male,Asian
464.jpg,0-2,Male,Indian
465.jpg,3-9,Male,Indian
466.jpg,3-9,Female,Asian
467.jpg,50-59,Male,Indian
468.jpg,0-2,Male,Asian
469.jpg,30-39,Male,Indian
47.jpg,30-39,Male,Black
470.jpg,20-29,Female,Indian
471.jpg,20-29,Female,Asian
472.jpg,30-39,Female,White
473.jpg,3-9,Male,White
474.jpg,20-29,Female,Asian
475.jpg,20-29,Male,Asian
476.jpg,3-9,Female,Asian
477.jpg,20-29,Female,Indian
478.jpg,30-39,Male,Indian
479.jpg,30-39,Male,Black
48.jpg,50-59,Male,Indian
480.jpg,20-29,Male,Black
481.jpg,30-39,Female,Indian
482.jpg,30-39,Female,Black
483.jpg,3-9,Female,White
484.jpg,30-39,Female,Black
485.jpg,20-29,Female,Black
486.jpg,50-59,Male,Black
487.jpg,30-39,Male,White
488.jpg,20-29,Male,White
489.jpg,30-39,Male,Asian
49.jpg,20-29,Female,Black
490.jpg,10-19,Female,White
491.jpg,none,none,none
492.jpg,20-29,Male,Black
493.jpg,30-39,Female,White
494.jpg,20-29,Male,Black
495.jpg,20-29,Female,Asian
496.jpg,20-29,Male,White
497.jpg,30-39,Male,Black
498.jpg,30-39,Female,White
499.jpg,20-29,Male,Black
5.jpg,0-2,Male,Asian
50.jpg,20-29,Female,Indian
500.jpg,20-29,Male,White
501.jpg,0-2,Male,White
502.jpg,20-29,Female,White
503.jpg,0-2,Male,White
504.jpg,30-39,Female,White
505.jpg,20-29,Male,Indian
506.jpg,20-29,Female,Asian
507.jpg,30-39,Female,White
508.jpg,20-29,Male,White
509.jpg,20-29,Male,White
51.jpg,20-29,Female,Indian
510.jpg,20-29,Male,White
511.jpg,40-49,Male,White
512.jpg,20-29,Male,White
513.jpg,20-29,Female,Black
514.jpg,20-29,Male,Black
515.jpg,40-49,Male,White
516.jpg,20-29,Male,Indian
517.jpg,20-29,Male,Black
518.jpg,20-29,Male,Black
519.jpg,10-19,Female,White
52.jpg,30-39,Female,Asian
520.jpg,30-39,Female,Black
521.jpg,30-39,Male,Black
522.jpg,30-39,Female,Black
523.jpg,20-29,Female,Black
524.jpg,20-29,Female,Black
525.jpg,20-29,Male,Black
526.jpg,30-39,Male,Black
527.jpg,20-29,Female,Asian
528.jpg,20-29,Female,White
529.jpg,30-39,Male,Indian
53.jpg,none,none,none
530.jpg,20-29,Female,Asian
531.jpg,30-39,Female,White
532.jpg,30-39,Female,White
533.jpg,20-29,Male,Black
534.jpg,20-29,Female,Asian
535.jpg,3-9,Female,White
536.jpg,20-29,Male,White
537.jpg,20-29,Male,Indian
538.jpg,30-39,Male,Indian
539.jpg,20-29,Female,Black
54.jpg,20-29,Male,Black
540.jpg,20-29,Male,White
541.jpg,0-2,Male,Black
542.jpg,20-29,Female,Black
543.jpg,30-39,Male,White
544.jpg,30-39,Male,White
545.jpg,20-29,Female,Indian
546.jpg,30-39,Female,Black
547.jpg,30-39,Female,Black
548.jpg,10-19,Female,Asian
549.jpg,0-2,Female,White
55.jpg,10-19,Male,White
550.jpg,3-9,Male,White
551.jpg,20-29,Male,White
552.jpg,20-29,Male,White
553.jpg,30-39,Male,Black
554.jpg,0-2,Female,Black
555.jpg,0-2,Female,White
556.jpg,30-39,Female,White
557.jpg,20-29,Female,White
558.jpg,20-29,Male,Asian
559.jpg,30-39,Male,Black
56.jpg,40-49,Male,Asian
560.jpg,20-29,Female,Black
561.jpg,30-39,Male,White
562.jpg,20-29,Female,White
563.jpg,30-39,Female,Asian
564.jpg,20-29,Male,Black
565.jpg,20-29,Male,Black
566.jpg,more than 70,Male,White
567.jpg,0-2,Female,Indian
568.jpg,20-29,Male,Black
569.jpg,20-29,Female,White
57.jpg,20-29,Female,White
570.jpg,30-39,Male,White
571.jpg,30-39,Male,White
572.jpg,20-29,Male,White
573.jpg,40-49,Male,White
574.jpg,0-2,Male,Asian
575.jpg,30-39,Male,Asian
576.jpg,30-39,Male,White
577.jpg,none,none,none
578.jpg,3-9,Male,Asian
579.jpg,20-29,Female,Asian
58.jpg,30-39,Male,White
580.jpg,30-39,Female,White
581.jpg,3-9,Female,Black
582.jpg,30-39,Female,White
583.jpg,20-29,Female,White
584.jpg,30-39,Male,Black
585.jpg,20-29,Female,White
586.jpg,20-29,Female,Indian
587.jpg,30-39,Male,Black
588.jpg,30-39,Female,Indian
589.jpg,20-29,Female,Indian
59.jpg,20-29,Male,Black
590.jpg,20-29,Male,Black
591.jpg,0-2,Male,Asian
592.jpg,20-29,Female,Indian
593.jpg,20-29,Female,Black
594.jpg,0-2,Male,Asian
595.jpg,20-29,Male,White
596.jpg,20-29,Female,Asian
597.jpg,30-39,Female,Indian
598.jpg,20-29,Female,Asian
599.jpg,20-29,Female,Indian
6.jpg,0-2,Male,White
60.jpg,20-29,Female,White
600.jpg,30-39,Male,Asian
601.jpg,30-39,Male,White
602.jpg,30-39,Male,Black
603.jpg,20-29,Male,White
604.jpg,40-49,Male,Indian
605.jpg,10-19,Female,Asian
606.jpg,30-39,Male,Black
607.jpg,30-39,Male,Black
608.jpg,20-29,Female,Asian
609.jpg,20-29,Female,White
61.jpg,30-39,Female,Black
610.jpg,30-39,Male,Black
611.jpg,20-29,Female,White
612.jpg,50-59,Male,Black
613.jpg,30-39,Male,Black
614.jpg,30-39,Male,Black
615.jpg,30-39,Male,Black
616.jpg,30-39,Male,Black
617.jpg,20-29,Female,Black
618.jpg,30-39,Male,Black
619.jpg,30-39,Male,Black
62.jpg,30-39,Female,Black
620.jpg,20-29,Female,Black
621.jpg,20-29,Male,White
622.jpg,30-39,Male,Indian
623.jpg,30-39,Male,Black
624.jpg,20-29,Male,Indian
625.jpg,50-59,Male,Indian
626.jpg,20-29,Female,White
627.jpg,30-39,Male,Black
628.jpg,40-49,Male,White
629.jpg,0-2,Male,White
63.jpg,20-29,Male,White
630.jpg,30-39,Female,Indian
631.jpg,0-2,Male,Asian
632.jpg,20-29,Female,White
633.jpg,20-29,Female,White
634.jpg,20-29,Male,Black
635.jpg,20-29,Male,Black
636.jpg,30-39,Female,Asian
637.jpg,3-9,Male,Asian
638.jpg,20-29,Male,Indian
639.jpg,0-2,Male,Asian
64.jpg,20-29,Female,White
640.jpg,20-29,Male,White
641.jpg,20-29,Male,Indian
642.jpg,30-39,Female,White
643.jpg,30-39,Female,White
644.jpg,20-29,Female,White
645.jpg,20-29,Female,Indian
646.jpg,20-29,Female,Asian
647.jpg,20-29,Female,Indian
648.jpg,20-29,Female,Black
649.jpg,20-29,Female,White
65.jpg,20-29,Male,Black
650.jpg,30-39,Female,Indian
651.jpg,60-69,Male,White
652.jpg,3-9,Female,White
653.jpg,3-9,Male,White
654.jpg,20-29,Female,Black
655.jpg,30-39,Male,White
656.jpg,30-39,Male,Asian
657.jpg,20-29,Male,Indian
658.jpg,0-2,Female,White
659.jpg,40-49,Male,Black
66.jpg,10-19,Male,White
660.jpg,30-39,Male,Black
661.jpg,30-39,Male,Black
662.jpg,20-29,Male,Black
663.jpg,30-39,Male,White
664.jpg,30-39,Male,White
665.jpg,3-9,Female,White
666.jpg,20-29,Male,Asian
667.jpg,20-29,Female,Asian
668.jpg,20-29,Female,Black
669.jpg,20-29,Male,Black
67.jpg,20-29,Male,Black
670.jpg,30-39,Male,White
671.jpg,0-2,Male,Asian
672.jpg,50-59,Male,Black
673.jpg,30-39,Female,Asian
674.jpg,20-29,Female,Asian
675.jpg,0-2,Female,Indian
676.jpg,30-39,Female,White
677.jpg,more than 70,Male,Black
678.jpg,0-2,Female,White
679.jpg,20-29,Female,Asian
68.jpg,30-39,Female,Indian
680.jpg,20-29,Female,Asian
681.jpg,0-2,Male,Black
682.jpg,20-29,Male,Black
683.jpg,30-39,Male,Black
684.jpg,more than 70,Male,White
685.jpg,40-49,Male,Black
686.jpg,none,none,none
687.jpg,30-39,Male,Black
688.jpg,20-29,Female,White
689.jpg,30-39,Male,White
69.jpg,30-39,Female,White
690.jpg,30-39,Male,Black
691.jpg,20-29,Male,Black
692.jpg,30-39,Female,Black
693.jpg,30-39,Male,Black
694.jpg,20-29,Female,Black
695.jpg,30-39,Male,Indian
696.jpg,20-29,Male,Asian
697.jpg,30-39,Male,Indian
698.jpg,20-29,Female,White
699.jpg,0-2,Male,Asian
7.jpg,20-29,Male,Indian
70.jpg,30-39,Male,White
700.jpg,30-39,Male,White
701.jpg,20-29,Male,White
702.jpg,3-9,Female,White
703.jpg,20-29,Female,White
704.jpg,20-29,Male,White
705.jpg,20-29,Female,Indian
706.jpg,0-2,Male,Black
707.jpg,30-39,Female,White
708.jpg,0-2,Female,White
709.jpg,20-29,Male,Black
71.jpg,20-29,Male,White
710.jpg,30-39,Female,White
711.jpg,20-29,Male,White
712.jpg,3-9,Female,White
713.jpg,10-19,Female,White
714.jpg,20-29,Female,White
715.jpg,0-2,Male,Black
716.jpg,20-29,Female,White
717.jpg,30-39,Male,Indian
718.jpg,30-39,Male,Black
719.jpg,30-39,Male,Black
72.jpg,20-29,Male,Indian
720.jpg,20-29,Female,Indian
721.jpg,30-39,Male,White
722.jpg,20-29,Female,Indian
723.jpg,20-29,Female,White
724.jpg,20-29,Male,Asian
725.jpg,20-29,Female,Black
726.jpg,30-39,Male,White
727.jpg,30-39,Female,White
728.jpg,30-39,Male,Black
729.jpg,20-29,Female,White
73.jpg,20-29,Male,White
730.jpg,30-39,Female,Asian
731.jpg,30-39,Female,White
732.jpg,30-39,Female,Indian
733.jpg,20-29,Male,Indian
734.jpg,30-39,Male,Indian
735.jpg,20-29,Male,White
736.jpg,30-39,Male,Indian
737.jpg,20-29,Female,Black
738.jpg,3-9,Female,Asian
739.jpg,20-29,Female,White
74.jpg,30-39,Male,Black
740.jpg,30-39,Female,White
741.jpg,20-29,Female,Black
742.jpg,20-29,Female,Asian
743.jpg,20-29,Female,Asian
744.jpg,10-19,Female,Asian
745.jpg,20-29,Female,Asian
746.jpg,40-49,Male,Asian
747.jpg,20-29,Male,White
748.jpg,30-39,Male,White
749.jpg,0-2,Male,Asian
75.jpg,30-39,Male,Black
750.jpg,0-2,Male,White
751.jpg,20-29,Male,Asian
752.jpg,20-29,Female,Black
753.jpg,30-39,Male,White
754.jpg,20-29,Female,White
755.jpg,20-29,Female,White
756.jpg,3-9,Female,Asian
757.jpg,20-29,Female,Asian
758.jpg,30-39,Male,Indian
759.jpg,3-9,Female,White
76.jpg,20-29,Female,White
760.jpg,40-49,Female,Indian
761.jpg,20-29,Female,Black
762.jpg,20-29,Female,Black
763.jpg,20-29,Female,Asian
764.jpg,0-2,Female,Asian
765.jpg,50-59,Male,White
766.jpg,40-49,Male,White
767.jpg,0-2,Male,Black
768.jpg,20-29,Male,White
769.jpg,30-39,Female,Asian
77.jpg,0-2,Male,White
770.jpg,30-39,Male,White
771.jpg,3-9,Female,Asian
772.jpg,3-9,Female,Asian
773.jpg,20-29,Female,Asian
774.jpg,20-29,Female,Asian
775.jpg,3-9,Male,Asian
776.jpg,30-39,Male,White
777.jpg,10-19,Male,White
778.jpg,20-29,Male,Black
779.jpg,20-29,Female,Black
78.jpg,20-29,Female,White
780.jpg,20-29,Female,White
781.jpg,30-39,Female,Black
782.jpg,20-29,Female,White
783.jpg,20-29,Male,White
784.jpg,30-39,Male,White
785.jpg,20-29,Male,Black
786.jpg,20-29,Male,Indian
787.jpg,0-2,Male,White
788.jpg,10-19,Female,White
789.jpg,30-39,Female,Black
79.jpg,30-39,Male,White
790.jpg,30-39,Male,White
791.jpg,20-29,Male,Asian
792.jpg,3-9,Male,Indian
793.jpg,20-29,Female,White
794.jpg,0-2,Male,Asian
795.jpg,30-39,Male,White
796.jpg,20-29,Female,Black
797.jpg,30-39,Male,Black
798.jpg,30-39,Female,Black
799.jpg,3-9,Female,White
8.jpg,20-29,Male,White
80.jpg,3-9,Female,White
800.jpg,20-29,Male,White
801.jpg,40-49,Male,White
802.jpg,30-39,Female,Asian
803.jpg,20-29,Male,Asian
804.jpg,0-2,Male,White
805.jpg,20-29,Male,White
806.jpg,50-59,Male,White
807.jpg,3-9,Male,White
808.jpg,30-39,Female,Asian
809.jpg,30-39,Female,White
81.jpg,20-29,Female,White
810.jpg,20-29,Male,Black
811.jpg,0-2,Male,Asian
812.jpg,30-39,Male,Asian
813.jpg,10-19,Female,White
814.jpg,20-29,Female,White
815.jpg,20-29,Female,White
816.jpg,20-29,Male,Black
817.jpg,30-39,Female,White
818.jpg,50-59,Male,White
819.jpg,30-39,Male,White
82.jpg,0-2,Female,White
820.jpg,20-29,Male,White
821.jpg,20-29,Male,Black
822.jpg,30-39,Male,White
823.jpg,20-29,Male,White
824.jpg,20-29,Male,Indian
825.jpg,20-29,Male,White
826.jpg,20-29,Female,Black
827.jpg,30-39,Male,Black
828.jpg,3-9,Male,White
829.jpg,20-29,Male,Black
83.jpg,0-2,Male,White
830.jpg,0-2,Female,Black
831.jpg,30-39,Female,White
832.jpg,20-29,Female,White
833.jpg,20-29,Female,White
834.jpg,20-29,Female,Asian
835.jpg,20-29,Female,White
836.jpg,3-9,Female,Asian
837.jpg,20-29,Male,Black
838.jpg,20-29,Male,White
839.jpg,30-39,Male,Black
84.jpg,30-39,Female,White
840.jpg,20-29,Male,Black
841.jpg,20-29,Female,Asian
842.jpg,0-2,Female,Asian
843.jpg,20-29,Male,Indian
844.jpg,40-49,Male,White
845.jpg,10-19,Female,Asian
846.jpg,0-2,Female,White
847.jpg,20-29,Male,White
848.jpg,30-39,Male,White
849.jpg,30-39,Female,Black
85.jpg,20-29,Female,Black
850.jpg,3-9,Female,White
851.jpg,3-9,Female,Asian
852.jpg,20-29,Male,Indian
853.jpg,30-39,Female,Asian
854.jpg,20-29,Female,Asian
855.jpg,20-29,Female,White
856.jpg,30-39,Male,Black
857.jpg,20-29,Male,Black
858.jpg,20-29,Male,Black
859.jpg,30-39,Female,White
86.jpg,20-29,Female,White
860.jpg,30-39,Male,White
861.jpg,20-29,Female,White
862.jpg,20-29,Male,Black
863.jpg,20-29,Female,Indian
864.jpg,30-39,Male,Black
865.jpg,0-2,Male,Asian
866.jpg,30-39,Male,White
867.jpg,20-29,Female,Indian
868.jpg,30-39,Female,Black
869.jpg,30-39,Female,Black
87.jpg,30-39,Male,White
870.jpg,20-29,Female,Indian
871.jpg,0-2,Male,Indian
872.jpg,20-29,Female,Asian
873.jpg,30-39,Female,Black
874.jpg,30-39,Female,White
875.jpg,20-29,Male,Black
876.jpg,0-2,Male,Black
877.jpg,30-39,Female,White
878.jpg,more than 70,Male,White
879.jpg,20-29,Male,White
88.jpg,30-39,Female,White
880.jpg,40-49,Male,Black
881.jpg,3-9,Female,White
882.jpg,0-2,Female,Asian
883.jpg,20-29,Female,Black
884.jpg,0-2,Male,Black
885.jpg,20-29,Female,Black
886.jpg,30-39,Female,White
887.jpg,30-39,Male,Black
888.jpg,20-29,Female,Asian
889.jpg,30-39,Female,White
89.jpg,20-29,Male,Black
890.jpg,20-29,Female,White
891.jpg,40-49,Male,White
892.jpg,0-2,Male,Asian
893.jpg,20-29,Female,Indian
894.jpg,30-39,Female,Black
895.jpg,30-39,Female,Asian
896.jpg,20-29,Male,Asian
897.jpg,0-2,Female,Asian
898.jpg,20-29,Female,Asian
899.jpg,20-29,Female,Black
9.jpg,30-39,Male,Indian
90.jpg,20-29,Male,Indian
900.jpg,30-39,Male,White
901.jpg,0-2,Male,Asian
902.jpg,30-39,Male,White
903.jpg,20-29,Female,White
904.jpg,30-39,Female,White
905.jpg,20-29,Female,White
906.jpg,20-29,Female,Indian
907.jpg,20-29,Female,Asian
908.jpg,20-29,Male,Asian
909.jpg,none,none,none
91.jpg,20-29,Male,White
910.jpg,20-29,Female,White
911.jpg,40-49,Male,Indian
912.jpg,30-39,Male,Black
913.jpg,20-29,Female,Asian
914.jpg,20-29,Male,Asian
915.jpg,30-39,Female,Asian
916.jpg,0-2,Female,Asian
917.jpg,40-49,Male,Black
918.jpg,20-29,Female,Asian
919.jpg,30-39,Female,White
92.jpg,0-2,Male,White
920.jpg,20-29,Female,Asian
921.jpg,20-29,Male,Indian
922.jpg,30-39,Female,Asian
923.jpg,30-39,Male,White
924.jpg,20-29,Female,White
925.jpg,20-29,Female,Asian
926.jpg,none,none,none
927.jpg,0-2,Male,White
928.jpg,0-2,Female,Asian
929.jpg,0-2,Male,White
93.jpg,50-59,Male,Indian
930.jpg,20-29,Female,White
931.jpg,30-39,Female,White
932.jpg,20-29,Male,White
933.jpg,3-9,Female,White
934.jpg,30-39,Male,Black
935.jpg,20-29,Male,White
936.jpg,30-39,Male,Black
937.jpg,30-39,Male,Indian
938.jpg,20-29,Male,Black
939.jpg,20-29,Male,Indian
94.jpg,0-2,Male,White
940.jpg,20-29,Male,Indian
941.jpg,30-39,Female,Asian
942.jpg,30-39,Female,Asian
943.jpg,30-39,Female,White
944.jpg,30-39,Female,Asian
945.jpg,10-19,Male,White
946.jpg,20-29,Female,Asian
947.jpg,3-9,Female,White
948.jpg,20-29,Male,Black
949.jpg,20-29,Female,Asian
95.jpg,30-39,Female,White
950.jpg,30-39,Male,Black
951.jpg,20-29,Female,White
952.jpg,30-39,Male,Asian
953.jpg,0-2,Female,Black
954.jpg,20-29,Male,Black
955.jpg,20-29,Female,Asian
956.jpg,3-9,Female,Asian
957.jpg,none,none,none
958.jpg,40-49,Male,Asian
959.jpg,0-2,Female,White
96.jpg,30-39,Male,Black
960.jpg,20-29,Female,Asian
961.jpg,20-29,Male,Asian
962.jpg,20-29,Male,White
963.jpg,20-29,Female,White
964.jpg,30-39,Female,White
965.jpg,30-39,Female,White
966.jpg,20-29,Male,White
967.jpg,3-9,Female,Asian
968.jpg,20-29,Female,Asian
969.jpg,0-2,Female,White
97.jpg,20-29,Male,Black
970.jpg,20-29,Female,White
971.jpg,30-39,Male,White
972.jpg,20-29,Male,Black
973.jpg,30-39,Male,Black
974.jpg,30-39,Male,Black
975.jpg,20-29,Female,Black
976.jpg,0-2,Male,Asian
977.jpg,20-29,Male,Black
978.jpg,20-29,Female,Black
979.jpg,30-39,Male,Asian
98.jpg,30-39,Female,White
980.jpg,30-39,Male,Indian
981.jpg,30-39,Female,White
982.jpg,20-29,Female,Asian
983.jpg,30-39,Male,Black
984.jpg,20-29,Female,Asian
985.jpg,none,none,none
986.jpg,40-49,Male,Indian
987.jpg,20-29,Female,Asian
988.jpg,20-29,Female,Asian
989.jpg,20-29,Female,Asian
99.jpg,20-29,Female,White
990.jpg,20-29,Male,White
991.jpg,20-29,Male,Asian
992.jpg,30-39,Female,White
993.jpg,30-39,Male,Black
994.jpg,20-29,Male,Black
995.jpg,10-19,Female,White
996.jpg,20-29,Male,Asian
997.jpg,20-29,Male,White
998.jpg,20-29,Male,Asian
999.jpg,20-29,Male,Asian
