28.jpg,3-9,Female,White
280.jpg,3-9,Male,White
2800.jpg,60-69,Male,Indian
2801.jpg,60-69,Male,White
2802.jpg,30-39,Male,White
2803.jpg,50-59,Male,Others
2804.jpg,more than 70,Male,Others
2805.jpg,50-59,Male,Asian
2806.jpg,40-49,Male,Black
2807.jpg,60-69,Male,Others
2808.jpg,50-59,Male,Asian
2809.jpg,60-69,Male,Asian
281.jpg,0-2,Female,Asian
2810.jpg,more than 70,Female,Black
2811.jpg,more than 70,Female,Indian
2812.jpg,50-59,Male,Others
2813.jpg,60-69,Female,White
2814.jpg,30-39,Male,Asian
2815.jpg,more than 70,Female,White
2816.jpg,30-39,Female,Asian
2817.jpg,40-49,Female,White
2818.jpg,50-59,Male,White
2819.jpg,60-69,Male,White
282.jpg,3-9,Female,White
2820.jpg,60-69,Female,Others
2822.jpg,60-69,Male,Others
2823.jpg,60-69,Female,Indian
2824.jpg,40-49,Female,Black
2825.jpg,50-59,Male,Indian
2826.jpg,30-39,Female,White
2827.jpg,50-59,Female,White
2828.jpg,30-39,Female,Indian
2829.jpg,30-39,Male,Black
283.jpg,0-2,Female,Indian
2830.jpg,more than 70,Male,Asian
2831.jpg,60-69,Male,White
2832.jpg,30-39,Female,White
2833.jpg,30-39,Female,White
2834.jpg,60-69,Female,White
2835.jpg,more than 70,Male,Asian
2836.jpg,more than 70,Male,Black
2837.jpg,more than 70,Male,Asian
2838.jpg,30-39,Male,Asian
2839.jpg,more than 70,Male,Others
284.jpg,0-2,Female,Asian
2840.jpg,50-59,Male,White
2841.jpg,40-49,Male,Others
2842.jpg,50-59,Female,White
2843.jpg,60-69,Male,Asian
2844.jpg,50-59,Female,White
2845.jpg,30-39,Female,Others
2846.jpg,more than 70,Male,White
2847.jpg,60-69,Male,Asian
2848.jpg,50-59,Male,Asian
2849.jpg,more than 70,Female,White
285.jpg,30-39,Female,White
2850.jpg,more than 70,Female,Others
2851.jpg,3-9,Female,Others
2852.jpg,10-19,Female,Others
2853.jpg,20-29,Male,White
2855.jpg,3-9,Male,Asian
2856.jpg,3-9,Male,White
2857.jpg,10-19,Male,Black
2858.jpg,3-9,Female,Black
2859.jpg,3-9,Male,Black
2861.jpg,3-9,Female,Others
2862.jpg,10-19,Female,White
2864.jpg,more than 70,Female,White
2865.jpg,10-19,Male,Others
2866.jpg,3-9,Female,Others
2867.jpg,3-9,Male,Others
2868.jpg,30-39,Male,Others
2869.jpg,10-19,Male,Asian
287.jpg,3-9,Male,White
2870.jpg,60-69,Male,Asian
2871.jpg,more than 70,Male,White
2872.jpg,60-69,Male,White
2873.jpg,50-59,Male,White
2874.jpg,60-69,Male,Others
2875.jpg,60-69,Male,White
2876.jpg,50-59,Male,White
2877.jpg,60-69,Male,Others
2878.jpg,50-59,Male,White
2880.jpg,50-59,Female,Asian
2881.jpg,30-39,Female,Asian
2882.jpg,40-49,Female,Others
2883.jpg,60-69,Female,White
2884.jpg,20-29,Male,White
2885.jpg,60-69,Female,White
2886.jpg,50-59,Female,White
2887.jpg,30-39,Female,White
2888.jpg,40-49,Male,White
2889.jpg,more than 70,Female,Others
289.jpg,10-19,Female,White
2890.jpg,more than 70,Female,Others
2891.jpg,more than 70,Female,Asian
2892.jpg,more than 70,Female,Others
2893.jpg,more than 70,Female,White
2895.jpg,60-69,Female,White
2896.jpg,50-59,Male,White
2897.jpg,50-59,Female,White
2899.jpg,60-69,Male,White
29.jpg,3-9,Female,White
290.jpg,20-29,Male,Asian
2900.jpg,60-69,Male,Indian
2901.jpg,50-59,Male,White
2902.jpg,more than 70,Female,White
2903.jpg,more than 70,Male,White
2904.jpg,more than 70,Male,Indian
2905.jpg,more than 70,Male,White
2906.jpg,30-39,Female,Asian
2907.jpg,more than 70,Male,Others
2908.jpg,50-59,Female,White
2909.jpg,more than 70,Female,Others
291.jpg,0-2,Female,Asian
2910.jpg,60-69,Female,White
2911.jpg,50-59,Female,White
2912.jpg,60-69,Female,White
2913.jpg,60-69,Female,White
2914.jpg,10-19,Male,White
2915.jpg,60-69,Male,Black
2916.jpg,30-39,Male,Black
2917.jpg,40-49,Female,Others
2919.jpg,60-69,Male,Indian
292.jpg,30-39,Female,Others
2920.jpg,50-59,Male,Indian
2921.jpg,60-69,Female,Others
2922.jpg,60-69,Male,White
2923.jpg,30-39,Female,Asian
2924.jpg,more than 70,Female,White
2925.jpg,40-49,Female,Asian
2927.jpg,more than 70,Male,Others
2928.jpg,50-59,Female,White
2929.jpg,more than 70,Male,Asian
293.jpg,3-9,Male,Black
2930.jpg,50-59,Male,Asian
2931.jpg,50-59,Female,Black
2932.jpg,30-39,Female,Indian
2933.jpg,3-9,Female,White
2934.jpg,3-9,Female,Others
2935.jpg,10-19,Female,Asian
2936.jpg,30-39,Male,Asian
2937.jpg,30-39,Female,White
2938.jpg,50-59,Female,Asian
2939.jpg,3-9,Female,White
294.jpg,3-9,Male,Black
2940.jpg,3-9,Male,Indian
2941.jpg,3-9,Female,Others
2942.jpg,3-9,Female,White
2943.jpg,3-9,Female,Others
2944.jpg,30-39,Female,White
2945.jpg,3-9,Female,White
2947.jpg,3-9,Female,Others
2948.jpg,10-19,Female,Asian
2949.jpg,30-39,Female,Asian
295.jpg,0-2,Female,Asian
2950.jpg,10-19,Male,Asian
2951.jpg,3-9,Female,Asian
2952.jpg,10-19,Female,Asian
2953.jpg,3-9,Female,White
2954.jpg,20-29,Female,Others
2955.jpg,3-9,Male,White
2956.jpg,3-9,Male,Others
2957.jpg,30-39,Female,White
2958.jpg,3-9,Male,Indian
2959.jpg,20-29,Female,Others
296.jpg,0-2,Female,Asian
2960.jpg,30-39,Female,Asian
2961.jpg,3-9,Female,Others
2962.jpg,60-69,Male,White
2963.jpg,more than 70,Male,Others
2964.jpg,30-39,Female,Asian
2965.jpg,more than 70,Female,Others
2966.jpg,more than 70,Female,Others
2967.jpg,3-9,Male,White
2968.jpg,50-59,Male,Asian
2969.jpg,60-69,Male,White
297.jpg,0-2,Female,Asian
2970.jpg,more than 70,Female,Others
2971.jpg,20-29,Male,Black
2973.jpg,more than 70,Male,Others
2974.jpg,more than 70,Female,White
2975.jpg,more than 70,Female,Others
2976.jpg,30-39,Female,White
2977.jpg,10-19,Female,Asian
2978.jpg,3-9,Female,White
2979.jpg,3-9,Male,White
298.jpg,0-2,Male,White
2980.jpg,3-9,Female,Asian
2981.jpg,3-9,Female,White
2982.jpg,3-9,Male,White
2983.jpg,10-19,Female,Asian
2984.jpg,3-9,Male,White
2985.jpg,20-29,Female,White
2986.jpg,30-39,Female,Others
2987.jpg,3-9,Male,Asian
2988.jpg,3-9,Male,White
2989.jpg,30-39,Female,Asian
299.jpg,3-9,Female,Asian
2990.jpg,60-69,Female,White
2991.jpg,10-19,Female,White
2992.jpg,50-59,Male,Black
2993.jpg,3-9,Female,Asian
2994.jpg,3-9,Male,Asian
2995.jpg,3-9,Female,Black
2996.jpg,3-9,Male,Asian
2997.jpg,3-9,Male,Asian
2998.jpg,20-29,Female,White
2999.jpg,3-9,Female,White
3.jpg,30-39,Female,White
300.jpg,0-2,Female,Asian
3000.jpg,30-39,Male,Asian
301.jpg,30-39,Female,Asian
302.jpg,3-9,Female,Asian
304.jpg,0-2,Female,Asian
305.jpg,3-9,Male,White
307.jpg,3-9,Male,Asian
308.jpg,3-9,Male,Asian
309.jpg,0-2,Male,Others
31.jpg,3-9,Male,Asian
310.jpg,3-9,Male,Asian
311.jpg,3-9,Male,Others
312.jpg,3-9,Male,Asian
313.jpg,3-9,Female,Others
314.jpg,3-9,Male,Asian
315.jpg,3-9,Female,Asian
316.jpg,0-2,Male,White
317.jpg,3-9,Female,Asian
319.jpg,3-9,Female,Others
32.jpg,10-19,Female,Asian
320.jpg,3-9,Female,Indian
322.jpg,30-39,Male,Asian
323.jpg,3-9,Male,White
325.jpg,3-9,Female,Asian
326.jpg,0-2,Male,Asian
327.jpg,3-9,Female,Others
328.jpg,3-9,Female,Asian
329.jpg,3-9,Male,Others
33.jpg,3-9,Male,Others
330.jpg,0-2,Female,White
331.jpg,30-39,Female,Others
332.jpg,3-9,Female,Others
333.jpg,3-9,Female,Others
334.jpg,10-19,Male,White
335.jpg,30-39,Male,White
336.jpg,40-49,Male,Others
337.jpg,30-39,Female,White
338.jpg,40-49,Male,White
339.jpg,30-39,Male,White
34.jpg,10-19,Female,Asian
340.jpg,3-9,Male,Others
342.jpg,20-29,Female,Asian
344.jpg,30-39,Male,Others
345.jpg,3-9,Male,Others
346.jpg,20-29,Female,White
347.jpg,20-29,Female,White
348.jpg,30-39,Female,Others
349.jpg,30-39,Male,White
35.jpg,3-9,Female,Others
350.jpg,30-39,Female,Others
351.jpg,30-39,Male,White
352.jpg,20-29,Female,Asian
353.jpg,20-29,Male,White
354.jpg,20-29,Female,White
355.jpg,20-29,Female,Black
356.jpg,10-19,Female,Others
357.jpg,10-19,Female,Others
358.jpg,10-19,Female,Black
359.jpg,3-9,Male,Black
36.jpg,3-9,Female,Indian
360.jpg,3-9,Female,Others
361.jpg,30-39,Female,Others
362.jpg,10-19,Female,Asian
363.jpg,3-9,Female,Asian
364.jpg,20-29,Female,Asian
365.jpg,30-39,Female,Asian
366.jpg,10-19,Female,Others
367.jpg,30-39,Female,White
368.jpg,10-19,Male,Asian
369.jpg,40-49,Female,Others
37.jpg,30-39,Female,Others
370.jpg,20-29,Female,Others
371.jpg,30-39,Male,Others
372.jpg,30-39,Male,White
373.jpg,20-29,Male,White
374.jpg,20-29,Female,Others
375.jpg,20-29,Female,White
376.jpg,10-19,Male,Black
377.jpg,3-9,Male,Black
378.jpg,10-19,Male,Asian
379.jpg,10-19,Male,White
38.jpg,30-39,Female,White
380.jpg,30-39,Male,Asian
381.jpg,3-9,Male,Others
382.jpg,3-9,Male,Asian
383.jpg,20-29,Female,White
384.jpg,30-39,Female,Others
385.jpg,10-19,Male,White
386.jpg,30-39,Female,Others
387.jpg,20-29,Male,White
388.jpg,40-49,Female,Others
389.jpg,30-39,Female,Asian
39.jpg,3-9,Male,Asian
390.jpg,30-39,Male,Indian
391.jpg,30-39,Female,Others
392.jpg,30-39,Female,Others
393.jpg,30-39,Female,Asian
394.jpg,3-9,Female,Asian
395.jpg,30-39,Female,White
396.jpg,10-19,Female,Others
397.jpg,3-9,Female,Others
398.jpg,20-29,Female,Asian
399.jpg,20-29,Female,Asian
4.jpg,30-39,Female,Others
40.jpg,30-39,Female,Others
400.jpg,10-19,Female,Others
401.jpg,3-9,Female,Asian
402.jpg,30-39,Female,Others
403.jpg,10-19,Male,Indian
404.jpg,20-29,Female,Others
405.jpg,10-19,Female,Others
406.jpg,30-39,Male,White
407.jpg,3-9,Female,Indian
408.jpg,20-29,Female,Others
409.jpg,20-29,Female,White
41.jpg,3-9,Female,Others
410.jpg,30-39,Female,White
411.jpg,30-39,Female,White
412.jpg,30-39,Female,Others
413.jpg,20-29,Female,Asian
414.jpg,10-19,Female,Others
415.jpg,30-39,Female,White
416.jpg,30-39,Female,White
417.jpg,30-39,Male,White
418.jpg,30-39,Male,White
419.jpg,30-39,Male,White
42.jpg,3-9,Female,Others
420.jpg,20-29,Male,White
421.jpg,30-39,Female,Indian
422.jpg,10-19,Female,Black
423.jpg,20-29,Male,Others
424.jpg,30-39,Male,Others
425.jpg,30-39,Male,Black
426.jpg,3-9,Male,White
427.jpg,30-39,Female,White
428.jpg,30-39,Male,Asian
429.jpg,20-29,Female,White
43.jpg,10-19,Female,Others
430.jpg,30-39,Male,Indian
431.jpg,20-29,Male,Others
432.jpg,30-39,Male,Others
433.jpg,30-39,Male,Others
434.jpg,30-39,Male,Asian
435.jpg,30-39,Female,Others
436.jpg,30-39,Female,White
437.jpg,30-39,Female,Others
438.jpg,30-39,Male,Asian
439.jpg,3-9,Male,White
44.jpg,3-9,Female,White
440.jpg,3-9,Female,Others
441.jpg,20-29,Female,Others
442.jpg,30-39,Female,Black
443.jpg,30-39,Female,Asian
444.jpg,20-29,Female,White
445.jpg,10-19,Female,Asian
446.jpg,20-29,Female,Others
447.jpg,3-9,Female,Others
448.jpg,30-39,Female,Asian
449.jpg,10-19,Female,Asian
45.jpg,20-29,Male,Asian
450.jpg,30-39,Female,Indian
451.jpg,30-39,Female,Indian
452.jpg,10-19,Female,Others
453.jpg,20-29,Female,Indian
454.jpg,20-29,Female,Indian
455.jpg,20-29,Female,Asian
456.jpg,30-39,Female,Asian
457.jpg,10-19,Female,Others
458.jpg,3-9,Male,Asian
459.jpg,10-19,Female,Others
46.jpg,3-9,Female,Asian
460.jpg,10-19,Female,Indian
461.jpg,30-39,Male,White
462.jpg,30-39,Male,White
463.jpg,30-39,Female,White
464.jpg,20-29,Male,White
465.jpg,20-29,Male,Black
466.jpg,30-39,Male,Black
467.jpg,30-39,Female,Black
468.jpg,40-49,Male,Black
469.jpg,40-49,Female,Others
47.jpg,3-9,Female,Indian
470.jpg,10-19,Female,Others
471.jpg,30-39,Male,Asian
472.jpg,20-29,Female,Asian
473.jpg,30-39,Male,Asian
475.jpg,30-39,Male,Asian
476.jpg,30-39,Male,Others
477.jpg,30-39,Male,Others
478.jpg,20-29,Male,Others
479.jpg,30-39,Male,Others
48.jpg,3-9,Male,White
480.jpg,30-39,Male,Others
481.jpg,30-39,Male,White
482.jpg,20-29,Female,White
483.jpg,30-39,Male,White
484.jpg,30-39,Male,Indian
485.jpg,30-39,Female,White
486.jpg,10-19,Female,White
487.jpg,20-29,Female,White
488.jpg,30-39,Female,White
489.jpg,30-39,Female,Others
49.jpg,20-29,Male,White
490.jpg,30-39,Female,Others
491.jpg,10-19,Female,Others
492.jpg,20-29,Female,White
493.jpg,3-9,Female,Asian
494.jpg,20-29,Female,Black
495.jpg,3-9,Male,Black
496.jpg,10-19,Female,Indian
497.jpg,10-19,Female,White
498.jpg,3-9,Female,Black
499.jpg,10-19,Female,Others
5.jpg,30-39,Male,White
50.jpg,30-39,Female,White
500.jpg,30-39,Female,Asian
501.jpg,30-39,Female,Asian
502.jpg,20-29,Female,Asian
503.jpg,20-29,Female,Asian
504.jpg,20-29,Female,Asian
505.jpg,20-29,Female,Asian
506.jpg,20-29,Female,Asian
508.jpg,3-9,Male,Others
509.jpg,20-29,Female,Others
51.jpg,3-9,Male,Others
510.jpg,30-39,Female,Others
511.jpg,20-29,Female,Others
512.jpg,20-29,Female,Indian
513.jpg,20-29,Female,Others
514.jpg,10-19,Female,Others
515.jpg,20-29,Female,Others
516.jpg,30-39,Female,Others
517.jpg,20-29,Male,Others
518.jpg,30-39,Male,White
519.jpg,20-29,Male,Others
52.jpg,10-19,Female,Indian
520.jpg,10-19,Male,Others
521.jpg,30-39,Male,Others
522.jpg,30-39,Male,White
523.jpg,20-29,Male,White
525.jpg,10-19,Male,Black
526.jpg,30-39,Male,Indian
527.jpg,10-19,Male,Others
528.jpg,20-29,Male,Indian
529.jpg,20-29,Male,Black
53.jpg,10-19,Female,Indian
530.jpg,30-39,Male,Black
531.jpg,10-19,Female,Black
532.jpg,20-29,Male,Black
533.jpg,30-39,Male,Black
534.jpg,30-39,Male,Others
535.jpg,30-39,Male,Black
536.jpg,40-49,Male,Black
537.jpg,30-39,Male,Indian
538.jpg,30-39,Female,Asian
539.jpg,10-19,Male,Others
54.jpg,10-19,Male,Indian
540.jpg,10-19,Female,Asian
541.jpg,20-29,Female,Asian
542.jpg,20-29,Female,Asian
543.jpg,20-29,Male,White
544.jpg,20-29,Female,White
545.jpg,30-39,Male,Others
546.jpg,30-39,Male,Others
547.jpg,30-39,Female,Others
548.jpg,20-29,Male,Others
549.jpg,30-39,Female,White
55.jpg,3-9,Female,Asian
550.jpg,30-39,Male,Others
551.jpg,30-39,Male,Others
552.jpg,30-39,Male,Others
553.jpg,20-29,Female,Asian
554.jpg,30-39,Female,White
555.jpg,20-29,Male,White
556.jpg,10-19,Female,Others
557.jpg,30-39,Male,White
558.jpg,20-29,Female,Asian
559.jpg,30-39,Female,White
56.jpg,10-19,Female,Others
560.jpg,10-19,Male,White
561.jpg,10-19,Female,Asian
562.jpg,20-29,Female,White
563.jpg,30-39,Female,White
564.jpg,30-39,Female,White
565.jpg,30-39,Female,White
566.jpg,30-39,Female,Asian
567.jpg,30-39,Female,Black
568.jpg,20-29,Female,White
569.jpg,10-19,Female,Black
57.jpg,10-19,Female,White
570.jpg,20-29,Female,Indian
571.jpg,10-19,Female,Indian
572.jpg,30-39,Female,Indian
574.jpg,20-29,Female,Indian
575.jpg,20-29,Female,Others
576.jpg,30-39,Male,White
577.jpg,20-29,Female,Indian
578.jpg,10-19,Male,Asian
579.jpg,20-29,Female,Asian
58.jpg,3-9,Female,White
580.jpg,10-19,Female,Asian
581.jpg,30-39,Female,Others
582.jpg,20-29,Female,Asian
583.jpg,30-39,Male,Asian
584.jpg,10-19,Female,Others
585.jpg,40-49,Female,Others
586.jpg,20-29,Female,Asian
587.jpg,10-19,Female,Asian
588.jpg,20-29,Female,Asian
589.jpg,30-39,Female,Asian
59.jpg,10-19,Female,Others
590.jpg,20-29,Female,Asian
591.jpg,30-39,Male,Others
592.jpg,10-19,Male,Asian
593.jpg,10-19,Female,Asian
594.jpg,3-9,Female,White
595.jpg,30-39,Female,Asian
596.jpg,40-49,Female,Others
597.jpg,30-39,Female,White
598.jpg,30-39,Female,Others
599.jpg,20-29,Female,Indian
6.jpg,3-9,Female,White
60.jpg,3-9,Female,Indian
600.jpg,10-19,Female,Others
601.jpg,30-39,Female,Indian
602.jpg,20-29,Female,Others
603.jpg,10-19,Male,Asian
604.jpg,20-29,Female,Indian
605.jpg,30-39,Female,Others
606.jpg,20-29,Female,Others
607.jpg,30-39,Female,Others
608.jpg,20-29,Female,White
609.jpg,10-19,Male,Others
61.jpg,10-19,Female,Indian
610.jpg,3-9,Female,Others
611.jpg,20-29,Female,Others
612.jpg,30-39,Female,Others
613.jpg,10-19,Female,White
614.jpg,20-29,Female,Indian
615.jpg,30-39,Female,Others
616.jpg,30-39,Female,White
618.jpg,20-29,Female,Others
619.jpg,30-39,Male,White
62.jpg,20-29,Male,Asian
620.jpg,40-49,Male,Others
621.jpg,40-49,Male,White
622.jpg,10-19,Male,White
623.jpg,30-39,Male,White
624.jpg,30-39,Male,White
625.jpg,30-39,Male,White
626.jpg,30-39,Female,Others
627.jpg,30-39,Male,White
628.jpg,10-19,Male,White
629.jpg,20-29,Male,Black
63.jpg,30-39,Male,Others
630.jpg,20-29,Male,Black
631.jpg,30-39,Male,Black
632.jpg,10-19,Male,Black
633.jpg,30-39,Male,Black
634.jpg,more than 70,Male,Black
635.jpg,20-29,Male,Others
636.jpg,20-29,Male,Black
637.jpg,30-39,Male,Black
638.jpg,10-19,Male,Asian
639.jpg,10-19,Male,Asian
64.jpg,3-9,Female,Others
640.jpg,10-19,Female,Asian
641.jpg,30-39,Female,Asian
642.jpg,30-39,Female,White
643.jpg,10-19,Male,Indian
644.jpg,30-39,Male,Asian
645.jpg,30-39,Male,Others
646.jpg,30-39,Male,Others
647.jpg,30-39,Male,Others
648.jpg,30-39,Male,Others
649.jpg,40-49,Male,Others
65.jpg,20-29,Female,White
650.jpg,40-49,Male,Indian
651.jpg,40-49,Male,Indian
652.jpg,30-39,Male,Indian
653.jpg,20-29,Female,Others
654.jpg,30-39,Female,White
655.jpg,30-39,Male,White
656.jpg,30-39,Female,White
657.jpg,30-39,Male,White
658.jpg,30-39,Female,White
659.jpg,20-29,Male,White
66.jpg,3-9,Male,Asian
660.jpg,30-39,Female,Others
661.jpg,30-39,Female,White
662.jpg,30-39,Female,Others
663.jpg,20-29,Female,White
664.jpg,20-29,Female,Others
665.jpg,30-39,Female,Others
666.jpg,20-29,Female,Others
667.jpg,20-29,Female,Asian
668.jpg,20-29,Female,Asian
67.jpg,10-19,Male,Others
670.jpg,30-39,Female,White
671.jpg,30-39,Female,White
672.jpg,30-39,Female,White
673.jpg,30-39,Female,Others
674.jpg,30-39,Female,Asian
675.jpg,50-59,Female,Black
676.jpg,30-39,Female,Black
677.jpg,30-39,Male,Others
678.jpg,30-39,Female,Others
679.jpg,20-29,Female,White
68.jpg,30-39,Male,Asian
680.jpg,3-9,Male,Others
681.jpg,10-19,Female,Others
682.jpg,20-29,Female,Black
683.jpg,30-39,Female,Black
684.jpg,10-19,Female,Others
685.jpg,30-39,Female,Black
686.jpg,30-39,Female,Indian
687.jpg,30-39,Female,Black
688.jpg,30-39,Female,Indian
689.jpg,30-39,Male,Others
69.jpg,3-9,Female,Asian
690.jpg,30-39,Female,White
691.jpg,10-19,Female,Asian
692.jpg,20-29,Female,Asian
693.jpg,20-29,Female,Asian
694.jpg,30-39,Female,Asian
695.jpg,10-19,Female,Asian
696.jpg,20-29,Female,Others
697.jpg,40-49,Female,Indian
698.jpg,10-19,Female,Others
699.jpg,10-19,Female,Others
7.jpg,10-19,Female,Asian
70.jpg,10-19,Female,White
700.jpg,20-29,Female,Others
701.jpg,20-29,Female,White
702.jpg,30-39,Female,Indian
703.jpg,20-29,Male,Others
704.jpg,10-19,Female,Asian
705.jpg,30-39,Female,Black
706.jpg,10-19,Female,Others
707.jpg,30-39,Female,Indian
708.jpg,30-39,Male,Indian
709.jpg,30-39,Female,Others
71.jpg,30-39,Female,White
710.jpg,10-19,Female,Others
712.jpg,30-39,Female,Others
713.jpg,30-39,Female,White
714.jpg,30-39,Female,Others
715.jpg,3-9,Female,Asian
716.jpg,20-29,Female,Others
717.jpg,30-39,Female,Asian
718.jpg,10-19,Female,Others
719.jpg,30-39,Male,Others
72.jpg,3-9,Female,Others
720.jpg,30-39,Male,White
721.jpg,30-39,Female,Black
722.jpg,10-19,Male,Asian
723.jpg,30-39,Male,Others
724.jpg,30-39,Female,White
725.jpg,30-39,Male,Asian
726.jpg,30-39,Male,White
727.jpg,10-19,Female,Others
728.jpg,10-19,Male,White
729.jpg,20-29,Male,White
73.jpg,30-39,Female,Black
730.jpg,30-39,Male,White
731.jpg,30-39,Male,White
732.jpg,30-39,Male,White
733.jpg,20-29,Male,Others
734.jpg,20-29,Male,White
735.jpg,20-29,Male,White
736.jpg,30-39,Male,White
737.jpg,30-39,Male,White
738.jpg,30-39,Male,White
739.jpg,30-39,Male,White
74.jpg,20-29,Female,Asian
740.jpg,30-39,Female,White
741.jpg,30-39,Male,Others
742.jpg,30-39,Male,White
743.jpg,30-39,Male,Others
744.jpg,20-29,Male,White
745.jpg,20-29,Male,Black
746.jpg,10-19,Male,Asian
747.jpg,30-39,Male,Black
748.jpg,10-19,Male,Black
749.jpg,30-39,Male,Others
75.jpg,10-19,Female,Asian
750.jpg,10-19,Male,White
751.jpg,30-39,Male,Black
752.jpg,10-19,Female,Indian
753.jpg,40-49,Female,Black
754.jpg,30-39,Male,Black
755.jpg,3-9,Female,Black
756.jpg,30-39,Male,Black
757.jpg,20-29,Female,Black
758.jpg,20-29,Female,Black
759.jpg,30-39,Male,Black
76.jpg,30-39,Female,Black
760.jpg,20-29,Female,Black
761.jpg,30-39,Male,Indian
762.jpg,10-19,Female,Others
763.jpg,30-39,Male,Asian
764.jpg,30-39,Male,Black
765.jpg,10-19,Male,Indian
766.jpg,20-29,Male,Black
768.jpg,30-39,Female,Black
769.jpg,10-19,Male,Black
77.jpg,20-29,Female,Others
770.jpg,30-39,Male,Black
771.jpg,10-19,Male,Indian
772.jpg,50-59,Female,Asian
773.jpg,40-49,Male,Black
774.jpg,10-19,Female,Indian
775.jpg,30-39,Male,Black
776.jpg,30-39,Male,Black
777.jpg,20-29,Male,Black
778.jpg,10-19,Male,Black
779.jpg,30-39,Male,Black
78.jpg,30-39,Female,Asian
780.jpg,30-39,Male,White
781.jpg,3-9,Female,Others
782.jpg,30-39,Male,Asian
783.jpg,30-39,Male,Asian
784.jpg,30-39,Female,Asian
785.jpg,20-29,Male,Asian
786.jpg,20-29,Male,Asian
787.jpg,30-39,Male,Asian
788.jpg,40-49,Female,Others
789.jpg,20-29,Male,White
79.jpg,30-39,Male,White
790.jpg,30-39,Male,White
791.jpg,50-59,Male,Others
792.jpg,10-19,Male,Others
793.jpg,30-39,Male,Others
794.jpg,30-39,Male,Indian
795.jpg,30-39,Male,Indian
796.jpg,3-9,Male,Others
797.jpg,30-39,Male,Others
798.jpg,30-39,Female,Indian
799.jpg,20-29,Male,Others
8.jpg,3-9,Male,White
80.jpg,40-49,Male,White
800.jpg,3-9,Male,Others
801.jpg,40-49,Male,Asian
802.jpg,10-19,Male,Indian
803.jpg,30-39,Male,White
804.jpg,30-39,Female,Indian
805.jpg,30-39,Male,Indian
806.jpg,10-19,Male,Others
807.jpg,30-39,Male,Indian
808.jpg,30-39,Male,Indian
809.jpg,10-19,Female,Indian
81.jpg,20-29,Male,White
810.jpg,20-29,Male,Others
811.jpg,30-39,Male,White
812.jpg,30-39,Male,Indian
813.jpg,40-49,Male,Indian
814.jpg,3-9,Male,Others
815.jpg,30-39,Male,Indian
816.jpg,40-49,Male,Others
817.jpg,30-39,Male,Others
818.jpg,30-39,Male,Others
819.jpg,30-39,Male,Indian
82.jpg,3-9,Male,Others
820.jpg,40-49,Male,Others
821.jpg,30-39,Male,Others
822.jpg,40-49,Male,Indian
823.jpg,30-39,Male,Indian
824.jpg,40-49,Male,Indian
825.jpg,30-39,Male,Others
826.jpg,30-39,Male,Others
827.jpg,30-39,Male,Indian
828.jpg,30-39,Male,White
829.jpg,30-39,Male,Asian
830.jpg,30-39,Male,Others
831.jpg,30-39,Male,Others
832.jpg,30-39,Male,Others
833.jpg,30-39,Male,Others
834.jpg,30-39,Female,Others
835.jpg,30-39,Male,White
836.jpg,20-29,Female,Others
837.jpg,20-29,Female,White
838.jpg,30-39,Female,White
839.jpg,10-19,Female,Others
84.jpg,10-19,Female,Others
840.jpg,30-39,Female,White
841.jpg,30-39,Female,Asian
842.jpg,10-19,Female,Others
843.jpg,30-39,Male,Black
844.jpg,30-39,Female,Others
845.jpg,20-29,Male,White
846.jpg,20-29,Female,Asian
847.jpg,30-39,Female,Indian
848.jpg,30-39,Female,White
849.jpg,30-39,Female,Others
85.jpg,30-39,Female,Others
850.jpg,20-29,Female,Others
851.jpg,30-39,Female,White
852.jpg,20-29,Female,White
853.jpg,30-39,Male,White
854.jpg,30-39,Female,Asian
855.jpg,20-29,Female,White
856.jpg,30-39,Female,Others
857.jpg,40-49,Female,Others
858.jpg,20-29,Female,Others
859.jpg,30-39,Female,White
86.jpg,20-29,Female,White
860.jpg,20-29,Female,Others
861.jpg,30-39,Female,Others
862.jpg,3-9,Female,White
863.jpg,10-19,Female,White
864.jpg,10-19,Female,Others
865.jpg,30-39,Female,White
866.jpg,30-39,Female,Others
867.jpg,30-39,Female,Others
868.jpg,20-29,Female,White
869.jpg,10-19,Male,White
87.jpg,30-39,Female,White
870.jpg,30-39,Female,Black
871.jpg,10-19,Male,Black
872.jpg,3-9,Male,Black
873.jpg,30-39,Female,Black
874.jpg,20-29,Female,Black
875.jpg,30-39,Female,Black
876.jpg,40-49,Female,Asian
877.jpg,30-39,Female,Black
878.jpg,20-29,Female,Asian
879.jpg,3-9,Female,Black
88.jpg,20-29,Female,White
881.jpg,30-39,Male,Asian
882.jpg,10-19,Male,Asian
883.jpg,20-29,Female,Black
884.jpg,30-39,Female,Asian
886.jpg,20-29,Male,White
887.jpg,20-29,Female,Indian
888.jpg,30-39,Female,Others
889.jpg,10-19,Female,Black
89.jpg,3-9,Female,Others
890.jpg,3-9,Female,Others
891.jpg,30-39,Female,Black
892.jpg,20-29,Female,Others
893.jpg,30-39,Female,Black
894.jpg,30-39,Female,Asian
895.jpg,20-29,Female,Black
896.jpg,20-29,Female,Asian
897.jpg,30-39,Female,Black
898.jpg,20-29,Female,Others
899.jpg,20-29,Male,Indian
9.jpg,3-9,Female,Asian
90.jpg,20-29,Female,White
900.jpg,30-39,Male,Others
901.jpg,30-39,Female,Black
902.jpg,10-19,Male,Asian
903.jpg,20-29,Female,Black
904.jpg,10-19,Female,Asian
905.jpg,20-29,Female,Black
906.jpg,10-19,Male,Others
907.jpg,30-39,Female,Indian
908.jpg,10-19,Female,Black
909.jpg,30-39,Female,Others
91.jpg,30-39,Female,Asian
910.jpg,20-29,Female,Others
911.jpg,3-9,Male,Indian
912.jpg,30-39,Female,Black
913.jpg,10-19,Female,Black
914.jpg,20-29,Female,White
915.jpg,10-19,Female,Black
916.jpg,10-19,Female,Asian
917.jpg,10-19,Female,White
918.jpg,30-39,Female,White
919.jpg,10-19,Female,Asian
92.jpg,10-19,Male,Others
920.jpg,20-29,Female,Asian
921.jpg,30-39,Female,Asian
922.jpg,3-9,Female,White
923.jpg,10-19,Female,White
924.jpg,10-19,Female,Asian
925.jpg,20-29,Male,Asian
926.jpg,20-29,Male,Asian
927.jpg,30-39,Female,Asian
928.jpg,20-29,Female,White
929.jpg,20-29,Female,Asian
93.jpg,10-19,Female,White
930.jpg,10-19,Female,Asian
931.jpg,20-29,Female,Asian
932.jpg,10-19,Female,Asian
933.jpg,20-29,Female,Others
934.jpg,30-39,Female,Others
935.jpg,20-29,Female,Asian
936.jpg,20-29,Female,Others
937.jpg,20-29,Female,Asian
938.jpg,20-29,Female,Asian
939.jpg,20-29,Female,White
94.jpg,20-29,Female,Asian
940.jpg,20-29,Female,Others
941.jpg,30-39,Female,Others
942.jpg,20-29,Female,Others
943.jpg,10-19,Female,Asian
944.jpg,20-29,Female,Others
945.jpg,3-9,Female,Asian
946.jpg,10-19,Male,Asian
947.jpg,30-39,Female,Others
948.jpg,30-39,Female,Others
949.jpg,10-19,Female,Indian
95.jpg,30-39,Female,Others
950.jpg,20-29,Female,Others
951.jpg,10-19,Female,Others
952.jpg,10-19,Female,Others
953.jpg,30-39,Female,Others
954.jpg,30-39,Female,Others
955.jpg,30-39,Female,Asian
956.jpg,20-29,Female,Others
957.jpg,30-39,Female,Others
958.jpg,30-39,Female,White
959.jpg,30-39,Male,Asian
96.jpg,10-19,Male,Indian
960.jpg,30-39,Female,Asian
961.jpg,20-29,Female,Others
962.jpg,30-39,Female,White
963.jpg,3-9,Female,Others
964.jpg,30-39,Female,Others
965.jpg,20-29,Female,Indian
966.jpg,20-29,Male,Black
967.jpg,30-39,Female,Indian
968.jpg,30-39,Female,Black
969.jpg,10-19,Female,Indian
97.jpg,30-39,Female,Indian
970.jpg,20-29,Female,Others
971.jpg,30-39,Female,Asian
972.jpg,30-39,Female,Others
973.jpg,30-39,Female,Others
974.jpg,30-39,Female,Others
975.jpg,20-29,Female,Others
976.jpg,30-39,Female,Black
977.jpg,30-39,Female,Asian
978.jpg,30-39,Female,Indian
979.jpg,30-39,Female,White
98.jpg,3-9,Male,Others
980.jpg,30-39,Female,Others
981.jpg,40-49,Female,White
982.jpg,30-39,Female,Others
983.jpg,40-49,Female,Others
984.jpg,30-39,Female,Others
985.jpg,20-29,Female,White
986.jpg,30-39,Female,Others
987.jpg,30-39,Female,Others
988.jpg,30-39,Female,Others
989.jpg,30-39,Female,White
99.jpg,30-39,Female,Asian
990.jpg,20-29,Female,Others
991.jpg,3-9,Female,Others
992.jpg,10-19,Female,Asian
993.jpg,20-29,Female,Others
994.jpg,30-39,Female,Others
995.jpg,30-39,Female,Asian
996.jpg,30-39,Female,Others
997.jpg,10-19,Male,White
998.jpg,30-39,Female,Asian
999.jpg,30-39,Male,White
19.jpg,10-19,Female,Others
190.jpg,0-2,Male,Asian
1901.jpg,3-9,Male,Asian
1902.jpg,30-39,Female,Asian
1903.jpg,3-9,Female,Asian
1904.jpg,3-9,Male,Asian
1905.jpg,3-9,Male,Asian
1906.jpg,0-2,Male,White
1908.jpg,3-9,Male,White
1909.jpg,3-9,Female,Asian
191.jpg,0-2,Male,Asian
1910.jpg,3-9,Male,White
1911.jpg,0-2,Female,Others
1912.jpg,0-2,Male,White
1913.jpg,3-9,Female,Black
1914.jpg,0-2,Female,White
1915.jpg,3-9,Female,Others
1916.jpg,60-69,Female,Asian
1917.jpg,3-9,Male,Asian
1918.jpg,3-9,Female,Asian
1919.jpg,3-9,Male,Asian
192.jpg,3-9,Male,White
1920.jpg,30-39,Male,Asian
1921.jpg,30-39,Male,Asian
1922.jpg,10-19,Female,Asian
1923.jpg,30-39,Male,Asian
1926.jpg,10-19,Male,White
1927.jpg,3-9,Female,Asian
1928.jpg,3-9,Female,Asian
193.jpg,0-2,Male,White
1930.jpg,3-9,Female,Others
1931.jpg,30-39,Female,Others
1932.jpg,3-9,Female,Others
1933.jpg,3-9,Female,Others
1934.jpg,3-9,Female,Others
1935.jpg,50-59,Male,White
1936.jpg,30-39,Male,Indian
1937.jpg,40-49,Male,White
1938.jpg,30-39,Male,Others
1939.jpg,30-39,Female,White
1940.jpg,30-39,Male,White
1941.jpg,30-39,Male,White
1942.jpg,30-39,Male,White
1943.jpg,30-39,Male,Others
1944.jpg,30-39,Male,White
1945.jpg,30-39,Male,White
1946.jpg,30-39,Male,White
1947.jpg,30-39,Male,Black
1948.jpg,20-29,Male,White
1949.jpg,30-39,Male,White
195.jpg,3-9,Female,Asian
1950.jpg,30-39,Female,White
1951.jpg,30-39,Male,Others
1952.jpg,50-59,Male,Others
1953.jpg,30-39,Male,Indian
1954.jpg,30-39,Male,Others
1955.jpg,30-39,Male,Others
1956.jpg,30-39,Male,White
1957.jpg,30-39,Male,Others
1958.jpg,40-49,Male,White
1959.jpg,20-29,Male,White
1960.jpg,30-39,Male,White
1961.jpg,30-39,Female,White
1962.jpg,30-39,Male,Others
1963.jpg,40-49,Male,Others
1964.jpg,30-39,Male,White
1965.jpg,30-39,Male,Others
1966.jpg,20-29,Male,Indian
1967.jpg,30-39,Male,Black
1968.jpg,30-39,Male,Black
1969.jpg,50-59,Male,Black
1970.jpg,30-39,Male,Black
1971.jpg,20-29,Female,Asian
1972.jpg,50-59,Male,Asian
1973.jpg,30-39,Male,Asian
1974.jpg,30-39,Male,Others
1975.jpg,30-39,Male,Others
1976.jpg,20-29,Male,Indian
1978.jpg,30-39,Male,Others
1979.jpg,30-39,Male,White
198.jpg,0-2,Male,Asian
1980.jpg,30-39,Female,White
1981.jpg,50-59,Male,Others
1982.jpg,50-59,Female,White
1983.jpg,30-39,Female,White
1984.jpg,30-39,Female,Others
1985.jpg,30-39,Female,White
1986.jpg,30-39,Female,White
1987.jpg,more than 70,Female,White
1988.jpg,30-39,Female,Asian
1989.jpg,40-49,Female,White
1990.jpg,30-39,Female,White
1991.jpg,20-29,Female,Asian
1992.jpg,30-39,Female,Black
1993.jpg,30-39,Female,Others
1994.jpg,30-39,Female,Indian
1995.jpg,30-39,Female,Asian
1996.jpg,30-39,Female,Black
1997.jpg,3-9,Female,Indian
1998.jpg,30-39,Male,Others
1999.jpg,20-29,Female,Black
2.jpg,3-9,Male,Others
20.jpg,3-9,Female,White
200.jpg,20-29,Female,Others
2000.jpg,50-59,Female,Asian
2001.jpg,20-29,Female,Black
2002.jpg,20-29,Female,White
2003.jpg,30-39,Male,Asian
2004.jpg,30-39,Female,Asian
2005.jpg,30-39,Female,Asian
2006.jpg,40-49,Male,White
2007.jpg,30-39,Male,White
2008.jpg,20-29,Female,White
2009.jpg,30-39,Male,White
201.jpg,3-9,Male,Others
2010.jpg,30-39,Female,Black
2011.jpg,30-39,Male,Black
2012.jpg,30-39,Male,Asian
2013.jpg,20-29,Male,Asian
2014.jpg,40-49,Male,Indian
2015.jpg,20-29,Female,Others
2016.jpg,30-39,Male,White
2017.jpg,30-39,Female,Black
2018.jpg,30-39,Female,Asian
2019.jpg,30-39,Male,White
202.jpg,0-2,Male,Asian
2020.jpg,30-39,Male,White
2021.jpg,40-49,Female,Asian
2022.jpg,30-39,Male,White
2023.jpg,30-39,Male,White
2024.jpg,30-39,Male,Others
2025.jpg,60-69,Male,White
2027.jpg,30-39,Male,White
2028.jpg,50-59,Male,White
2029.jpg,30-39,Female,Indian
203.jpg,3-9,Male,Asian
2030.jpg,30-39,Male,Black
2031.jpg,30-39,Male,Black
2032.jpg,10-19,Male,Black
2033.jpg,40-49,Male,Black
2034.jpg,30-39,Male,Asian
2035.jpg,40-49,Male,Others
2036.jpg,30-39,Male,Indian
2037.jpg,50-59,Male,Others
2038.jpg,30-39,Male,White
2039.jpg,40-49,Male,Others
204.jpg,0-2,Male,Asian
2040.jpg,30-39,Male,Indian
2041.jpg,50-59,Male,Black
2042.jpg,3-9,Male,White
2043.jpg,10-19,Female,Others
2044.jpg,20-29,Female,White
2045.jpg,30-39,Female,White
2046.jpg,40-49,Female,Indian
2047.jpg,30-39,Female,White
2048.jpg,30-39,Female,White
2049.jpg,30-39,Male,Asian
205.jpg,30-39,Male,Others
2050.jpg,30-39,Female,Indian
2051.jpg,30-39,Male,Others
2052.jpg,30-39,Male,White
2053.jpg,30-39,Male,White
2054.jpg,30-39,Male,White
2055.jpg,50-59,Male,Black
2056.jpg,30-39,Male,Indian
2057.jpg,30-39,Female,Asian
2058.jpg,30-39,Male,White
2059.jpg,30-39,Male,Others
206.jpg,30-39,Female,Asian
2060.jpg,40-49,Male,Indian
2061.jpg,40-49,Male,Others
2062.jpg,30-39,Male,Indian
2063.jpg,30-39,Male,Others
2064.jpg,40-49,Male,Others
2065.jpg,50-59,Male,Others
2066.jpg,30-39,Male,White
2067.jpg,30-39,Female,Indian
2068.jpg,40-49,Male,Others
2069.jpg,30-39,Male,White
207.jpg,0-2,Male,Asian
2070.jpg,60-69,Male,White
2071.jpg,30-39,Male,White
2072.jpg,30-39,Male,White
2073.jpg,50-59,Male,White
2074.jpg,30-39,Male,White
2075.jpg,20-29,Male,White
2076.jpg,50-59,Male,Others
2077.jpg,30-39,Female,Others
2078.jpg,30-39,Male,White
208.jpg,0-2,Male,White
2080.jpg,30-39,Male,Asian
2081.jpg,30-39,Male,White
2082.jpg,40-49,Male,White
2083.jpg,30-39,Male,White
2084.jpg,60-69,Male,White
2085.jpg,30-39,Male,Black
2086.jpg,40-49,Female,Black
2088.jpg,30-39,Male,Black
2089.jpg,30-39,Male,Others
209.jpg,0-2,Female,Others
2092.jpg,30-39,Male,Indian
2093.jpg,40-49,Male,Others
2094.jpg,30-39,Male,Others
2095.jpg,30-39,Male,Others
2096.jpg,30-39,Male,Others
2097.jpg,30-39,Female,Indian
2098.jpg,40-49,Male,Indian
2099.jpg,30-39,Male,Indian
21.jpg,20-29,Female,White
210.jpg,20-29,Male,Asian
2100.jpg,50-59,Male,Indian
2101.jpg,60-69,Male,Asian
2102.jpg,40-49,Male,Indian
2103.jpg,40-49,Male,Others
2104.jpg,30-39,Male,Indian
2105.jpg,50-59,Male,Others
2106.jpg,20-29,Male,White
2107.jpg,30-39,Male,Others
2108.jpg,30-39,Male,White
2109.jpg,40-49,Female,White
211.jpg,0-2,Male,White
2110.jpg,30-39,Female,Others
2111.jpg,30-39,Female,Asian
2112.jpg,20-29,Female,Others
2113.jpg,40-49,Female,White
2114.jpg,30-39,Female,White
2115.jpg,30-39,Female,White
2116.jpg,10-19,Female,Black
2117.jpg,30-39,Female,Indian
2118.jpg,30-39,Female,Black
2119.jpg,20-29,Female,Indian
212.jpg,3-9,Male,Asian
2120.jpg,30-39,Female,Black
2121.jpg,20-29,Female,Asian
2122.jpg,30-39,Female,Others
2123.jpg,30-39,Male,Others
2124.jpg,30-39,Male,Others
2125.jpg,30-39,Male,White
2126.jpg,30-39,Male,Others
2127.jpg,30-39,Male,Asian
2128.jpg,40-49,Male,White
2129.jpg,30-39,Male,Others
213.jpg,0-2,Male,Asian
2130.jpg,30-39,Male,Black
2131.jpg,30-39,Male,Asian
2132.jpg,30-39,Male,Indian
2133.jpg,30-39,Male,White
2134.jpg,50-59,Male,White
2135.jpg,30-39,Male,Indian
2136.jpg,30-39,Female,White
2137.jpg,30-39,Female,White
2138.jpg,50-59,Female,White
2139.jpg,30-39,Female,Black
214.jpg,3-9,Male,White
2140.jpg,10-19,Female,Indian
2141.jpg,40-49,Male,Others
2142.jpg,40-49,Male,White
2143.jpg,30-39,Male,Others
2145.jpg,40-49,Male,Black
2146.jpg,10-19,Male,Indian
2147.jpg,30-39,Male,White
2148.jpg,50-59,Female,White
2149.jpg,30-39,Female,White
2150.jpg,20-29,Male,Others
2151.jpg,30-39,Female,White
2152.jpg,30-39,Male,Others
2153.jpg,40-49,Male,White
2154.jpg,30-39,Male,Others
2155.jpg,50-59,Male,Others
2156.jpg,30-39,Male,Indian
2157.jpg,40-49,Male,Others
2158.jpg,50-59,Male,Indian
2159.jpg,50-59,Male,Others
2160.jpg,40-49,Male,Asian
2161.jpg,30-39,Female,Others
2162.jpg,50-59,Female,White
2163.jpg,50-59,Female,White
2164.jpg,20-29,Male,White
2165.jpg,20-29,Female,Black
2166.jpg,30-39,Female,Indian
2167.jpg,40-49,Male,White
2168.jpg,30-39,Male,White
2169.jpg,30-39,Male,White
217.jpg,0-2,Male,Asian
2170.jpg,50-59,Male,White
2171.jpg,30-39,Male,Others
2172.jpg,30-39,Male,Others
2173.jpg,50-59,Male,Indian
2174.jpg,40-49,Male,Others
2175.jpg,30-39,Male,Others
2176.jpg,30-39,Male,Others
2177.jpg,30-39,Female,White
2178.jpg,50-59,Female,White
2179.jpg,50-59,Female,White
2180.jpg,30-39,Female,Black
2181.jpg,30-39,Female,Indian
2182.jpg,30-39,Female,Others
2183.jpg,30-39,Male,White
2184.jpg,50-59,Female,Others
2185.jpg,30-39,Male,White
2186.jpg,60-69,Male,White
2187.jpg,60-69,Male,Black
2188.jpg,50-59,Male,Others
2189.jpg,30-39,Male,Others
219.jpg,30-39,Male,White
2190.jpg,50-59,Male,Asian
2191.jpg,20-29,Female,White
2192.jpg,20-29,Female,Others
2193.jpg,40-49,Female,White
2194.jpg,30-39,Female,White
2195.jpg,50-59,Female,White
2196.jpg,40-49,Female,Others
2197.jpg,30-39,Female,Others
2198.jpg,3-9,Male,Others
2199.jpg,0-2,Male,White
22.jpg,60-69,Male,Others
220.jpg,3-9,Male,Asian
2200.jpg,0-2,Male,White
2201.jpg,3-9,Male,Indian
2202.jpg,3-9,Male,White
2203.jpg,3-9,Male,White
2204.jpg,3-9,Female,Others
2206.jpg,3-9,Female,Asian
2207.jpg,3-9,Male,Asian
2208.jpg,0-2,Female,Asian
2209.jpg,3-9,Female,White
221.jpg,3-9,Female,Asian
2210.jpg,3-9,Male,Asian
2211.jpg,3-9,Male,Asian
2212.jpg,3-9,Female,Others
2214.jpg,0-2,Female,Asian
2215.jpg,3-9,Male,Others
2216.jpg,3-9,Female,White
2217.jpg,3-9,Female,White
2218.jpg,3-9,Female,Others
2219.jpg,30-39,Female,Black
222.jpg,0-2,Male,Asian
2220.jpg,3-9,Female,Others
2221.jpg,3-9,Female,Asian
2223.jpg,3-9,Male,Asian
2224.jpg,30-39,Female,Asian
2225.jpg,20-29,Male,Asian
2226.jpg,10-19,Female,Asian
2227.jpg,3-9,Female,Others
2228.jpg,3-9,Female,Others
2229.jpg,3-9,Male,Others
223.jpg,20-29,Male,Asian
2230.jpg,3-9,Female,Asian
2231.jpg,3-9,Male,Asian
2232.jpg,3-9,Female,Asian
2233.jpg,3-9,Female,Asian
2234.jpg,3-9,Female,Others
2235.jpg,3-9,Male,Asian
2236.jpg,50-59,Male,White
2237.jpg,50-59,Male,White
2238.jpg,30-39,Male,White
2239.jpg,40-49,Male,White
224.jpg,30-39,Female,Asian
2240.jpg,40-49,Male,Indian
2241.jpg,30-39,Female,Others
2242.jpg,50-59,Male,Black
2243.jpg,30-39,Male,White
2244.jpg,50-59,Male,White
2245.jpg,30-39,Male,White
2246.jpg,50-59,Male,Others
2247.jpg,30-39,Male,Others
2248.jpg,50-59,Male,Others
2249.jpg,50-59,Male,White
225.jpg,30-39,Male,White
2250.jpg,30-39,Female,Others
2251.jpg,50-59,Female,White
2252.jpg,30-39,Male,Others
2253.jpg,30-39,Male,White
2254.jpg,30-39,Male,White
2255.jpg,50-59,Male,White
2256.jpg,50-59,Male,Others
2257.jpg,40-49,Male,Black
2258.jpg,more than 70,Male,Black
2259.jpg,40-49,Male,Black
226.jpg,0-2,Female,Asian
2260.jpg,30-39,Male,Black
2261.jpg,30-39,Female,Black
2262.jpg,30-39,Male,Asian
2263.jpg,30-39,Male,Asian
2264.jpg,30-39,Male,Asian
2265.jpg,50-59,Male,Others
2266.jpg,30-39,Male,Indian
2267.jpg,40-49,Male,Others
2268.jpg,50-59,Male,Others
2269.jpg,40-49,Male,Others
227.jpg,0-2,Male,Asian
2270.jpg,50-59,Male,Others
2271.jpg,30-39,Male,Indian
2272.jpg,50-59,Male,Indian
2273.jpg,30-39,Male,Others
2274.jpg,30-39,Male,Indian
2275.jpg,30-39,Male,Indian
2276.jpg,40-49,Male,Others
2277.jpg,50-59,Male,Others
2278.jpg,40-49,Male,White
2279.jpg,30-39,Male,Asian
2280.jpg,50-59,Female,White
2281.jpg,40-49,Female,White
2282.jpg,40-49,Female,White
2283.jpg,30-39,Female,Others
2284.jpg,30-39,Female,White
2285.jpg,30-39,Female,White
2286.jpg,30-39,Female,White
2287.jpg,50-59,Male,White
2288.jpg,30-39,Female,Asian
2289.jpg,30-39,Female,White
229.jpg,0-2,Male,Others
2290.jpg,40-49,Female,White
2291.jpg,30-39,Female,Black
2292.jpg,50-59,Male,Others
2293.jpg,30-39,Female,Indian
2294.jpg,50-59,Male,White
2295.jpg,50-59,Male,White
2296.jpg,30-39,Male,Others
2297.jpg,30-39,Male,White
2298.jpg,30-39,Male,Others
2299.jpg,40-49,Male,Others
23.jpg,3-9,Male,White
230.jpg,0-2,Male,Asian
2300.jpg,30-39,Male,White
2301.jpg,30-39,Male,White
2302.jpg,50-59,Male,Others
2303.jpg,60-69,Male,Others
2304.jpg,50-59,Male,Others
2305.jpg,30-39,Female,White
2306.jpg,40-49,Female,White
2307.jpg,10-19,Male,White
2308.jpg,20-29,Male,Asian
2309.jpg,30-39,Female,Asian
2310.jpg,50-59,Male,Others
2311.jpg,30-39,Female,White
2312.jpg,40-49,Male,White
2313.jpg,50-59,Male,White
2314.jpg,50-59,Male,White
2315.jpg,40-49,Male,White
2316.jpg,30-39,Female,Others
2318.jpg,40-49,Male,White
2319.jpg,30-39,Male,Black
232.jpg,more than 70,Female,White
2320.jpg,40-49,Female,Asian
2321.jpg,30-39,Female,Asian
2322.jpg,40-49,Male,Asian
2323.jpg,30-39,Male,Others
2324.jpg,40-49,Male,Others
2325.jpg,50-59,Female,Black
2326.jpg,40-49,Male,Others
2327.jpg,50-59,Male,Asian
2328.jpg,50-59,Male,Indian
2329.jpg,60-69,Male,White
233.jpg,30-39,Male,Others
2330.jpg,30-39,Male,White
2331.jpg,40-49,Female,White
2332.jpg,30-39,Female,White
2333.jpg,20-29,Female,White
2334.jpg,50-59,Female,White
2335.jpg,30-39,Female,Indian
2336.jpg,30-39,Female,White
2337.jpg,30-39,Female,Black
2338.jpg,30-39,Female,Others
2339.jpg,50-59,Male,White
234.jpg,3-9,Male,Others
2340.jpg,30-39,Male,White
2341.jpg,50-59,Male,White
2342.jpg,50-59,Male,White
2343.jpg,30-39,Male,White
2344.jpg,30-39,Male,Indian
2345.jpg,50-59,Male,White
2346.jpg,10-19,Male,White
2347.jpg,30-39,Male,White
2348.jpg,50-59,Male,White
2349.jpg,40-49,Male,White
235.jpg,3-9,Female,Asian
2350.jpg,50-59,Male,Others
2351.jpg,30-39,Male,White
2352.jpg,50-59,Male,Asian
2353.jpg,30-39,Female,Others
2354.jpg,50-59,Male,Others
2355.jpg,40-49,Male,Indian
2356.jpg,40-49,Male,Others
2357.jpg,30-39,Female,White
2358.jpg,30-39,Female,White
2359.jpg,40-49,Female,White
236.jpg,3-9,Male,Asian
2360.jpg,30-39,Female,White
2361.jpg,30-39,Female,Black
2362.jpg,30-39,Female,Black
2363.jpg,10-19,Female,Asian
2364.jpg,20-29,Female,Others
2365.jpg,3-9,Female,White
2366.jpg,30-39,Male,White
2367.jpg,20-29,Female,Black
2368.jpg,50-59,Male,Others
2369.jpg,30-39,Male,Others
2370.jpg,30-39,Female,Asian
2371.jpg,30-39,Male,Others
2372.jpg,50-59,Male,Others
2373.jpg,40-49,Male,Others
2374.jpg,50-59,Male,White
2375.jpg,more than 70,Female,Black
2376.jpg,30-39,Male,White
2377.jpg,20-29,Male,Black
2378.jpg,50-59,Male,White
2379.jpg,30-39,Male,Asian
238.jpg,10-19,Male,Indian
2380.jpg,30-39,Male,Others
2381.jpg,30-39,Male,Indian
2382.jpg,30-39,Male,White
2384.jpg,50-59,Male,Indian
2385.jpg,40-49,Male,Indian
2386.jpg,50-59,Male,Others
2387.jpg,30-39,Male,Others
2388.jpg,60-69,Male,Others
2389.jpg,30-39,Male,Black
239.jpg,0-2,Male,Black
2390.jpg,30-39,Male,White
2391.jpg,40-49,Male,Others
2392.jpg,40-49,Male,Others
2393.jpg,40-49,Male,Indian
2394.jpg,50-59,Male,Others
2395.jpg,50-59,Male,Others
2396.jpg,30-39,Female,White
2397.jpg,60-69,Female,White
2398.jpg,30-39,Male,Asian
2399.jpg,30-39,Female,White
24.jpg,30-39,Male,White
240.jpg,0-2,Male,White
2400.jpg,40-49,Female,Others
2401.jpg,50-59,Male,Black
2402.jpg,30-39,Female,Asian
2403.jpg,50-59,Male,Asian
2404.jpg,30-39,Female,White
2405.jpg,50-59,Female,Asian
2406.jpg,50-59,Male,White
2407.jpg,60-69,Male,Others
2408.jpg,40-49,Male,Others
2409.jpg,50-59,Male,Others
241.jpg,0-2,Female,Asian
2410.jpg,30-39,Female,White
2411.jpg,30-39,Male,Others
2412.jpg,50-59,Male,White
2413.jpg,50-59,Female,Others
2414.jpg,50-59,Male,Others
2415.jpg,40-49,Male,Others
2416.jpg,40-49,Male,White
2417.jpg,40-49,Male,White
2418.jpg,30-39,Male,Black
2419.jpg,40-49,Male,Indian
242.jpg,50-59,Female,Indian
2420.jpg,30-39,Male,Indian
2422.jpg,30-39,Male,Asian
2423.jpg,50-59,Male,Asian
2424.jpg,50-59,Male,Asian
2425.jpg,50-59,Male,Others
2426.jpg,50-59,Male,Others
2427.jpg,30-39,Male,Others
2428.jpg,40-49,Male,Others
2429.jpg,40-49,Male,Others
243.jpg,30-39,Female,Others
2430.jpg,40-49,Male,Indian
2431.jpg,50-59,Male,Others
2432.jpg,30-39,Male,Indian
2433.jpg,50-59,Male,Others
2434.jpg,40-49,Male,Indian
2435.jpg,30-39,Male,Others
2436.jpg,50-59,Female,White
2437.jpg,20-29,Female,White
2438.jpg,30-39,Female,White
2439.jpg,40-49,Female,White
2440.jpg,30-39,Female,White
2441.jpg,20-29,Male,Asian
2442.jpg,60-69,Female,Others
2443.jpg,10-19,Female,Others
2444.jpg,30-39,Female,Others
2445.jpg,40-49,Male,Others
2446.jpg,30-39,Male,White
2447.jpg,30-39,Female,White
2448.jpg,30-39,Male,Others
2449.jpg,30-39,Male,White
245.jpg,3-9,Male,Others
2450.jpg,50-59,Male,White
2451.jpg,30-39,Female,Others
2452.jpg,30-39,Male,Black
2453.jpg,3-9,Male,Black
2454.jpg,30-39,Male,Black
2455.jpg,50-59,Male,Black
2456.jpg,30-39,Male,Black
2457.jpg,50-59,Female,Asian
2458.jpg,more than 70,Male,Asian
2459.jpg,60-69,Male,Indian
246.jpg,0-2,Male,Asian
2461.jpg,50-59,Female,White
2462.jpg,30-39,Female,Others
2463.jpg,30-39,Female,Others
2464.jpg,30-39,Female,Others
2465.jpg,30-39,Female,Others
2466.jpg,40-49,Female,Others
2467.jpg,40-49,Female,Others
2468.jpg,30-39,Male,Black
2469.jpg,30-39,Female,Black
2470.jpg,20-29,Female,Black
2471.jpg,20-29,Female,Black
2472.jpg,50-59,Male,White
2473.jpg,30-39,Male,Others
2474.jpg,30-39,Male,White
2475.jpg,60-69,Female,White
2476.jpg,40-49,Male,White
2477.jpg,40-49,Male,Asian
2478.jpg,30-39,Female,White
2479.jpg,50-59,Male,Others
248.jpg,3-9,Female,Indian
2480.jpg,40-49,Female,Black
2481.jpg,30-39,Male,Others
2482.jpg,30-39,Male,White
2483.jpg,20-29,Male,White
2484.jpg,60-69,Male,Others
2485.jpg,30-39,Male,White
2486.jpg,60-69,Male,Others
2487.jpg,40-49,Male,White
2488.jpg,60-69,Female,White
2489.jpg,60-69,Male,White
249.jpg,3-9,Female,White
2490.jpg,30-39,Male,White
2491.jpg,40-49,Male,White
2492.jpg,30-39,Male,White
2493.jpg,50-59,Male,Others
2494.jpg,50-59,Male,Others
2495.jpg,30-39,Male,Others
2496.jpg,50-59,Male,Asian
2497.jpg,30-39,Male,Others
2499.jpg,60-69,Male,White
25.jpg,20-29,Female,Others
250.jpg,10-19,Female,Asian
2500.jpg,60-69,Male,White
2501.jpg,50-59,Male,White
2502.jpg,30-39,Male,White
2503.jpg,50-59,Male,Others
2504.jpg,60-69,Male,Asian
2505.jpg,50-59,Male,Others
2506.jpg,50-59,Male,Others
2507.jpg,50-59,Male,Asian
2508.jpg,60-69,Male,Asian
2509.jpg,50-59,Male,Others
251.jpg,30-39,Male,Others
2510.jpg,50-59,Female,Indian
2511.jpg,50-59,Male,Others
2512.jpg,more than 70,Male,Indian
2513.jpg,50-59,Male,Others
2514.jpg,50-59,Male,Others
2515.jpg,50-59,Male,Others
2516.jpg,60-69,Female,Indian
2517.jpg,40-49,Male,Others
2518.jpg,40-49,Male,Indian
2519.jpg,40-49,Male,Others
2520.jpg,60-69,Male,Others
2521.jpg,50-59,Female,White
2522.jpg,50-59,Male,Black
2523.jpg,30-39,Female,Black
2524.jpg,50-59,Female,White
2525.jpg,40-49,Male,White
2526.jpg,30-39,Male,Asian
2527.jpg,60-69,Male,Indian
2528.jpg,40-49,Male,Asian
2529.jpg,30-39,Male,Others
253.jpg,0-2,Male,Asian
2530.jpg,30-39,Female,Asian
2531.jpg,3-9,Male,Others
2532.jpg,10-19,Male,Black
2533.jpg,3-9,Male,Asian
2534.jpg,3-9,Female,Others
2535.jpg,3-9,Female,Others
2536.jpg,3-9,Female,Others
2537.jpg,3-9,Male,Others
2538.jpg,3-9,Female,Others
2539.jpg,3-9,Female,Asian
254.jpg,3-9,Female,Others
2540.jpg,3-9,Male,Others
2541.jpg,3-9,Male,White
2542.jpg,3-9,Female,White
2543.jpg,3-9,Male,White
2544.jpg,3-9,Female,Others
2545.jpg,3-9,Female,White
2546.jpg,3-9,Female,Asian
2547.jpg,3-9,Male,Asian
2548.jpg,3-9,Male,Others
2549.jpg,3-9,Female,White
255.jpg,0-2,Male,White
2553.jpg,3-9,Female,Asian
2554.jpg,3-9,Male,Asian
2555.jpg,30-39,Female,Others
2556.jpg,10-19,Female,Indian
2557.jpg,50-59,Male,White
2558.jpg,60-69,Male,White
2559.jpg,30-39,Male,White
256.jpg,30-39,Female,Others
2560.jpg,30-39,Female,White
2561.jpg,50-59,Male,Indian
2562.jpg,30-39,Male,Black
2563.jpg,30-39,Male,Others
2564.jpg,60-69,Male,Others
2565.jpg,60-69,Male,White
2566.jpg,20-29,Male,White
2567.jpg,30-39,Male,Others
2568.jpg,30-39,Male,White
2569.jpg,30-39,Female,White
2570.jpg,40-49,Male,Others
2571.jpg,30-39,Female,White
2572.jpg,30-39,Male,Indian
2573.jpg,30-39,Male,Asian
2574.jpg,30-39,Male,Asian
2575.jpg,50-59,Male,Asian
2576.jpg,60-69,Female,Others
2577.jpg,30-39,Male,Others
2578.jpg,60-69,Male,Others
2579.jpg,30-39,Male,Others
258.jpg,3-9,Male,Others
2580.jpg,30-39,Male,Others
2581.jpg,30-39,Male,Others
2582.jpg,50-59,Male,Indian
2583.jpg,40-49,Male,Black
2584.jpg,50-59,Male,Indian
2585.jpg,30-39,Female,White
2586.jpg,20-29,Female,Others
2587.jpg,30-39,Male,Asian
2588.jpg,40-49,Female,Asian
2589.jpg,30-39,Female,White
259.jpg,30-39,Male,White
2590.jpg,30-39,Female,White
2591.jpg,30-39,Female,Asian
2592.jpg,30-39,Male,White
2593.jpg,40-49,Male,White
2594.jpg,20-29,Female,Others
2595.jpg,30-39,Female,Others
2596.jpg,30-39,Female,White
2597.jpg,40-49,Female,White
2598.jpg,30-39,Female,Others
2599.jpg,50-59,Female,Indian
26.jpg,30-39,Male,White
260.jpg,0-2,Female,White
2600.jpg,30-39,Female,Black
2601.jpg,30-39,Male,Indian
2602.jpg,50-59,Male,Others
2603.jpg,30-39,Male,White
2604.jpg,40-49,Male,Others
2605.jpg,30-39,Male,Indian
2606.jpg,30-39,Male,Others
2607.jpg,50-59,Male,Others
2608.jpg,more than 70,Male,Others
2609.jpg,30-39,Male,Black
261.jpg,0-2,Male,Asian
2610.jpg,50-59,Male,Black
2612.jpg,50-59,Male,White
2613.jpg,50-59,Female,Others
2614.jpg,50-59,Male,White
2615.jpg,40-49,Male,Others
2616.jpg,30-39,Male,Others
2617.jpg,50-59,Male,Others
2618.jpg,30-39,Female,White
262.jpg,30-39,Male,Others
2620.jpg,30-39,Male,Others
2621.jpg,50-59,Female,Indian
2622.jpg,more than 70,Female,Asian
2623.jpg,60-69,Male,Others
2624.jpg,60-69,Male,Others
2625.jpg,50-59,Male,Others
2626.jpg,60-69,Male,White
2627.jpg,60-69,Male,White
2628.jpg,60-69,Male,White
2629.jpg,50-59,Male,White
2630.jpg,50-59,Male,Others
2631.jpg,40-49,Female,White
2632.jpg,more than 70,Male,Black
2633.jpg,50-59,Male,Black
2634.jpg,50-59,Female,Asian
2635.jpg,50-59,Female,White
2636.jpg,30-39,Female,Others
2637.jpg,20-29,Female,White
2638.jpg,50-59,Female,Black
2639.jpg,30-39,Female,Others
2640.jpg,30-39,Male,Others
2641.jpg,50-59,Male,White
2642.jpg,50-59,Male,Asian
2643.jpg,60-69,Male,White
2644.jpg,30-39,Male,White
2645.jpg,40-49,Male,Others
2646.jpg,50-59,Male,White
2647.jpg,60-69,Male,Indian
2648.jpg,40-49,Male,Indian
2649.jpg,40-49,Male,Indian
265.jpg,30-39,Female,Others
2650.jpg,60-69,Male,White
2651.jpg,30-39,Male,Black
2652.jpg,50-59,Female,Others
2653.jpg,20-29,Female,White
2654.jpg,30-39,Female,White
2655.jpg,50-59,Male,White
2656.jpg,60-69,Male,Others
2657.jpg,30-39,Male,White
2658.jpg,more than 70,Male,Asian
2659.jpg,40-49,Male,Black
266.jpg,30-39,Female,Asian
2660.jpg,more than 70,Male,White
2661.jpg,50-59,Male,Others
2662.jpg,60-69,Male,Others
2663.jpg,50-59,Male,White
2664.jpg,more than 70,Male,Others
2665.jpg,50-59,Male,Others
2666.jpg,50-59,Female,Others
2667.jpg,50-59,Male,White
2668.jpg,50-59,Male,Indian
2669.jpg,60-69,Male,Others
267.jpg,0-2,Female,Asian
2670.jpg,30-39,Male,Others
2671.jpg,40-49,Male,Others
2673.jpg,60-69,Male,White
2674.jpg,50-59,Male,White
2676.jpg,60-69,Male,Black
2677.jpg,30-39,Male,Black
2678.jpg,more than 70,Female,Black
2679.jpg,more than 70,Male,Others
268.jpg,30-39,Female,Asian
2680.jpg,60-69,Male,Others
2681.jpg,50-59,Male,Black
2682.jpg,50-59,Male,Indian
2683.jpg,50-59,Male,White
2684.jpg,40-49,Male,White
2685.jpg,30-39,Female,White
2686.jpg,30-39,Male,White
2687.jpg,3-9,Female,White
2688.jpg,30-39,Female,White
2689.jpg,30-39,Female,White
269.jpg,3-9,Female,White
2690.jpg,60-69,Female,White
2692.jpg,30-39,Male,White
2693.jpg,3-9,Female,Others
2694.jpg,3-9,Male,Indian
2695.jpg,30-39,Female,Black
2696.jpg,more than 70,Female,Black
2697.jpg,60-69,Male,Indian
2698.jpg,50-59,Male,Indian
2699.jpg,50-59,Male,White
27.jpg,30-39,Male,Others
270.jpg,0-2,Female,Indian
2700.jpg,30-39,Male,Others
2701.jpg,30-39,Male,Asian
2702.jpg,30-39,Male,Others
2703.jpg,30-39,Female,White
2704.jpg,3-9,Female,White
2705.jpg,50-59,Female,Others
2706.jpg,60-69,Male,White
2707.jpg,30-39,Male,Black
2708.jpg,40-49,Male,Indian
2709.jpg,more than 70,Male,Others
271.jpg,30-39,Female,Others
2710.jpg,more than 70,Male,Indian
2711.jpg,60-69,Male,White
2712.jpg,30-39,Female,White
2714.jpg,60-69,Male,Asian
2715.jpg,60-69,Male,White
2716.jpg,50-59,Male,Others
2717.jpg,50-59,Male,White
2718.jpg,50-59,Male,White
2719.jpg,30-39,Male,White
2720.jpg,40-49,Male,Others
2722.jpg,30-39,Male,Black
2723.jpg,40-49,Male,Asian
2724.jpg,50-59,Female,Indian
2725.jpg,40-49,Male,Others
2726.jpg,50-59,Male,Others
2727.jpg,50-59,Female,White
2728.jpg,40-49,Female,Others
2729.jpg,50-59,Male,White
273.jpg,0-2,Male,Others
2730.jpg,50-59,Male,Asian
2731.jpg,40-49,Male,White
2732.jpg,more than 70,Female,White
2733.jpg,30-39,Female,White
2734.jpg,30-39,Female,White
2735.jpg,20-29,Male,Others
2736.jpg,more than 70,Female,White
2737.jpg,60-69,Male,Black
2738.jpg,0-2,Male,Others
2739.jpg,3-9,Male,Asian
274.jpg,30-39,Male,Asian
2740.jpg,3-9,Female,White
2741.jpg,0-2,Male,Asian
2742.jpg,10-19,Female,White
2743.jpg,10-19,Female,White
2744.jpg,3-9,Female,Indian
2745.jpg,3-9,Male,Asian
2746.jpg,30-39,Female,Asian
2747.jpg,30-39,Female,Asian
2748.jpg,20-29,Female,White
2749.jpg,10-19,Female,Indian
275.jpg,0-2,Female,White
2750.jpg,50-59,Male,Others
2751.jpg,3-9,Female,Indian
2752.jpg,3-9,Male,Indian
2753.jpg,50-59,Male,White
2754.jpg,60-69,Male,White
2755.jpg,40-49,Male,Others
2756.jpg,50-59,Male,White
2757.jpg,50-59,Male,White
2758.jpg,50-59,Female,White
2759.jpg,30-39,Female,White
276.jpg,30-39,Male,Others
2760.jpg,more than 70,Male,Black
2761.jpg,30-39,Male,Black
2762.jpg,20-29,Female,White
2763.jpg,40-49,Male,Black
2764.jpg,40-49,Female,White
2765.jpg,60-69,Male,White
2766.jpg,30-39,Female,Black
2767.jpg,40-49,Male,Black
2768.jpg,60-69,Male,Others
2769.jpg,50-59,Male,Others
2770.jpg,more than 70,Male,Black
2771.jpg,3-9,Female,White
2772.jpg,60-69,Female,White
2773.jpg,50-59,Female,Black
2774.jpg,30-39,Male,Black
2775.jpg,60-69,Male,Asian
2776.jpg,more than 70,Male,Indian
2777.jpg,20-29,Female,Others
2778.jpg,40-49,Female,White
2779.jpg,60-69,Female,White
278.jpg,30-39,Female,Asian
2780.jpg,30-39,Male,White
2781.jpg,50-59,Female,Others
2782.jpg,50-59,Male,Asian
2783.jpg,60-69,Male,White
2784.jpg,60-69,Male,White
2785.jpg,60-69,Male,White
2786.jpg,40-49,Female,White
2787.jpg,60-69,Female,Others
2788.jpg,30-39,Female,White
2789.jpg,more than 70,Female,Others
279.jpg,30-39,Female,Asian
2790.jpg,60-69,Female,Asian
2791.jpg,50-59,Female,Asian
2792.jpg,60-69,Male,Others
2793.jpg,50-59,Male,White
2794.jpg,60-69,Male,Others
2795.jpg,50-59,Male,Asian
2796.jpg,60-69,Male,Indian
2797.jpg,30-39,Female,Others
2798.jpg,50-59,Male,White
2799.jpg,30-39,Male,White
1.jpg,50-59,Male,Others
10.jpg,3-9,Female,Indian
100.jpg,10-19,Male,Others
1000.jpg,40-49,Male,White
1001.jpg,30-39,Male,Others
1002.jpg,30-39,Male,Others
1003.jpg,30-39,Male,Others
1004.jpg,30-39,Female,White
1005.jpg,30-39,Male,White
1006.jpg,10-19,Male,White
1007.jpg,20-29,Male,Asian
1008.jpg,30-39,Male,Black
1009.jpg,30-39,Male,Black
101.jpg,30-39,Male,Asian
1010.jpg,20-29,Male,Black
1011.jpg,30-39,Male,Indian
1012.jpg,10-19,Male,Black
1013.jpg,30-39,Male,Asian
1014.jpg,40-49,Male,Others
1015.jpg,30-39,Male,Indian
1016.jpg,30-39,Male,Others
1017.jpg,20-29,Male,Others
1018.jpg,30-39,Male,Others
1019.jpg,20-29,Male,Indian
102.jpg,30-39,Male,White
1020.jpg,10-19,Male,Asian
1021.jpg,30-39,Male,Indian
1022.jpg,30-39,Male,Asian
1023.jpg,30-39,Male,Others
1024.jpg,30-39,Male,Others
1025.jpg,20-29,Male,Others
1026.jpg,30-39,Female,White
1027.jpg,50-59,Female,White
1028.jpg,10-19,Female,Others
1029.jpg,30-39,Female,Black
103.jpg,30-39,Male,White
1030.jpg,20-29,Female,Black
1031.jpg,20-29,Female,Black
1032.jpg,30-39,Female,Black
1033.jpg,20-29,Female,Black
1034.jpg,20-29,Female,Black
1035.jpg,30-39,Female,Black
1036.jpg,10-19,Female,Black
1037.jpg,30-39,Female,Black
1038.jpg,3-9,Male,Others
1039.jpg,30-39,Female,Asian
104.jpg,30-39,Male,White
1040.jpg,30-39,Female,Asian
1041.jpg,20-29,Female,Others
1042.jpg,10-19,Male,Asian
1043.jpg,20-29,Female,Asian
1044.jpg,20-29,Female,Asian
1045.jpg,20-29,Female,Asian
1046.jpg,30-39,Female,Asian
1047.jpg,20-29,Female,Asian
1048.jpg,30-39,Female,Asian
1049.jpg,10-19,Female,Asian
105.jpg,10-19,Male,White
1051.jpg,10-19,Female,Asian
1052.jpg,10-19,Female,Asian
1053.jpg,20-29,Female,Asian
1054.jpg,0-2,Male,Others
1055.jpg,10-19,Female,Asian
1056.jpg,3-9,Female,Others
1057.jpg,30-39,Female,Others
1058.jpg,10-19,Female,White
1059.jpg,30-39,Female,White
106.jpg,3-9,Male,White
1060.jpg,20-29,Female,Others
1061.jpg,20-29,Female,White
1062.jpg,10-19,Male,White
1063.jpg,30-39,Male,Others
1064.jpg,30-39,Male,Others
1065.jpg,30-39,Male,White
1066.jpg,20-29,Male,Others
1067.jpg,30-39,Male,Others
1068.jpg,30-39,Female,White
1069.jpg,30-39,Male,White
107.jpg,30-39,Male,White
1070.jpg,30-39,Male,White
1071.jpg,20-29,Male,White
1072.jpg,30-39,Male,White
1073.jpg,30-39,Male,Asian
1074.jpg,20-29,Female,Asian
1075.jpg,50-59,Male,Others
1076.jpg,30-39,Male,Others
1077.jpg,20-29,Male,White
1078.jpg,20-29,Male,White
1079.jpg,20-29,Female,Others
108.jpg,30-39,Male,Others
1080.jpg,30-39,Male,Others
1081.jpg,30-39,Male,Others
1082.jpg,30-39,Male,Others
1083.jpg,10-19,Male,Others
1084.jpg,20-29,Male,Black
1085.jpg,30-39,Male,Asian
1087.jpg,10-19,Male,Black
1088.jpg,30-39,Male,Black
1089.jpg,30-39,Female,Black
109.jpg,3-9,Female,Others
1090.jpg,30-39,Male,Others
1091.jpg,10-19,Male,Black
1092.jpg,40-49,Male,Black
1093.jpg,30-39,Male,Black
1094.jpg,30-39,Male,Asian
1095.jpg,30-39,Male,Black
1096.jpg,30-39,Female,Black
1097.jpg,20-29,Male,Indian
1098.jpg,30-39,Female,Black
1099.jpg,30-39,Male,Black
11.jpg,30-39,Female,Others
110.jpg,30-39,Male,Asian
1100.jpg,30-39,Female,White
1101.jpg,30-39,Female,White
1102.jpg,3-9,Male,Asian
1103.jpg,10-19,Female,Others
1104.jpg,30-39,Male,Asian
1105.jpg,30-39,Male,Black
1106.jpg,30-39,Male,Others
1107.jpg,30-39,Male,Others
1108.jpg,20-29,Male,Asian
1109.jpg,40-49,Male,Indian
111.jpg,20-29,Male,White
1110.jpg,30-39,Male,Indian
1112.jpg,10-19,Male,Indian
1113.jpg,30-39,Male,Others
1114.jpg,30-39,Male,Others
1115.jpg,30-39,Male,Indian
1116.jpg,40-49,Male,Indian
1117.jpg,30-39,Male,Others
1118.jpg,40-49,Male,Others
1119.jpg,30-39,Female,Others
112.jpg,30-39,Female,Asian
1120.jpg,10-19,Male,Indian
1121.jpg,30-39,Male,Others
1122.jpg,30-39,Male,White
1123.jpg,30-39,Male,Indian
1125.jpg,30-39,Male,Others
1126.jpg,20-29,Female,White
1127.jpg,30-39,Female,White
1128.jpg,30-39,Female,White
1129.jpg,20-29,Female,Others
113.jpg,20-29,Female,Others
1130.jpg,30-39,Female,White
1132.jpg,30-39,Female,Black
1133.jpg,30-39,Female,White
1134.jpg,30-39,Female,Others
1135.jpg,20-29,Female,Others
1136.jpg,30-39,Male,Asian
1137.jpg,30-39,Female,White
1138.jpg,20-29,Male,Others
1139.jpg,30-39,Female,Asian
114.jpg,10-19,Female,White
1140.jpg,30-39,Female,White
1141.jpg,30-39,Female,Others
1142.jpg,20-29,Female,Black
1143.jpg,10-19,Male,Black
1144.jpg,3-9,Male,Indian
1145.jpg,50-59,Female,Indian
1146.jpg,10-19,Female,Black
1147.jpg,30-39,Female,White
1148.jpg,30-39,Female,Others
1149.jpg,30-39,Male,Indian
115.jpg,30-39,Male,Others
1150.jpg,30-39,Female,Others
1151.jpg,30-39,Female,Black
1152.jpg,20-29,Female,Asian
1153.jpg,50-59,Female,White
1154.jpg,30-39,Female,Black
1155.jpg,30-39,Female,Black
1156.jpg,30-39,Female,Black
1157.jpg,3-9,Female,Black
1158.jpg,20-29,Female,Asian
1159.jpg,20-29,Female,Others
116.jpg,30-39,Female,Others
1160.jpg,20-29,Female,Asian
1161.jpg,20-29,Female,Asian
1162.jpg,10-19,Female,Asian
1163.jpg,20-29,Female,Asian
1164.jpg,20-29,Female,Asian
1165.jpg,10-19,Female,Asian
1166.jpg,3-9,Female,White
1167.jpg,30-39,Female,Others
1168.jpg,30-39,Female,Asian
1169.jpg,20-29,Female,Asian
117.jpg,30-39,Male,Indian
1170.jpg,20-29,Female,Asian
1171.jpg,20-29,Female,Asian
1172.jpg,30-39,Female,White
1173.jpg,30-39,Female,Asian
1174.jpg,10-19,Female,Asian
1175.jpg,20-29,Female,Asian
1176.jpg,10-19,Female,Asian
1177.jpg,30-39,Female,Indian
1178.jpg,30-39,Female,Others
1179.jpg,20-29,Female,Others
118.jpg,30-39,Female,White
1180.jpg,40-49,Female,Others
1181.jpg,10-19,Male,Indian
1182.jpg,30-39,Female,White
1183.jpg,20-29,Female,Others
1184.jpg,10-19,Female,Indian
1185.jpg,10-19,Female,Others
1186.jpg,30-39,Female,Asian
1187.jpg,30-39,Female,Others
1188.jpg,20-29,Female,Others
1189.jpg,30-39,Female,White
119.jpg,30-39,Female,Asian
1190.jpg,20-29,Female,Indian
1191.jpg,20-29,Female,Others
1192.jpg,30-39,Male,White
1193.jpg,30-39,Male,Others
1194.jpg,30-39,Male,Others
1195.jpg,30-39,Male,Indian
1196.jpg,30-39,Male,Others
1197.jpg,40-49,Male,Others
1198.jpg,50-59,Male,Others
1199.jpg,20-29,Male,Others
12.jpg,3-9,Female,Black
120.jpg,30-39,Male,White
1200.jpg,20-29,Male,Others
1201.jpg,30-39,Male,Others
1202.jpg,30-39,Male,Others
1203.jpg,30-39,Male,Others
1204.jpg,40-49,Male,Others
1205.jpg,40-49,Male,Others
1206.jpg,20-29,Male,Others
1207.jpg,20-29,Male,Others
1208.jpg,10-19,Male,Black
1209.jpg,20-29,Male,Others
121.jpg,10-19,Male,Asian
1210.jpg,40-49,Female,Others
1212.jpg,30-39,Male,Black
1213.jpg,40-49,Male,Indian
1215.jpg,30-39,Male,Black
1216.jpg,40-49,Male,Others
1217.jpg,20-29,Male,Others
1218.jpg,50-59,Male,Others
1219.jpg,30-39,Male,Others
122.jpg,20-29,Male,Asian
1220.jpg,30-39,Female,Indian
1221.jpg,3-9,Male,Others
1222.jpg,30-39,Male,Indian
1223.jpg,30-39,Male,Others
1224.jpg,30-39,Male,Indian
1225.jpg,50-59,Male,Others
1226.jpg,30-39,Male,Others
1227.jpg,30-39,Female,White
1228.jpg,30-39,Female,Others
1229.jpg,30-39,Female,Others
123.jpg,30-39,Female,Black
1230.jpg,20-29,Male,Asian
1231.jpg,30-39,Female,Black
1232.jpg,30-39,Female,Others
1233.jpg,20-29,Female,Others
1234.jpg,20-29,Female,White
1235.jpg,30-39,Female,Asian
1237.jpg,20-29,Male,Black
1238.jpg,20-29,Male,Asian
1239.jpg,30-39,Female,White
124.jpg,10-19,Male,Black
1240.jpg,10-19,Female,Others
1241.jpg,30-39,Female,Black
1242.jpg,30-39,Female,Black
1243.jpg,30-39,Male,Others
1244.jpg,10-19,Female,Others
1245.jpg,10-19,Female,Black
1246.jpg,20-29,Female,Others
1247.jpg,20-29,Female,Indian
1248.jpg,20-29,Female,Asian
1249.jpg,30-39,Female,Others
1250.jpg,30-39,Female,White
1251.jpg,20-29,Female,Asian
1252.jpg,20-29,Female,Asian
1254.jpg,20-29,Female,Asian
1255.jpg,20-29,Female,Asian
1256.jpg,20-29,Female,Others
1257.jpg,3-9,Female,White
1258.jpg,20-29,Female,Others
126.jpg,20-29,Male,Others
1260.jpg,30-39,Male,Asian
1261.jpg,3-9,Male,Asian
1262.jpg,3-9,Female,Others
1263.jpg,0-2,Male,Indian
1264.jpg,3-9,Female,Asian
1265.jpg,3-9,Male,White
1266.jpg,3-9,Male,White
1267.jpg,10-19,Female,White
1268.jpg,3-9,Male,Others
1269.jpg,0-2,Female,Asian
127.jpg,10-19,Male,Indian
1270.jpg,3-9,Female,Asian
1271.jpg,3-9,Female,Asian
1272.jpg,0-2,Female,Asian
1273.jpg,0-2,Male,Asian
1274.jpg,0-2,Female,Asian
1275.jpg,40-49,Female,Asian
1276.jpg,40-49,Male,Asian
1277.jpg,3-9,Male,Asian
1278.jpg,3-9,Male,Asian
1279.jpg,0-2,Male,White
128.jpg,30-39,Female,White
1280.jpg,3-9,Male,Asian
1281.jpg,3-9,Male,Asian
1282.jpg,0-2,Female,Asian
1283.jpg,0-2,Male,White
1284.jpg,30-39,Male,Others
1285.jpg,3-9,Male,Asian
1286.jpg,3-9,Male,Indian
1287.jpg,0-2,Male,Asian
1288.jpg,3-9,Female,Asian
1289.jpg,10-19,Male,Asian
129.jpg,20-29,Female,Others
1290.jpg,0-2,Female,Asian
1291.jpg,30-39,Female,Others
1292.jpg,3-9,Male,White
1293.jpg,3-9,Female,White
1294.jpg,0-2,Male,White
1295.jpg,3-9,Female,White
1296.jpg,0-2,Male,Others
1297.jpg,0-2,Male,White
1299.jpg,3-9,Female,Others
13.jpg,3-9,Male,Indian
130.jpg,3-9,Female,White
1300.jpg,0-2,Female,Asian
1302.jpg,3-9,Male,Asian
1304.jpg,3-9,Male,Asian
1305.jpg,3-9,Male,Asian
1306.jpg,0-2,Female,Asian
1308.jpg,3-9,Male,Asian
1309.jpg,0-2,Female,White
131.jpg,30-39,Female,White
1310.jpg,30-39,Female,Others
1311.jpg,0-2,Male,Asian
1312.jpg,50-59,Female,Asian
1314.jpg,0-2,Male,White
1315.jpg,10-19,Male,Asian
1316.jpg,3-9,Male,Asian
1317.jpg,3-9,Female,White
1318.jpg,0-2,Female,Asian
1319.jpg,3-9,Female,Asian
132.jpg,3-9,Male,Others
1320.jpg,30-39,Female,Asian
1321.jpg,0-2,Male,Indian
1324.jpg,30-39,Male,Others
1325.jpg,3-9,Male,Others
1326.jpg,3-9,Female,Others
1327.jpg,3-9,Male,White
1328.jpg,30-39,Female,White
1329.jpg,30-39,Male,Asian
133.jpg,10-19,Female,White
1330.jpg,3-9,Female,Asian
1331.jpg,3-9,Female,Others
1333.jpg,30-39,Female,Others
1334.jpg,0-2,Male,Asian
1335.jpg,40-49,Female,Asian
1336.jpg,3-9,Female,Asian
1337.jpg,30-39,Male,Others
1338.jpg,20-29,Male,White
1339.jpg,30-39,Male,Others
134.jpg,10-19,Female,White
1340.jpg,30-39,Male,White
1341.jpg,30-39,Male,White
1342.jpg,30-39,Male,White
1343.jpg,30-39,Male,White
1344.jpg,30-39,Female,Others
1345.jpg,30-39,Male,Others
1346.jpg,30-39,Male,White
1347.jpg,30-39,Female,Others
1348.jpg,30-39,Male,White
1349.jpg,30-39,Male,Others
135.jpg,10-19,Female,White
1350.jpg,20-29,Female,Black
1351.jpg,30-39,Male,White
1352.jpg,20-29,Male,White
1353.jpg,30-39,Male,Black
1354.jpg,20-29,Male,Others
1355.jpg,30-39,Male,Others
1356.jpg,30-39,Male,Black
1357.jpg,20-29,Male,Black
1358.jpg,50-59,Male,Others
1359.jpg,30-39,Male,Others
136.jpg,30-39,Male,White
1360.jpg,30-39,Male,Black
1361.jpg,60-69,Male,Others
1362.jpg,40-49,Male,Others
1363.jpg,30-39,Male,Asian
1364.jpg,3-9,Female,Asian
1365.jpg,30-39,Female,Asian
1366.jpg,30-39,Male,Asian
1367.jpg,30-39,Male,Asian
1369.jpg,20-29,Male,Asian
137.jpg,3-9,Female,White
1370.jpg,20-29,Male,White
1371.jpg,30-39,Male,Others
1372.jpg,3-9,Male,Indian
1374.jpg,30-39,Male,Others
1375.jpg,10-19,Female,White
1376.jpg,30-39,Female,White
1377.jpg,20-29,Female,White
1378.jpg,30-39,Female,White
1379.jpg,30-39,Female,Others
138.jpg,30-39,Female,Asian
1380.jpg,20-29,Female,Asian
1381.jpg,10-19,Female,Asian
1382.jpg,10-19,Female,White
1383.jpg,20-29,Female,Others
1384.jpg,20-29,Male,White
1385.jpg,20-29,Female,Others
1386.jpg,3-9,Female,Others
1388.jpg,30-39,Female,White
1389.jpg,30-39,Female,Others
139.jpg,3-9,Female,Asian
1390.jpg,20-29,Male,Others
1391.jpg,30-39,Female,White
1392.jpg,20-29,Female,White
1393.jpg,30-39,Female,Others
1394.jpg,30-39,Female,Asian
1395.jpg,30-39,Female,Asian
1397.jpg,30-39,Female,White
1398.jpg,30-39,Female,White
1399.jpg,50-59,Female,Asian
14.jpg,30-39,Male,Asian
1400.jpg,20-29,Female,White
1401.jpg,30-39,Female,Asian
1402.jpg,30-39,Female,Black
1403.jpg,30-39,Female,Black
1404.jpg,20-29,Female,Others
1405.jpg,20-29,Female,White
1406.jpg,10-19,Female,Others
1407.jpg,20-29,Female,Others
1408.jpg,20-29,Female,Asian
1409.jpg,20-29,Female,Others
141.jpg,30-39,Female,Others
1410.jpg,10-19,Female,Others
1411.jpg,20-29,Female,Others
1412.jpg,30-39,Female,Asian
1413.jpg,30-39,Female,White
1414.jpg,30-39,Female,Asian
1415.jpg,30-39,Male,Asian
1416.jpg,20-29,Female,Asian
1417.jpg,10-19,Male,Black
1418.jpg,20-29,Female,Indian
1419.jpg,30-39,Female,Indian
142.jpg,10-19,Female,White
1420.jpg,10-19,Female,Indian
1421.jpg,30-39,Male,Others
1422.jpg,10-19,Female,Indian
1423.jpg,30-39,Female,Others
1424.jpg,30-39,Female,Others
1425.jpg,30-39,Female,Asian
1426.jpg,30-39,Female,Indian
1427.jpg,10-19,Female,Others
1428.jpg,40-49,Female,Others
1429.jpg,30-39,Female,White
1430.jpg,20-29,Female,White
1431.jpg,30-39,Female,White
1432.jpg,30-39,Male,Black
1433.jpg,30-39,Male,White
1434.jpg,30-39,Male,White
1435.jpg,30-39,Male,Others
1436.jpg,20-29,Male,Others
1437.jpg,30-39,Male,Black
1438.jpg,30-39,Male,Black
1439.jpg,30-39,Male,Black
144.jpg,3-9,Female,Black
1440.jpg,30-39,Male,Black
1441.jpg,30-39,Male,Black
1442.jpg,20-29,Male,Asian
1443.jpg,20-29,Male,Asian
1444.jpg,30-39,Male,Others
1445.jpg,30-39,Male,Indian
1446.jpg,30-39,Male,Indian
1447.jpg,20-29,Male,White
1448.jpg,30-39,Male,White
1449.jpg,20-29,Female,White
145.jpg,10-19,Female,Asian
1450.jpg,30-39,Female,Others
1451.jpg,30-39,Female,White
1452.jpg,30-39,Female,Black
1453.jpg,3-9,Female,Black
1454.jpg,30-39,Female,Others
1455.jpg,10-19,Female,Black
1456.jpg,20-29,Female,Black
1457.jpg,30-39,Female,Black
1458.jpg,10-19,Female,Asian
1459.jpg,30-39,Female,Black
146.jpg,20-29,Female,Asian
1460.jpg,20-29,Female,Black
1461.jpg,20-29,Female,Others
1462.jpg,30-39,Female,Black
1463.jpg,30-39,Female,Asian
1464.jpg,30-39,Female,Asian
1465.jpg,3-9,Female,Indian
1466.jpg,30-39,Female,Indian
1467.jpg,20-29,Male,White
1468.jpg,30-39,Female,White
1469.jpg,30-39,Male,Others
147.jpg,30-39,Female,Indian
1470.jpg,30-39,Female,Others
1471.jpg,30-39,Female,Others
1472.jpg,30-39,Male,White
1473.jpg,30-39,Male,White
1474.jpg,30-39,Male,White
1475.jpg,30-39,Male,Black
1476.jpg,30-39,Male,Others
1477.jpg,30-39,Female,White
1478.jpg,30-39,Male,White
1479.jpg,20-29,Male,White
148.jpg,30-39,Female,Others
1480.jpg,30-39,Male,White
1481.jpg,30-39,Male,Others
1482.jpg,3-9,Male,Others
1483.jpg,30-39,Female,White
1484.jpg,30-39,Female,Indian
1485.jpg,30-39,Male,Others
1486.jpg,30-39,Male,Others
1487.jpg,30-39,Male,Others
1488.jpg,30-39,Male,Black
1489.jpg,30-39,Male,Black
149.jpg,20-29,Female,Others
1490.jpg,20-29,Male,Black
1491.jpg,40-49,Male,Black
1493.jpg,10-19,Female,Black
1494.jpg,30-39,Female,Black
1495.jpg,30-39,Female,Black
1496.jpg,30-39,Male,Black
1497.jpg,30-39,Male,Black
1498.jpg,20-29,Male,Asian
1499.jpg,20-29,Male,Asian
15.jpg,10-19,Female,Others
150.jpg,30-39,Female,Others
1500.jpg,30-39,Male,Others
1501.jpg,30-39,Male,Others
1502.jpg,30-39,Male,Others
1503.jpg,30-39,Male,Indian
1504.jpg,40-49,Male,Others
1505.jpg,30-39,Female,White
1506.jpg,40-49,Female,White
1507.jpg,20-29,Female,White
1508.jpg,30-39,Male,White
151.jpg,20-29,Female,Others
1510.jpg,20-29,Female,White
1511.jpg,30-39,Female,White
1512.jpg,30-39,Female,Others
1513.jpg,30-39,Female,White
1514.jpg,30-39,Female,Others
1515.jpg,40-49,Female,Others
1516.jpg,20-29,Female,Asian
1517.jpg,10-19,Female,White
1518.jpg,20-29,Female,White
152.jpg,10-19,Male,Black
1520.jpg,30-39,Female,White
1521.jpg,30-39,Female,Others
1522.jpg,30-39,Female,Others
1523.jpg,30-39,Female,Others
1524.jpg,3-9,Female,Black
1525.jpg,20-29,Female,Others
1526.jpg,30-39,Female,Black
1527.jpg,30-39,Female,Asian
1528.jpg,10-19,Female,Black
1529.jpg,10-19,Female,White
153.jpg,30-39,Female,White
1530.jpg,10-19,Female,Black
1531.jpg,30-39,Female,Black
1532.jpg,30-39,Female,Black
1533.jpg,40-49,Female,Others
1534.jpg,30-39,Female,Asian
1535.jpg,30-39,Female,Black
1536.jpg,30-39,Female,Black
1537.jpg,30-39,Female,Black
1538.jpg,3-9,Female,Others
1539.jpg,30-39,Female,Black
154.jpg,30-39,Female,White
1540.jpg,30-39,Female,Asian
1541.jpg,20-29,Female,Others
1542.jpg,20-29,Female,White
1543.jpg,20-29,Female,White
1544.jpg,30-39,Female,Asian
1545.jpg,20-29,Female,Others
1546.jpg,20-29,Female,Asian
1547.jpg,30-39,Female,Asian
1548.jpg,30-39,Male,Asian
1549.jpg,10-19,Female,Others
155.jpg,30-39,Female,White
1550.jpg,30-39,Female,Others
1551.jpg,30-39,Male,Others
1552.jpg,10-19,Female,Indian
1553.jpg,30-39,Male,Indian
1554.jpg,30-39,Female,White
1555.jpg,30-39,Female,Others
1556.jpg,30-39,Male,Others
1557.jpg,30-39,Female,White
1558.jpg,30-39,Male,Asian
1559.jpg,20-29,Female,Others
156.jpg,30-39,Female,White
1560.jpg,30-39,Female,White
1561.jpg,50-59,Male,White
1562.jpg,3-9,Female,Indian
1563.jpg,20-29,Female,Asian
1564.jpg,20-29,Female,Indian
1565.jpg,30-39,Female,White
1566.jpg,30-39,Female,Others
1567.jpg,30-39,Female,White
1568.jpg,30-39,Female,Others
1569.jpg,30-39,Female,Indian
157.jpg,20-29,Female,Others
1570.jpg,3-9,Female,Black
1571.jpg,30-39,Female,Black
1572.jpg,20-29,Female,Asian
1573.jpg,20-29,Female,Indian
1574.jpg,30-39,Male,Others
1575.jpg,40-49,Male,Others
1576.jpg,30-39,Male,Asian
1577.jpg,30-39,Male,White
1578.jpg,30-39,Male,White
1579.jpg,40-49,Male,White
158.jpg,40-49,Female,Others
1580.jpg,3-9,Male,White
1581.jpg,30-39,Male,Others
1582.jpg,20-29,Male,White
1583.jpg,30-39,Male,Others
1584.jpg,30-39,Male,Others
1585.jpg,20-29,Male,Black
1586.jpg,30-39,Male,Black
1587.jpg,30-39,Male,Asian
1588.jpg,30-39,Male,Black
1589.jpg,30-39,Male,Asian
159.jpg,10-19,Male,Others
1591.jpg,30-39,Male,White
1592.jpg,30-39,Male,Asian
1593.jpg,30-39,Male,Others
1594.jpg,30-39,Male,Indian
1595.jpg,40-49,Male,Indian
1596.jpg,40-49,Male,Indian
1597.jpg,30-39,Male,Indian
1598.jpg,30-39,Female,White
1599.jpg,30-39,Female,Others
16.jpg,3-9,Female,White
160.jpg,30-39,Female,Asian
1600.jpg,30-39,Female,Asian
1601.jpg,30-39,Female,White
1602.jpg,20-29,Male,Others
1603.jpg,10-19,Female,Others
1604.jpg,20-29,Female,White
1605.jpg,30-39,Female,Black
1606.jpg,30-39,Female,Black
1607.jpg,10-19,Male,Black
1608.jpg,30-39,Female,Asian
1609.jpg,10-19,Female,Asian
161.jpg,3-9,Female,White
1610.jpg,20-29,Female,Black
1611.jpg,30-39,Male,White
1612.jpg,30-39,Female,Indian
1613.jpg,3-9,Female,White
1614.jpg,30-39,Female,Black
1615.jpg,30-39,Female,White
1616.jpg,30-39,Female,Others
1617.jpg,30-39,Male,White
1618.jpg,10-19,Female,Others
1619.jpg,20-29,Female,Black
162.jpg,20-29,Female,White
1620.jpg,10-19,Female,Black
1621.jpg,30-39,Female,Asian
1622.jpg,40-49,Female,Others
1623.jpg,20-29,Female,Indian
1624.jpg,10-19,Female,Indian
1625.jpg,30-39,Female,Others
1626.jpg,60-69,Female,White
1627.jpg,20-29,Male,Others
1628.jpg,30-39,Male,White
1629.jpg,30-39,Male,White
163.jpg,3-9,Female,Asian
1630.jpg,60-69,Male,Others
1631.jpg,30-39,Male,Others
1632.jpg,30-39,Male,White
1633.jpg,30-39,Male,White
1634.jpg,30-39,Male,Asian
1635.jpg,30-39,Male,White
1636.jpg,30-39,Male,Others
1637.jpg,20-29,Male,White
1638.jpg,30-39,Male,White
1639.jpg,20-29,Male,White
164.jpg,30-39,Female,White
1640.jpg,30-39,Male,White
1641.jpg,30-39,Male,White
1642.jpg,30-39,Male,White
1643.jpg,30-39,Female,Asian
1644.jpg,30-39,Male,White
1645.jpg,30-39,Male,Asian
1646.jpg,30-39,Female,White
1647.jpg,30-39,Male,Others
1648.jpg,30-39,Male,Others
1649.jpg,30-39,Male,White
165.jpg,3-9,Male,Asian
1650.jpg,20-29,Female,White
1651.jpg,30-39,Male,Others
1652.jpg,30-39,Female,Asian
1653.jpg,30-39,Male,Black
1654.jpg,30-39,Male,Others
1655.jpg,30-39,Male,Black
1656.jpg,30-39,Male,Black
1657.jpg,30-39,Male,Black
1658.jpg,40-49,Male,Others
1659.jpg,30-39,Male,White
166.jpg,0-2,Female,White
1660.jpg,40-49,Male,White
1661.jpg,30-39,Male,Black
1662.jpg,30-39,Male,Others
1663.jpg,30-39,Male,Indian
1664.jpg,30-39,Male,Black
1665.jpg,30-39,Male,Black
1666.jpg,30-39,Male,Others
1667.jpg,10-19,Male,Asian
1668.jpg,10-19,Male,Asian
1669.jpg,20-29,Male,Others
1670.jpg,30-39,Male,Indian
1671.jpg,30-39,Male,Indian
1672.jpg,30-39,Male,Indian
1673.jpg,30-39,Male,Others
1674.jpg,30-39,Male,Indian
1675.jpg,40-49,Male,Indian
1676.jpg,30-39,Male,Indian
1677.jpg,30-39,Male,Others
1678.jpg,30-39,Male,Others
1679.jpg,30-39,Male,Others
168.jpg,0-2,Female,Asian
1680.jpg,40-49,Male,Others
1681.jpg,30-39,Male,Others
1682.jpg,30-39,Male,Indian
1683.jpg,30-39,Male,Others
1684.jpg,30-39,Female,Others
1685.jpg,30-39,Female,Others
1686.jpg,40-49,Female,Others
1687.jpg,20-29,Female,White
1688.jpg,20-29,Female,Indian
1689.jpg,30-39,Female,Others
169.jpg,0-2,Female,White
1690.jpg,30-39,Female,Indian
1691.jpg,20-29,Female,Others
1692.jpg,20-29,Female,White
1693.jpg,30-39,Female,Others
1694.jpg,30-39,Female,White
1695.jpg,40-49,Female,White
1696.jpg,10-19,Female,Others
1697.jpg,30-39,Female,Others
1698.jpg,30-39,Female,Others
1699.jpg,3-9,Female,White
17.jpg,3-9,Female,Others
170.jpg,0-2,Female,Asian
1700.jpg,20-29,Female,Indian
1701.jpg,3-9,Female,Others
1702.jpg,30-39,Male,Asian
1703.jpg,10-19,Male,Asian
1704.jpg,20-29,Female,Asian
1705.jpg,20-29,Male,Others
1706.jpg,30-39,Female,Indian
1708.jpg,30-39,Female,Others
1709.jpg,20-29,Female,Asian
171.jpg,30-39,Male,Asian
1710.jpg,20-29,Male,Others
1711.jpg,30-39,Female,Black
1712.jpg,30-39,Female,Others
1713.jpg,3-9,Male,Asian
1714.jpg,30-39,Female,Others
1715.jpg,30-39,Female,Others
1716.jpg,30-39,Female,Others
1717.jpg,30-39,Female,White
1718.jpg,30-39,Male,Others
1719.jpg,30-39,Female,White
172.jpg,0-2,Male,White
1720.jpg,30-39,Female,Indian
1721.jpg,20-29,Female,Asian
1722.jpg,20-29,Female,Others
1723.jpg,40-49,Female,Others
1724.jpg,40-49,Male,White
1725.jpg,30-39,Male,White
1726.jpg,30-39,Male,Others
1727.jpg,30-39,Female,Black
1728.jpg,30-39,Male,White
1729.jpg,50-59,Male,White
173.jpg,0-2,Male,White
1730.jpg,30-39,Female,Indian
1731.jpg,30-39,Female,White
1732.jpg,30-39,Male,White
1733.jpg,40-49,Male,Black
1734.jpg,30-39,Male,Indian
1735.jpg,30-39,Male,Indian
1736.jpg,20-29,Male,Black
1737.jpg,30-39,Male,Black
1738.jpg,3-9,Male,Black
1739.jpg,50-59,Male,Black
174.jpg,3-9,Female,White
1740.jpg,40-49,Male,Asian
1741.jpg,30-39,Male,Asian
1742.jpg,20-29,Male,Indian
1743.jpg,30-39,Male,Asian
1744.jpg,30-39,Male,White
1745.jpg,30-39,Female,Asian
1746.jpg,30-39,Male,Others
1747.jpg,30-39,Male,Indian
1748.jpg,10-19,Male,Indian
1749.jpg,40-49,Male,Others
175.jpg,60-69,Male,Asian
1750.jpg,40-49,Male,Indian
1751.jpg,30-39,Male,Indian
1752.jpg,40-49,Male,Black
1753.jpg,40-49,Male,White
1754.jpg,50-59,Male,White
1755.jpg,60-69,Male,Others
1756.jpg,30-39,Female,Others
1757.jpg,30-39,Female,White
1758.jpg,30-39,Female,Others
1759.jpg,30-39,Female,White
176.jpg,0-2,Male,Others
1760.jpg,40-49,Male,White
1761.jpg,30-39,Female,Others
1762.jpg,30-39,Female,White
1763.jpg,30-39,Female,White
1764.jpg,30-39,Female,White
1765.jpg,30-39,Female,Others
1766.jpg,30-39,Female,White
1767.jpg,50-59,Female,Black
1768.jpg,30-39,Female,Asian
1769.jpg,30-39,Male,Black
177.jpg,20-29,Male,Black
1770.jpg,10-19,Female,Black
1771.jpg,10-19,Female,Asian
1772.jpg,20-29,Female,Black
1773.jpg,30-39,Female,Black
1774.jpg,30-39,Female,Black
1775.jpg,50-59,Female,Black
1776.jpg,30-39,Female,Others
1777.jpg,10-19,Female,Black
1778.jpg,3-9,Female,White
1779.jpg,30-39,Female,Others
178.jpg,3-9,Female,Asian
1780.jpg,30-39,Female,Asian
1781.jpg,30-39,Female,Others
1782.jpg,20-29,Female,Others
1783.jpg,30-39,Male,Black
1784.jpg,30-39,Female,White
1785.jpg,40-49,Male,White
1786.jpg,30-39,Male,White
1787.jpg,30-39,Male,Others
1788.jpg,30-39,Male,Others
1789.jpg,30-39,Male,White
179.jpg,30-39,Male,Others
1790.jpg,30-39,Male,Asian
1791.jpg,40-49,Male,Black
1792.jpg,30-39,Male,Others
1793.jpg,30-39,Male,Black
1794.jpg,10-19,Male,Others
1795.jpg,30-39,Male,Others
1796.jpg,30-39,Male,Indian
1797.jpg,30-39,Male,Indian
1798.jpg,40-49,Male,Others
1799.jpg,30-39,Male,Others
18.jpg,3-9,Female,Others
180.jpg,3-9,Male,Asian
1800.jpg,30-39,Male,Others
1801.jpg,30-39,Male,Others
1802.jpg,30-39,Male,Others
1803.jpg,30-39,Male,Others
1804.jpg,30-39,Male,Others
1805.jpg,3-9,Female,Black
1806.jpg,40-49,Female,White
1807.jpg,30-39,Female,White
1808.jpg,30-39,Female,White
1809.jpg,30-39,Female,Asian
1810.jpg,30-39,Female,Asian
1811.jpg,20-29,Female,White
1812.jpg,20-29,Female,Indian
1813.jpg,40-49,Male,Black
1814.jpg,30-39,Female,Others
1815.jpg,30-39,Female,White
1816.jpg,30-39,Male,White
1817.jpg,50-59,Male,White
1818.jpg,30-39,Male,White
1819.jpg,30-39,Male,White
182.jpg,0-2,Male,Asian
1820.jpg,30-39,Male,White
1821.jpg,30-39,Male,White
1822.jpg,30-39,Male,Asian
1823.jpg,20-29,Male,Others
1824.jpg,50-59,Male,Others
1825.jpg,30-39,Male,Black
1826.jpg,30-39,Male,Indian
1827.jpg,3-9,Male,Black
1828.jpg,30-39,Male,Black
1829.jpg,30-39,Female,Indian
1830.jpg,30-39,Male,Asian
1831.jpg,30-39,Male,Asian
1832.jpg,40-49,Male,Indian
1833.jpg,30-39,Male,Indian
1834.jpg,30-39,Male,White
1835.jpg,50-59,Female,White
1836.jpg,30-39,Female,Asian
1837.jpg,30-39,Female,White
1838.jpg,30-39,Male,White
1839.jpg,30-39,Female,White
1840.jpg,3-9,Female,Asian
1841.jpg,30-39,Female,White
1842.jpg,3-9,Female,Black
1843.jpg,3-9,Female,Asian
1844.jpg,30-39,Female,Indian
1845.jpg,30-39,Female,Black
1846.jpg,30-39,Female,Black
1847.jpg,3-9,Female,Black
1848.jpg,30-39,Female,Asian
1849.jpg,30-39,Female,Black
185.jpg,0-2,Male,Asian
1850.jpg,30-39,Female,Black
1851.jpg,40-49,Female,White
1852.jpg,30-39,Female,Others
1853.jpg,30-39,Female,Others
1854.jpg,30-39,Female,Others
1855.jpg,30-39,Female,Others
1856.jpg,30-39,Female,Others
1857.jpg,40-49,Female,Asian
1858.jpg,20-29,Female,Others
1859.jpg,30-39,Male,White
186.jpg,0-2,Male,Asian
1860.jpg,50-59,Male,White
1861.jpg,30-39,Male,White
1862.jpg,30-39,Male,White
1863.jpg,30-39,Male,Others
1864.jpg,30-39,Male,White
1865.jpg,30-39,Male,White
1866.jpg,30-39,Female,White
1867.jpg,30-39,Male,White
1868.jpg,30-39,Male,White
1869.jpg,30-39,Male,White
187.jpg,0-2,Female,Asian
1870.jpg,40-49,Male,Others
1871.jpg,50-59,Male,White
1872.jpg,30-39,Male,Others
1874.jpg,30-39,Male,Others
1875.jpg,30-39,Male,Black
1876.jpg,30-39,Male,Black
1877.jpg,30-39,Male,Black
1878.jpg,50-59,Male,Asian
1879.jpg,30-39,Male,Others
1880.jpg,50-59,Male,Others
1881.jpg,30-39,Male,Indian
1882.jpg,50-59,Male,White
1883.jpg,more than 70,Female,White
1884.jpg,3-9,Male,White
1885.jpg,30-39,Female,Others
1886.jpg,3-9,Female,White
1887.jpg,20-29,Male,Asian
1888.jpg,30-39,Female,Black
1889.jpg,20-29,Female,Asian
189.jpg,0-2,Male,White
1890.jpg,30-39,Female,Others
1891.jpg,30-39,Female,Others
1892.jpg,10-19,Male,Black
1893.jpg,3-9,Female,Asian
1894.jpg,3-9,Male,White
1895.jpg,30-39,Female,White
1896.jpg,3-9,Male,Black
1897.jpg,3-9,Female,Black
1898.jpg,3-9,Male,Indian
1899.jpg,3-9,Male,Asian
