1.jpg,40-49,Male,Others
10.jpg,20-29,Male,Black
100.jpg,20-29,Female,Others
1000.jpg,20-29,Male,White
1001.jpg,20-29,Male,White
1002.jpg,20-29,Male,Others
1003.jpg,20-29,Male,White
1004.jpg,40-49,Male,White
1005.jpg,20-29,Male,Others
1006.jpg,20-29,Male,Black
1007.jpg,30-39,Male,Asian
1008.jpg,20-29,Male,Black
1009.jpg,none,none,none
101.jpg,30-39,Male,Asian
1010.jpg,20-29,Male,Black
1011.jpg,30-39,Male,Others
1012.jpg,none,none,none
1013.jpg,none,none,none
1014.jpg,30-39,Male,Indian
1015.jpg,20-29,Male,Others
1016.jpg,30-39,Male,Indian
1017.jpg,none,none,none
1018.jpg,30-39,Male,Asian
1019.jpg,20-29,Male,Indian
102.jpg,20-29,Male,White
1020.jpg,20-29,Male,Indian
1021.jpg,20-29,Male,Indian
1022.jpg,20-29,Male,Others
1023.jpg,20-29,Male,White
1024.jpg,20-29,Male,Others
1025.jpg,20-29,Male,Others
1026.jpg,30-39,Female,White
1027.jpg,30-39,Female,White
1028.jpg,20-29,Male,White
1029.jpg,30-39,Female,Black
103.jpg,20-29,Male,White
1030.jpg,30-39,Female,Others
1031.jpg,20-29,Male,Black
1032.jpg,30-39,Female,White
1033.jpg,30-39,Female,Others
1034.jpg,30-39,Male,Black
1035.jpg,20-29,Male,White
1036.jpg,20-29,Male,Black
1037.jpg,30-39,Male,Black
1038.jpg,20-29,Female,Asian
1039.jpg,20-29,Female,Asian
104.jpg,20-29,Male,White
1040.jpg,none,none,none
1041.jpg,20-29,Male,White
1042.jpg,30-39,Female,Asian
1043.jpg,30-39,Female,Others
1044.jpg,30-39,Female,Asian
1045.jpg,20-29,Female,Asian
1046.jpg,30-39,Female,White
1047.jpg,30-39,Male,Asian
1048.jpg,30-39,Female,White
1049.jpg,30-39,Female,Asian
105.jpg,20-29,Male,White
1050.jpg,20-29,Female,Asian
1051.jpg,20-29,Female,Asian
1052.jpg,20-29,Male,Asian
1053.jpg,20-29,Female,Asian
1054.jpg,none,none,none
1055.jpg,20-29,Female,White
1056.jpg,20-29,Female,Asian
1057.jpg,30-39,Female,Indian
1058.jpg,30-39,Female,Others
1059.jpg,30-39,Female,White
106.jpg,none,none,none
1060.jpg,20-29,Female,Asian
1061.jpg,30-39,Male,Asian
1062.jpg,20-29,Male,White
1063.jpg,30-39,Male,Others
1064.jpg,30-39,Male,White
1065.jpg,20-29,Male,White
1066.jpg,20-29,Male,White
1067.jpg,30-39,Female,Others
1068.jpg,30-39,Female,White
1069.jpg,30-39,Male,White
107.jpg,20-29,Male,White
1070.jpg,20-29,Male,White
1071.jpg,30-39,Male,White
1072.jpg,30-39,Male,White
1073.jpg,20-29,Male,White
1074.jpg,20-29,Male,Others
1075.jpg,30-39,Male,White
1076.jpg,20-29,Male,White
1077.jpg,30-39,Male,White
1078.jpg,20-29,Male,White
1079.jpg,20-29,Male,Others
108.jpg,20-29,Male,Others
1080.jpg,20-29,Male,Others
1081.jpg,30-39,Male,White
1082.jpg,20-29,Male,Others
1083.jpg,30-39,Female,White
1084.jpg,20-29,Male,Black
1085.jpg,20-29,Male,Black
1086.jpg,none,none,none
1087.jpg,20-29,Male,Black
1088.jpg,20-29,Male,White
1089.jpg,20-29,Male,White
109.jpg,20-29,Male,Black
1090.jpg,20-29,Male,Black
1091.jpg,30-39,Male,Black
1092.jpg,30-39,Male,Black
1093.jpg,20-29,Male,Black
1094.jpg,30-39,Male,Others
1095.jpg,30-39,Male,Black
1096.jpg,none,none,none
1097.jpg,20-29,Male,Black
1098.jpg,20-29,Male,Asian
1099.jpg,20-29,Male,Black
11.jpg,20-29,Male,Others
110.jpg,30-39,Male,Others
1100.jpg,none,none,none
1101.jpg,20-29,Male,Asian
1102.jpg,20-29,Male,Asian
1103.jpg,30-39,Male,Asian
1104.jpg,20-29,Male,Asian
1105.jpg,20-29,Male,Black
1106.jpg,30-39,Male,Black
1107.jpg,20-29,Male,Black
1108.jpg,20-29,Male,Indian
1109.jpg,30-39,Male,Others
111.jpg,20-29,Male,Others
1110.jpg,30-39,Male,Indian
1111.jpg,none,none,none
1112.jpg,20-29,Male,Indian
1113.jpg,30-39,Male,Others
1114.jpg,20-29,Male,Indian
1115.jpg,20-29,Male,Others
1116.jpg,40-49,Male,Indian
1117.jpg,20-29,Male,Asian
1118.jpg,30-39,Male,Others
1119.jpg,20-29,Male,Indian
112.jpg,20-29,Female,White
1120.jpg,30-39,Male,Others
1121.jpg,20-29,Male,Asian
1122.jpg,20-29,Male,White
1123.jpg,30-39,Male,White
1124.jpg,none,none,none
1125.jpg,20-29,Male,Others
1126.jpg,30-39,Female,White
1127.jpg,30-39,Female,White
1128.jpg,30-39,Female,White
1129.jpg,30-39,Male,White
113.jpg,20-29,Male,White
1130.jpg,30-39,Female,White
1131.jpg,30-39,Female,White
1132.jpg,none,none,none
1133.jpg,30-39,Female,White
1134.jpg,30-39,Female,White
1135.jpg,30-39,Male,White
1136.jpg,20-29,Male,White
1137.jpg,20-29,Male,White
1138.jpg,30-39,Female,White
1139.jpg,20-29,Female,White
114.jpg,30-39,Female,White
1140.jpg,30-39,Female,White
1141.jpg,none,none,none
1142.jpg,30-39,Male,Black
1143.jpg,none,none,none
1144.jpg,30-39,Male,Asian
1145.jpg,20-29,Male,White
1146.jpg,20-29,Male,Black
1147.jpg,none,none,none
1148.jpg,20-29,Female,Others
1149.jpg,30-39,Male,Black
115.jpg,30-39,Male,Black
1150.jpg,30-39,Male,Others
1151.jpg,20-29,Female,White
1152.jpg,20-29,Female,Black
1153.jpg,30-39,Female,Black
1154.jpg,30-39,Female,Others
1155.jpg,20-29,Female,Black
1156.jpg,20-29,Male,Black
1157.jpg,30-39,Male,Black
1158.jpg,30-39,Female,Asian
1159.jpg,30-39,Female,Asian
116.jpg,30-39,Female,Others
1160.jpg,30-39,Female,Asian
1161.jpg,30-39,Male,Asian
1162.jpg,30-39,Male,White
1163.jpg,20-29,Female,Asian
1164.jpg,20-29,Female,Asian
1165.jpg,20-29,Female,Asian
1166.jpg,30-39,Male,Asian
1167.jpg,none,none,none
1168.jpg,30-39,Female,White
1169.jpg,20-29,Male,Asian
117.jpg,30-39,Male,Indian
1170.jpg,30-39,Female,Asian
1171.jpg,20-29,Female,Asian
1172.jpg,30-39,Female,Asian
1173.jpg,20-29,Male,Asian
1174.jpg,30-39,Female,Asian
1175.jpg,30-39,Female,Asian
1176.jpg,20-29,Female,Asian
1177.jpg,30-39,Male,Others
1178.jpg,40-49,Female,Indian
1179.jpg,30-39,Male,Others
118.jpg,20-29,Female,White
1180.jpg,30-39,Female,Others
1181.jpg,30-39,Male,Indian
1182.jpg,30-39,Male,Indian
1183.jpg,30-39,Female,Others
1184.jpg,20-29,Male,Indian
1185.jpg,20-29,Female,Others
1186.jpg,30-39,Female,Asian
1187.jpg,30-39,Female,Black
1188.jpg,20-29,Male,Asian
1189.jpg,20-29,Male,Asian
119.jpg,none,none,none
1190.jpg,30-39,Female,Others
1191.jpg,none,none,none
1192.jpg,30-39,Male,White
1193.jpg,none,none,none
1194.jpg,20-29,Male,Others
1195.jpg,20-29,Male,White
1196.jpg,20-29,Male,Others
1197.jpg,none,none,none
1198.jpg,20-29,Male,White
1199.jpg,20-29,Male,Others
12.jpg,none,none,none
120.jpg,30-39,Male,Others
1200.jpg,20-29,Male,White
1201.jpg,20-29,Male,White
1202.jpg,none,none,none
1203.jpg,30-39,Male,White
1204.jpg,30-39,Male,Others
1205.jpg,none,none,none
1206.jpg,20-29,Male,Black
1207.jpg,20-29,Male,Black
1208.jpg,20-29,Male,Black
1209.jpg,30-39,Male,Others
121.jpg,none,none,none
1210.jpg,20-29,Male,White
1211.jpg,30-39,Male,Black
1212.jpg,20-29,Male,Black
1213.jpg,20-29,Male,Asian
1214.jpg,30-39,Male,Black
1215.jpg,20-29,Male,Black
1216.jpg,none,none,none
1217.jpg,30-39,Male,Indian
1218.jpg,30-39,Male,White
1219.jpg,30-39,Male,Asian
122.jpg,20-29,Male,Asian
1220.jpg,20-29,Male,Others
1221.jpg,none,none,none
1222.jpg,30-39,Male,Black
1223.jpg,20-29,Male,Indian
1224.jpg,30-39,Male,Indian
1225.jpg,20-29,Male,Asian
1226.jpg,30-39,Female,White
1227.jpg,30-39,Female,White
1228.jpg,30-39,Female,Asian
1229.jpg,30-39,Female,White
123.jpg,20-29,Male,Black
1230.jpg,20-29,Male,Others
1231.jpg,30-39,Female,Others
1232.jpg,20-29,Female,Asian
1233.jpg,30-39,Female,White
1234.jpg,30-39,Female,White
1235.jpg,20-29,Female,White
1236.jpg,none,none,none
1237.jpg,30-39,Male,Black
1238.jpg,30-39,Female,Others
1239.jpg,30-39,Male,Black
124.jpg,30-39,Male,Black
1240.jpg,30-39,Female,Black
1241.jpg,20-29,Male,Black
1242.jpg,30-39,Male,White
1243.jpg,none,none,none
1244.jpg,30-39,Female,Indian
1245.jpg,20-29,Male,Black
1246.jpg,20-29,Male,Black
1247.jpg,20-29,Male,White
1248.jpg,20-29,Male,Asian
1249.jpg,20-29,Male,Others
125.jpg,none,none,none
1250.jpg,20-29,Female,Asian
1251.jpg,30-39,Female,White
1252.jpg,30-39,Female,Asian
1253.jpg,30-39,Male,White
1254.jpg,30-39,Male,White
1255.jpg,30-39,Female,Asian
1256.jpg,30-39,Male,Others
1257.jpg,30-39,Female,Others
1258.jpg,30-39,Female,Others
1259.jpg,20-29,Female,White
126.jpg,20-29,Male,Others
1260.jpg,none,none,none
1261.jpg,20-29,Female,Asian
1262.jpg,30-39,Female,White
1263.jpg,30-39,Male,White
1264.jpg,20-29,Female,White
1265.jpg,20-29,Male,White
1266.jpg,20-29,Male,Asian
1267.jpg,20-29,Male,White
1268.jpg,30-39,Male,Others
1269.jpg,20-29,Male,Asian
127.jpg,30-39,Male,Others
1270.jpg,none,none,none
1271.jpg,none,none,none
1272.jpg,30-39,Male,Asian
1273.jpg,10-19,Male,Asian
1274.jpg,20-29,Male,Asian
1275.jpg,20-29,Male,Asian
1276.jpg,20-29,Male,Asian
1277.jpg,10-19,Male,Asian
1278.jpg,20-29,Male,Asian
1279.jpg,40-49,Male,Asian
128.jpg,30-39,Female,White
1280.jpg,10-19,Male,Asian
1281.jpg,20-29,Male,Asian
1282.jpg,20-29,Male,Asian
1283.jpg,30-39,Female,Asian
1284.jpg,20-29,Female,Others
1285.jpg,10-19,Male,Others
1286.jpg,30-39,Male,Asian
1287.jpg,30-39,Male,Asian
1288.jpg,30-39,Female,Asian
1289.jpg,10-19,Female,Asian
129.jpg,30-39,Female,White
1290.jpg,20-29,Female,White
1291.jpg,none,none,none
1292.jpg,10-19,Female,Asian
1293.jpg,none,none,none
1294.jpg,30-39,Female,Others
1295.jpg,none,none,none
1296.jpg,20-29,Female,Asian
1297.jpg,20-29,Female,White
1298.jpg,none,none,none
1299.jpg,20-29,Male,Asian
13.jpg,20-29,Male,Asian
130.jpg,30-39,Female,White
1300.jpg,20-29,Female,White
1301.jpg,none,none,none
1302.jpg,20-29,Male,Asian
1303.jpg,none,none,none
1304.jpg,20-29,Male,Asian
1305.jpg,30-39,Male,Asian
1306.jpg,10-19,Female,Asian
1307.jpg,10-19,Female,Asian
1308.jpg,10-19,Male,Asian
1309.jpg,10-19,Female,Asian
131.jpg,20-29,Male,White
1310.jpg,none,none,none
1311.jpg,none,none,none
1312.jpg,20-29,Female,Asian
1313.jpg,none,none,none
1314.jpg,20-29,Male,Asian
1315.jpg,20-29,Male,Asian
1316.jpg,10-19,Female,Asian
1317.jpg,20-29,Male,Asian
1318.jpg,none,none,none
1319.jpg,20-29,Male,Asian
132.jpg,20-29,Female,Others
1320.jpg,10-19,Male,Asian
1321.jpg,30-39,Male,Black
1322.jpg,none,none,none
1323.jpg,none,none,none
1324.jpg,20-29,Female,Asian
1325.jpg,none,none,none
1326.jpg,30-39,Female,White
1327.jpg,20-29,Male,White
1328.jpg,20-29,Female,Asian
1329.jpg,none,none,none
133.jpg,30-39,Female,White
1330.jpg,20-29,Male,Asian
1331.jpg,20-29,Male,Asian
1332.jpg,30-39,Male,Asian
1333.jpg,20-29,Male,Asian
1334.jpg,20-29,Female,Asian
1335.jpg,20-29,Male,Asian
1336.jpg,20-29,Male,Asian
1337.jpg,40-49,Male,White
1338.jpg,20-29,Male,Others
1339.jpg,30-39,Male,White
134.jpg,20-29,Male,White
1340.jpg,30-39,Male,White
1341.jpg,20-29,Male,White
1342.jpg,30-39,Male,White
1343.jpg,20-29,Male,White
1344.jpg,30-39,Male,White
1345.jpg,30-39,Male,White
1346.jpg,30-39,Male,White
1347.jpg,30-39,Male,White
1348.jpg,20-29,Male,White
1349.jpg,20-29,Male,White
135.jpg,30-39,Female,White
1350.jpg,20-29,Male,White
1351.jpg,30-39,Male,White
1352.jpg,30-39,Male,White
1353.jpg,30-39,Male,Black
1354.jpg,none,none,none
1355.jpg,30-39,Male,White
1356.jpg,20-29,Male,Asian
1357.jpg,20-29,Male,Black
1358.jpg,none,none,none
1359.jpg,20-29,Male,Others
136.jpg,20-29,Female,White
1360.jpg,20-29,Male,Black
1361.jpg,20-29,Male,Asian
1362.jpg,30-39,Male,White
1363.jpg,30-39,Male,Asian
1364.jpg,none,none,none
1365.jpg,20-29,Female,Asian
1366.jpg,30-39,Male,White
1367.jpg,30-39,Male,White
1368.jpg,30-39,Male,White
1369.jpg,20-29,Male,Asian
137.jpg,30-39,Female,White
1370.jpg,30-39,Male,White
1371.jpg,30-39,Male,Others
1372.jpg,none,none,none
1373.jpg,none,none,none
1374.jpg,20-29,Male,Asian
1375.jpg,30-39,Female,White
1376.jpg,30-39,Female,White
1377.jpg,30-39,Male,Asian
1378.jpg,30-39,Male,White
1379.jpg,30-39,Female,Others
138.jpg,20-29,Female,White
1380.jpg,30-39,Male,White
1381.jpg,30-39,Female,White
1382.jpg,30-39,Female,White
1383.jpg,30-39,Male,White
1384.jpg,30-39,Female,White
1385.jpg,20-29,Female,Asian
1386.jpg,30-39,Female,White
1387.jpg,30-39,Female,White
1388.jpg,30-39,Female,White
1389.jpg,20-29,Female,White
139.jpg,20-29,Female,White
1390.jpg,20-29,Female,White
1391.jpg,20-29,Female,White
1392.jpg,30-39,Female,Others
1393.jpg,20-29,Male,White
1394.jpg,30-39,Male,White
1395.jpg,30-39,Female,White
1396.jpg,30-39,Female,Asian
1397.jpg,none,none,none
1398.jpg,30-39,Female,White
1399.jpg,30-39,Male,Others
14.jpg,none,none,none
140.jpg,none,none,none
1400.jpg,20-29,Male,White
1401.jpg,30-39,Female,Black
1402.jpg,20-29,Male,White
1403.jpg,20-29,Female,Black
1404.jpg,30-39,Male,White
1405.jpg,30-39,Female,Asian
1406.jpg,30-39,Female,White
1407.jpg,none,none,none
1408.jpg,30-39,Male,Others
1409.jpg,30-39,Female,White
141.jpg,20-29,Female,White
1410.jpg,none,none,none
1411.jpg,30-39,Female,Others
1412.jpg,30-39,Female,Asian
1413.jpg,20-29,Female,White
1414.jpg,30-39,Female,Asian
1415.jpg,30-39,Female,Asian
1416.jpg,none,none,none
1417.jpg,none,none,none
1418.jpg,30-39,Female,Asian
1419.jpg,20-29,Female,Indian
142.jpg,30-39,Male,White
1420.jpg,30-39,Male,White
1421.jpg,30-39,Male,Asian
1422.jpg,30-39,Male,Indian
1423.jpg,30-39,Female,Indian
1424.jpg,30-39,Male,Indian
1425.jpg,30-39,Female,White
1426.jpg,30-39,Female,White
1427.jpg,30-39,Female,Others
1428.jpg,30-39,Female,Others
1429.jpg,30-39,Female,White
143.jpg,none,none,none
1430.jpg,20-29,Female,White
1431.jpg,30-39,Female,Others
1432.jpg,30-39,Male,White
1433.jpg,20-29,Male,Asian
1434.jpg,20-29,Male,Others
1435.jpg,30-39,Male,White
1436.jpg,20-29,Male,Others
1437.jpg,20-29,Male,Black
1438.jpg,30-39,Male,Black
1439.jpg,30-39,Male,White
144.jpg,20-29,Male,Black
1440.jpg,none,none,none
1441.jpg,none,none,none
1442.jpg,20-29,Male,Asian
1443.jpg,none,none,none
1444.jpg,20-29,Male,Others
1445.jpg,20-29,Male,Indian
1446.jpg,20-29,Male,Others
1447.jpg,20-29,Male,Others
1448.jpg,40-49,Female,White
1449.jpg,30-39,Female,White
145.jpg,30-39,Female,Asian
1450.jpg,20-29,Male,White
1451.jpg,30-39,Female,White
1452.jpg,30-39,Female,Asian
1453.jpg,30-39,Female,Black
1454.jpg,30-39,Male,Black
1455.jpg,none,none,none
1456.jpg,30-39,Female,Black
1457.jpg,30-39,Male,Black
1458.jpg,30-39,Female,Black
1459.jpg,20-29,Male,Black
146.jpg,30-39,Female,Asian
1460.jpg,30-39,Female,Others
1461.jpg,30-39,Male,White
1462.jpg,30-39,Male,Black
1463.jpg,30-39,Female,Asian
1464.jpg,30-39,Female,White
1465.jpg,30-39,Female,White
1466.jpg,30-39,Female,Indian
1467.jpg,none,none,none
1468.jpg,20-29,Male,White
1469.jpg,30-39,Female,White
147.jpg,20-29,Male,Indian
1470.jpg,20-29,Female,Others
1471.jpg,30-39,Male,White
1472.jpg,30-39,Male,White
1473.jpg,20-29,Male,White
1474.jpg,40-49,Male,White
1475.jpg,30-39,Male,Asian
1476.jpg,20-29,Male,White
1477.jpg,30-39,Female,White
1478.jpg,20-29,Male,Asian
1479.jpg,20-29,Male,White
148.jpg,none,none,none
1480.jpg,30-39,Male,White
1481.jpg,none,none,none
1482.jpg,30-39,Male,White
1483.jpg,30-39,Male,White
1484.jpg,20-29,Male,White
1485.jpg,30-39,Male,Others
1486.jpg,20-29,Male,White
1487.jpg,20-29,Male,Black
1488.jpg,none,none,none
1489.jpg,20-29,Male,Black
149.jpg,none,none,none
1490.jpg,20-29,Male,Black
1491.jpg,none,none,none
1492.jpg,none,none,none
1493.jpg,20-29,Male,White
1494.jpg,20-29,Male,Asian
1495.jpg,20-29,Male,Black
1496.jpg,30-39,Male,Black
1497.jpg,20-29,Male,Black
1498.jpg,30-39,Male,Asian
1499.jpg,20-29,Male,Asian
15.jpg,20-29,Female,Others
150.jpg,30-39,Female,Asian
1500.jpg,20-29,Male,Others
1501.jpg,20-29,Male,White
1502.jpg,20-29,Male,Others
1503.jpg,30-39,Male,Indian
1504.jpg,20-29,Male,Indian
1505.jpg,30-39,Female,White
1506.jpg,30-39,Female,White
1507.jpg,30-39,Male,White
1508.jpg,30-39,Female,White
1509.jpg,30-39,Female,White
151.jpg,20-29,Female,Others
1510.jpg,30-39,Male,White
1511.jpg,20-29,Female,White
1512.jpg,30-39,Female,White
1513.jpg,30-39,Male,White
1514.jpg,30-39,Female,White
1515.jpg,20-29,Male,White
1516.jpg,30-39,Female,White
1517.jpg,30-39,Female,White
1518.jpg,30-39,Male,White
1519.jpg,30-39,Female,White
152.jpg,20-29,Male,Black
1520.jpg,30-39,Male,White
1521.jpg,30-39,Female,White
1522.jpg,30-39,Female,White
1523.jpg,30-39,Female,White
1524.jpg,30-39,Female,Black
1525.jpg,30-39,Female,Others
1526.jpg,30-39,Male,Black
1527.jpg,30-39,Male,Asian
1528.jpg,none,none,none
1529.jpg,30-39,Female,White
153.jpg,30-39,Female,White
1530.jpg,none,none,none
1531.jpg,30-39,Female,Black
1532.jpg,30-39,Male,White
1533.jpg,30-39,Female,Black
1534.jpg,30-39,Female,Black
1535.jpg,30-39,Female,Black
1536.jpg,20-29,Male,Black
1537.jpg,30-39,Male,White
1538.jpg,none,none,none
1539.jpg,30-39,Male,Black
154.jpg,30-39,Female,White
1540.jpg,30-39,Female,Asian
1541.jpg,30-39,Female,Asian
1542.jpg,30-39,Female,Asian
1543.jpg,30-39,Female,White
1544.jpg,30-39,Female,Asian
1545.jpg,30-39,Female,Asian
1546.jpg,30-39,Female,Asian
1547.jpg,20-29,Female,Asian
1548.jpg,30-39,Male,Asian
1549.jpg,30-39,Female,Others
155.jpg,30-39,Female,White
1550.jpg,30-39,Female,Others
1551.jpg,20-29,Male,Indian
1552.jpg,30-39,Female,Others
1553.jpg,30-39,Male,Others
1554.jpg,30-39,Male,White
1555.jpg,30-39,Female,White
1556.jpg,20-29,Male,Others
1557.jpg,30-39,Female,White
1558.jpg,30-39,Male,Others
1559.jpg,20-29,Male,Others
156.jpg,20-29,Male,White
1560.jpg,30-39,Female,Black
1561.jpg,30-39,Female,White
1562.jpg,20-29,Male,Black
1563.jpg,20-29,Male,Asian
1564.jpg,30-39,Female,Others
1565.jpg,30-39,Female,White
1566.jpg,20-29,Male,White
1567.jpg,30-39,Male,White
1568.jpg,30-39,Female,White
1569.jpg,20-29,Male,Asian
157.jpg,30-39,Female,Asian
1570.jpg,20-29,Female,Black
1571.jpg,20-29,Male,Black
1572.jpg,30-39,Male,White
1573.jpg,30-39,Female,Others
1574.jpg,30-39,Female,White
1575.jpg,30-39,Male,White
1576.jpg,20-29,Male,Asian
1577.jpg,20-29,Male,White
1578.jpg,30-39,Male,White
1579.jpg,30-39,Female,White
158.jpg,20-29,Male,White
1580.jpg,20-29,Male,White
1581.jpg,20-29,Male,Others
1582.jpg,30-39,Male,Others
1583.jpg,20-29,Male,Black
1584.jpg,30-39,Female,White
1585.jpg,40-49,Male,Black
1586.jpg,30-39,Male,Black
1587.jpg,30-39,Male,Black
1588.jpg,none,none,none
1589.jpg,30-39,Male,Others
159.jpg,30-39,Female,Others
1590.jpg,20-29,Male,White
1591.jpg,20-29,Male,Others
1592.jpg,20-29,Male,Asian
1593.jpg,20-29,Male,Others
1594.jpg,30-39,Male,Indian
1595.jpg,30-39,Male,Indian
1596.jpg,20-29,Male,White
1597.jpg,20-29,Male,Others
1598.jpg,30-39,Female,White
1599.jpg,40-49,Female,White
16.jpg,20-29,Female,White
160.jpg,40-49,Female,Asian
1600.jpg,30-39,Female,White
1601.jpg,30-39,Female,White
1602.jpg,40-49,Female,White
1603.jpg,30-39,Male,White
1604.jpg,30-39,Female,Asian
1605.jpg,20-29,Female,Black
1606.jpg,30-39,Male,Black
1607.jpg,20-29,Male,Black
1608.jpg,30-39,Female,Asian
1609.jpg,20-29,Male,Black
161.jpg,40-49,Male,Asian
1610.jpg,30-39,Male,White
1611.jpg,20-29,Male,Black
1612.jpg,20-29,Male,Others
1613.jpg,none,none,none
1614.jpg,30-39,Male,Black
1615.jpg,20-29,Female,White
1616.jpg,30-39,Female,Others
1617.jpg,20-29,Male,White
1618.jpg,none,none,none
1619.jpg,20-29,Male,Black
162.jpg,none,none,none
1620.jpg,30-39,Male,Black
1621.jpg,30-39,Male,Asian
1622.jpg,20-29,Male,White
1623.jpg,30-39,Female,Others
1624.jpg,30-39,Male,Indian
1625.jpg,20-29,Male,Others
1626.jpg,30-39,Male,White
1627.jpg,40-49,Male,White
1628.jpg,30-39,Male,White
1629.jpg,20-29,Male,Others
163.jpg,10-19,Male,Others
1630.jpg,30-39,Male,White
1631.jpg,20-29,Male,White
1632.jpg,20-29,Male,White
1633.jpg,20-29,Male,White
1634.jpg,30-39,Male,Others
1635.jpg,30-39,Male,White
1636.jpg,30-39,Male,Others
1637.jpg,20-29,Male,Others
1638.jpg,30-39,Male,Indian
1639.jpg,30-39,Male,White
164.jpg,none,none,none
1640.jpg,20-29,Male,White
1641.jpg,30-39,Male,White
1642.jpg,20-29,Male,Others
1643.jpg,30-39,Female,White
1644.jpg,30-39,Male,White
1645.jpg,20-29,Male,Others
1646.jpg,30-39,Male,White
1647.jpg,30-39,Male,Others
1648.jpg,30-39,Male,White
1649.jpg,30-39,Male,White
165.jpg,30-39,Male,Asian
1650.jpg,20-29,Male,White
1651.jpg,30-39,Male,White
1652.jpg,20-29,Male,Black
1653.jpg,30-39,Male,Black
1654.jpg,20-29,Male,Black
1655.jpg,20-29,Male,Black
1656.jpg,30-39,Male,Black
1657.jpg,20-29,Male,Black
1658.jpg,20-29,Male,Indian
1659.jpg,20-29,Male,Others
166.jpg,none,none,none
1660.jpg,30-39,Male,White
1661.jpg,30-39,Male,Black
1662.jpg,30-39,Male,Asian
1663.jpg,20-29,Male,Black
1664.jpg,30-39,Male,White
1665.jpg,30-39,Male,Black
1666.jpg,20-29,Male,Asian
1667.jpg,30-39,Female,White
1668.jpg,30-39,Male,Asian
1669.jpg,20-29,Male,White
167.jpg,30-39,Female,Asian
1670.jpg,30-39,Male,Others
1671.jpg,30-39,Male,Indian
1672.jpg,none,none,none
1673.jpg,20-29,Male,Others
1674.jpg,30-39,Male,Indian
1675.jpg,30-39,Male,Indian
1676.jpg,30-39,Male,Others
1677.jpg,30-39,Male,Asian
1678.jpg,30-39,Male,Others
1679.jpg,20-29,Male,Others
168.jpg,30-39,Male,Asian
1680.jpg,none,none,none
1681.jpg,30-39,Male,Others
1682.jpg,20-29,Male,Indian
1683.jpg,30-39,Male,Others
1684.jpg,30-39,Male,White
1685.jpg,30-39,Female,White
1686.jpg,30-39,Female,White
1687.jpg,30-39,Female,White
1688.jpg,30-39,Female,Others
1689.jpg,20-29,Male,Asian
169.jpg,20-29,Female,White
1690.jpg,20-29,Female,Others
1691.jpg,30-39,Male,Others
1692.jpg,30-39,Male,White
1693.jpg,20-29,Male,Others
1694.jpg,30-39,Male,Others
1695.jpg,30-39,Female,White
1696.jpg,30-39,Female,Asian
1697.jpg,30-39,Male,Others
1698.jpg,30-39,Female,White
1699.jpg,none,none,none
17.jpg,30-39,Female,White
170.jpg,20-29,Male,White
1700.jpg,none,none,none
1701.jpg,20-29,Male,White
1702.jpg,30-39,Female,Asian
1703.jpg,20-29,Female,Black
1704.jpg,30-39,Male,Others
1705.jpg,30-39,Male,Others
1706.jpg,30-39,Male,White
1707.jpg,20-29,Male,Others
1708.jpg,30-39,Female,Others
1709.jpg,30-39,Male,White
171.jpg,30-39,Male,Asian
1710.jpg,none,none,none
1711.jpg,20-29,Male,Asian
1712.jpg,30-39,Female,Others
1713.jpg,30-39,Female,Others
1714.jpg,30-39,Female,White
1715.jpg,30-39,Female,White
1716.jpg,30-39,Female,White
1717.jpg,30-39,Female,Others
1718.jpg,30-39,Male,Indian
1719.jpg,30-39,Female,Indian
172.jpg,30-39,Male,Others
1720.jpg,30-39,Male,Others
1721.jpg,30-39,Female,Others
1722.jpg,30-39,Female,White
1723.jpg,20-29,Female,Others
1724.jpg,30-39,Male,White
1725.jpg,30-39,Male,Others
1726.jpg,20-29,Male,White
1727.jpg,20-29,Male,White
1728.jpg,30-39,Female,White
1729.jpg,40-49,Male,White
173.jpg,none,none,none
1730.jpg,30-39,Male,White
1731.jpg,30-39,Male,White
1732.jpg,20-29,Male,Asian
1733.jpg,30-39,Male,Black
1734.jpg,20-29,Male,Black
1735.jpg,20-29,Male,Black
1736.jpg,20-29,Male,White
1737.jpg,none,none,none
1738.jpg,30-39,Male,Black
1739.jpg,none,none,none
174.jpg,30-39,Female,White
1740.jpg,30-39,Male,Asian
1741.jpg,40-49,Male,Asian
1742.jpg,40-49,Male,Others
1743.jpg,20-29,Male,Asian
1744.jpg,20-29,Male,Asian
1745.jpg,30-39,Male,Asian
1746.jpg,20-29,Male,White
1747.jpg,30-39,Male,Indian
1748.jpg,30-39,Male,Others
1749.jpg,40-49,Male,Asian
175.jpg,20-29,Male,Asian
1750.jpg,30-39,Male,Indian
1751.jpg,20-29,Male,Others
1752.jpg,30-39,Male,Others
1753.jpg,30-39,Male,Others
1754.jpg,30-39,Female,White
1755.jpg,30-39,Male,Others
1756.jpg,30-39,Male,White
1757.jpg,30-39,Female,White
1758.jpg,40-49,Female,White
1759.jpg,30-39,Female,White
176.jpg,none,none,none
1760.jpg,30-39,Female,White
1761.jpg,40-49,Female,White
1762.jpg,30-39,Female,White
1763.jpg,none,none,none
1764.jpg,30-39,Female,White
1765.jpg,30-39,Female,Asian
1766.jpg,40-49,Male,Others
1767.jpg,none,none,none
1768.jpg,30-39,Female,Asian
1769.jpg,30-39,Male,Black
177.jpg,30-39,Male,Black
1770.jpg,30-39,Male,Black
1771.jpg,30-39,Female,Black
1772.jpg,30-39,Female,Black
1773.jpg,20-29,Male,Black
1774.jpg,30-39,Male,Black
1775.jpg,30-39,Male,Black
1776.jpg,30-39,Female,Black
1777.jpg,30-39,Female,Black
1778.jpg,20-29,Female,Asian
1779.jpg,30-39,Male,Others
178.jpg,30-39,Female,Asian
1780.jpg,40-49,Female,Indian
1781.jpg,30-39,Female,Others
1782.jpg,30-39,Female,Others
1783.jpg,40-49,Male,White
1784.jpg,20-29,Male,Others
1785.jpg,30-39,Male,White
1786.jpg,30-39,Male,White
1787.jpg,30-39,Male,White
1788.jpg,30-39,Male,White
1789.jpg,20-29,Male,White
179.jpg,30-39,Male,Black
1790.jpg,30-39,Male,White
1791.jpg,30-39,Male,Black
1792.jpg,none,none,none
1793.jpg,30-39,Male,Black
1794.jpg,20-29,Male,Asian
1795.jpg,20-29,Male,Others
1796.jpg,20-29,Male,Indian
1797.jpg,30-39,Male,Indian
1798.jpg,20-29,Male,White
1799.jpg,30-39,Male,Indian
18.jpg,20-29,Male,White
180.jpg,10-19,Male,Asian
1800.jpg,30-39,Male,Indian
1801.jpg,30-39,Male,Indian
1802.jpg,30-39,Male,White
1803.jpg,30-39,Male,Others
1804.jpg,none,none,none
1805.jpg,30-39,Female,White
1806.jpg,20-29,Male,White
1807.jpg,30-39,Female,Others
1808.jpg,40-49,Female,White
1809.jpg,20-29,Male,White
181.jpg,none,none,none
1810.jpg,20-29,Female,Others
1811.jpg,none,none,none
1812.jpg,30-39,Male,White
1813.jpg,30-39,Male,Black
1814.jpg,30-39,Female,Others
1815.jpg,30-39,Female,White
1816.jpg,30-39,Male,White
1817.jpg,30-39,Male,White
1818.jpg,30-39,Male,Others
1819.jpg,20-29,Male,White
182.jpg,none,none,none
1820.jpg,30-39,Male,White
1821.jpg,30-39,Male,White
1822.jpg,none,none,none
1823.jpg,20-29,Male,White
1824.jpg,20-29,Male,White
1825.jpg,30-39,Male,Black
1826.jpg,30-39,Male,Indian
1827.jpg,20-29,Male,Black
1828.jpg,20-29,Female,White
1829.jpg,20-29,Male,Asian
183.jpg,none,none,none
1830.jpg,30-39,Male,Asian
1831.jpg,30-39,Female,White
1832.jpg,20-29,Male,Others
1833.jpg,40-49,Male,Indian
1834.jpg,20-29,Male,Others
1835.jpg,30-39,Female,White
1836.jpg,50-59,Male,White
1837.jpg,20-29,Female,White
1838.jpg,20-29,Male,White
1839.jpg,40-49,Female,White
184.jpg,none,none,none
1840.jpg,30-39,Female,White
1841.jpg,20-29,Male,White
1842.jpg,none,none,none
1843.jpg,30-39,Male,White
1844.jpg,20-29,Female,Black
1845.jpg,30-39,Male,White
1846.jpg,20-29,Female,Black
1847.jpg,30-39,Male,Black
1848.jpg,20-29,Female,Black
1849.jpg,30-39,Female,Black
185.jpg,10-19,Male,Asian
1850.jpg,20-29,Male,Asian
1851.jpg,20-29,Male,White
1852.jpg,30-39,Male,Others
1853.jpg,30-39,Female,Others
1854.jpg,20-29,Male,Indian
1855.jpg,30-39,Female,White
1856.jpg,30-39,Male,White
1857.jpg,40-49,Female,Asian
1858.jpg,30-39,Female,White
1859.jpg,40-49,Male,White
186.jpg,20-29,Male,Asian
1860.jpg,30-39,Male,Asian
1861.jpg,30-39,Male,Others
1862.jpg,30-39,Male,White
1863.jpg,30-39,Male,White
1864.jpg,30-39,Male,White
1865.jpg,30-39,Male,White
1866.jpg,20-29,Male,White
1867.jpg,30-39,Male,White
1868.jpg,30-39,Male,White
1869.jpg,30-39,Male,White
187.jpg,20-29,Male,Asian
1870.jpg,30-39,Male,Others
1871.jpg,30-39,Male,White
1872.jpg,40-49,Male,White
1873.jpg,none,none,none
1874.jpg,30-39,Male,White
1875.jpg,none,none,none
1876.jpg,30-39,Male,White
1877.jpg,20-29,Male,White
1878.jpg,30-39,Male,White
1879.jpg,20-29,Male,Indian
188.jpg,none,none,none
1880.jpg,30-39,Male,Others
1881.jpg,30-39,Male,Indian
1882.jpg,40-49,Female,White
1883.jpg,20-29,Male,White
1884.jpg,30-39,Female,White
1885.jpg,30-39,Female,White
1886.jpg,30-39,Male,White
1887.jpg,30-39,Female,Black
1888.jpg,30-39,Female,Black
1889.jpg,30-39,Female,Black
189.jpg,30-39,Male,Asian
1890.jpg,20-29,Female,Asian
1891.jpg,30-39,Female,Indian
1892.jpg,30-39,Male,Black
1893.jpg,20-29,Female,White
1894.jpg,30-39,Male,White
1895.jpg,none,none,none
1896.jpg,20-29,Male,Black
1897.jpg,20-29,Male,Asian
1898.jpg,20-29,Male,Black
1899.jpg,20-29,Male,Asian
19.jpg,30-39,Female,White
190.jpg,10-19,Male,Asian
1900.jpg,none,none,none
1901.jpg,20-29,Female,Asian
1902.jpg,20-29,Male,Asian
1903.jpg,30-39,Male,Asian
1904.jpg,20-29,Male,Asian
1905.jpg,20-29,Male,Asian
1906.jpg,20-29,Male,Asian
1907.jpg,none,none,none
1908.jpg,none,none,none
1909.jpg,20-29,Male,White
191.jpg,none,none,none
1910.jpg,none,none,none
1911.jpg,30-39,Female,Others
1912.jpg,30-39,Male,White
1913.jpg,30-39,Female,White
1914.jpg,30-39,Female,White
1915.jpg,20-29,Female,Black
1916.jpg,30-39,Female,Asian
1917.jpg,20-29,Male,Asian
1918.jpg,20-29,Male,Asian
1919.jpg,20-29,Male,Asian
192.jpg,30-39,Male,Asian
1920.jpg,20-29,Male,Asian
1921.jpg,20-29,Male,Asian
1922.jpg,none,none,none
1923.jpg,none,none,none
1924.jpg,none,none,none
1925.jpg,none,none,none
1926.jpg,none,none,none
1927.jpg,30-39,Male,Asian
1928.jpg,10-19,Female,Asian
1929.jpg,none,none,none
193.jpg,30-39,Female,Asian
1930.jpg,30-39,Female,Asian
1931.jpg,30-39,Female,Others
1932.jpg,none,none,none
1933.jpg,10-19,Female,Others
1934.jpg,30-39,Male,Others
1935.jpg,30-39,Male,Asian
1936.jpg,30-39,Male,White
1937.jpg,30-39,Male,White
1938.jpg,20-29,Male,White
1939.jpg,20-29,Male,White
194.jpg,none,none,none
1940.jpg,30-39,Female,White
1941.jpg,30-39,Male,Asian
1942.jpg,30-39,Male,White
1943.jpg,20-29,Male,Others
1944.jpg,20-29,Male,White
1945.jpg,20-29,Male,White
1946.jpg,30-39,Female,Others
1947.jpg,20-29,Male,Indian
1948.jpg,30-39,Male,White
1949.jpg,30-39,Male,White
195.jpg,none,none,none
1950.jpg,20-29,Male,White
1951.jpg,40-49,Male,White
1952.jpg,30-39,Male,White
1953.jpg,20-29,Male,Black
1954.jpg,30-39,Male,White
1955.jpg,20-29,Male,White
1956.jpg,30-39,Male,White
1957.jpg,30-39,Male,Others
1958.jpg,20-29,Male,Others
1959.jpg,20-29,Male,White
196.jpg,none,none,none
1960.jpg,30-39,Male,White
1961.jpg,20-29,Male,White
1962.jpg,30-39,Male,White
1963.jpg,30-39,Male,Others
1964.jpg,20-29,Male,White
1965.jpg,30-39,Male,Indian
1966.jpg,30-39,Male,Black
1967.jpg,30-39,Male,Black
1968.jpg,none,none,none
1969.jpg,none,none,none
197.jpg,none,none,none
1970.jpg,none,none,none
1971.jpg,30-39,Male,White
1972.jpg,30-39,Male,Asian
1973.jpg,40-49,Male,Indian
1974.jpg,20-29,Male,Others
1975.jpg,30-39,Male,Others
1976.jpg,20-29,Male,Indian
1977.jpg,30-39,Male,Others
1978.jpg,40-49,Male,White
1979.jpg,30-39,Male,Others
198.jpg,10-19,Female,Asian
1980.jpg,30-39,Female,White
1981.jpg,30-39,Female,White
1982.jpg,40-49,Male,White
1983.jpg,30-39,Female,White
1984.jpg,30-39,Female,Others
1985.jpg,30-39,Male,White
1986.jpg,30-39,Female,White
1987.jpg,30-39,Female,White
1988.jpg,30-39,Male,Asian
1989.jpg,30-39,Female,White
199.jpg,none,none,none
1990.jpg,30-39,Male,White
1991.jpg,30-39,Female,Others
1992.jpg,20-29,Male,White
1993.jpg,30-39,Female,White
1994.jpg,30-39,Female,Black
1995.jpg,30-39,Male,White
1996.jpg,30-39,Female,Black
1997.jpg,30-39,Male,White
1998.jpg,30-39,Female,Others
1999.jpg,20-29,Male,Black
2.jpg,20-29,Male,White
20.jpg,30-39,Female,White
200.jpg,none,none,none
2000.jpg,none,none,none
2001.jpg,30-39,Male,White
2002.jpg,30-39,Female,White
2003.jpg,30-39,Female,Asian
2004.jpg,30-39,Male,Others
2005.jpg,30-39,Male,White
2006.jpg,20-29,Male,Others
2007.jpg,30-39,Male,White
2008.jpg,20-29,Male,White
2009.jpg,20-29,Male,White
201.jpg,20-29,Male,Asian
2010.jpg,30-39,Male,Asian
2011.jpg,30-39,Male,Black
2012.jpg,30-39,Male,Asian
2013.jpg,20-29,Male,Asian
2014.jpg,20-29,Male,Others
2015.jpg,30-39,Female,White
2016.jpg,20-29,Male,White
2017.jpg,30-39,Male,Black
2018.jpg,30-39,Female,Asian
2019.jpg,40-49,Male,White
202.jpg,20-29,Male,Asian
2020.jpg,20-29,Male,White
2021.jpg,30-39,Male,Indian
2022.jpg,20-29,Male,White
2023.jpg,40-49,Male,White
2024.jpg,30-39,Male,Others
2025.jpg,30-39,Male,Others
2026.jpg,none,none,none
2027.jpg,40-49,Male,Others
2028.jpg,30-39,Male,White
2029.jpg,20-29,Male,Black
203.jpg,30-39,Male,Asian
2030.jpg,20-29,Male,Black
2031.jpg,20-29,Female,White
2032.jpg,none,none,none
2033.jpg,20-29,Male,Black
2034.jpg,30-39,Male,Asian
2035.jpg,20-29,Male,White
2036.jpg,20-29,Male,Black
2037.jpg,40-49,Male,Indian
2038.jpg,20-29,Male,Others
2039.jpg,30-39,Male,Others
204.jpg,none,none,none
2040.jpg,40-49,Male,Indian
2041.jpg,30-39,Male,Others
2042.jpg,30-39,Female,White
2043.jpg,30-39,Female,White
2044.jpg,20-29,Male,Others
2045.jpg,20-29,Female,White
2046.jpg,30-39,Female,Others
2047.jpg,30-39,Female,White
2048.jpg,30-39,Female,White
2049.jpg,30-39,Male,White
205.jpg,20-29,Male,Asian
2050.jpg,30-39,Female,Indian
2051.jpg,30-39,Male,Asian
2052.jpg,30-39,Male,Others
2053.jpg,20-29,Male,Others
2054.jpg,20-29,Male,White
2055.jpg,30-39,Male,Black
2056.jpg,40-49,Male,White
2057.jpg,20-29,Female,White
2058.jpg,40-49,Male,White
2059.jpg,20-29,Male,Black
206.jpg,20-29,Male,Asian
2060.jpg,30-39,Male,Indian
2061.jpg,30-39,Male,Others
2062.jpg,30-39,Male,Indian
2063.jpg,20-29,Male,White
2064.jpg,20-29,Male,Indian
2065.jpg,30-39,Male,Others
2066.jpg,30-39,Male,Others
2067.jpg,none,none,none
2068.jpg,40-49,Male,White
2069.jpg,40-49,Male,Others
207.jpg,30-39,Male,Asian
2070.jpg,40-49,Male,White
2071.jpg,30-39,Male,White
2072.jpg,40-49,Male,White
2073.jpg,40-49,Male,Asian
2074.jpg,30-39,Male,White
2075.jpg,30-39,Male,White
2076.jpg,30-39,Male,Others
2077.jpg,40-49,Male,White
2078.jpg,40-49,Male,White
2079.jpg,none,none,none
208.jpg,20-29,Male,Asian
2080.jpg,30-39,Male,White
2081.jpg,20-29,Male,Others
2082.jpg,30-39,Male,Others
2083.jpg,20-29,Male,White
2084.jpg,30-39,Male,White
2085.jpg,20-29,Male,Black
2086.jpg,20-29,Female,Black
2087.jpg,20-29,Male,White
2088.jpg,30-39,Male,White
2089.jpg,30-39,Female,White
209.jpg,30-39,Male,Asian
2090.jpg,none,none,none
2091.jpg,20-29,Male,Asian
2092.jpg,20-29,Male,White
2093.jpg,40-49,Male,Others
2094.jpg,30-39,Male,Others
2095.jpg,30-39,Male,Others
2096.jpg,30-39,Male,Black
2097.jpg,30-39,Male,Indian
2098.jpg,30-39,Male,Indian
2099.jpg,30-39,Male,Indian
21.jpg,20-29,Female,Asian
210.jpg,30-39,Male,Asian
2100.jpg,30-39,Male,Black
2101.jpg,30-39,Male,Others
2102.jpg,40-49,Male,Indian
2103.jpg,40-49,Male,Others
2104.jpg,40-49,Male,Indian
2105.jpg,30-39,Male,White
2106.jpg,30-39,Male,White
2107.jpg,30-39,Male,White
2108.jpg,30-39,Male,Asian
2109.jpg,30-39,Male,White
211.jpg,20-29,Female,Asian
2110.jpg,30-39,Female,White
2111.jpg,20-29,Male,Asian
2112.jpg,40-49,Female,White
2113.jpg,20-29,Male,Black
2114.jpg,30-39,Female,White
2115.jpg,40-49,Female,Others
2116.jpg,30-39,Female,Black
2117.jpg,30-39,Male,Black
2118.jpg,40-49,Female,Black
2119.jpg,30-39,Male,Others
212.jpg,30-39,Male,Asian
2120.jpg,30-39,Male,Black
2121.jpg,30-39,Female,Others
2122.jpg,40-49,Female,Others
2123.jpg,20-29,Male,White
2124.jpg,30-39,Male,White
2125.jpg,30-39,Male,White
2126.jpg,30-39,Male,Others
2127.jpg,30-39,Male,Others
2128.jpg,30-39,Male,White
2129.jpg,40-49,Male,Others
213.jpg,none,none,none
2130.jpg,20-29,Male,Black
2131.jpg,30-39,Male,Asian
2132.jpg,40-49,Male,Indian
2133.jpg,30-39,Male,Others
2134.jpg,30-39,Male,Others
2135.jpg,40-49,Male,White
2136.jpg,30-39,Female,White
2137.jpg,30-39,Female,White
2138.jpg,30-39,Male,Asian
2139.jpg,30-39,Male,Asian
214.jpg,30-39,Male,Asian
2140.jpg,20-29,Female,Others
2141.jpg,20-29,Male,White
2142.jpg,40-49,Male,Indian
2143.jpg,30-39,Male,White
2144.jpg,none,none,none
2145.jpg,30-39,Male,White
2146.jpg,20-29,Male,Others
2147.jpg,40-49,Male,White
2148.jpg,30-39,Male,White
2149.jpg,30-39,Male,White
215.jpg,none,none,none
2150.jpg,40-49,Male,White
2151.jpg,20-29,Male,White
2152.jpg,40-49,Male,White
2153.jpg,40-49,Male,Others
2154.jpg,30-39,Male,Others
2155.jpg,30-39,Male,Others
2156.jpg,30-39,Male,Indian
2157.jpg,20-29,Male,Others
2158.jpg,20-29,Male,White
2159.jpg,30-39,Male,Others
216.jpg,none,none,none
2160.jpg,30-39,Male,Indian
2161.jpg,30-39,Female,White
2162.jpg,30-39,Female,White
2163.jpg,40-49,Female,White
2164.jpg,40-49,Male,White
2165.jpg,30-39,Female,Black
2166.jpg,30-39,Female,Asian
2167.jpg,40-49,Male,White
2168.jpg,30-39,Male,White
2169.jpg,30-39,Male,White
217.jpg,none,none,none
2170.jpg,30-39,Male,White
2171.jpg,30-39,Male,White
2172.jpg,30-39,Male,Others
2173.jpg,40-49,Male,Others
2174.jpg,30-39,Male,White
2175.jpg,30-39,Male,Others
2176.jpg,30-39,Female,White
2177.jpg,30-39,Female,White
2178.jpg,30-39,Male,White
2179.jpg,30-39,Male,White
218.jpg,none,none,none
2180.jpg,30-39,Female,Black
2181.jpg,30-39,Male,Others
2182.jpg,20-29,Male,Others
2183.jpg,20-29,Male,White
2184.jpg,30-39,Male,Others
2185.jpg,30-39,Male,White
2186.jpg,30-39,Male,White
2187.jpg,30-39,Male,Black
2188.jpg,40-49,Male,Others
2189.jpg,30-39,Male,White
219.jpg,20-29,Female,Asian
2190.jpg,none,none,none
2191.jpg,40-49,Female,White
2192.jpg,30-39,Female,White
2193.jpg,40-49,Female,White
2194.jpg,30-39,Female,White
2195.jpg,30-39,Female,White
2196.jpg,30-39,Female,Others
2197.jpg,30-39,Female,Others
2198.jpg,20-29,Male,Others
2199.jpg,20-29,Male,Asian
22.jpg,10-19,Male,White
220.jpg,none,none,none
2200.jpg,30-39,Male,White
2201.jpg,20-29,Male,White
2202.jpg,30-39,Female,White
2203.jpg,30-39,Female,White
2204.jpg,20-29,Female,White
2205.jpg,20-29,Male,Black
2206.jpg,30-39,Male,Asian
2207.jpg,20-29,Male,Asian
2208.jpg,20-29,Male,Asian
2209.jpg,20-29,Male,Asian
221.jpg,20-29,Female,Asian
2210.jpg,20-29,Male,Asian
2211.jpg,20-29,Male,Asian
2212.jpg,10-19,Male,Others
2213.jpg,none,none,none
2214.jpg,20-29,Female,Asian
2215.jpg,20-29,Male,White
2216.jpg,20-29,Female,White
2217.jpg,20-29,Female,White
2218.jpg,20-29,Male,Asian
2219.jpg,20-29,Male,White
222.jpg,10-19,Male,Asian
2220.jpg,none,none,none
2221.jpg,10-19,Female,Asian
2222.jpg,none,none,none
2223.jpg,none,none,none
2224.jpg,20-29,Female,Asian
2225.jpg,20-29,Male,Asian
2226.jpg,20-29,Female,Others
2227.jpg,20-29,Male,White
2228.jpg,10-19,Male,Indian
2229.jpg,20-29,Female,Asian
223.jpg,none,none,none
2230.jpg,20-29,Female,Asian
2231.jpg,10-19,Male,Asian
2232.jpg,20-29,Male,Asian
2233.jpg,20-29,Male,Asian
2234.jpg,30-39,Female,White
2235.jpg,30-39,Female,Others
2236.jpg,30-39,Male,White
2237.jpg,40-49,Male,White
2238.jpg,30-39,Male,White
2239.jpg,20-29,Male,Asian
224.jpg,none,none,none
2240.jpg,30-39,Male,Others
2241.jpg,20-29,Male,White
2242.jpg,30-39,Male,White
2243.jpg,30-39,Female,White
2244.jpg,30-39,Male,White
2245.jpg,30-39,Male,White
2246.jpg,20-29,Male,Others
2247.jpg,none,none,none
2248.jpg,40-49,Male,Others
2249.jpg,20-29,Male,White
225.jpg,20-29,Male,Asian
2250.jpg,40-49,Male,Others
2251.jpg,30-39,Male,White
2252.jpg,40-49,Male,White
2253.jpg,40-49,Male,White
2254.jpg,20-29,Male,Others
2255.jpg,30-39,Male,White
2256.jpg,20-29,Male,White
2257.jpg,30-39,Male,Others
2258.jpg,30-39,Male,Black
2259.jpg,30-39,Female,Others
226.jpg,10-19,Female,Asian
2260.jpg,30-39,Male,Black
2261.jpg,none,none,none
2262.jpg,30-39,Male,Asian
2263.jpg,30-39,Male,Asian
2264.jpg,30-39,Male,Asian
2265.jpg,60-69,Male,Others
2266.jpg,40-49,Male,Others
2267.jpg,30-39,Male,Others
2268.jpg,30-39,Male,Indian
2269.jpg,30-39,Male,Indian
227.jpg,30-39,Male,Asian
2270.jpg,20-29,Male,Indian
2271.jpg,30-39,Male,Black
2272.jpg,20-29,Male,Black
2273.jpg,30-39,Male,Indian
2274.jpg,40-49,Male,Others
2275.jpg,30-39,Male,Black
2276.jpg,40-49,Male,Asian
2277.jpg,40-49,Male,Indian
2278.jpg,40-49,Male,White
2279.jpg,none,none,none
228.jpg,30-39,Male,White
2280.jpg,30-39,Male,Asian
2281.jpg,30-39,Male,White
2282.jpg,40-49,Male,White
2283.jpg,30-39,Female,White
2284.jpg,30-39,Female,White
2285.jpg,30-39,Female,White
2286.jpg,30-39,Male,Others
2287.jpg,30-39,Male,White
2288.jpg,30-39,Female,Others
2289.jpg,30-39,Female,White
229.jpg,none,none,none
2290.jpg,20-29,Female,White
2291.jpg,30-39,Female,Asian
2292.jpg,30-39,Male,Others
2293.jpg,40-49,Female,Indian
2294.jpg,20-29,Male,White
2295.jpg,30-39,Male,White
2296.jpg,30-39,Male,Others
2297.jpg,30-39,Male,Others
2298.jpg,30-39,Male,White
2299.jpg,30-39,Male,Others
23.jpg,none,none,none
230.jpg,none,none,none
2300.jpg,40-49,Male,White
2301.jpg,40-49,Male,White
2302.jpg,40-49,Male,Black
2303.jpg,40-49,Male,Others
2304.jpg,30-39,Male,Others
2305.jpg,30-39,Female,White
2306.jpg,40-49,Female,White
2307.jpg,30-39,Male,Asian
2308.jpg,20-29,Male,Black
2309.jpg,20-29,Male,Asian
231.jpg,none,none,none
2310.jpg,40-49,Male,Indian
2311.jpg,30-39,Female,White
2312.jpg,20-29,Male,White
2313.jpg,20-29,Male,White
2314.jpg,none,none,none
2315.jpg,40-49,Male,Others
2316.jpg,20-29,Male,White
2317.jpg,none,none,none
2318.jpg,40-49,Male,White
2319.jpg,none,none,none
232.jpg,none,none,none
2320.jpg,30-39,Male,Black
2321.jpg,40-49,Male,Asian
2322.jpg,30-39,Male,Asian
2323.jpg,40-49,Male,Others
2324.jpg,30-39,Male,White
2325.jpg,none,none,none
2326.jpg,30-39,Male,Indian
2327.jpg,30-39,Male,Others
2328.jpg,none,none,none
2329.jpg,30-39,Male,Others
233.jpg,20-29,Male,Asian
2330.jpg,30-39,Male,White
2331.jpg,40-49,Male,White
2332.jpg,30-39,Male,White
2333.jpg,40-49,Female,White
2334.jpg,30-39,Female,White
2335.jpg,30-39,Female,White
2336.jpg,20-29,Female,White
2337.jpg,30-39,Female,Asian
2338.jpg,30-39,Female,Others
2339.jpg,40-49,Male,White
234.jpg,20-29,Male,Others
2340.jpg,30-39,Male,White
2341.jpg,40-49,Male,White
2342.jpg,30-39,Male,Black
2343.jpg,20-29,Male,White
2344.jpg,30-39,Male,White
2345.jpg,30-39,Male,Others
2346.jpg,30-39,Male,Asian
2347.jpg,30-39,Male,Asian
2348.jpg,30-39,Female,White
2349.jpg,30-39,Male,White
235.jpg,20-29,Female,Asian
2350.jpg,40-49,Male,White
2351.jpg,30-39,Male,White
2352.jpg,40-49,Male,White
2353.jpg,40-49,Male,White
2354.jpg,30-39,Male,Others
2355.jpg,30-39,Male,Indian
2356.jpg,20-29,Male,Black
2357.jpg,20-29,Male,White
2358.jpg,none,none,none
2359.jpg,30-39,Female,White
236.jpg,30-39,Male,Others
2360.jpg,40-49,Female,White
2361.jpg,30-39,Female,White
2362.jpg,30-39,Female,Asian
2363.jpg,30-39,Male,Asian
2364.jpg,30-39,Female,Indian
2365.jpg,none,none,none
2366.jpg,30-39,Male,White
2367.jpg,30-39,Male,Black
2368.jpg,40-49,Male,Others
2369.jpg,20-29,Male,White
237.jpg,20-29,Male,Asian
2370.jpg,40-49,Male,White
2371.jpg,20-29,Female,Asian
2372.jpg,30-39,Male,White
2373.jpg,30-39,Male,White
2374.jpg,30-39,Female,White
2375.jpg,none,none,none
2376.jpg,20-29,Male,White
2377.jpg,20-29,Male,Black
2378.jpg,30-39,Male,White
2379.jpg,40-49,Male,Asian
238.jpg,none,none,none
2380.jpg,30-39,Male,Others
2381.jpg,40-49,Male,Indian
2382.jpg,30-39,Male,Others
2383.jpg,20-29,Male,Others
2384.jpg,30-39,Male,Others
2385.jpg,50-59,Male,Others
2386.jpg,30-39,Male,Others
2387.jpg,40-49,Male,Others
2388.jpg,40-49,Male,Asian
2389.jpg,30-39,Male,Indian
239.jpg,30-39,Male,Indian
2390.jpg,30-39,Male,White
2391.jpg,20-29,Male,White
2392.jpg,none,none,none
2393.jpg,40-49,Male,Others
2394.jpg,40-49,Male,Others
2395.jpg,40-49,Male,White
2396.jpg,30-39,Female,White
2397.jpg,30-39,Male,White
2398.jpg,none,none,none
2399.jpg,30-39,Female,White
24.jpg,20-29,Male,White
240.jpg,10-19,Male,White
2400.jpg,30-39,Male,Others
2401.jpg,30-39,Male,Others
2402.jpg,30-39,Female,Asian
2403.jpg,50-59,Female,Asian
2404.jpg,30-39,Male,White
2405.jpg,30-39,Female,Indian
2406.jpg,30-39,Male,White
2407.jpg,40-49,Male,White
2408.jpg,30-39,Male,White
2409.jpg,30-39,Male,White
241.jpg,10-19,Female,Asian
2410.jpg,30-39,Male,Others
2411.jpg,30-39,Male,White
2412.jpg,20-29,Male,White
2413.jpg,30-39,Male,Asian
2414.jpg,30-39,Male,White
2415.jpg,40-49,Male,Others
2416.jpg,30-39,Male,White
2417.jpg,20-29,Male,White
2418.jpg,20-29,Male,Black
2419.jpg,40-49,Male,Others
242.jpg,10-19,Male,Others
2420.jpg,30-39,Male,Black
2421.jpg,30-39,Male,White
2422.jpg,30-39,Male,Asian
2423.jpg,30-39,Female,White
2424.jpg,30-39,Male,Asian
2425.jpg,40-49,Male,Indian
2426.jpg,none,none,none
2427.jpg,40-49,Male,Others
2428.jpg,30-39,Male,Others
2429.jpg,30-39,Male,Indian
243.jpg,30-39,Male,Others
2430.jpg,30-39,Male,Indian
2431.jpg,30-39,Male,Others
2432.jpg,30-39,Male,Indian
2433.jpg,30-39,Male,Black
2434.jpg,40-49,Male,Indian
2435.jpg,30-39,Male,Indian
2436.jpg,40-49,Male,White
2437.jpg,50-59,Female,Asian
2438.jpg,30-39,Female,White
2439.jpg,30-39,Female,White
244.jpg,none,none,none
2440.jpg,30-39,Female,White
2441.jpg,20-29,Female,White
2442.jpg,30-39,Male,Black
2443.jpg,30-39,Male,Indian
2444.jpg,20-29,Male,White
2445.jpg,30-39,Male,White
2446.jpg,30-39,Male,White
2447.jpg,20-29,Male,White
2448.jpg,40-49,Male,Others
2449.jpg,30-39,Male,White
245.jpg,30-39,Male,Indian
2450.jpg,30-39,Male,Asian
2451.jpg,30-39,Male,White
2452.jpg,20-29,Male,Black
2453.jpg,30-39,Male,Black
2454.jpg,30-39,Male,Black
2455.jpg,30-39,Male,White
2456.jpg,20-29,Male,Black
2457.jpg,30-39,Male,Asian
2458.jpg,30-39,Male,Asian
2459.jpg,40-49,Male,Indian
246.jpg,30-39,Male,White
2460.jpg,none,none,none
2461.jpg,40-49,Female,White
2462.jpg,40-49,Female,White
2463.jpg,40-49,Female,White
2464.jpg,50-59,Female,White
2465.jpg,30-39,Female,White
2466.jpg,30-39,Female,Black
2467.jpg,20-29,Male,Others
2468.jpg,30-39,Female,Others
2469.jpg,30-39,Female,Black
247.jpg,none,none,none
2470.jpg,30-39,Female,White
2471.jpg,30-39,Male,Black
2472.jpg,30-39,Male,White
2473.jpg,40-49,Male,White
2474.jpg,20-29,Male,Others
2475.jpg,30-39,Male,Asian
2476.jpg,30-39,Male,White
2477.jpg,20-29,Male,Black
2478.jpg,30-39,Male,White
2479.jpg,20-29,Male,White
248.jpg,none,none,none
2480.jpg,40-49,Male,Others
2481.jpg,30-39,Male,White
2482.jpg,20-29,Male,White
2483.jpg,30-39,Male,Asian
2484.jpg,30-39,Male,White
2485.jpg,30-39,Male,Asian
2486.jpg,20-29,Female,White
2487.jpg,30-39,Male,White
2488.jpg,none,none,none
2489.jpg,30-39,Male,Others
249.jpg,30-39,Male,Others
2490.jpg,30-39,Male,Asian
2491.jpg,30-39,Male,White
2492.jpg,40-49,Male,White
2493.jpg,30-39,Male,White
2494.jpg,30-39,Female,White
2495.jpg,30-39,Male,White
2496.jpg,30-39,Male,Others
2497.jpg,40-49,Male,White
2498.jpg,30-39,Male,Asian
2499.jpg,30-39,Male,White
25.jpg,20-29,Male,White
250.jpg,none,none,none
2500.jpg,40-49,Male,White
2501.jpg,30-39,Male,White
2502.jpg,40-49,Male,Others
2503.jpg,40-49,Male,Asian
2504.jpg,30-39,Male,Others
2505.jpg,40-49,Male,Black
2506.jpg,none,none,none
2507.jpg,30-39,Male,White
2508.jpg,40-49,Male,Asian
2509.jpg,30-39,Male,Others
251.jpg,none,none,none
2510.jpg,40-49,Male,Others
2511.jpg,40-49,Male,Others
2512.jpg,30-39,Male,Others
2513.jpg,40-49,Male,Others
2514.jpg,40-49,Male,Asian
2515.jpg,none,none,none
2516.jpg,40-49,Male,Indian
2517.jpg,40-49,Male,Asian
2518.jpg,40-49,Male,Others
2519.jpg,50-59,Male,Others
252.jpg,none,none,none
2520.jpg,30-39,Male,Others
2521.jpg,30-39,Female,White
2522.jpg,30-39,Male,Black
2523.jpg,none,none,none
2524.jpg,40-49,Male,Others
2525.jpg,20-29,Male,Asian
2526.jpg,30-39,Male,Asian
2527.jpg,40-49,Male,Indian
2528.jpg,30-39,Male,Others
2529.jpg,40-49,Male,Others
253.jpg,20-29,Male,Asian
2530.jpg,30-39,Female,Asian
2531.jpg,20-29,Male,White
2532.jpg,20-29,Male,Black
2533.jpg,30-39,Male,Asian
2534.jpg,20-29,Male,Asian
2535.jpg,30-39,Female,White
2536.jpg,20-29,Male,White
2537.jpg,20-29,Male,Others
2538.jpg,10-19,Female,Others
2539.jpg,20-29,Male,White
254.jpg,20-29,Male,White
2540.jpg,10-19,Female,Others
2541.jpg,10-19,Female,White
2542.jpg,20-29,Female,Asian
2543.jpg,30-39,Male,White
2544.jpg,20-29,Female,White
2545.jpg,20-29,Female,Others
2546.jpg,20-29,Male,Asian
2547.jpg,10-19,Female,Asian
2548.jpg,30-39,Female,White
2549.jpg,30-39,Male,Asian
255.jpg,none,none,none
2550.jpg,20-29,Female,Asian
2551.jpg,20-29,Female,Asian
2552.jpg,none,none,none
2553.jpg,20-29,Male,Asian
2554.jpg,30-39,Male,Asian
2555.jpg,20-29,Female,Asian
2556.jpg,none,none,none
2557.jpg,30-39,Male,White
2558.jpg,20-29,Male,Asian
2559.jpg,30-39,Male,White
256.jpg,20-29,Male,Asian
2560.jpg,40-49,Male,White
2561.jpg,30-39,Male,Asian
2562.jpg,40-49,Male,White
2563.jpg,20-29,Male,Asian
2564.jpg,30-39,Male,White
2565.jpg,30-39,Female,White
2566.jpg,30-39,Male,White
2567.jpg,30-39,Male,White
2568.jpg,30-39,Male,White
2569.jpg,none,none,none
257.jpg,none,none,none
2570.jpg,30-39,Male,Others
2571.jpg,30-39,Male,White
2572.jpg,none,none,none
2573.jpg,20-29,Male,Asian
2574.jpg,30-39,Male,Asian
2575.jpg,30-39,Male,Asian
2576.jpg,40-49,Male,Asian
2577.jpg,30-39,Male,Others
2578.jpg,50-59,Male,Others
2579.jpg,30-39,Male,Others
258.jpg,none,none,none
2580.jpg,none,none,none
2581.jpg,none,none,none
2582.jpg,40-49,Male,Others
2583.jpg,none,none,none
2584.jpg,30-39,Male,Others
2585.jpg,30-39,Female,White
2586.jpg,40-49,Female,White
2587.jpg,40-49,Female,Others
2588.jpg,30-39,Female,White
2589.jpg,40-49,Female,White
259.jpg,20-29,Male,Others
2590.jpg,20-29,Male,Asian
2591.jpg,none,none,none
2592.jpg,30-39,Male,White
2593.jpg,30-39,Female,White
2594.jpg,30-39,Female,White
2595.jpg,40-49,Female,White
2596.jpg,30-39,Female,White
2597.jpg,30-39,Female,White
2598.jpg,none,none,none
2599.jpg,30-39,Male,Black
26.jpg,20-29,Male,White
260.jpg,30-39,Male,White
2600.jpg,none,none,none
2601.jpg,none,none,none
2602.jpg,50-59,Male,Asian
2603.jpg,30-39,Male,White
2604.jpg,30-39,Male,White
2605.jpg,20-29,Male,Black
2606.jpg,30-39,Male,White
2607.jpg,30-39,Male,White
2608.jpg,40-49,Male,Asian
2609.jpg,20-29,Male,Black
261.jpg,10-19,Male,Asian
2610.jpg,30-39,Male,Black
2611.jpg,30-39,Male,White
2612.jpg,none,none,none
2613.jpg,40-49,Male,Asian
2614.jpg,50-59,Male,Black
2615.jpg,none,none,none
2616.jpg,none,none,none
2617.jpg,30-39,Male,White
2618.jpg,50-59,Male,White
2619.jpg,30-39,Male,Indian
262.jpg,none,none,none
2620.jpg,30-39,Male,White
2621.jpg,20-29,Male,White
2622.jpg,50-59,Female,White
2623.jpg,30-39,Male,White
2624.jpg,40-49,Male,White
2625.jpg,50-59,Male,White
2626.jpg,40-49,Male,White
2627.jpg,40-49,Male,Others
2628.jpg,50-59,Male,White
2629.jpg,30-39,Male,White
263.jpg,none,none,none
2630.jpg,40-49,Male,White
2631.jpg,20-29,Male,White
2632.jpg,none,none,none
2633.jpg,30-39,Male,Asian
2634.jpg,30-39,Male,Asian
2635.jpg,none,none,none
2636.jpg,30-39,Male,Black
2637.jpg,40-49,Female,White
2638.jpg,30-39,Male,Others
2639.jpg,30-39,Male,White
264.jpg,none,none,none
2640.jpg,40-49,Male,White
2641.jpg,40-49,Male,White
2642.jpg,40-49,Male,Asian
2643.jpg,40-49,Male,White
2644.jpg,30-39,Male,White
2645.jpg,30-39,Male,White
2646.jpg,30-39,Male,White
2647.jpg,50-59,Male,Others
2648.jpg,none,none,none
2649.jpg,none,none,none
265.jpg,20-29,Female,White
2650.jpg,40-49,Male,Others
2651.jpg,30-39,Male,Others
2652.jpg,50-59,Female,Others
2653.jpg,30-39,Female,White
2654.jpg,40-49,Female,White
2655.jpg,20-29,Male,White
2656.jpg,30-39,Female,White
2657.jpg,30-39,Male,White
2658.jpg,40-49,Male,White
2659.jpg,40-49,Male,Black
266.jpg,none,none,none
2660.jpg,none,none,none
2661.jpg,30-39,Male,White
2662.jpg,none,none,none
2663.jpg,30-39,Male,White
2664.jpg,40-49,Male,Asian
2665.jpg,40-49,Male,White
2666.jpg,40-49,Male,White
2667.jpg,30-39,Male,White
2668.jpg,40-49,Male,Others
2669.jpg,40-49,Male,Asian
267.jpg,20-29,Female,White
2670.jpg,30-39,Male,White
2671.jpg,40-49,Male,Others
2672.jpg,20-29,Male,White
2673.jpg,none,none,none
2674.jpg,40-49,Male,White
2675.jpg,none,none,none
2676.jpg,30-39,Male,Black
2677.jpg,none,none,none
2678.jpg,20-29,Male,Asian
2679.jpg,40-49,Male,Others
268.jpg,20-29,Female,White
2680.jpg,30-39,Male,Asian
2681.jpg,none,none,none
2682.jpg,40-49,Male,Others
2683.jpg,40-49,Male,Indian
2684.jpg,30-39,Female,White
2685.jpg,30-39,Female,White
2686.jpg,30-39,Male,White
2687.jpg,40-49,Female,White
2688.jpg,40-49,Female,White
2689.jpg,30-39,Female,White
269.jpg,none,none,none
2690.jpg,30-39,Female,White
2691.jpg,40-49,Female,White
2692.jpg,20-29,Male,White
2693.jpg,30-39,Male,White
2694.jpg,none,none,none
2695.jpg,20-29,Male,Asian
2696.jpg,30-39,Male,Black
2697.jpg,30-39,Male,Indian
2698.jpg,30-39,Male,Others
2699.jpg,30-39,Male,White
27.jpg,20-29,Female,White
270.jpg,20-29,Female,White
2700.jpg,20-29,Male,White
2701.jpg,30-39,Male,Asian
2702.jpg,30-39,Male,Others
2703.jpg,40-49,Female,White
2704.jpg,30-39,Female,White
2705.jpg,20-29,Male,White
2706.jpg,40-49,Male,White
2707.jpg,none,none,none
2708.jpg,30-39,Male,Black
2709.jpg,30-39,Male,Others
271.jpg,30-39,Female,White
2710.jpg,50-59,Male,Indian
2711.jpg,40-49,Male,White
2712.jpg,50-59,Female,White
2713.jpg,30-39,Male,Asian
2714.jpg,40-49,Male,Others
2715.jpg,40-49,Male,White
2716.jpg,none,none,none
2717.jpg,50-59,Male,White
2718.jpg,none,none,none
2719.jpg,30-39,Male,White
272.jpg,none,none,none
2720.jpg,40-49,Male,Others
2721.jpg,30-39,Male,Black
2722.jpg,30-39,Male,Black
2723.jpg,30-39,Male,White
2724.jpg,30-39,Male,White
2725.jpg,30-39,Male,Indian
2726.jpg,none,none,none
2727.jpg,40-49,Female,White
2728.jpg,none,none,none
2729.jpg,40-49,Male,White
273.jpg,30-39,Male,White
2730.jpg,40-49,Male,White
2731.jpg,30-39,Female,Asian
2732.jpg,none,none,none
2733.jpg,20-29,Male,White
2734.jpg,40-49,Female,White
2735.jpg,40-49,Female,White
2736.jpg,40-49,Female,White
2737.jpg,20-29,Male,White
2738.jpg,20-29,Male,White
2739.jpg,30-39,Male,White
274.jpg,none,none,none
2740.jpg,20-29,Female,White
2741.jpg,30-39,Male,White
2742.jpg,20-29,Female,White
2743.jpg,10-19,Female,Others
2744.jpg,20-29,Male,White
2745.jpg,none,none,none
2746.jpg,20-29,Female,Asian
2747.jpg,20-29,Male,Asian
2748.jpg,20-29,Male,Asian
2749.jpg,none,none,none
275.jpg,none,none,none
2750.jpg,none,none,none
2751.jpg,20-29,Male,Others
2752.jpg,30-39,Female,White
2753.jpg,40-49,Male,White
2754.jpg,40-49,Male,White
2755.jpg,40-49,Male,Others
2756.jpg,40-49,Male,White
2757.jpg,30-39,Male,White
2758.jpg,30-39,Male,White
2759.jpg,40-49,Male,White
276.jpg,30-39,Female,White
2760.jpg,30-39,Male,Black
2761.jpg,none,none,none
2762.jpg,20-29,Male,White
2763.jpg,40-49,Female,White
2764.jpg,30-39,Male,White
2765.jpg,none,none,none
2766.jpg,30-39,Female,Black
2767.jpg,20-29,Male,Black
2768.jpg,40-49,Male,White
2769.jpg,30-39,Male,White
277.jpg,none,none,none
2770.jpg,none,none,none
2771.jpg,30-39,Female,White
2772.jpg,40-49,Male,White
2773.jpg,40-49,Male,Black
2774.jpg,none,none,none
2775.jpg,30-39,Male,White
2776.jpg,none,none,none
2777.jpg,30-39,Female,Black
2778.jpg,40-49,Female,Black
2779.jpg,30-39,Male,White
278.jpg,30-39,Female,White
2780.jpg,none,none,none
2781.jpg,40-49,Female,White
2782.jpg,30-39,Male,Others
2783.jpg,50-59,Male,White
2784.jpg,40-49,Male,White
2785.jpg,30-39,Male,Others
2786.jpg,40-49,Female,White
2787.jpg,40-49,Male,White
2788.jpg,30-39,Female,White
2789.jpg,30-39,Male,Others
279.jpg,30-39,Male,Asian
2790.jpg,50-59,Male,White
2791.jpg,40-49,Male,White
2792.jpg,none,none,none
2793.jpg,40-49,Male,White
2794.jpg,40-49,Male,Black
2795.jpg,20-29,Male,White
2796.jpg,30-39,Male,White
2797.jpg,none,none,none
2798.jpg,30-39,Male,White
2799.jpg,30-39,Male,White
28.jpg,30-39,Male,White
280.jpg,30-39,Female,White
2800.jpg,30-39,Male,White
2801.jpg,30-39,Male,White
2802.jpg,30-39,Male,White
2803.jpg,40-49,Male,White
2804.jpg,50-59,Male,Asian
2805.jpg,40-49,Male,Black
2806.jpg,40-49,Male,Black
2807.jpg,40-49,Male,Black
2808.jpg,30-39,Male,Asian
2809.jpg,none,none,none
281.jpg,30-39,Female,Asian
2810.jpg,none,none,none
2811.jpg,none,none,none
2812.jpg,40-49,Male,Others
2813.jpg,none,none,none
2814.jpg,30-39,Male,Others
2815.jpg,20-29,Male,White
2816.jpg,30-39,Male,White
2817.jpg,50-59,Female,White
2818.jpg,30-39,Male,White
2819.jpg,40-49,Male,White
282.jpg,30-39,Female,White
2820.jpg,40-49,Male,White
2821.jpg,none,none,none
2822.jpg,30-39,Male,White
2823.jpg,50-59,Male,White
2824.jpg,none,none,none
2825.jpg,50-59,Male,Asian
2826.jpg,30-39,Female,White
2827.jpg,40-49,Male,White
2828.jpg,30-39,Female,Black
2829.jpg,40-49,Male,Black
283.jpg,20-29,Male,Asian
2830.jpg,50-59,Male,Asian
2831.jpg,30-39,Female,White
2832.jpg,40-49,Female,White
2833.jpg,none,none,none
2834.jpg,20-29,Male,White
2835.jpg,50-59,Male,White
2836.jpg,40-49,Male,Black
2837.jpg,30-39,Male,White
2838.jpg,20-29,Male,Asian
2839.jpg,20-29,Male,White
284.jpg,20-29,Male,White
2840.jpg,none,none,none
2841.jpg,40-49,Male,Others
2842.jpg,60-69,Male,White
2843.jpg,50-59,Male,White
2844.jpg,40-49,Male,Others
2845.jpg,30-39,Male,Asian
2846.jpg,40-49,Male,White
2847.jpg,none,none,none
2848.jpg,none,none,none
2849.jpg,30-39,Male,White
285.jpg,none,none,none
2850.jpg,30-39,Male,White
2851.jpg,20-29,Female,White
2852.jpg,20-29,Male,White
2853.jpg,30-39,Male,Asian
2854.jpg,none,none,none
2855.jpg,30-39,Male,White
2856.jpg,20-29,Male,White
2857.jpg,20-29,Male,Black
2858.jpg,none,none,none
2859.jpg,none,none,none
286.jpg,none,none,none
2860.jpg,none,none,none
2861.jpg,20-29,Male,Others
2862.jpg,20-29,Female,White
2863.jpg,none,none,none
2864.jpg,none,none,none
2865.jpg,20-29,Male,Others
2866.jpg,20-29,Male,White
2867.jpg,20-29,Male,White
2868.jpg,none,none,none
2869.jpg,none,none,none
287.jpg,none,none,none
2870.jpg,50-59,Male,Others
2871.jpg,40-49,Male,White
2872.jpg,30-39,Male,White
2873.jpg,40-49,Male,White
2874.jpg,30-39,Female,White
2875.jpg,40-49,Male,White
2876.jpg,none,none,none
2877.jpg,50-59,Male,White
2878.jpg,30-39,Male,Asian
2879.jpg,none,none,none
288.jpg,none,none,none
2880.jpg,20-29,Male,White
2881.jpg,30-39,Female,White
2882.jpg,20-29,Male,White
2883.jpg,40-49,Male,White
2884.jpg,none,none,none
2885.jpg,40-49,Male,Asian
2886.jpg,30-39,Female,White
2887.jpg,50-59,Female,White
2888.jpg,50-59,Male,White
2889.jpg,40-49,Male,White
289.jpg,20-29,Male,White
2890.jpg,40-49,Male,Asian
2891.jpg,50-59,Male,Asian
2892.jpg,40-49,Male,White
2893.jpg,40-49,Male,White
2894.jpg,30-39,Male,Black
2895.jpg,50-59,Male,White
2896.jpg,40-49,Male,Asian
2897.jpg,40-49,Male,Asian
2898.jpg,20-29,Male,White
2899.jpg,30-39,Male,White
29.jpg,20-29,Male,White
290.jpg,none,none,none
2900.jpg,none,none,none
2901.jpg,50-59,Male,White
2902.jpg,50-59,Male,White
2903.jpg,30-39,Male,White
2904.jpg,none,none,none
2905.jpg,50-59,Male,White
2906.jpg,40-49,Male,White
2907.jpg,50-59,Male,Others
2908.jpg,50-59,Female,White
2909.jpg,50-59,Male,White
291.jpg,40-49,Female,Asian
2910.jpg,30-39,Male,White
2911.jpg,30-39,Male,White
2912.jpg,40-49,Male,Asian
2913.jpg,40-49,Male,Asian
2914.jpg,40-49,Male,White
2915.jpg,40-49,Male,Black
2916.jpg,none,none,none
2917.jpg,50-59,Female,White
2918.jpg,none,none,none
2919.jpg,50-59,Male,White
292.jpg,20-29,Male,White
2920.jpg,none,none,none
2921.jpg,40-49,Male,Asian
2922.jpg,40-49,Male,Asian
2923.jpg,30-39,Male,White
2924.jpg,40-49,Male,Asian
2925.jpg,40-49,Male,Asian
2926.jpg,20-29,Male,Asian
2927.jpg,50-59,Male,Asian
2928.jpg,30-39,Male,White
2929.jpg,30-39,Male,Asian
293.jpg,none,none,none
2930.jpg,40-49,Male,Asian
2931.jpg,30-39,Male,Others
2932.jpg,none,none,none
2933.jpg,20-29,Male,White
2934.jpg,20-29,Male,White
2935.jpg,30-39,Male,Asian
2936.jpg,10-19,Male,White
2937.jpg,20-29,Male,White
2938.jpg,30-39,Male,Asian
2939.jpg,30-39,Male,Black
294.jpg,30-39,Female,Asian
2940.jpg,30-39,Male,Others
2941.jpg,20-29,Female,White
2942.jpg,20-29,Female,White
2943.jpg,30-39,Female,White
2944.jpg,20-29,Female,White
2945.jpg,20-29,Male,White
2946.jpg,none,none,none
2947.jpg,20-29,Female,White
2948.jpg,20-29,Female,Others
2949.jpg,20-29,Female,White
295.jpg,30-39,Male,Asian
2950.jpg,10-19,Female,White
2951.jpg,20-29,Female,White
2952.jpg,20-29,Male,White
2953.jpg,20-29,Female,White
2954.jpg,none,none,none
2955.jpg,30-39,Female,White
2956.jpg,20-29,Male,Asian
2957.jpg,30-39,Female,Others
2958.jpg,30-39,Male,Indian
2959.jpg,30-39,Male,Asian
296.jpg,none,none,none
2960.jpg,20-29,Female,White
2961.jpg,20-29,Male,Asian
2962.jpg,50-59,Male,White
2963.jpg,50-59,Male,Indian
2964.jpg,none,none,none
2965.jpg,50-59,Male,White
2966.jpg,40-49,Male,White
2967.jpg,40-49,Male,White
2968.jpg,40-49,Male,White
2969.jpg,50-59,Male,White
297.jpg,20-29,Female,Asian
2970.jpg,40-49,Male,Others
2971.jpg,none,none,none
2972.jpg,none,none,none
2973.jpg,none,none,none
2974.jpg,none,none,none
2975.jpg,20-29,Male,White
2976.jpg,30-39,Male,Asian
2977.jpg,none,none,none
2978.jpg,20-29,Male,White
2979.jpg,10-19,Female,White
298.jpg,30-39,Male,Asian
2980.jpg,20-29,Male,White
2981.jpg,30-39,Male,White
2982.jpg,30-39,Male,White
2983.jpg,none,none,none
2984.jpg,20-29,Male,White
2985.jpg,20-29,Female,White
2986.jpg,20-29,Female,White
2987.jpg,none,none,none
2988.jpg,10-19,Male,White
2989.jpg,none,none,none
299.jpg,20-29,Female,Asian
2990.jpg,20-29,Female,White
2991.jpg,30-39,Male,White
2992.jpg,30-39,Male,Black
2993.jpg,20-29,Male,Black
2994.jpg,none,none,none
2995.jpg,20-29,Male,Black
2996.jpg,none,none,none
2997.jpg,30-39,Female,Asian
2998.jpg,30-39,Male,White
2999.jpg,20-29,Male,White
3.jpg,20-29,Male,White
30.jpg,none,none,none
300.jpg,30-39,Female,White
3000.jpg,20-29,Female,Asian
301.jpg,none,none,none
302.jpg,30-39,Male,Asian
303.jpg,none,none,none
304.jpg,20-29,Male,Asian
305.jpg,20-29,Male,Asian
306.jpg,none,none,none
307.jpg,20-29,Female,Asian
308.jpg,20-29,Male,Asian
309.jpg,20-29,Male,Asian
31.jpg,20-29,Male,White
310.jpg,20-29,Male,Asian
311.jpg,10-19,Male,Asian
312.jpg,20-29,Male,Asian
313.jpg,20-29,Male,Asian
314.jpg,10-19,Male,Asian
315.jpg,10-19,Female,White
316.jpg,10-19,Female,Asian
317.jpg,30-39,Female,Indian
318.jpg,none,none,none
319.jpg,20-29,Male,Others
32.jpg,30-39,Male,White
320.jpg,10-19,Male,Black
321.jpg,20-29,Male,Others
322.jpg,10-19,Female,Asian
323.jpg,10-19,Female,Others
324.jpg,none,none,none
325.jpg,20-29,Male,Others
326.jpg,none,none,none
327.jpg,none,none,none
328.jpg,30-39,Male,Asian
329.jpg,30-39,Male,Asian
33.jpg,20-29,Male,Others
330.jpg,30-39,Male,White
331.jpg,none,none,none
332.jpg,20-29,Male,White
333.jpg,30-39,Female,White
334.jpg,20-29,Male,White
335.jpg,20-29,Male,White
336.jpg,30-39,Male,White
337.jpg,30-39,Male,White
338.jpg,30-39,Male,White
339.jpg,20-29,Male,White
34.jpg,20-29,Male,Asian
340.jpg,none,none,none
341.jpg,none,none,none
342.jpg,20-29,Male,Asian
343.jpg,30-39,Male,Others
344.jpg,20-29,Male,Others
345.jpg,none,none,none
346.jpg,30-39,Female,Others
347.jpg,30-39,Female,White
348.jpg,20-29,Male,White
349.jpg,30-39,Male,White
35.jpg,30-39,Male,White
350.jpg,30-39,Female,White
351.jpg,20-29,Male,White
352.jpg,20-29,Female,White
353.jpg,30-39,Female,White
354.jpg,30-39,Male,White
355.jpg,30-39,Female,Others
356.jpg,20-29,Female,White
357.jpg,20-29,Female,Others
358.jpg,30-39,Male,Others
359.jpg,30-39,Male,Black
36.jpg,30-39,Female,Others
360.jpg,none,none,none
361.jpg,20-29,Female,Others
362.jpg,20-29,Male,Asian
363.jpg,30-39,Female,Asian
364.jpg,20-29,Female,Asian
365.jpg,30-39,Male,White
366.jpg,20-29,Female,Others
367.jpg,30-39,Female,Others
368.jpg,20-29,Male,Indian
369.jpg,20-29,Female,Others
37.jpg,20-29,Female,White
370.jpg,20-29,Female,White
371.jpg,30-39,Female,White
372.jpg,20-29,Male,White
373.jpg,30-39,Male,White
374.jpg,30-39,Male,Asian
375.jpg,20-29,Male,White
376.jpg,30-39,Male,Others
377.jpg,none,none,none
378.jpg,30-39,Male,Others
379.jpg,none,none,none
38.jpg,20-29,Female,Asian
380.jpg,none,none,none
381.jpg,20-29,Male,Indian
382.jpg,20-29,Male,Asian
383.jpg,30-39,Female,White
384.jpg,20-29,Male,White
385.jpg,40-49,Female,White
386.jpg,30-39,Female,White
387.jpg,none,none,none
388.jpg,20-29,Male,White
389.jpg,30-39,Female,Black
39.jpg,30-39,Male,White
390.jpg,20-29,Male,White
391.jpg,30-39,Female,Asian
392.jpg,20-29,Female,Asian
393.jpg,30-39,Male,White
394.jpg,30-39,Female,Asian
395.jpg,30-39,Male,White
396.jpg,20-29,Female,Asian
397.jpg,30-39,Female,Asian
398.jpg,30-39,Male,White
399.jpg,30-39,Female,Others
4.jpg,20-29,Female,Others
40.jpg,20-29,Male,White
400.jpg,30-39,Female,Others
401.jpg,30-39,Female,White
402.jpg,30-39,Female,Others
403.jpg,20-29,Female,Indian
404.jpg,30-39,Female,Others
405.jpg,30-39,Male,Others
406.jpg,none,none,none
407.jpg,none,none,none
408.jpg,30-39,Male,White
409.jpg,30-39,Female,Indian
41.jpg,none,none,none
410.jpg,20-29,Female,Others
411.jpg,30-39,Female,White
412.jpg,30-39,Female,Others
413.jpg,30-39,Female,Asian
414.jpg,20-29,Male,White
415.jpg,30-39,Female,White
416.jpg,30-39,Female,Asian
417.jpg,20-29,Male,White
418.jpg,30-39,Male,White
419.jpg,20-29,Male,White
42.jpg,20-29,Female,White
420.jpg,30-39,Male,White
421.jpg,20-29,Male,White
422.jpg,none,none,none
423.jpg,none,none,none
424.jpg,20-29,Male,Asian
425.jpg,20-29,Male,Black
426.jpg,20-29,Male,Asian
427.jpg,none,none,none
428.jpg,20-29,Male,Asian
429.jpg,30-39,Male,Asian
43.jpg,30-39,Female,White
430.jpg,20-29,Male,Indian
431.jpg,20-29,Male,Others
432.jpg,20-29,Male,Others
433.jpg,20-29,Male,Others
434.jpg,20-29,Male,Asian
435.jpg,20-29,Female,White
436.jpg,30-39,Female,White
437.jpg,30-39,Female,Others
438.jpg,30-39,Male,Asian
439.jpg,30-39,Female,Asian
44.jpg,30-39,Female,White
440.jpg,20-29,Male,White
441.jpg,30-39,Female,Others
442.jpg,none,none,none
443.jpg,30-39,Female,Asian
444.jpg,20-29,Female,Asian
445.jpg,30-39,Female,Asian
446.jpg,30-39,Male,Asian
447.jpg,20-29,Male,Asian
448.jpg,none,none,none
449.jpg,30-39,Female,Indian
45.jpg,20-29,Male,Black
450.jpg,30-39,Female,Others
451.jpg,20-29,Male,Indian
452.jpg,30-39,Female,White
453.jpg,30-39,Male,Indian
454.jpg,30-39,Female,Indian
455.jpg,20-29,Female,White
456.jpg,20-29,Female,Others
457.jpg,20-29,Male,Others
458.jpg,none,none,none
459.jpg,30-39,Female,White
46.jpg,20-29,Male,Asian
460.jpg,30-39,Female,Indian
461.jpg,30-39,Male,Asian
462.jpg,20-29,Male,Others
463.jpg,20-29,Male,White
464.jpg,20-29,Male,White
465.jpg,none,none,none
466.jpg,20-29,Male,Black
467.jpg,20-29,Male,Black
468.jpg,30-39,Male,Black
469.jpg,none,none,none
47.jpg,20-29,Male,Indian
470.jpg,20-29,Male,Others
471.jpg,20-29,Male,Asian
472.jpg,30-39,Male,Asian
473.jpg,30-39,Female,Asian
474.jpg,none,none,none
475.jpg,20-29,Male,White
476.jpg,20-29,Male,White
477.jpg,20-29,Male,Others
478.jpg,20-29,Male,White
479.jpg,20-29,Male,Asian
48.jpg,20-29,Female,White
480.jpg,20-29,Male,Others
481.jpg,20-29,Male,White
482.jpg,30-39,Female,White
483.jpg,none,none,none
484.jpg,none,none,none
485.jpg,30-39,Female,White
486.jpg,30-39,Female,Others
487.jpg,30-39,Female,White
488.jpg,30-39,Female,White
489.jpg,30-39,Male,White
49.jpg,20-29,Male,Asian
490.jpg,none,none,none
491.jpg,20-29,Female,Others
492.jpg,30-39,Female,White
493.jpg,20-29,Male,Black
494.jpg,20-29,Female,Black
495.jpg,30-39,Male,Asian
496.jpg,20-29,Female,Black
497.jpg,none,none,none
498.jpg,20-29,Female,Black
499.jpg,30-39,Female,Asian
5.jpg,none,none,none
50.jpg,20-29,Male,Asian
500.jpg,20-29,Male,Asian
501.jpg,20-29,Male,Asian
502.jpg,30-39,Female,Asian
503.jpg,30-39,Female,Asian
504.jpg,none,none,none
505.jpg,30-39,Male,White
506.jpg,30-39,Female,Asian
507.jpg,30-39,Female,Asian
508.jpg,none,none,none
509.jpg,30-39,Female,Others
51.jpg,20-29,Male,White
510.jpg,30-39,Female,White
511.jpg,30-39,Female,Indian
512.jpg,30-39,Female,Others
513.jpg,30-39,Female,White
514.jpg,none,none,none
515.jpg,none,none,none
516.jpg,30-39,Female,Asian
517.jpg,20-29,Male,White
518.jpg,30-39,Male,White
519.jpg,20-29,Male,White
52.jpg,20-29,Male,Indian
520.jpg,20-29,Male,White
521.jpg,20-29,Male,Asian
522.jpg,20-29,Male,White
523.jpg,20-29,Male,White
524.jpg,20-29,Male,White
525.jpg,20-29,Male,Black
526.jpg,20-29,Male,Black
527.jpg,none,none,none
528.jpg,30-39,Male,Black
529.jpg,20-29,Male,Others
53.jpg,20-29,Male,Others
530.jpg,20-29,Male,Others
531.jpg,20-29,Male,Black
532.jpg,20-29,Male,Black
533.jpg,none,none,none
534.jpg,none,none,none
535.jpg,20-29,Male,Black
536.jpg,none,none,none
537.jpg,20-29,Male,Black
538.jpg,20-29,Female,White
539.jpg,20-29,Male,Others
54.jpg,20-29,Male,Others
540.jpg,30-39,Male,White
541.jpg,30-39,Male,White
542.jpg,none,none,none
543.jpg,30-39,Male,Others
544.jpg,30-39,Male,White
545.jpg,20-29,Male,Others
546.jpg,20-29,Male,Indian
547.jpg,20-29,Male,Others
548.jpg,20-29,Male,Asian
549.jpg,20-29,Male,White
55.jpg,30-39,Female,Others
550.jpg,30-39,Male,White
551.jpg,20-29,Male,White
552.jpg,20-29,Male,Others
553.jpg,30-39,Female,White
554.jpg,30-39,Male,White
555.jpg,none,none,none
556.jpg,20-29,Female,White
557.jpg,30-39,Female,White
558.jpg,30-39,Female,Asian
559.jpg,20-29,Female,Asian
56.jpg,20-29,Female,Others
560.jpg,30-39,Female,White
561.jpg,30-39,Female,White
562.jpg,30-39,Female,Indian
563.jpg,30-39,Female,White
564.jpg,20-29,Female,White
565.jpg,30-39,Female,White
566.jpg,30-39,Female,White
567.jpg,30-39,Female,White
568.jpg,20-29,Male,Black
569.jpg,30-39,Male,Asian
57.jpg,30-39,Male,White
570.jpg,none,none,none
571.jpg,30-39,Female,Others
572.jpg,30-39,Male,Black
573.jpg,none,none,none
574.jpg,30-39,Male,Others
575.jpg,30-39,Female,White
576.jpg,30-39,Female,Asian
577.jpg,30-39,Female,Asian
578.jpg,30-39,Male,Asian
579.jpg,30-39,Male,White
58.jpg,20-29,Female,White
580.jpg,30-39,Male,Asian
581.jpg,30-39,Female,Asian
582.jpg,30-39,Male,White
583.jpg,30-39,Female,Asian
584.jpg,30-39,Female,Asian
585.jpg,20-29,Male,Asian
586.jpg,30-39,Female,Others
587.jpg,20-29,Male,White
588.jpg,20-29,Male,White
589.jpg,30-39,Male,Others
59.jpg,20-29,Male,Black
590.jpg,30-39,Female,Others
591.jpg,20-29,Female,Asian
592.jpg,30-39,Female,White
593.jpg,30-39,Female,White
594.jpg,20-29,Female,Asian
595.jpg,30-39,Male,Asian
596.jpg,none,none,none
597.jpg,20-29,Male,White
598.jpg,30-39,Male,Others
599.jpg,30-39,Female,Others
6.jpg,20-29,Male,White
60.jpg,30-39,Female,Asian
600.jpg,30-39,Male,White
601.jpg,30-39,Male,Others
602.jpg,20-29,Female,Others
603.jpg,20-29,Male,Others
604.jpg,20-29,Female,Others
605.jpg,30-39,Female,Indian
606.jpg,20-29,Female,Others
607.jpg,30-39,Female,Others
608.jpg,30-39,Female,White
609.jpg,30-39,Female,Others
61.jpg,30-39,Male,Indian
610.jpg,30-39,Female,Others
611.jpg,30-39,Female,White
612.jpg,30-39,Male,White
613.jpg,20-29,Male,White
614.jpg,20-29,Female,Others
615.jpg,30-39,Female,White
616.jpg,30-39,Female,White
617.jpg,30-39,Male,Others
618.jpg,20-29,Female,Black
619.jpg,20-29,Male,White
62.jpg,none,none,none
620.jpg,20-29,Male,Others
621.jpg,30-39,Male,Asian
622.jpg,20-29,Male,White
623.jpg,20-29,Male,White
624.jpg,30-39,Female,White
625.jpg,20-29,Male,White
626.jpg,20-29,Male,Others
627.jpg,30-39,Male,Others
628.jpg,20-29,Male,White
629.jpg,20-29,Male,Black
63.jpg,20-29,Male,White
630.jpg,20-29,Male,Black
631.jpg,30-39,Male,Black
632.jpg,20-29,Male,Black
633.jpg,20-29,Male,Black
634.jpg,30-39,Male,Black
635.jpg,20-29,Male,Asian
636.jpg,20-29,Male,Black
637.jpg,20-29,Male,Black
638.jpg,30-39,Female,White
639.jpg,30-39,Female,Others
64.jpg,20-29,Male,White
640.jpg,20-29,Male,Asian
641.jpg,30-39,Female,Asian
642.jpg,20-29,Female,Asian
643.jpg,20-29,Male,Indian
644.jpg,20-29,Male,Indian
645.jpg,20-29,Male,Others
646.jpg,30-39,Male,Others
647.jpg,20-29,Male,Others
648.jpg,30-39,Male,Others
649.jpg,30-39,Male,Indian
65.jpg,20-29,Male,White
650.jpg,20-29,Male,Black
651.jpg,20-29,Male,Others
652.jpg,20-29,Male,White
653.jpg,30-39,Female,Others
654.jpg,30-39,Female,White
655.jpg,none,none,none
656.jpg,30-39,Female,Asian
657.jpg,20-29,Male,White
658.jpg,30-39,Female,White
659.jpg,20-29,Female,White
66.jpg,none,none,none
660.jpg,20-29,Female,White
661.jpg,30-39,Male,White
662.jpg,none,none,none
663.jpg,30-39,Male,White
664.jpg,30-39,Female,Others
665.jpg,30-39,Female,White
666.jpg,30-39,Female,White
667.jpg,none,none,none
668.jpg,20-29,Female,White
669.jpg,none,none,none
67.jpg,30-39,Male,Others
670.jpg,30-39,Female,White
671.jpg,20-29,Female,White
672.jpg,none,none,none
673.jpg,30-39,Male,Others
674.jpg,20-29,Female,Asian
675.jpg,none,none,none
676.jpg,30-39,Female,Black
677.jpg,30-39,Male,Others
678.jpg,none,none,none
679.jpg,30-39,Female,Others
68.jpg,30-39,Female,White
680.jpg,30-39,Male,Black
681.jpg,20-29,Female,Others
682.jpg,30-39,Female,White
683.jpg,30-39,Male,White
684.jpg,20-29,Male,White
685.jpg,none,none,none
686.jpg,30-39,Female,Black
687.jpg,30-39,Female,Others
688.jpg,20-29,Male,Black
689.jpg,30-39,Male,White
69.jpg,30-39,Male,White
690.jpg,30-39,Female,Asian
691.jpg,30-39,Female,Asian
692.jpg,none,none,none
693.jpg,20-29,Male,Asian
694.jpg,30-39,Female,Asian
695.jpg,30-39,Female,Asian
696.jpg,none,none,none
697.jpg,40-49,Female,Others
698.jpg,30-39,Female,White
699.jpg,30-39,Female,Others
7.jpg,20-29,Male,White
70.jpg,20-29,Female,White
700.jpg,30-39,Female,Others
701.jpg,20-29,Male,White
702.jpg,30-39,Female,Indian
703.jpg,30-39,Female,Others
704.jpg,20-29,Male,Indian
705.jpg,30-39,Female,Indian
706.jpg,30-39,Female,White
707.jpg,30-39,Female,Indian
708.jpg,30-39,Female,Others
709.jpg,30-39,Female,White
71.jpg,30-39,Female,Others
710.jpg,30-39,Female,Indian
711.jpg,20-29,Male,Indian
712.jpg,30-39,Female,White
713.jpg,30-39,Female,Others
714.jpg,20-29,Male,Others
715.jpg,20-29,Male,White
716.jpg,20-29,Female,Others
717.jpg,30-39,Female,White
718.jpg,30-39,Male,White
719.jpg,40-49,Male,White
72.jpg,20-29,Female,White
720.jpg,20-29,Male,Black
721.jpg,20-29,Male,White
722.jpg,20-29,Male,White
723.jpg,20-29,Male,White
724.jpg,30-39,Male,Others
725.jpg,none,none,none
726.jpg,30-39,Female,White
727.jpg,none,none,none
728.jpg,30-39,Male,White
729.jpg,20-29,Male,White
73.jpg,30-39,Female,Asian
730.jpg,30-39,Male,White
731.jpg,30-39,Male,White
732.jpg,20-29,Male,White
733.jpg,20-29,Male,White
734.jpg,40-49,Male,White
735.jpg,20-29,Male,Others
736.jpg,20-29,Male,White
737.jpg,20-29,Male,White
738.jpg,20-29,Male,White
739.jpg,30-39,Male,White
74.jpg,20-29,Male,Asian
740.jpg,30-39,Female,White
741.jpg,20-29,Male,White
742.jpg,40-49,Male,White
743.jpg,30-39,Male,White
744.jpg,20-29,Male,White
745.jpg,30-39,Male,White
746.jpg,20-29,Male,White
747.jpg,none,none,none
748.jpg,none,none,none
749.jpg,20-29,Male,Asian
75.jpg,30-39,Female,Asian
750.jpg,30-39,Male,White
751.jpg,20-29,Male,Black
752.jpg,30-39,Male,Asian
753.jpg,20-29,Male,Black
754.jpg,none,none,none
755.jpg,30-39,Male,Asian
756.jpg,20-29,Male,Black
757.jpg,30-39,Male,White
758.jpg,none,none,none
759.jpg,20-29,Male,Black
76.jpg,20-29,Male,Others
760.jpg,20-29,Male,Black
761.jpg,20-29,Male,Black
762.jpg,20-29,Male,Others
763.jpg,20-29,Male,Asian
764.jpg,20-29,Male,Black
765.jpg,20-29,Male,Asian
766.jpg,20-29,Male,Black
767.jpg,none,none,none
768.jpg,20-29,Male,Black
769.jpg,30-39,Male,Others
77.jpg,20-29,Female,White
770.jpg,20-29,Male,Black
771.jpg,30-39,Male,Black
772.jpg,30-39,Male,Black
773.jpg,none,none,none
774.jpg,20-29,Male,Black
775.jpg,30-39,Male,Black
776.jpg,none,none,none
777.jpg,none,none,none
778.jpg,20-29,Male,Black
779.jpg,none,none,none
78.jpg,30-39,Male,White
780.jpg,20-29,Male,Others
781.jpg,20-29,Male,Asian
782.jpg,20-29,Male,Asian
783.jpg,30-39,Male,Asian
784.jpg,20-29,Male,Asian
785.jpg,30-39,Male,Asian
786.jpg,20-29,Male,Asian
787.jpg,20-29,Male,White
788.jpg,20-29,Male,Asian
789.jpg,30-39,Male,Asian
79.jpg,20-29,Male,White
790.jpg,30-39,Male,Asian
791.jpg,30-39,Male,Others
792.jpg,20-29,Male,Asian
793.jpg,30-39,Male,White
794.jpg,30-39,Male,Indian
795.jpg,20-29,Male,Indian
796.jpg,20-29,Male,White
797.jpg,30-39,Male,White
798.jpg,20-29,Male,Indian
799.jpg,20-29,Male,Others
8.jpg,30-39,Female,Asian
80.jpg,30-39,Female,White
800.jpg,20-29,Male,Indian
801.jpg,30-39,Male,White
802.jpg,20-29,Male,Others
803.jpg,20-29,Male,Indian
804.jpg,20-29,Male,Others
805.jpg,20-29,Female,White
806.jpg,20-29,Male,Others
807.jpg,30-39,Male,Others
808.jpg,20-29,Male,Indian
809.jpg,none,none,none
81.jpg,20-29,Male,White
810.jpg,30-39,Male,Indian
811.jpg,20-29,Male,Others
812.jpg,30-39,Male,Indian
813.jpg,40-49,Male,Others
814.jpg,none,none,none
815.jpg,20-29,Male,Indian
816.jpg,none,none,none
817.jpg,20-29,Male,Indian
818.jpg,20-29,Male,White
819.jpg,20-29,Male,Others
82.jpg,30-39,Female,White
820.jpg,40-49,Male,Indian
821.jpg,20-29,Male,Others
822.jpg,none,none,none
823.jpg,20-29,Male,Others
824.jpg,30-39,Male,Others
825.jpg,20-29,Male,Others
826.jpg,30-39,Male,Others
827.jpg,20-29,Male,Others
828.jpg,20-29,Male,Others
829.jpg,30-39,Male,Asian
83.jpg,none,none,none
830.jpg,20-29,Male,White
831.jpg,20-29,Male,Others
832.jpg,30-39,Male,Others
833.jpg,20-29,Male,Others
834.jpg,30-39,Female,White
835.jpg,30-39,Male,White
836.jpg,20-29,Male,White
837.jpg,none,none,none
838.jpg,30-39,Female,White
839.jpg,20-29,Male,White
84.jpg,20-29,Male,Asian
840.jpg,30-39,Female,White
841.jpg,30-39,Female,Others
842.jpg,30-39,Female,White
843.jpg,20-29,Male,Black
844.jpg,30-39,Female,Others
845.jpg,20-29,Female,White
846.jpg,30-39,Male,White
847.jpg,20-29,Female,Asian
848.jpg,30-39,Male,White
849.jpg,20-29,Female,Others
85.jpg,30-39,Female,White
850.jpg,30-39,Male,Others
851.jpg,30-39,Male,White
852.jpg,30-39,Female,White
853.jpg,30-39,Female,Others
854.jpg,30-39,Female,White
855.jpg,20-29,Female,White
856.jpg,none,none,none
857.jpg,30-39,Female,Others
858.jpg,none,none,none
859.jpg,30-39,Male,Asian
86.jpg,30-39,Female,White
860.jpg,20-29,Female,White
861.jpg,30-39,Female,Others
862.jpg,20-29,Female,White
863.jpg,30-39,Female,Others
864.jpg,30-39,Female,Others
865.jpg,30-39,Male,Asian
866.jpg,30-39,Female,White
867.jpg,30-39,Female,Asian
868.jpg,20-29,Female,White
869.jpg,30-39,Female,White
87.jpg,20-29,Female,White
870.jpg,30-39,Female,Black
871.jpg,20-29,Male,Black
872.jpg,30-39,Male,Black
873.jpg,30-39,Female,Black
874.jpg,30-39,Female,Black
875.jpg,30-39,Male,Others
876.jpg,none,none,none
877.jpg,30-39,Male,Asian
878.jpg,none,none,none
879.jpg,30-39,Female,Black
88.jpg,20-29,Female,Others
880.jpg,none,none,none
881.jpg,20-29,Male,Black
882.jpg,20-29,Male,Black
883.jpg,20-29,Male,Black
884.jpg,20-29,Female,Asian
885.jpg,20-29,Male,Black
886.jpg,none,none,none
887.jpg,30-39,Male,Asian
888.jpg,30-39,Female,Asian
889.jpg,20-29,Male,White
89.jpg,30-39,Female,Others
890.jpg,20-29,Male,White
891.jpg,30-39,Male,Black
892.jpg,none,none,none
893.jpg,30-39,Male,White
894.jpg,30-39,Male,White
895.jpg,30-39,Male,Black
896.jpg,none,none,none
897.jpg,20-29,Female,Black
898.jpg,none,none,none
899.jpg,none,none,none
9.jpg,30-39,Female,White
90.jpg,20-29,Female,White
900.jpg,none,none,none
901.jpg,none,none,none
902.jpg,20-29,Female,Black
903.jpg,30-39,Male,Black
904.jpg,30-39,Female,Black
905.jpg,none,none,none
906.jpg,30-39,Female,Black
907.jpg,30-39,Male,Black
908.jpg,30-39,Female,Black
909.jpg,none,none,none
91.jpg,20-29,Female,White
910.jpg,30-39,Female,Asian
911.jpg,20-29,Male,Black
912.jpg,20-29,Female,Black
913.jpg,20-29,Male,White
914.jpg,30-39,Male,White
915.jpg,30-39,Male,Black
916.jpg,30-39,Female,Asian
917.jpg,30-39,Female,Asian
918.jpg,30-39,Male,Asian
919.jpg,20-29,Male,White
92.jpg,20-29,Female,White
920.jpg,30-39,Female,White
921.jpg,30-39,Female,Asian
922.jpg,30-39,Female,White
923.jpg,30-39,Female,Asian
924.jpg,30-39,Female,White
925.jpg,20-29,Female,Asian
926.jpg,20-29,Male,White
927.jpg,30-39,Female,Asian
928.jpg,30-39,Male,White
929.jpg,30-39,Female,Asian
93.jpg,30-39,Female,White
930.jpg,30-39,Female,Asian
931.jpg,none,none,none
932.jpg,30-39,Female,Asian
933.jpg,30-39,Female,White
934.jpg,30-39,Female,Asian
935.jpg,20-29,Female,Asian
936.jpg,30-39,Female,Asian
937.jpg,30-39,Female,Asian
938.jpg,30-39,Male,Asian
939.jpg,30-39,Male,White
94.jpg,20-29,Female,Asian
940.jpg,30-39,Female,White
941.jpg,30-39,Male,Asian
942.jpg,20-29,Female,White
943.jpg,20-29,Male,White
944.jpg,30-39,Male,Asian
945.jpg,30-39,Female,White
946.jpg,30-39,Female,Others
947.jpg,30-39,Female,White
948.jpg,30-39,Female,Others
949.jpg,20-29,Female,Indian
95.jpg,20-29,Male,Others
950.jpg,30-39,Female,Others
951.jpg,20-29,Female,White
952.jpg,30-39,Female,Others
953.jpg,30-39,Female,Others
954.jpg,30-39,Female,Indian
955.jpg,30-39,Female,Others
956.jpg,20-29,Female,White
957.jpg,30-39,Female,Indian
958.jpg,30-39,Female,White
959.jpg,30-39,Female,Others
96.jpg,20-29,Female,Indian
960.jpg,none,none,none
961.jpg,30-39,Female,Indian
962.jpg,20-29,Female,White
963.jpg,30-39,Male,White
964.jpg,20-29,Female,White
965.jpg,20-29,Female,Others
966.jpg,none,none,none
967.jpg,30-39,Male,Indian
968.jpg,30-39,Male,Black
969.jpg,30-39,Female,Others
97.jpg,30-39,Male,Indian
970.jpg,20-29,Female,Asian
971.jpg,none,none,none
972.jpg,30-39,Female,Indian
973.jpg,20-29,Female,Indian
974.jpg,30-39,Female,Others
975.jpg,30-39,Female,Others
976.jpg,30-39,Male,White
977.jpg,30-39,Female,Others
978.jpg,none,none,none
979.jpg,30-39,Female,White
98.jpg,20-29,Female,Others
980.jpg,20-29,Male,Black
981.jpg,20-29,Male,Others
982.jpg,20-29,Male,White
983.jpg,30-39,Female,Others
984.jpg,none,none,none
985.jpg,30-39,Female,Others
986.jpg,20-29,Female,Others
987.jpg,30-39,Female,Others
988.jpg,30-39,Female,Others
989.jpg,30-39,Male,White
99.jpg,30-39,Female,Others
990.jpg,20-29,Female,Others
991.jpg,30-39,Female,White
992.jpg,30-39,Female,Asian
993.jpg,30-39,Male,White
994.jpg,30-39,Female,White
995.jpg,30-39,Female,Others
996.jpg,30-39,Female,Others
997.jpg,20-29,Male,White
998.jpg,20-29,Male,White
999.jpg,30-39,Male,White
