1.jpg,30-39,Male,Others
10.jpg,20-29,Female,Black
100.jpg,20-29,Male,Others
1000.jpg,20-29,Male,White
1001.jpg,20-29,Male,Asian
1002.jpg,30-39,Male,Others
1003.jpg,20-29,Male,White
1004.jpg,20-29,Male,White
1005.jpg,50-59,Male,Others
1006.jpg,30-39,Male,Others
1007.jpg,20-29,Male,Others
1008.jpg,50-59,Male,Black
1009.jpg,20-29,Male,Black
101.jpg,3-9,Female,Asian
1010.jpg,10-19,Male,Black
1011.jpg,20-29,Male,Indian
1012.jpg,10-19,Female,Black
1013.jpg,20-29,Female,Asian
1014.jpg,30-39,Male,Others
1015.jpg,30-39,Male,Others
1016.jpg,20-29,Male,Asian
1017.jpg,20-29,Female,White
1018.jpg,20-29,Male,Indian
1019.jpg,20-29,Male,Black
102.jpg,20-29,Male,Asian
1020.jpg,30-39,Male,Asian
1021.jpg,30-39,Male,Indian
1022.jpg,30-39,Male,Others
1023.jpg,20-29,Male,Asian
1024.jpg,20-29,Male,Indian
1025.jpg,20-29,Male,Asian
1026.jpg,20-29,Female,Asian
1027.jpg,20-29,Male,Others
1028.jpg,20-29,Male,Others
1029.jpg,20-29,Male,Asian
103.jpg,20-29,Female,Asian
1030.jpg,20-29,Female,Others
1031.jpg,20-29,Female,Asian
1032.jpg,20-29,Female,Asian
1033.jpg,20-29,Male,Indian
1034.jpg,20-29,Female,Asian
1035.jpg,20-29,Male,Black
1036.jpg,20-29,Male,Black
1037.jpg,50-59,Male,Others
1038.jpg,20-29,Male,Asian
1039.jpg,20-29,Female,Others
104.jpg,20-29,Male,White
1040.jpg,40-49,Male,Asian
1041.jpg,30-39,Male,Others
1042.jpg,30-39,Male,Others
1043.jpg,20-29,Female,Asian
1044.jpg,20-29,Female,Indian
1045.jpg,20-29,Female,Others
1046.jpg,20-29,Female,White
1047.jpg,20-29,Female,Asian
1048.jpg,20-29,Female,Others
1049.jpg,3-9,Female,Asian
105.jpg,30-39,Male,Asian
1050.jpg,none,none,none
1051.jpg,20-29,Female,Asian
1052.jpg,20-29,Female,Others
1053.jpg,20-29,Male,Others
1054.jpg,10-19,Female,Asian
1055.jpg,20-29,Female,Indian
1056.jpg,20-29,Female,Asian
1057.jpg,10-19,Male,Indian
1058.jpg,20-29,Male,Asian
1059.jpg,30-39,Male,Asian
106.jpg,20-29,Male,White
1060.jpg,20-29,Female,White
1061.jpg,20-29,Female,Others
1062.jpg,10-19,Male,Indian
1063.jpg,20-29,Male,Asian
1064.jpg,20-29,Male,White
1065.jpg,40-49,Male,White
1066.jpg,30-39,Male,White
1067.jpg,30-39,Male,Others
1068.jpg,10-19,Male,Others
1069.jpg,20-29,Male,White
107.jpg,20-29,Female,White
1070.jpg,20-29,Female,White
1071.jpg,20-29,Female,Others
1072.jpg,20-29,Male,Others
1073.jpg,20-29,Male,Asian
1074.jpg,20-29,Female,Others
1075.jpg,20-29,Male,White
1076.jpg,40-49,Male,Others
1077.jpg,30-39,Male,Others
1078.jpg,30-39,Male,White
1079.jpg,30-39,Male,Asian
108.jpg,20-29,Male,Others
1080.jpg,50-59,Male,Indian
1081.jpg,20-29,Female,Asian
1082.jpg,20-29,Female,Asian
1083.jpg,30-39,Male,Asian
1084.jpg,30-39,Male,Black
1085.jpg,30-39,Male,Others
1086.jpg,none,none,none
1087.jpg,20-29,Male,Asian
1088.jpg,30-39,Male,Indian
1089.jpg,40-49,Male,Asian
109.jpg,30-39,Female,Asian
1090.jpg,20-29,Male,Asian
1091.jpg,20-29,Male,Black
1092.jpg,30-39,Male,Black
1093.jpg,50-59,Male,Others
1094.jpg,3-9,Male,Asian
1095.jpg,30-39,Female,Black
1096.jpg,20-29,Male,Asian
1097.jpg,20-29,Male,Indian
1098.jpg,20-29,Female,Indian
1099.jpg,20-29,Male,Black
11.jpg,20-29,Male,Indian
110.jpg,20-29,Male,Asian
1100.jpg,20-29,Male,Asian
1101.jpg,20-29,Male,Others
1102.jpg,20-29,Female,Indian
1103.jpg,20-29,Male,Asian
1104.jpg,20-29,Male,Asian
1105.jpg,10-19,Male,Asian
1106.jpg,20-29,Male,Asian
1107.jpg,20-29,Male,Others
1108.jpg,20-29,Female,Others
1109.jpg,30-39,Male,Indian
111.jpg,20-29,Female,Others
1110.jpg,20-29,Male,Asian
1111.jpg,none,none,none
1112.jpg,20-29,Male,Asian
1113.jpg,40-49,Male,Others
1114.jpg,30-39,Male,Indian
1115.jpg,30-39,Male,Others
1116.jpg,20-29,Male,Indian
1117.jpg,30-39,Male,Asian
1118.jpg,40-49,Male,Others
1119.jpg,30-39,Male,Asian
112.jpg,20-29,Female,Asian
1120.jpg,40-49,Male,Others
1121.jpg,30-39,Male,Others
1122.jpg,30-39,Male,Others
1123.jpg,20-29,Male,Asian
1124.jpg,none,none,none
1125.jpg,20-29,Male,White
1126.jpg,20-29,Male,Others
1127.jpg,20-29,Male,Others
1128.jpg,40-49,Female,Asian
1129.jpg,3-9,Female,Others
113.jpg,20-29,Female,Asian
1130.jpg,30-39,Female,Asian
1131.jpg,none,none,none
1132.jpg,30-39,Male,Asian
1133.jpg,30-39,Female,Asian
1134.jpg,20-29,Female,Others
1135.jpg,20-29,Female,Others
1136.jpg,40-49,Male,Asian
1137.jpg,30-39,Female,Others
1138.jpg,20-29,Female,Others
1139.jpg,30-39,Female,Others
114.jpg,20-29,Male,White
1140.jpg,20-29,Female,Asian
1141.jpg,30-39,Male,Asian
1142.jpg,30-39,Male,Others
1143.jpg,30-39,Male,Black
1144.jpg,20-29,Male,Others
1145.jpg,20-29,Male,Black
1146.jpg,20-29,Female,Black
1147.jpg,20-29,Male,Others
1148.jpg,10-19,Female,Others
1149.jpg,20-29,Female,Black
115.jpg,30-39,Female,Asian
1150.jpg,30-39,Male,Others
1151.jpg,20-29,Male,Black
1152.jpg,10-19,Female,Asian
1153.jpg,30-39,Male,Black
1154.jpg,30-39,Female,Black
1155.jpg,20-29,Male,White
1156.jpg,10-19,Male,Black
1157.jpg,30-39,Male,Black
1158.jpg,50-59,Female,Asian
1159.jpg,20-29,Female,Asian
116.jpg,20-29,Female,Asian
1160.jpg,20-29,Female,Asian
1161.jpg,30-39,Male,Asian
1162.jpg,10-19,Male,Asian
1163.jpg,20-29,Male,White
1164.jpg,30-39,Male,Asian
1165.jpg,20-29,Female,White
1166.jpg,10-19,Male,Asian
1167.jpg,20-29,Female,Others
1168.jpg,3-9,Female,Asian
1169.jpg,20-29,Female,Asian
117.jpg,20-29,Female,Black
1170.jpg,20-29,Female,Asian
1171.jpg,30-39,Male,Asian
1172.jpg,20-29,Female,Asian
1173.jpg,20-29,Female,Others
1174.jpg,20-29,Female,White
1175.jpg,20-29,Female,White
1176.jpg,3-9,Female,Asian
1177.jpg,20-29,Male,Others
1178.jpg,30-39,Male,Indian
1179.jpg,20-29,Female,Asian
118.jpg,30-39,Male,White
1180.jpg,20-29,Female,Others
1181.jpg,10-19,Male,Others
1182.jpg,30-39,Male,Indian
1183.jpg,30-39,Male,White
1184.jpg,20-29,Male,Asian
1185.jpg,3-9,Male,Asian
1186.jpg,20-29,Female,Black
1187.jpg,20-29,Female,Others
1188.jpg,20-29,Female,Asian
1189.jpg,30-39,Male,White
119.jpg,20-29,Female,Asian
1190.jpg,20-29,Male,Others
1191.jpg,20-29,Female,White
1192.jpg,20-29,Male,Indian
1193.jpg,20-29,Male,Asian
1194.jpg,30-39,Male,Others
1195.jpg,30-39,Male,Asian
1196.jpg,20-29,Male,Others
1197.jpg,30-39,Male,Others
1198.jpg,20-29,Male,Indian
1199.jpg,40-49,Male,White
12.jpg,40-49,Male,Black
120.jpg,20-29,Male,Others
1200.jpg,20-29,Male,Indian
1201.jpg,30-39,Male,Asian
1202.jpg,30-39,Male,White
1203.jpg,3-9,Female,Indian
1204.jpg,20-29,Male,White
1205.jpg,20-29,Male,Others
1206.jpg,30-39,Male,Black
1207.jpg,60-69,Male,Others
1208.jpg,20-29,Male,White
1209.jpg,3-9,Female,White
121.jpg,30-39,Male,Others
1210.jpg,40-49,Male,Others
1211.jpg,none,none,none
1212.jpg,50-59,Male,Others
1213.jpg,30-39,Male,Indian
1214.jpg,none,none,none
1215.jpg,20-29,Male,Asian
1216.jpg,30-39,Male,Asian
1217.jpg,20-29,Male,Others
1218.jpg,20-29,Male,Black
1219.jpg,20-29,Male,Indian
122.jpg,30-39,Female,White
1220.jpg,30-39,Female,Asian
1221.jpg,20-29,Female,Others
1222.jpg,20-29,Male,Indian
1223.jpg,30-39,Male,Others
1224.jpg,20-29,Female,Asian
1225.jpg,30-39,Male,Others
1226.jpg,50-59,Male,Others
1227.jpg,30-39,Female,Others
1228.jpg,30-39,Male,Others
1229.jpg,20-29,Female,Others
123.jpg,30-39,Male,Asian
1230.jpg,20-29,Male,Asian
1231.jpg,20-29,Female,White
1232.jpg,50-59,Male,White
1233.jpg,20-29,Female,White
1234.jpg,20-29,Male,White
1235.jpg,30-39,Male,Others
1236.jpg,none,none,none
1237.jpg,20-29,Female,Asian
1238.jpg,20-29,Male,Asian
1239.jpg,30-39,Male,Others
124.jpg,20-29,Female,Black
1240.jpg,20-29,Male,Asian
1241.jpg,10-19,Female,Black
1242.jpg,20-29,Female,Asian
1243.jpg,30-39,Male,Black
1244.jpg,20-29,Male,Asian
1245.jpg,30-39,Female,Indian
1246.jpg,30-39,Female,White
1247.jpg,20-29,Female,Asian
1248.jpg,20-29,Male,Others
1249.jpg,20-29,Female,Asian
125.jpg,none,none,none
1250.jpg,20-29,Female,Asian
1251.jpg,10-19,Female,Asian
1252.jpg,20-29,Female,White
1253.jpg,none,none,none
1254.jpg,20-29,Male,Asian
1255.jpg,20-29,Female,Asian
1256.jpg,30-39,Male,White
1257.jpg,20-29,Female,Asian
1258.jpg,30-39,Female,White
1259.jpg,none,none,none
126.jpg,20-29,Female,Indian
1260.jpg,20-29,Male,White
1261.jpg,20-29,Female,Asian
1262.jpg,30-39,Male,Asian
1263.jpg,10-19,Female,Asian
1264.jpg,3-9,Male,White
1265.jpg,3-9,Female,Others
1266.jpg,3-9,Male,Asian
1267.jpg,20-29,Female,Asian
1268.jpg,3-9,Male,Others
1269.jpg,30-39,Male,White
127.jpg,20-29,Male,Indian
1270.jpg,30-39,Male,White
1271.jpg,30-39,Female,Asian
1272.jpg,3-9,Male,Asian
1273.jpg,30-39,Male,Asian
1274.jpg,3-9,Male,Black
1275.jpg,20-29,Female,Indian
1276.jpg,20-29,Female,Asian
1277.jpg,20-29,Female,Asian
1278.jpg,30-39,Male,Asian
1279.jpg,10-19,Male,Asian
128.jpg,20-29,Male,White
1280.jpg,3-9,Male,Others
1281.jpg,30-39,Male,Indian
1282.jpg,20-29,Male,Asian
1283.jpg,60-69,Female,Asian
1284.jpg,20-29,Female,White
1285.jpg,10-19,Male,Asian
1286.jpg,3-9,Female,Asian
1287.jpg,0-2,Male,Asian
1288.jpg,3-9,Female,Asian
1289.jpg,30-39,Female,Asian
129.jpg,20-29,Female,White
1290.jpg,10-19,Male,Asian
1291.jpg,20-29,Male,Asian
1292.jpg,20-29,Female,Asian
1293.jpg,10-19,Female,Asian
1294.jpg,0-2,Male,White
1295.jpg,30-39,Male,Asian
1296.jpg,20-29,Male,Asian
1297.jpg,0-2,Male,Asian
1298.jpg,none,none,none
1299.jpg,20-29,Female,Asian
13.jpg,3-9,Male,Asian
130.jpg,20-29,Female,White
1300.jpg,50-59,Female,Indian
1301.jpg,none,none,none
1302.jpg,20-29,Female,White
1303.jpg,none,none,none
1304.jpg,20-29,Male,Asian
1305.jpg,30-39,Male,Asian
1306.jpg,3-9,Female,Asian
1307.jpg,none,none,none
1308.jpg,30-39,Female,Asian
1309.jpg,20-29,Female,Asian
131.jpg,20-29,Female,Others
1310.jpg,0-2,Male,Asian
1311.jpg,40-49,Male,White
1312.jpg,20-29,Male,Indian
1313.jpg,none,none,none
1314.jpg,3-9,Male,Asian
1315.jpg,20-29,Female,Asian
1316.jpg,20-29,Female,Others
1317.jpg,20-29,Male,White
1318.jpg,30-39,Male,Asian
1319.jpg,3-9,Male,Asian
132.jpg,10-19,Female,Asian
1320.jpg,20-29,Male,Asian
1321.jpg,3-9,Male,Asian
1322.jpg,none,none,none
1323.jpg,none,none,none
1324.jpg,30-39,Male,White
1325.jpg,30-39,Female,Asian
1326.jpg,0-2,Female,White
1327.jpg,40-49,Male,Asian
1328.jpg,3-9,Male,Others
1329.jpg,40-49,Male,Asian
133.jpg,20-29,Female,White
1330.jpg,10-19,Female,Asian
1331.jpg,30-39,Male,Asian
1332.jpg,none,none,none
1333.jpg,20-29,Male,White
1334.jpg,3-9,Male,Indian
1335.jpg,10-19,Female,Asian
1336.jpg,3-9,Female,Asian
1337.jpg,30-39,Male,Asian
1338.jpg,20-29,Male,Others
1339.jpg,20-29,Male,Asian
134.jpg,20-29,Female,Asian
1340.jpg,50-59,Male,Others
1341.jpg,30-39,Male,White
1342.jpg,30-39,Male,White
1343.jpg,30-39,Male,Others
1344.jpg,20-29,Male,White
1345.jpg,20-29,Male,Asian
1346.jpg,10-19,Male,Indian
1347.jpg,20-29,Male,White
1348.jpg,40-49,Male,White
1349.jpg,30-39,Male,Others
135.jpg,30-39,Female,White
1350.jpg,30-39,Female,Black
1351.jpg,20-29,Female,Others
1352.jpg,30-39,Male,White
1353.jpg,30-39,Male,Asian
1354.jpg,10-19,Male,Indian
1355.jpg,3-9,Male,Indian
1356.jpg,20-29,Female,Others
1357.jpg,20-29,Female,Black
1358.jpg,30-39,Male,Black
1359.jpg,30-39,Male,White
136.jpg,50-59,Male,Asian
1360.jpg,20-29,Male,Asian
1361.jpg,30-39,Female,Asian
1362.jpg,40-49,Male,Others
1363.jpg,20-29,Female,Black
1364.jpg,3-9,Male,Asian
1365.jpg,20-29,Female,White
1366.jpg,20-29,Female,Asian
1367.jpg,20-29,Male,Asian
1368.jpg,none,none,none
1369.jpg,20-29,Male,White
137.jpg,20-29,Female,White
1370.jpg,30-39,Female,White
1371.jpg,30-39,Male,Asian
1372.jpg,20-29,Female,Asian
1373.jpg,none,none,none
1374.jpg,40-49,Male,Asian
1375.jpg,20-29,Female,Others
1376.jpg,30-39,Female,Others
1377.jpg,30-39,Male,Others
1378.jpg,40-49,Male,Indian
1379.jpg,20-29,Female,Others
138.jpg,20-29,Female,White
1380.jpg,20-29,Female,White
1381.jpg,20-29,Female,White
1382.jpg,30-39,Female,White
1383.jpg,20-29,Female,Others
1384.jpg,20-29,Female,White
1385.jpg,10-19,Female,White
1386.jpg,20-29,Female,White
1387.jpg,none,none,none
1388.jpg,20-29,Male,Others
1389.jpg,30-39,Male,Others
139.jpg,30-39,Male,Asian
1390.jpg,20-29,Male,Asian
1391.jpg,20-29,Male,Asian
1392.jpg,20-29,Male,Asian
1393.jpg,30-39,Female,Others
1394.jpg,30-39,Female,White
1395.jpg,20-29,Female,Others
1396.jpg,none,none,none
1397.jpg,3-9,Male,Asian
1398.jpg,20-29,Female,White
1399.jpg,30-39,Female,Asian
14.jpg,30-39,Female,Asian
140.jpg,none,none,none
1400.jpg,30-39,Male,Indian
1401.jpg,10-19,Female,Asian
1402.jpg,3-9,Male,Black
1403.jpg,20-29,Male,Others
1404.jpg,20-29,Female,Asian
1405.jpg,30-39,Male,Asian
1406.jpg,20-29,Female,Asian
1407.jpg,3-9,Female,Asian
1408.jpg,20-29,Male,Others
1409.jpg,20-29,Female,Asian
141.jpg,20-29,Female,Asian
1410.jpg,10-19,Female,Others
1411.jpg,3-9,Female,White
1412.jpg,30-39,Male,Others
1413.jpg,30-39,Male,Others
1414.jpg,3-9,Female,Asian
1415.jpg,20-29,Male,Asian
1416.jpg,20-29,Female,Indian
1417.jpg,20-29,Female,White
1418.jpg,30-39,Female,Asian
1419.jpg,20-29,Male,Indian
142.jpg,20-29,Female,Others
1420.jpg,40-49,Female,Others
1421.jpg,30-39,Male,White
1422.jpg,20-29,Male,Others
1423.jpg,20-29,Male,Others
1424.jpg,20-29,Male,Asian
1425.jpg,20-29,Male,Asian
1426.jpg,20-29,Female,Asian
1427.jpg,30-39,Male,White
1428.jpg,20-29,Female,Asian
1429.jpg,50-59,Female,Indian
143.jpg,none,none,none
1430.jpg,20-29,Female,White
1431.jpg,30-39,Female,Others
1432.jpg,50-59,Male,White
1433.jpg,30-39,Male,Others
1434.jpg,30-39,Male,Others
1435.jpg,20-29,Male,White
1436.jpg,40-49,Male,Others
1437.jpg,10-19,Female,Black
1438.jpg,3-9,Female,Black
1439.jpg,20-29,Male,Asian
144.jpg,20-29,Male,Black
1440.jpg,20-29,Male,Black
1441.jpg,20-29,Male,Asian
1442.jpg,50-59,Male,Asian
1443.jpg,20-29,Female,Asian
1444.jpg,20-29,Male,Others
1445.jpg,20-29,Male,Asian
1446.jpg,30-39,Male,Others
1447.jpg,30-39,Male,White
1448.jpg,40-49,Male,White
1449.jpg,20-29,Female,Asian
145.jpg,20-29,Female,Asian
1450.jpg,30-39,Male,Others
1451.jpg,20-29,Female,Others
1452.jpg,20-29,Male,Asian
1453.jpg,10-19,Female,Black
1454.jpg,20-29,Female,Others
1455.jpg,3-9,Male,Black
1456.jpg,20-29,Female,Asian
1457.jpg,30-39,Female,Black
1458.jpg,30-39,Male,Asian
1459.jpg,20-29,Female,Indian
146.jpg,30-39,Male,Others
1460.jpg,30-39,Female,Black
1461.jpg,20-29,Female,Others
1462.jpg,20-29,Female,Black
1463.jpg,30-39,Female,Asian
1464.jpg,20-29,Male,White
1465.jpg,30-39,Male,Others
1466.jpg,30-39,Male,White
1467.jpg,30-39,Female,Asian
1468.jpg,20-29,Male,Asian
1469.jpg,40-49,Male,White
147.jpg,30-39,Male,Others
1470.jpg,20-29,Female,Others
1471.jpg,30-39,Male,Asian
1472.jpg,30-39,Male,White
1473.jpg,20-29,Male,Black
1474.jpg,30-39,Male,White
1475.jpg,20-29,Male,Black
1476.jpg,30-39,Male,Others
1477.jpg,20-29,Female,Asian
1478.jpg,20-29,Female,White
1479.jpg,30-39,Male,White
148.jpg,10-19,Male,Asian
1480.jpg,20-29,Male,Indian
1481.jpg,20-29,Female,Asian
1482.jpg,20-29,Female,Black
1483.jpg,30-39,Male,White
1484.jpg,50-59,Male,Indian
1485.jpg,3-9,Male,Asian
1486.jpg,30-39,Male,Asian
1487.jpg,30-39,Male,Asian
1488.jpg,30-39,Male,Asian
1489.jpg,30-39,Male,Indian
149.jpg,20-29,Male,Others
1490.jpg,20-29,Male,Black
1491.jpg,30-39,Male,Asian
1492.jpg,none,none,none
1493.jpg,20-29,Female,Black
1494.jpg,30-39,Male,Black
1495.jpg,20-29,Female,Black
1496.jpg,50-59,Male,Black
1497.jpg,50-59,Male,Others
1498.jpg,40-49,Male,Others
1499.jpg,20-29,Female,White
15.jpg,30-39,Female,Asian
150.jpg,50-59,Female,White
1500.jpg,40-49,Male,White
1501.jpg,20-29,Female,Others
1502.jpg,30-39,Male,Others
1503.jpg,30-39,Male,Others
1504.jpg,40-49,Male,Indian
1505.jpg,30-39,Male,Others
1506.jpg,30-39,Male,Asian
1507.jpg,20-29,Female,Asian
1508.jpg,30-39,Male,Asian
1509.jpg,none,none,none
151.jpg,20-29,Male,Indian
1510.jpg,20-29,Female,White
1511.jpg,3-9,Male,Others
1512.jpg,30-39,Female,White
1513.jpg,20-29,Female,Others
1514.jpg,20-29,Female,Others
1515.jpg,20-29,Female,Others
1516.jpg,20-29,Female,Others
1517.jpg,20-29,Female,Indian
1518.jpg,20-29,Female,Asian
1519.jpg,none,none,none
152.jpg,30-39,Male,Others
1520.jpg,3-9,Female,Asian
1521.jpg,10-19,Female,Others
1522.jpg,30-39,Male,Others
1523.jpg,20-29,Male,Others
1524.jpg,20-29,Female,Asian
1525.jpg,20-29,Female,Others
1526.jpg,30-39,Male,Black
1527.jpg,10-19,Female,Asian
1528.jpg,20-29,Female,Asian
1529.jpg,20-29,Male,Asian
153.jpg,20-29,Female,Asian
1530.jpg,10-19,Male,Black
1531.jpg,3-9,Female,Asian
1532.jpg,30-39,Female,Indian
1533.jpg,20-29,Female,White
1534.jpg,20-29,Female,Asian
1535.jpg,20-29,Female,Black
1536.jpg,3-9,Female,Black
1537.jpg,30-39,Female,Black
1538.jpg,20-29,Male,Others
1539.jpg,20-29,Female,Others
154.jpg,3-9,Female,White
1540.jpg,20-29,Female,White
1541.jpg,10-19,Male,White
1542.jpg,20-29,Female,Indian
1543.jpg,20-29,Male,Asian
1544.jpg,30-39,Male,White
1545.jpg,3-9,Female,Others
1546.jpg,20-29,Male,Asian
1547.jpg,30-39,Female,Asian
1548.jpg,3-9,Male,Others
1549.jpg,20-29,Male,Others
155.jpg,20-29,Female,White
1550.jpg,30-39,Male,Asian
1551.jpg,40-49,Male,White
1552.jpg,20-29,Female,Asian
1553.jpg,30-39,Female,White
1554.jpg,20-29,Male,Others
1555.jpg,30-39,Female,Indian
1556.jpg,20-29,Male,Asian
1557.jpg,20-29,Female,Asian
1558.jpg,20-29,Male,Asian
1559.jpg,30-39,Female,Asian
156.jpg,30-39,Female,Asian
1560.jpg,20-29,Female,Others
1561.jpg,20-29,Female,White
1562.jpg,20-29,Male,Others
1563.jpg,20-29,Male,Others
1564.jpg,20-29,Male,Others
1565.jpg,30-39,Male,Others
1566.jpg,30-39,Male,Black
1567.jpg,50-59,Female,White
1568.jpg,30-39,Female,Others
1569.jpg,20-29,Female,Asian
157.jpg,20-29,Male,Asian
1570.jpg,10-19,Female,Black
1571.jpg,20-29,Male,Others
1572.jpg,20-29,Female,Asian
1573.jpg,30-39,Male,Asian
1574.jpg,20-29,Male,Others
1575.jpg,60-69,Male,Indian
1576.jpg,20-29,Male,Asian
1577.jpg,40-49,Male,Others
1578.jpg,20-29,Male,White
1579.jpg,30-39,Female,Asian
158.jpg,10-19,Female,Asian
1580.jpg,20-29,Male,Asian
1581.jpg,20-29,Female,Others
1582.jpg,20-29,Male,Indian
1583.jpg,20-29,Male,Black
1584.jpg,20-29,Male,Indian
1585.jpg,10-19,Female,Black
1586.jpg,20-29,Male,Black
1587.jpg,20-29,Female,Asian
1588.jpg,30-39,Male,Asian
1589.jpg,20-29,Male,Others
159.jpg,30-39,Male,Others
1590.jpg,none,none,none
1591.jpg,20-29,Male,Others
1592.jpg,20-29,Male,Asian
1593.jpg,20-29,Male,Others
1594.jpg,40-49,Male,Others
1595.jpg,30-39,Male,Indian
1596.jpg,40-49,Male,Indian
1597.jpg,30-39,Male,Asian
1598.jpg,20-29,Female,Others
1599.jpg,30-39,Male,Others
16.jpg,30-39,Male,Others
160.jpg,20-29,Male,Asian
1600.jpg,30-39,Male,White
1601.jpg,50-59,Male,Asian
1602.jpg,30-39,Male,Asian
1603.jpg,20-29,Male,Asian
1604.jpg,20-29,Male,Asian
1605.jpg,20-29,Female,Indian
1606.jpg,20-29,Male,Asian
1607.jpg,20-29,Male,Asian
1608.jpg,20-29,Female,Asian
1609.jpg,3-9,Male,Asian
161.jpg,20-29,Male,White
1610.jpg,3-9,Female,Others
1611.jpg,20-29,Female,Black
1612.jpg,20-29,Female,Asian
1613.jpg,40-49,Male,Asian
1614.jpg,20-29,Male,Black
1615.jpg,10-19,Male,Others
1616.jpg,20-29,Female,Asian
1617.jpg,50-59,Male,Black
1618.jpg,10-19,Female,Asian
1619.jpg,20-29,Male,White
162.jpg,30-39,Male,White
1620.jpg,20-29,Male,Asian
1621.jpg,20-29,Male,Asian
1622.jpg,3-9,Male,Asian
1623.jpg,20-29,Female,Asian
1624.jpg,3-9,Male,Asian
1625.jpg,30-39,Male,Asian
1626.jpg,20-29,Male,Others
1627.jpg,30-39,Male,White
1628.jpg,50-59,Male,Others
1629.jpg,20-29,Male,Others
163.jpg,20-29,Male,Indian
1630.jpg,60-69,Male,White
1631.jpg,50-59,Male,Others
1632.jpg,40-49,Male,Others
1633.jpg,30-39,Male,White
1634.jpg,30-39,Male,Others
1635.jpg,3-9,Female,Asian
1636.jpg,20-29,Male,White
1637.jpg,30-39,Male,Asian
1638.jpg,30-39,Male,Black
1639.jpg,40-49,Male,White
164.jpg,40-49,Male,Asian
1640.jpg,30-39,Male,White
1641.jpg,20-29,Female,White
1642.jpg,30-39,Male,White
1643.jpg,20-29,Female,Asian
1644.jpg,40-49,Male,White
1645.jpg,30-39,Male,Asian
1646.jpg,30-39,Male,Asian
1647.jpg,20-29,Male,Others
1648.jpg,30-39,Male,Others
1649.jpg,30-39,Female,White
165.jpg,30-39,Male,Asian
1650.jpg,30-39,Male,Asian
1651.jpg,40-49,Male,Others
1652.jpg,10-19,Male,Asian
1653.jpg,20-29,Male,Black
1654.jpg,30-39,Male,Others
1655.jpg,0-2,Male,Indian
1656.jpg,10-19,Male,Black
1657.jpg,20-29,Male,Asian
1658.jpg,60-69,Female,Asian
1659.jpg,30-39,Male,Others
166.jpg,40-49,Male,Asian
1660.jpg,20-29,Male,Others
1661.jpg,20-29,Male,Others
1662.jpg,40-49,Male,Indian
1663.jpg,50-59,Male,Asian
1664.jpg,60-69,Female,Black
1665.jpg,30-39,Male,Asian
1666.jpg,30-39,Male,Others
1667.jpg,20-29,Male,White
1668.jpg,30-39,Male,White
1669.jpg,20-29,Male,Asian
167.jpg,none,none,none
1670.jpg,30-39,Male,Others
1671.jpg,30-39,Male,Indian
1672.jpg,20-29,Male,Asian
1673.jpg,50-59,Male,White
1674.jpg,20-29,Male,Asian
1675.jpg,20-29,Male,Indian
1676.jpg,30-39,Male,White
1677.jpg,40-49,Male,Others
1678.jpg,30-39,Male,Indian
1679.jpg,20-29,Male,Indian
168.jpg,20-29,Female,Indian
1680.jpg,20-29,Male,Indian
1681.jpg,30-39,Male,Others
1682.jpg,40-49,Male,Others
1683.jpg,20-29,Male,Asian
1684.jpg,30-39,Male,Indian
1685.jpg,30-39,Male,Asian
1686.jpg,20-29,Male,Others
1687.jpg,40-49,Male,White
1688.jpg,30-39,Female,Others
1689.jpg,20-29,Female,Others
169.jpg,30-39,Male,Others
1690.jpg,20-29,Female,Asian
1691.jpg,20-29,Female,Asian
1692.jpg,20-29,Female,Asian
1693.jpg,20-29,Female,Asian
1694.jpg,20-29,Female,White
1695.jpg,20-29,Female,Asian
1696.jpg,30-39,Male,Asian
1697.jpg,20-29,Male,Asian
1698.jpg,3-9,Male,Others
1699.jpg,10-19,Female,Asian
17.jpg,3-9,Female,Others
170.jpg,3-9,Male,Asian
1700.jpg,20-29,Female,Others
1701.jpg,30-39,Female,Asian
1702.jpg,20-29,Male,Asian
1703.jpg,20-29,Male,Black
1704.jpg,30-39,Female,Asian
1705.jpg,20-29,Female,Others
1706.jpg,20-29,Female,White
1707.jpg,none,none,none
1708.jpg,30-39,Male,Asian
1709.jpg,20-29,Female,Black
171.jpg,30-39,Male,White
1710.jpg,20-29,Male,Asian
1711.jpg,20-29,Female,Asian
1712.jpg,20-29,Female,Others
1713.jpg,20-29,Male,Others
1714.jpg,20-29,Male,Others
1715.jpg,20-29,Female,White
1716.jpg,20-29,Female,Others
1717.jpg,30-39,Female,Asian
1718.jpg,50-59,Female,Asian
1719.jpg,30-39,Female,White
172.jpg,3-9,Male,White
1720.jpg,20-29,Male,White
1721.jpg,20-29,Female,Asian
1722.jpg,20-29,Female,White
1723.jpg,20-29,Female,Asian
1724.jpg,40-49,Male,White
1725.jpg,40-49,Male,Others
1726.jpg,30-39,Male,Others
1727.jpg,40-49,Female,Black
1728.jpg,30-39,Male,White
1729.jpg,30-39,Male,White
173.jpg,3-9,Male,Asian
1730.jpg,20-29,Female,Asian
1731.jpg,3-9,Female,White
1732.jpg,30-39,Male,Indian
1733.jpg,30-39,Male,Black
1734.jpg,50-59,Male,Others
1735.jpg,20-29,Female,Indian
1736.jpg,30-39,Male,Others
1737.jpg,30-39,Male,Black
1738.jpg,50-59,Male,Black
1739.jpg,30-39,Male,Black
174.jpg,0-2,Female,Asian
1740.jpg,20-29,Male,Others
1741.jpg,30-39,Male,Asian
1742.jpg,40-49,Male,Others
1743.jpg,40-49,Male,White
1744.jpg,30-39,Female,White
1745.jpg,20-29,Male,Asian
1746.jpg,50-59,Male,Others
1747.jpg,20-29,Male,Others
1748.jpg,3-9,Male,Asian
1749.jpg,20-29,Male,Others
175.jpg,3-9,Male,Asian
1750.jpg,30-39,Male,Asian
1751.jpg,30-39,Male,Indian
1752.jpg,20-29,Male,Others
1753.jpg,20-29,Male,Asian
1754.jpg,20-29,Male,Black
1755.jpg,30-39,Male,Others
1756.jpg,20-29,Male,Others
1757.jpg,20-29,Male,Asian
1758.jpg,30-39,Male,White
1759.jpg,20-29,Female,White
176.jpg,0-2,Female,White
1760.jpg,20-29,Male,Asian
1761.jpg,30-39,Male,Asian
1762.jpg,20-29,Male,Asian
1763.jpg,30-39,Female,Asian
1764.jpg,20-29,Female,Others
1765.jpg,20-29,Female,Asian
1766.jpg,20-29,Male,Others
1767.jpg,50-59,Male,White
1768.jpg,3-9,Male,Asian
1769.jpg,10-19,Male,Asian
177.jpg,3-9,Female,Others
1770.jpg,30-39,Male,Black
1771.jpg,3-9,Female,White
1772.jpg,30-39,Female,Others
1773.jpg,20-29,Female,Asian
1774.jpg,20-29,Male,Others
1775.jpg,3-9,Male,Indian
1776.jpg,20-29,Male,Asian
1777.jpg,20-29,Female,Black
1778.jpg,20-29,Male,White
1779.jpg,20-29,Male,Others
178.jpg,20-29,Male,Indian
1780.jpg,20-29,Male,Others
1781.jpg,20-29,Female,Others
1782.jpg,30-39,Male,Asian
1783.jpg,40-49,Male,White
1784.jpg,10-19,Male,Asian
1785.jpg,20-29,Male,Others
1786.jpg,20-29,Male,Others
1787.jpg,40-49,Male,White
1788.jpg,10-19,Male,Asian
1789.jpg,30-39,Male,Asian
179.jpg,30-39,Male,White
1790.jpg,50-59,Male,Black
1791.jpg,30-39,Male,Black
1792.jpg,40-49,Male,Black
1793.jpg,20-29,Male,Black
1794.jpg,50-59,Male,Others
1795.jpg,30-39,Male,Others
1796.jpg,30-39,Male,White
1797.jpg,50-59,Male,Others
1798.jpg,50-59,Male,Others
1799.jpg,20-29,Male,Others
18.jpg,20-29,Female,Asian
180.jpg,20-29,Female,White
1800.jpg,40-49,Male,Indian
1801.jpg,20-29,Male,Others
1802.jpg,30-39,Female,Asian
1803.jpg,10-19,Male,Asian
1804.jpg,50-59,Male,Others
1805.jpg,3-9,Female,Asian
1806.jpg,20-29,Female,White
1807.jpg,30-39,Male,Asian
1808.jpg,30-39,Male,Others
1809.jpg,20-29,Female,Others
181.jpg,none,none,none
1810.jpg,20-29,Female,Asian
1811.jpg,3-9,Male,Asian
1812.jpg,30-39,Male,White
1813.jpg,30-39,Female,Asian
1814.jpg,20-29,Male,Others
1815.jpg,20-29,Female,Black
1816.jpg,30-39,Male,Others
1817.jpg,30-39,Male,White
1818.jpg,20-29,Male,Others
1819.jpg,50-59,Male,Others
182.jpg,3-9,Male,Asian
1820.jpg,20-29,Male,Asian
1821.jpg,30-39,Male,Asian
1822.jpg,40-49,Male,Asian
1823.jpg,50-59,Female,Others
1824.jpg,20-29,Male,Others
1825.jpg,50-59,Male,Asian
1826.jpg,20-29,Male,Indian
1827.jpg,20-29,Female,Indian
1828.jpg,40-49,Male,Black
1829.jpg,30-39,Male,Indian
183.jpg,none,none,none
1830.jpg,30-39,Male,Indian
1831.jpg,20-29,Male,Asian
1832.jpg,3-9,Male,Asian
1833.jpg,40-49,Male,Others
1834.jpg,30-39,Male,Others
1835.jpg,50-59,Female,Asian
1836.jpg,40-49,Male,Others
1837.jpg,30-39,Female,White
1838.jpg,30-39,Male,Others
1839.jpg,20-29,Female,White
184.jpg,none,none,none
1840.jpg,3-9,Female,Asian
1841.jpg,20-29,Female,Asian
1842.jpg,50-59,Male,Asian
1843.jpg,3-9,Female,Black
1844.jpg,3-9,Male,Others
1845.jpg,20-29,Female,Others
1846.jpg,30-39,Male,Asian
1847.jpg,3-9,Female,Black
1848.jpg,10-19,Female,Black
1849.jpg,20-29,Male,Black
185.jpg,0-2,Female,Asian
1850.jpg,20-29,Male,Black
1851.jpg,20-29,Male,White
1852.jpg,20-29,Male,Others
1853.jpg,20-29,Female,Indian
1854.jpg,30-39,Male,Asian
1855.jpg,20-29,Female,Others
1856.jpg,30-39,Male,Others
1857.jpg,30-39,Female,Asian
1858.jpg,30-39,Male,Others
1859.jpg,50-59,Male,Asian
186.jpg,3-9,Male,Asian
1860.jpg,20-29,Female,Others
1861.jpg,20-29,Male,White
1862.jpg,20-29,Female,Indian
1863.jpg,40-49,Male,White
1864.jpg,30-39,Male,Asian
1865.jpg,30-39,Male,Others
1866.jpg,20-29,Male,White
1867.jpg,20-29,Male,Asian
1868.jpg,20-29,Male,Asian
1869.jpg,40-49,Male,White
187.jpg,20-29,Female,Asian
1870.jpg,30-39,Male,Indian
1871.jpg,20-29,Male,Others
1872.jpg,30-39,Male,Others
1873.jpg,none,none,none
1874.jpg,40-49,Male,Others
1875.jpg,30-39,Male,Others
1876.jpg,30-39,Male,Asian
1877.jpg,20-29,Female,Indian
1878.jpg,20-29,Male,Indian
1879.jpg,50-59,Male,Others
188.jpg,none,none,none
1880.jpg,40-49,Male,Indian
1881.jpg,30-39,Male,Others
1882.jpg,30-39,Male,White
1883.jpg,30-39,Male,White
1884.jpg,20-29,Male,Indian
1885.jpg,20-29,Male,White
1886.jpg,20-29,Male,White
1887.jpg,30-39,Male,Asian
1888.jpg,20-29,Female,Others
1889.jpg,30-39,Male,Others
189.jpg,3-9,Male,Asian
1890.jpg,30-39,Male,Asian
1891.jpg,20-29,Male,Indian
1892.jpg,30-39,Female,White
1893.jpg,0-2,Female,Asian
1894.jpg,10-19,Male,White
1895.jpg,30-39,Female,White
1896.jpg,3-9,Male,Asian
1897.jpg,3-9,Female,Black
1898.jpg,3-9,Male,Black
1899.jpg,3-9,Female,Black
19.jpg,20-29,Female,White
190.jpg,30-39,Female,Asian
1900.jpg,none,none,none
1901.jpg,20-29,Male,Asian
1902.jpg,3-9,Male,Asian
1903.jpg,20-29,Female,Asian
1904.jpg,0-2,Male,Asian
1905.jpg,20-29,Female,Others
1906.jpg,3-9,Female,Asian
1907.jpg,none,none,none
1908.jpg,10-19,Male,Others
1909.jpg,3-9,Male,Asian
191.jpg,10-19,Male,White
1910.jpg,0-2,Male,White
1911.jpg,3-9,Female,White
1912.jpg,3-9,Male,Asian
1913.jpg,20-29,Male,Asian
1914.jpg,3-9,Female,White
1915.jpg,10-19,Female,White
1916.jpg,3-9,Male,White
1917.jpg,3-9,Male,Asian
1918.jpg,20-29,Female,Asian
1919.jpg,10-19,Male,White
192.jpg,30-39,Male,White
1920.jpg,20-29,Male,Asian
1921.jpg,10-19,Male,Asian
1922.jpg,10-19,Female,Asian
1923.jpg,20-29,Male,Asian
1924.jpg,none,none,none
1925.jpg,none,none,none
1926.jpg,0-2,Female,White
1927.jpg,20-29,Male,Asian
1928.jpg,20-29,Female,Asian
1929.jpg,none,none,none
193.jpg,3-9,Male,Asian
1930.jpg,40-49,Male,Others
1931.jpg,30-39,Male,White
1932.jpg,10-19,Male,Others
1933.jpg,10-19,Female,Others
1934.jpg,20-29,Male,White
1935.jpg,30-39,Male,Indian
1936.jpg,30-39,Female,Others
1937.jpg,50-59,Male,Others
1938.jpg,30-39,Male,Others
1939.jpg,30-39,Male,Asian
194.jpg,none,none,none
1940.jpg,60-69,Male,White
1941.jpg,30-39,Male,Asian
1942.jpg,20-29,Male,White
1943.jpg,20-29,Female,White
1944.jpg,40-49,Male,Others
1945.jpg,20-29,Male,Others
1946.jpg,20-29,Male,Others
1947.jpg,20-29,Male,White
1948.jpg,30-39,Male,White
1949.jpg,20-29,Male,Others
195.jpg,30-39,Female,Asian
1950.jpg,30-39,Male,White
1951.jpg,30-39,Male,Others
1952.jpg,20-29,Male,White
1953.jpg,20-29,Male,Others
1954.jpg,3-9,Male,White
1955.jpg,20-29,Male,Others
1956.jpg,50-59,Male,White
1957.jpg,20-29,Male,Others
1958.jpg,40-49,Male,Others
1959.jpg,20-29,Male,White
196.jpg,none,none,none
1960.jpg,20-29,Male,White
1961.jpg,30-39,Female,White
1962.jpg,60-69,Male,White
1963.jpg,40-49,Male,Others
1964.jpg,30-39,Male,White
1965.jpg,more than 70,Male,Asian
1966.jpg,10-19,Male,Indian
1967.jpg,20-29,Male,Others
1968.jpg,20-29,Female,Black
1969.jpg,50-59,Male,Black
197.jpg,none,none,none
1970.jpg,60-69,Male,Indian
1971.jpg,20-29,Male,Others
1972.jpg,20-29,Male,Asian
1973.jpg,3-9,Male,Asian
1974.jpg,20-29,Male,Others
1975.jpg,30-39,Male,Indian
1976.jpg,20-29,Male,Asian
1977.jpg,none,none,none
1978.jpg,20-29,Male,Indian
1979.jpg,20-29,Male,Indian
198.jpg,30-39,Male,Indian
1980.jpg,20-29,Male,Others
1981.jpg,60-69,Male,White
1982.jpg,30-39,Male,Others
1983.jpg,30-39,Male,White
1984.jpg,30-39,Male,Asian
1985.jpg,20-29,Female,Others
1986.jpg,40-49,Male,Asian
1987.jpg,20-29,Male,Asian
1988.jpg,20-29,Female,Asian
1989.jpg,0-2,Female,White
199.jpg,none,none,none
1990.jpg,20-29,Female,White
1991.jpg,30-39,Female,Asian
1992.jpg,10-19,Male,Others
1993.jpg,20-29,Male,Others
1994.jpg,20-29,Male,Indian
1995.jpg,3-9,Female,Others
1996.jpg,30-39,Female,Black
1997.jpg,20-29,Female,Asian
1998.jpg,20-29,Female,Asian
1999.jpg,30-39,Male,White
2.jpg,30-39,Male,Asian
20.jpg,20-29,Female,White
200.jpg,20-29,Male,Asian
2000.jpg,20-29,Female,Asian
2001.jpg,20-29,Female,Asian
2002.jpg,20-29,Male,Others
2003.jpg,20-29,Male,Asian
2004.jpg,20-29,Female,Others
2005.jpg,30-39,Female,Asian
2006.jpg,40-49,Male,Others
2007.jpg,30-39,Male,Others
2008.jpg,0-2,Male,White
2009.jpg,40-49,Male,White
201.jpg,20-29,Male,White
2010.jpg,30-39,Female,Black
2011.jpg,20-29,Female,Black
2012.jpg,40-49,Male,Indian
2013.jpg,20-29,Male,Others
2014.jpg,30-39,Female,Others
2015.jpg,30-39,Male,Others
2016.jpg,20-29,Female,Indian
2017.jpg,30-39,Female,Others
2018.jpg,30-39,Male,White
2019.jpg,20-29,Male,Black
202.jpg,20-29,Female,White
2020.jpg,20-29,Male,Others
2021.jpg,30-39,Male,Asian
2022.jpg,50-59,Male,White
2023.jpg,20-29,Male,White
2024.jpg,20-29,Male,Others
2025.jpg,20-29,Male,White
2026.jpg,none,none,none
2027.jpg,40-49,Male,Asian
2028.jpg,40-49,Female,Asian
2029.jpg,30-39,Male,Black
203.jpg,20-29,Male,Asian
2030.jpg,30-39,Male,Asian
2031.jpg,20-29,Male,Black
2032.jpg,10-19,Male,Black
2033.jpg,3-9,Male,Black
2034.jpg,50-59,Male,White
2035.jpg,3-9,Female,White
2036.jpg,30-39,Male,Others
2037.jpg,50-59,Male,Others
2038.jpg,20-29,Male,Asian
2039.jpg,20-29,Male,Indian
204.jpg,0-2,Male,Asian
2040.jpg,20-29,Male,Others
2041.jpg,3-9,Male,Indian
2042.jpg,20-29,Male,Asian
2043.jpg,30-39,Male,White
2044.jpg,30-39,Male,White
2045.jpg,50-59,Female,Others
2046.jpg,30-39,Male,Black
2047.jpg,20-29,Male,White
2048.jpg,30-39,Male,Others
2049.jpg,20-29,Female,Asian
205.jpg,20-29,Female,Asian
2050.jpg,30-39,Female,Others
2051.jpg,30-39,Male,Others
2052.jpg,30-39,Male,Others
2053.jpg,30-39,Male,White
2054.jpg,50-59,Male,Others
2055.jpg,20-29,Female,Black
2056.jpg,20-29,Male,Asian
2057.jpg,20-29,Male,Indian
2058.jpg,30-39,Male,Asian
2059.jpg,50-59,Male,Asian
206.jpg,30-39,Male,Asian
2060.jpg,40-49,Male,Asian
2061.jpg,30-39,Male,Others
2062.jpg,40-49,Male,Others
2063.jpg,30-39,Male,Asian
2064.jpg,30-39,Male,Others
2065.jpg,50-59,Male,Others
2066.jpg,20-29,Male,White
2067.jpg,20-29,Female,Black
2068.jpg,40-49,Male,Others
2069.jpg,30-39,Male,Others
207.jpg,30-39,Male,Asian
2070.jpg,10-19,Male,Others
2071.jpg,30-39,Male,Others
2072.jpg,30-39,Male,Others
2073.jpg,30-39,Male,White
2074.jpg,30-39,Female,Indian
2075.jpg,30-39,Male,White
2076.jpg,40-49,Male,Asian
2077.jpg,30-39,Male,Others
2078.jpg,30-39,Male,Indian
2079.jpg,none,none,none
208.jpg,3-9,Female,Asian
2080.jpg,20-29,Male,Asian
2081.jpg,30-39,Male,White
2082.jpg,30-39,Male,Black
2083.jpg,30-39,Male,White
2084.jpg,40-49,Male,White
2085.jpg,30-39,Male,Black
2086.jpg,20-29,Female,Asian
2087.jpg,none,none,none
2088.jpg,30-39,Female,Black
2089.jpg,30-39,Male,Asian
209.jpg,20-29,Male,Asian
2090.jpg,none,none,none
2091.jpg,none,none,none
2092.jpg,30-39,Male,Indian
2093.jpg,30-39,Male,Others
2094.jpg,30-39,Male,Others
2095.jpg,10-19,Female,Asian
2096.jpg,50-59,Male,Others
2097.jpg,30-39,Male,Others
2098.jpg,30-39,Male,Others
2099.jpg,30-39,Male,Others
21.jpg,30-39,Male,Asian
210.jpg,30-39,Female,Asian
2100.jpg,50-59,Male,Asian
2101.jpg,30-39,Male,Others
2102.jpg,30-39,Male,Others
2103.jpg,10-19,Male,Black
2104.jpg,30-39,Male,Others
2105.jpg,30-39,Male,Others
2106.jpg,30-39,Male,Asian
2107.jpg,20-29,Female,Indian
2108.jpg,30-39,Female,Asian
2109.jpg,30-39,Male,Others
211.jpg,3-9,Male,Asian
2110.jpg,20-29,Male,Others
2111.jpg,20-29,Female,Asian
2112.jpg,30-39,Male,Others
2113.jpg,20-29,Female,White
2114.jpg,20-29,Female,White
2115.jpg,3-9,Female,White
2116.jpg,30-39,Female,Black
2117.jpg,30-39,Female,Black
2118.jpg,60-69,Male,Others
2119.jpg,20-29,Male,White
212.jpg,3-9,Male,White
2120.jpg,20-29,Male,Black
2121.jpg,20-29,Male,White
2122.jpg,20-29,Male,White
2123.jpg,30-39,Male,White
2124.jpg,30-39,Male,Asian
2125.jpg,30-39,Male,Others
2126.jpg,50-59,Male,Others
2127.jpg,20-29,Male,Black
2128.jpg,30-39,Male,White
2129.jpg,40-49,Male,Asian
213.jpg,0-2,Male,Asian
2130.jpg,20-29,Male,Others
2131.jpg,20-29,Male,Asian
2132.jpg,30-39,Male,Black
2133.jpg,50-59,Male,Others
2134.jpg,50-59,Male,Others
2135.jpg,20-29,Male,Asian
2136.jpg,30-39,Male,Others
2137.jpg,20-29,Male,Asian
2138.jpg,3-9,Male,Asian
2139.jpg,20-29,Female,Black
214.jpg,20-29,Female,Asian
2140.jpg,30-39,Female,Others
2141.jpg,50-59,Male,White
2142.jpg,20-29,Male,Black
2143.jpg,30-39,Male,White
2144.jpg,none,none,none
2145.jpg,20-29,Male,Indian
2146.jpg,30-39,Male,Others
2147.jpg,40-49,Male,Others
2148.jpg,10-19,Male,White
2149.jpg,20-29,Male,Asian
215.jpg,none,none,none
2150.jpg,20-29,Male,White
2151.jpg,20-29,Male,Asian
2152.jpg,30-39,Male,Others
2153.jpg,30-39,Male,Asian
2154.jpg,30-39,Male,Others
2155.jpg,40-49,Male,Others
2156.jpg,40-49,Male,Black
2157.jpg,30-39,Male,Others
2158.jpg,50-59,Male,Indian
2159.jpg,20-29,Female,White
216.jpg,none,none,none
2160.jpg,20-29,Male,Asian
2161.jpg,20-29,Male,Asian
2162.jpg,20-29,Female,Others
2163.jpg,30-39,Male,Asian
2164.jpg,20-29,Male,Others
2165.jpg,10-19,Female,Others
2166.jpg,20-29,Female,Asian
2167.jpg,30-39,Male,Others
2168.jpg,40-49,Male,Others
2169.jpg,20-29,Male,Others
217.jpg,3-9,Female,White
2170.jpg,50-59,Male,White
2171.jpg,20-29,Male,White
2172.jpg,20-29,Female,White
2173.jpg,20-29,Male,Black
2174.jpg,30-39,Male,Indian
2175.jpg,30-39,Male,Others
2176.jpg,30-39,Male,Asian
2177.jpg,20-29,Male,Others
2178.jpg,30-39,Male,Asian
2179.jpg,30-39,Female,Asian
218.jpg,none,none,none
2180.jpg,30-39,Female,Indian
2181.jpg,20-29,Female,Asian
2182.jpg,20-29,Male,Asian
2183.jpg,30-39,Male,White
2184.jpg,20-29,Male,Black
2185.jpg,50-59,Male,Others
2186.jpg,30-39,Male,White
2187.jpg,20-29,Male,Others
2188.jpg,50-59,Female,Black
2189.jpg,30-39,Male,Others
219.jpg,20-29,Male,Asian
2190.jpg,50-59,Male,Asian
2191.jpg,20-29,Female,Asian
2192.jpg,30-39,Female,Asian
2193.jpg,20-29,Male,White
2194.jpg,40-49,Male,White
2195.jpg,20-29,Female,White
2196.jpg,30-39,Male,Others
2197.jpg,30-39,Male,Asian
2198.jpg,30-39,Male,White
2199.jpg,20-29,Female,White
22.jpg,10-19,Female,White
220.jpg,30-39,Male,Asian
2200.jpg,50-59,Male,Others
2201.jpg,3-9,Male,Asian
2202.jpg,20-29,Male,Asian
2203.jpg,30-39,Male,Others
2204.jpg,30-39,Male,Others
2205.jpg,none,none,none
2206.jpg,30-39,Male,Asian
2207.jpg,60-69,Male,Asian
2208.jpg,3-9,Male,White
2209.jpg,20-29,Male,Asian
221.jpg,30-39,Male,Asian
2210.jpg,10-19,Female,Indian
2211.jpg,50-59,Female,Others
2212.jpg,3-9,Female,Asian
2213.jpg,none,none,none
2214.jpg,10-19,Male,Asian
2215.jpg,20-29,Male,Asian
2216.jpg,20-29,Male,Asian
2217.jpg,0-2,Male,White
2218.jpg,3-9,Male,Asian
2219.jpg,40-49,Male,Asian
222.jpg,3-9,Male,Asian
2220.jpg,20-29,Male,Asian
2221.jpg,20-29,Female,Black
2222.jpg,none,none,none
2223.jpg,20-29,Female,Asian
2224.jpg,3-9,Female,Asian
2225.jpg,10-19,Male,Indian
2226.jpg,20-29,Female,Asian
2227.jpg,20-29,Male,Others
2228.jpg,10-19,Male,Others
2229.jpg,10-19,Male,Indian
223.jpg,20-29,Female,White
2230.jpg,3-9,Female,Asian
2231.jpg,30-39,Male,Asian
2232.jpg,30-39,Male,Asian
2233.jpg,20-29,Male,Others
2234.jpg,30-39,Female,Asian
2235.jpg,0-2,Female,White
2236.jpg,30-39,Male,White
2237.jpg,30-39,Male,White
2238.jpg,20-29,Male,White
2239.jpg,30-39,Male,Others
224.jpg,20-29,Male,Indian
2240.jpg,50-59,Male,Black
2241.jpg,10-19,Male,Others
2242.jpg,20-29,Male,Asian
2243.jpg,20-29,Male,Asian
2244.jpg,30-39,Male,Others
2245.jpg,30-39,Male,White
2246.jpg,30-39,Male,White
2247.jpg,20-29,Male,White
2248.jpg,20-29,Male,Others
2249.jpg,50-59,Male,White
225.jpg,10-19,Male,Asian
2250.jpg,20-29,Female,White
2251.jpg,20-29,Male,White
2252.jpg,20-29,Male,White
2253.jpg,20-29,Male,Others
2254.jpg,30-39,Female,Indian
2255.jpg,50-59,Male,Others
2256.jpg,50-59,Male,Others
2257.jpg,50-59,Male,Black
2258.jpg,3-9,Male,Black
2259.jpg,60-69,Male,Black
226.jpg,40-49,Male,Asian
2260.jpg,20-29,Male,Black
2261.jpg,30-39,Male,Others
2262.jpg,10-19,Male,Asian
2263.jpg,30-39,Male,Asian
2264.jpg,30-39,Male,Asian
2265.jpg,30-39,Male,Others
2266.jpg,30-39,Male,Indian
2267.jpg,30-39,Male,Indian
2268.jpg,20-29,Male,Asian
2269.jpg,20-29,Male,White
227.jpg,20-29,Male,Asian
2270.jpg,50-59,Male,Others
2271.jpg,30-39,Male,White
2272.jpg,20-29,Male,Black
2273.jpg,60-69,Male,Others
2274.jpg,30-39,Male,Others
2275.jpg,40-49,Male,Others
2276.jpg,20-29,Male,Asian
2277.jpg,60-69,Male,Others
2278.jpg,50-59,Male,Others
2279.jpg,30-39,Male,Asian
228.jpg,none,none,none
2280.jpg,3-9,Male,Indian
2281.jpg,20-29,Female,White
2282.jpg,30-39,Male,Others
2283.jpg,20-29,Male,White
2284.jpg,30-39,Male,Asian
2285.jpg,20-29,Male,White
2286.jpg,50-59,Male,White
2287.jpg,20-29,Male,Others
2288.jpg,20-29,Female,Asian
2289.jpg,3-9,Male,White
229.jpg,30-39,Female,Asian
2290.jpg,40-49,Male,Asian
2291.jpg,10-19,Male,Asian
2292.jpg,50-59,Male,Black
2293.jpg,3-9,Female,Black
2294.jpg,40-49,Male,Others
2295.jpg,20-29,Male,Black
2296.jpg,30-39,Male,Others
2297.jpg,30-39,Male,White
2298.jpg,20-29,Male,White
2299.jpg,40-49,Male,Others
23.jpg,20-29,Male,Others
230.jpg,20-29,Male,Others
2300.jpg,50-59,Male,Others
2301.jpg,30-39,Male,White
2302.jpg,50-59,Male,Others
2303.jpg,30-39,Male,Asian
2304.jpg,30-39,Male,Others
2305.jpg,30-39,Male,White
2306.jpg,20-29,Female,Others
2307.jpg,10-19,Male,Black
2308.jpg,30-39,Male,Asian
2309.jpg,50-59,Male,Asian
231.jpg,none,none,none
2310.jpg,50-59,Male,Others
2311.jpg,20-29,Male,White
2312.jpg,20-29,Male,White
2313.jpg,30-39,Male,Others
2314.jpg,40-49,Male,Others
2315.jpg,40-49,Male,White
2316.jpg,20-29,Male,Asian
2317.jpg,none,none,none
2318.jpg,50-59,Male,Others
2319.jpg,30-39,Male,Black
232.jpg,40-49,Male,Others
2320.jpg,30-39,Male,Others
2321.jpg,20-29,Male,Indian
2322.jpg,50-59,Male,Others
2323.jpg,20-29,Male,Asian
2324.jpg,40-49,Male,Others
2325.jpg,20-29,Male,Asian
2326.jpg,40-49,Male,Others
2327.jpg,30-39,Male,Asian
2328.jpg,30-39,Male,White
2329.jpg,40-49,Male,Others
233.jpg,30-39,Male,Others
2330.jpg,20-29,Female,Asian
2331.jpg,30-39,Male,Others
2332.jpg,20-29,Male,Asian
2333.jpg,40-49,Male,White
2334.jpg,30-39,Male,Asian
2335.jpg,20-29,Female,Asian
2336.jpg,10-19,Male,Black
2337.jpg,20-29,Female,Asian
2338.jpg,20-29,Male,Others
2339.jpg,50-59,Male,White
234.jpg,20-29,Male,Asian
2340.jpg,40-49,Male,White
2341.jpg,50-59,Male,White
2342.jpg,20-29,Male,Others
2343.jpg,60-69,Male,Indian
2344.jpg,30-39,Male,Others
2345.jpg,30-39,Male,White
2346.jpg,0-2,Male,Asian
2347.jpg,40-49,Female,White
2348.jpg,40-49,Male,Others
2349.jpg,30-39,Male,White
235.jpg,30-39,Male,Asian
2350.jpg,20-29,Female,Others
2351.jpg,30-39,Female,White
2352.jpg,50-59,Male,White
2353.jpg,40-49,Male,Others
2354.jpg,30-39,Male,Others
2355.jpg,50-59,Male,Others
2356.jpg,20-29,Male,Asian
2357.jpg,3-9,Male,Others
2358.jpg,20-29,Female,Asian
2359.jpg,30-39,Male,Others
236.jpg,30-39,Male,Indian
2360.jpg,40-49,Male,White
2361.jpg,20-29,Female,White
2362.jpg,20-29,Male,Indian
2363.jpg,30-39,Male,Asian
2364.jpg,20-29,Female,Others
2365.jpg,3-9,Female,White
2366.jpg,40-49,Male,Others
2367.jpg,30-39,Male,Others
2368.jpg,20-29,Male,Asian
2369.jpg,30-39,Male,Indian
237.jpg,none,none,none
2370.jpg,40-49,Male,White
2371.jpg,20-29,Male,Asian
2372.jpg,50-59,Male,Indian
2373.jpg,10-19,Male,Asian
2374.jpg,50-59,Male,Others
2375.jpg,3-9,Female,Black
2376.jpg,50-59,Male,White
2377.jpg,40-49,Male,Black
2378.jpg,20-29,Female,Asian
2379.jpg,20-29,Male,White
238.jpg,40-49,Male,Black
2380.jpg,20-29,Female,Others
2381.jpg,40-49,Male,Others
2382.jpg,40-49,Male,Asian
2383.jpg,none,none,none
2384.jpg,30-39,Male,Black
2385.jpg,20-29,Male,Indian
2386.jpg,40-49,Male,Others
2387.jpg,30-39,Male,White
2388.jpg,50-59,Male,Others
2389.jpg,40-49,Male,White
239.jpg,3-9,Male,White
2390.jpg,10-19,Male,Asian
2391.jpg,30-39,Male,Asian
2392.jpg,50-59,Male,Others
2393.jpg,30-39,Male,Asian
2394.jpg,30-39,Male,Others
2395.jpg,50-59,Male,Others
2396.jpg,10-19,Male,Others
2397.jpg,20-29,Male,White
2398.jpg,3-9,Male,White
2399.jpg,20-29,Male,Asian
24.jpg,20-29,Male,Others
240.jpg,3-9,Female,Asian
2400.jpg,30-39,Female,White
2401.jpg,3-9,Male,Black
2402.jpg,20-29,Male,Asian
2403.jpg,20-29,Male,Asian
2404.jpg,30-39,Female,Others
2405.jpg,30-39,Male,White
2406.jpg,50-59,Male,Others
2407.jpg,30-39,Male,Indian
2408.jpg,20-29,Male,Asian
2409.jpg,30-39,Male,Indian
241.jpg,20-29,Male,Asian
2410.jpg,30-39,Male,Others
2411.jpg,50-59,Male,Others
2412.jpg,20-29,Male,Others
2413.jpg,30-39,Male,White
2414.jpg,40-49,Male,Asian
2415.jpg,30-39,Male,Others
2416.jpg,20-29,Male,Others
2417.jpg,10-19,Male,White
2418.jpg,30-39,Male,Others
2419.jpg,50-59,Male,Others
242.jpg,10-19,Male,Asian
2420.jpg,40-49,Male,White
2421.jpg,none,none,none
2422.jpg,20-29,Female,Others
2423.jpg,40-49,Female,White
2424.jpg,20-29,Female,White
2425.jpg,30-39,Male,Others
2426.jpg,20-29,Female,Others
2427.jpg,30-39,Male,Others
2428.jpg,20-29,Male,Asian
2429.jpg,30-39,Male,Indian
243.jpg,20-29,Female,White
2430.jpg,30-39,Male,Indian
2431.jpg,20-29,Male,White
2432.jpg,30-39,Female,Indian
2433.jpg,50-59,Male,Others
2434.jpg,20-29,Male,Black
2435.jpg,50-59,Male,Others
2436.jpg,30-39,Male,White
2437.jpg,3-9,Female,Asian
2438.jpg,10-19,Female,White
2439.jpg,20-29,Male,White
244.jpg,none,none,none
2440.jpg,30-39,Female,Others
2441.jpg,20-29,Male,Indian
2442.jpg,20-29,Male,White
2443.jpg,30-39,Male,Indian
2444.jpg,20-29,Male,White
2445.jpg,50-59,Male,Others
2446.jpg,30-39,Male,Others
2447.jpg,30-39,Male,White
2448.jpg,30-39,Male,Indian
2449.jpg,40-49,Male,Others
245.jpg,10-19,Male,Asian
2450.jpg,50-59,Female,White
2451.jpg,30-39,Male,White
2452.jpg,50-59,Female,Black
2453.jpg,20-29,Female,Black
2454.jpg,3-9,Female,Black
2455.jpg,50-59,Male,Black
2456.jpg,20-29,Female,Black
2457.jpg,20-29,Male,Asian
2458.jpg,30-39,Male,Black
2459.jpg,30-39,Male,White
246.jpg,30-39,Male,Indian
2460.jpg,none,none,none
2461.jpg,30-39,Male,Others
2462.jpg,20-29,Male,Asian
2463.jpg,20-29,Male,Asian
2464.jpg,30-39,Female,White
2465.jpg,30-39,Female,Others
2466.jpg,30-39,Female,Black
2467.jpg,50-59,Female,Asian
2468.jpg,60-69,Female,Asian
2469.jpg,30-39,Male,Black
247.jpg,none,none,none
2470.jpg,20-29,Female,Others
2471.jpg,20-29,Female,Indian
2472.jpg,30-39,Male,Asian
2473.jpg,50-59,Male,Others
2474.jpg,40-49,Male,Asian
2475.jpg,30-39,Male,White
2476.jpg,50-59,Male,White
2477.jpg,30-39,Male,Indian
2478.jpg,50-59,Male,Others
2479.jpg,40-49,Male,Others
248.jpg,0-2,Female,Asian
2480.jpg,20-29,Female,Asian
2481.jpg,50-59,Male,Indian
2482.jpg,20-29,Male,Others
2483.jpg,30-39,Male,Others
2484.jpg,20-29,Male,White
2485.jpg,20-29,Male,Black
2486.jpg,50-59,Male,Black
2487.jpg,50-59,Male,Others
2488.jpg,20-29,Female,Black
2489.jpg,30-39,Male,Indian
249.jpg,30-39,Male,White
2490.jpg,40-49,Male,White
2491.jpg,30-39,Male,Asian
2492.jpg,20-29,Male,Others
2493.jpg,20-29,Male,Asian
2494.jpg,more than 70,Female,White
2495.jpg,20-29,Female,Others
2496.jpg,20-29,Male,Others
2497.jpg,20-29,Male,White
2498.jpg,none,none,none
2499.jpg,30-39,Male,Others
25.jpg,10-19,Female,White
250.jpg,3-9,Female,Others
2500.jpg,60-69,Male,White
2501.jpg,40-49,Female,White
2502.jpg,20-29,Male,White
2503.jpg,40-49,Male,Black
2504.jpg,50-59,Male,White
2505.jpg,50-59,Male,White
2506.jpg,10-19,Male,Asian
2507.jpg,60-69,Male,White
2508.jpg,30-39,Male,Others
2509.jpg,50-59,Male,Indian
251.jpg,20-29,Male,Asian
2510.jpg,30-39,Male,Others
2511.jpg,30-39,Male,Others
2512.jpg,50-59,Male,Indian
2513.jpg,40-49,Male,Others
2514.jpg,20-29,Male,White
2515.jpg,20-29,Male,Others
2516.jpg,50-59,Male,Asian
2517.jpg,50-59,Male,Others
2518.jpg,40-49,Male,Others
2519.jpg,20-29,Male,Others
252.jpg,none,none,none
2520.jpg,30-39,Male,Others
2521.jpg,20-29,Female,Asian
2522.jpg,60-69,Female,Black
2523.jpg,more than 70,Female,Others
2524.jpg,30-39,Male,White
2525.jpg,30-39,Male,Others
2526.jpg,20-29,Male,Asian
2527.jpg,60-69,Male,White
2528.jpg,60-69,Male,Others
2529.jpg,20-29,Female,Asian
253.jpg,10-19,Female,Asian
2530.jpg,10-19,Female,Indian
2531.jpg,3-9,Male,Black
2532.jpg,30-39,Male,Black
2533.jpg,20-29,Female,Asian
2534.jpg,3-9,Male,Asian
2535.jpg,3-9,Female,Indian
2536.jpg,20-29,Male,Asian
2537.jpg,20-29,Male,Others
2538.jpg,30-39,Female,Asian
2539.jpg,3-9,Female,Asian
254.jpg,0-2,Female,Asian
2540.jpg,20-29,Female,Asian
2541.jpg,20-29,Female,White
2542.jpg,20-29,Male,Others
2543.jpg,10-19,Male,Asian
2544.jpg,20-29,Male,White
2545.jpg,10-19,Female,Asian
2546.jpg,3-9,Female,White
2547.jpg,20-29,Female,Asian
2548.jpg,30-39,Male,Others
2549.jpg,20-29,Female,Asian
255.jpg,3-9,Female,Asian
2550.jpg,none,none,none
2551.jpg,none,none,none
2552.jpg,none,none,none
2553.jpg,20-29,Female,Asian
2554.jpg,30-39,Male,Asian
2555.jpg,3-9,Male,Asian
2556.jpg,20-29,Female,Others
2557.jpg,40-49,Male,Indian
2558.jpg,50-59,Male,Others
2559.jpg,50-59,Male,White
256.jpg,3-9,Female,Others
2560.jpg,30-39,Male,White
2561.jpg,30-39,Male,White
2562.jpg,20-29,Male,Others
2563.jpg,10-19,Female,Asian
2564.jpg,30-39,Male,Others
2565.jpg,60-69,Male,White
2566.jpg,60-69,Male,White
2567.jpg,20-29,Male,Others
2568.jpg,50-59,Male,Others
2569.jpg,40-49,Male,Others
257.jpg,none,none,none
2570.jpg,20-29,Male,Others
2571.jpg,30-39,Male,White
2572.jpg,10-19,Male,Others
2573.jpg,30-39,Male,Asian
2574.jpg,30-39,Male,Asian
2575.jpg,20-29,Male,Others
2576.jpg,50-59,Male,Asian
2577.jpg,20-29,Male,Indian
2578.jpg,30-39,Male,Others
2579.jpg,20-29,Female,Others
258.jpg,3-9,Male,Others
2580.jpg,20-29,Male,Others
2581.jpg,50-59,Male,Asian
2582.jpg,30-39,Male,Others
2583.jpg,60-69,Female,Black
2584.jpg,30-39,Male,Others
2585.jpg,10-19,Female,Asian
2586.jpg,20-29,Female,White
2587.jpg,20-29,Male,White
2588.jpg,30-39,Male,White
2589.jpg,20-29,Male,White
259.jpg,20-29,Male,White
2590.jpg,20-29,Male,White
2591.jpg,20-29,Male,White
2592.jpg,20-29,Male,White
2593.jpg,30-39,Female,Asian
2594.jpg,20-29,Female,Asian
2595.jpg,20-29,Female,Others
2596.jpg,30-39,Male,White
2597.jpg,40-49,Female,White
2598.jpg,30-39,Male,Others
2599.jpg,30-39,Male,Others
26.jpg,30-39,Female,White
260.jpg,20-29,Female,White
2600.jpg,40-49,Male,Indian
2601.jpg,50-59,Male,Others
2602.jpg,50-59,Male,Others
2603.jpg,20-29,Male,Asian
2604.jpg,50-59,Male,Indian
2605.jpg,20-29,Male,Black
2606.jpg,10-19,Female,Asian
2607.jpg,30-39,Male,Others
2608.jpg,20-29,Male,Asian
2609.jpg,30-39,Male,Black
261.jpg,10-19,Female,Others
2610.jpg,50-59,Male,Others
2611.jpg,none,none,none
2612.jpg,20-29,Male,Indian
2613.jpg,40-49,Male,Others
2614.jpg,20-29,Male,Others
2615.jpg,30-39,Male,Black
2616.jpg,50-59,Male,Others
2617.jpg,60-69,Male,Asian
2618.jpg,20-29,Female,Asian
2619.jpg,none,none,none
262.jpg,20-29,Female,Asian
2620.jpg,30-39,Male,Others
2621.jpg,20-29,Male,Others
2622.jpg,20-29,Male,Others
2623.jpg,40-49,Male,Others
2624.jpg,30-39,Male,Indian
2625.jpg,20-29,Male,Asian
2626.jpg,40-49,Male,White
2627.jpg,20-29,Male,Asian
2628.jpg,30-39,Male,Others
2629.jpg,40-49,Male,Black
263.jpg,none,none,none
2630.jpg,50-59,Male,White
2631.jpg,20-29,Female,White
2632.jpg,60-69,Male,Black
2633.jpg,30-39,Male,Indian
2634.jpg,60-69,Female,White
2635.jpg,40-49,Male,White
2636.jpg,30-39,Female,White
2637.jpg,20-29,Female,Asian
2638.jpg,20-29,Male,Asian
2639.jpg,20-29,Female,White
264.jpg,none,none,none
2640.jpg,60-69,Male,White
2641.jpg,30-39,Male,White
2642.jpg,40-49,Male,White
2643.jpg,50-59,Male,Asian
2644.jpg,20-29,Male,White
2645.jpg,20-29,Male,Others
2646.jpg,50-59,Male,Others
2647.jpg,20-29,Male,Indian
2648.jpg,20-29,Male,Black
2649.jpg,30-39,Male,Asian
265.jpg,30-39,Male,Asian
2650.jpg,20-29,Male,White
2651.jpg,20-29,Female,White
2652.jpg,20-29,Female,Asian
2653.jpg,30-39,Male,Others
2654.jpg,20-29,Male,White
2655.jpg,20-29,Male,Others
2656.jpg,40-49,Male,Others
2657.jpg,20-29,Male,Asian
2658.jpg,30-39,Male,Asian
2659.jpg,60-69,Male,Black
266.jpg,20-29,Male,White
2660.jpg,50-59,Male,Indian
2661.jpg,30-39,Male,Others
2662.jpg,3-9,Male,White
2663.jpg,20-29,Male,Others
2664.jpg,20-29,Male,Others
2665.jpg,30-39,Male,Others
2666.jpg,40-49,Male,Black
2667.jpg,50-59,Female,White
2668.jpg,20-29,Male,Others
2669.jpg,60-69,Male,White
267.jpg,30-39,Male,White
2670.jpg,30-39,Female,White
2671.jpg,20-29,Male,White
2672.jpg,none,none,none
2673.jpg,30-39,Male,White
2674.jpg,50-59,Male,White
2675.jpg,none,none,none
2676.jpg,20-29,Male,White
2677.jpg,30-39,Male,Black
2678.jpg,3-9,Male,Black
2679.jpg,30-39,Male,Asian
268.jpg,20-29,Male,Asian
2680.jpg,20-29,Male,White
2681.jpg,60-69,Female,Black
2682.jpg,20-29,Male,White
2683.jpg,30-39,Male,Black
2684.jpg,30-39,Male,Indian
2685.jpg,20-29,Female,Others
2686.jpg,30-39,Male,White
2687.jpg,20-29,Female,Asian
2688.jpg,40-49,Male,White
2689.jpg,20-29,Female,Others
269.jpg,30-39,Male,Asian
2690.jpg,20-29,Male,White
2691.jpg,none,none,none
2692.jpg,20-29,Female,Others
2693.jpg,20-29,Female,Others
2694.jpg,20-29,Female,Asian
2695.jpg,20-29,Female,White
2696.jpg,3-9,Male,Black
2697.jpg,30-39,Male,White
2698.jpg,20-29,Male,White
2699.jpg,30-39,Male,Asian
27.jpg,20-29,Male,Indian
270.jpg,20-29,Female,White
2700.jpg,10-19,Male,Others
2701.jpg,20-29,Female,Asian
2702.jpg,20-29,Male,Others
2703.jpg,20-29,Female,White
2704.jpg,40-49,Male,Asian
2705.jpg,60-69,Male,Others
2706.jpg,40-49,Male,Others
2707.jpg,20-29,Male,Asian
2708.jpg,50-59,Male,Others
2709.jpg,20-29,Female,Indian
271.jpg,20-29,Male,White
2710.jpg,30-39,Male,Others
2711.jpg,60-69,Male,Asian
2712.jpg,20-29,Female,Asian
2713.jpg,none,none,none
2714.jpg,20-29,Male,White
2715.jpg,50-59,Male,White
2716.jpg,30-39,Male,Others
2717.jpg,40-49,Male,White
2718.jpg,40-49,Male,White
2719.jpg,30-39,Male,White
272.jpg,none,none,none
2720.jpg,50-59,Male,White
2721.jpg,none,none,none
2722.jpg,60-69,Male,White
2723.jpg,40-49,Male,White
2724.jpg,30-39,Female,Indian
2725.jpg,20-29,Male,Asian
2726.jpg,30-39,Male,Asian
2727.jpg,20-29,Female,Asian
2728.jpg,50-59,Male,Others
2729.jpg,30-39,Male,Others
273.jpg,3-9,Female,Asian
2730.jpg,40-49,Male,Asian
2731.jpg,30-39,Male,White
2732.jpg,20-29,Male,Black
2733.jpg,20-29,Male,Others
2734.jpg,3-9,Female,White
2735.jpg,20-29,Female,White
2736.jpg,30-39,Male,Others
2737.jpg,50-59,Male,Black
2738.jpg,3-9,Male,Asian
2739.jpg,10-19,Female,Asian
274.jpg,40-49,Male,White
2740.jpg,20-29,Male,Others
2741.jpg,3-9,Male,Indian
2742.jpg,20-29,Male,Indian
2743.jpg,30-39,Male,Others
2744.jpg,3-9,Male,Asian
2745.jpg,10-19,Female,Asian
2746.jpg,3-9,Male,Asian
2747.jpg,40-49,Female,Asian
2748.jpg,20-29,Female,Black
2749.jpg,20-29,Female,Asian
275.jpg,3-9,Male,White
2750.jpg,30-39,Male,Asian
2751.jpg,20-29,Male,Asian
2752.jpg,3-9,Male,Asian
2753.jpg,60-69,Male,White
2754.jpg,60-69,Male,Others
2755.jpg,60-69,Male,Indian
2756.jpg,20-29,Male,White
2757.jpg,60-69,Male,Others
2758.jpg,60-69,Male,White
2759.jpg,50-59,Male,White
276.jpg,50-59,Male,White
2760.jpg,30-39,Female,Black
2761.jpg,50-59,Male,Others
2762.jpg,30-39,Male,Asian
2763.jpg,10-19,Female,Black
2764.jpg,40-49,Male,Asian
2765.jpg,20-29,Female,Asian
2766.jpg,20-29,Female,Others
2767.jpg,30-39,Male,Others
2768.jpg,20-29,Male,Asian
2769.jpg,50-59,Male,White
277.jpg,none,none,none
2770.jpg,20-29,Female,Black
2771.jpg,60-69,Female,White
2772.jpg,40-49,Male,White
2773.jpg,30-39,Female,Asian
2774.jpg,40-49,Male,Others
2775.jpg,50-59,Male,Others
2776.jpg,30-39,Male,Black
2777.jpg,20-29,Female,Others
2778.jpg,20-29,Male,Asian
2779.jpg,60-69,Male,Asian
278.jpg,3-9,Female,Asian
2780.jpg,50-59,Male,White
2781.jpg,30-39,Female,Indian
2782.jpg,20-29,Female,Asian
2783.jpg,20-29,Male,White
2784.jpg,20-29,Male,Asian
2785.jpg,20-29,Male,Others
2786.jpg,20-29,Male,Others
2787.jpg,30-39,Female,Asian
2788.jpg,3-9,Female,Asian
2789.jpg,20-29,Male,Others
279.jpg,0-2,Female,Asian
2790.jpg,50-59,Male,White
2791.jpg,20-29,Male,White
2792.jpg,60-69,Male,White
2793.jpg,40-49,Male,White
2794.jpg,60-69,Male,Others
2795.jpg,20-29,Male,Others
2796.jpg,20-29,Female,Black
2797.jpg,60-69,Female,Asian
2798.jpg,50-59,Male,Others
2799.jpg,more than 70,Male,White
28.jpg,30-39,Female,White
280.jpg,3-9,Male,Asian
2800.jpg,40-49,Male,Others
2801.jpg,30-39,Male,Others
2802.jpg,20-29,Male,Asian
2803.jpg,50-59,Male,White
2804.jpg,50-59,Male,Others
2805.jpg,30-39,Male,Others
2806.jpg,30-39,Male,Black
2807.jpg,20-29,Male,Indian
2808.jpg,30-39,Male,Black
2809.jpg,30-39,Male,Others
281.jpg,0-2,Female,Asian
2810.jpg,30-39,Male,Black
2811.jpg,30-39,Male,Black
2812.jpg,60-69,Male,White
2813.jpg,30-39,Male,White
2814.jpg,30-39,Male,Asian
2815.jpg,20-29,Male,Others
2816.jpg,30-39,Male,White
2817.jpg,10-19,Male,Others
2818.jpg,30-39,Male,White
2819.jpg,30-39,Male,Others
282.jpg,30-39,Male,White
2820.jpg,30-39,Male,White
2821.jpg,none,none,none
2822.jpg,40-49,Male,Others
2823.jpg,60-69,Male,Others
2824.jpg,60-69,Female,Black
2825.jpg,20-29,Male,Others
2826.jpg,20-29,Male,Asian
2827.jpg,20-29,Male,Others
2828.jpg,20-29,Female,Black
2829.jpg,20-29,Male,Others
283.jpg,3-9,Female,White
2830.jpg,30-39,Male,Others
2831.jpg,60-69,Male,White
2832.jpg,20-29,Male,Black
2833.jpg,30-39,Male,Others
2834.jpg,50-59,Female,White
2835.jpg,30-39,Male,Others
2836.jpg,20-29,Male,White
2837.jpg,20-29,Male,Asian
2838.jpg,30-39,Female,Asian
2839.jpg,20-29,Male,Asian
284.jpg,30-39,Male,Asian
2840.jpg,20-29,Female,White
2841.jpg,50-59,Female,White
2842.jpg,30-39,Male,Indian
2843.jpg,40-49,Male,Asian
2844.jpg,20-29,Female,Others
2845.jpg,20-29,Male,Asian
2846.jpg,50-59,Male,Asian
2847.jpg,30-39,Male,Black
2848.jpg,30-39,Male,Black
2849.jpg,20-29,Female,Black
285.jpg,50-59,Male,White
2850.jpg,50-59,Male,Others
2851.jpg,20-29,Female,Others
2852.jpg,20-29,Female,Asian
2853.jpg,20-29,Male,Asian
2854.jpg,none,none,none
2855.jpg,3-9,Female,White
2856.jpg,20-29,Male,White
2857.jpg,3-9,Female,Asian
2858.jpg,30-39,Female,Asian
2859.jpg,20-29,Male,Asian
286.jpg,none,none,none
2860.jpg,none,none,none
2861.jpg,20-29,Male,Asian
2862.jpg,3-9,Female,Asian
2863.jpg,none,none,none
2864.jpg,20-29,Female,Black
2865.jpg,20-29,Male,Asian
2866.jpg,20-29,Female,Asian
2867.jpg,3-9,Female,White
2868.jpg,30-39,Male,White
2869.jpg,30-39,Male,Others
287.jpg,20-29,Female,White
2870.jpg,30-39,Female,Asian
2871.jpg,20-29,Female,White
2872.jpg,30-39,Male,White
2873.jpg,30-39,Male,White
2874.jpg,20-29,Male,White
2875.jpg,50-59,Male,White
2876.jpg,20-29,Female,White
2877.jpg,40-49,Male,White
2878.jpg,40-49,Male,White
2879.jpg,none,none,none
288.jpg,none,none,none
2880.jpg,50-59,Male,Others
2881.jpg,50-59,Male,Asian
2882.jpg,20-29,Male,Indian
2883.jpg,3-9,Male,Asian
2884.jpg,40-49,Male,White
2885.jpg,50-59,Male,White
2886.jpg,30-39,Female,Asian
2887.jpg,50-59,Female,Others
2888.jpg,3-9,Male,Asian
2889.jpg,20-29,Male,Black
289.jpg,0-2,Male,Asian
2890.jpg,60-69,Female,Black
2891.jpg,10-19,Male,Asian
2892.jpg,30-39,Female,White
2893.jpg,60-69,Male,Asian
2894.jpg,none,none,none
2895.jpg,60-69,Male,Others
2896.jpg,50-59,Male,White
2897.jpg,30-39,Male,White
2898.jpg,none,none,none
2899.jpg,40-49,Male,Others
29.jpg,30-39,Male,Others
290.jpg,30-39,Female,Others
2900.jpg,60-69,Female,Others
2901.jpg,30-39,Male,Others
2902.jpg,20-29,Male,White
2903.jpg,20-29,Male,Indian
2904.jpg,10-19,Male,Black
2905.jpg,30-39,Male,Asian
2906.jpg,20-29,Male,Others
2907.jpg,20-29,Male,Asian
2908.jpg,40-49,Female,White
2909.jpg,30-39,Male,Asian
291.jpg,40-49,Male,Asian
2910.jpg,30-39,Male,White
2911.jpg,50-59,Male,Asian
2912.jpg,60-69,Female,Indian
2913.jpg,60-69,Male,Others
2914.jpg,30-39,Male,Asian
2915.jpg,40-49,Male,Others
2916.jpg,50-59,Male,Asian
2917.jpg,30-39,Male,Asian
2918.jpg,none,none,none
2919.jpg,30-39,Male,Indian
292.jpg,20-29,Male,Others
2920.jpg,40-49,Male,White
2921.jpg,30-39,Male,White
2922.jpg,60-69,Male,White
2923.jpg,20-29,Female,Others
2924.jpg,3-9,Female,Asian
2925.jpg,20-29,Female,Asian
2926.jpg,none,none,none
2927.jpg,20-29,Male,Asian
2928.jpg,20-29,Female,White
2929.jpg,60-69,Male,Asian
293.jpg,3-9,Female,Black
2930.jpg,30-39,Male,Asian
2931.jpg,30-39,Male,Black
2932.jpg,30-39,Male,Asian
2933.jpg,20-29,Female,White
2934.jpg,3-9,Female,Others
2935.jpg,30-39,Male,Others
2936.jpg,30-39,Male,White
2937.jpg,20-29,Male,White
2938.jpg,30-39,Female,Asian
2939.jpg,30-39,Female,Asian
294.jpg,3-9,Male,Asian
2940.jpg,3-9,Female,Asian
2941.jpg,10-19,Male,Asian
2942.jpg,20-29,Female,Others
2943.jpg,20-29,Female,Asian
2944.jpg,20-29,Female,White
2945.jpg,10-19,Male,White
2946.jpg,none,none,none
2947.jpg,20-29,Male,Asian
2948.jpg,20-29,Female,White
2949.jpg,3-9,Female,White
295.jpg,3-9,Male,Asian
2950.jpg,20-29,Female,White
2951.jpg,20-29,Male,Indian
2952.jpg,30-39,Male,Black
2953.jpg,30-39,Male,Indian
2954.jpg,20-29,Female,Others
2955.jpg,3-9,Female,Asian
2956.jpg,10-19,Male,Asian
2957.jpg,20-29,Male,Others
2958.jpg,3-9,Male,Indian
2959.jpg,20-29,Female,Others
296.jpg,10-19,Male,Others
2960.jpg,30-39,Male,Indian
2961.jpg,20-29,Female,Asian
2962.jpg,20-29,Male,Asian
2963.jpg,30-39,Female,Others
2964.jpg,3-9,Male,Asian
2965.jpg,50-59,Male,Indian
2966.jpg,20-29,Male,White
2967.jpg,20-29,Male,Asian
2968.jpg,60-69,Male,Others
2969.jpg,30-39,Male,White
297.jpg,30-39,Male,Asian
2970.jpg,40-49,Male,Others
2971.jpg,20-29,Female,White
2972.jpg,none,none,none
2973.jpg,30-39,Male,White
2974.jpg,40-49,Male,Others
2975.jpg,30-39,Female,Others
2976.jpg,20-29,Male,White
2977.jpg,20-29,Female,Asian
2978.jpg,20-29,Male,Asian
2979.jpg,50-59,Male,White
298.jpg,0-2,Male,Asian
2980.jpg,30-39,Female,White
2981.jpg,0-2,Male,Asian
2982.jpg,20-29,Male,Asian
2983.jpg,10-19,Male,Asian
2984.jpg,20-29,Female,White
2985.jpg,more than 70,Male,White
2986.jpg,20-29,Male,Asian
2987.jpg,10-19,Female,Asian
2988.jpg,20-29,Male,Indian
2989.jpg,10-19,Male,Asian
299.jpg,20-29,Male,Asian
2990.jpg,20-29,Female,Asian
2991.jpg,30-39,Male,White
2992.jpg,10-19,Female,Black
2993.jpg,20-29,Male,White
2994.jpg,10-19,Female,Black
2995.jpg,40-49,Male,Black
2996.jpg,3-9,Female,Asian
2997.jpg,10-19,Male,Asian
2998.jpg,30-39,Male,White
2999.jpg,30-39,Male,Others
3.jpg,20-29,Female,White
30.jpg,none,none,none
300.jpg,20-29,Male,Indian
3000.jpg,10-19,Female,Others
301.jpg,30-39,Male,White
302.jpg,20-29,Female,Asian
303.jpg,none,none,none
304.jpg,30-39,Male,Asian
305.jpg,20-29,Male,Asian
306.jpg,none,none,none
307.jpg,20-29,Female,White
308.jpg,10-19,Male,Asian
309.jpg,20-29,Male,Asian
31.jpg,20-29,Female,White
310.jpg,40-49,Male,White
311.jpg,30-39,Female,White
312.jpg,3-9,Female,Asian
313.jpg,30-39,Male,Asian
314.jpg,3-9,Female,Asian
315.jpg,60-69,Male,Asian
316.jpg,3-9,Female,Asian
317.jpg,20-29,Female,Indian
318.jpg,none,none,none
319.jpg,3-9,Male,Asian
32.jpg,10-19,Female,Asian
320.jpg,10-19,Male,Indian
321.jpg,none,none,none
322.jpg,0-2,Female,Asian
323.jpg,0-2,Male,Black
324.jpg,none,none,none
325.jpg,20-29,Female,White
326.jpg,20-29,Female,Asian
327.jpg,3-9,Female,Others
328.jpg,20-29,Male,Indian
329.jpg,20-29,Male,Indian
33.jpg,30-39,Male,Asian
330.jpg,30-39,Male,White
331.jpg,20-29,Male,White
332.jpg,20-29,Female,Asian
333.jpg,3-9,Male,White
334.jpg,20-29,Male,Indian
335.jpg,20-29,Male,White
336.jpg,20-29,Female,Asian
337.jpg,20-29,Male,Others
338.jpg,20-29,Female,White
339.jpg,20-29,Male,White
34.jpg,3-9,Female,Asian
340.jpg,3-9,Female,Asian
341.jpg,none,none,none
342.jpg,20-29,Female,Asian
343.jpg,none,none,none
344.jpg,20-29,Male,Others
345.jpg,30-39,Male,Asian
346.jpg,20-29,Female,Others
347.jpg,20-29,Male,Asian
348.jpg,20-29,Male,Asian
349.jpg,20-29,Male,White
35.jpg,30-39,Female,White
350.jpg,20-29,Female,Asian
351.jpg,30-39,Male,Indian
352.jpg,20-29,Female,Asian
353.jpg,20-29,Female,White
354.jpg,40-49,Female,White
355.jpg,30-39,Female,White
356.jpg,20-29,Female,White
357.jpg,20-29,Female,Others
358.jpg,20-29,Female,Asian
359.jpg,0-2,Male,Black
36.jpg,20-29,Female,Black
360.jpg,3-9,Female,Asian
361.jpg,20-29,Female,White
362.jpg,20-29,Male,Asian
363.jpg,3-9,Female,White
364.jpg,20-29,Female,Asian
365.jpg,3-9,Female,Asian
366.jpg,30-39,Male,Asian
367.jpg,20-29,Male,Asian
368.jpg,30-39,Female,Asian
369.jpg,30-39,Female,Asian
37.jpg,20-29,Female,Indian
370.jpg,20-29,Female,Asian
371.jpg,20-29,Male,Asian
372.jpg,50-59,Male,White
373.jpg,20-29,Male,White
374.jpg,30-39,Male,Others
375.jpg,20-29,Female,Asian
376.jpg,30-39,Male,Black
377.jpg,30-39,Female,Black
378.jpg,20-29,Male,Asian
379.jpg,20-29,Female,Asian
38.jpg,20-29,Female,Asian
380.jpg,20-29,Female,Asian
381.jpg,40-49,Male,White
382.jpg,10-19,Male,Asian
383.jpg,30-39,Male,Asian
384.jpg,20-29,Male,Asian
385.jpg,20-29,Male,Asian
386.jpg,20-29,Female,Others
387.jpg,20-29,Female,Asian
388.jpg,20-29,Female,Asian
389.jpg,3-9,Female,Asian
39.jpg,3-9,Female,Asian
390.jpg,30-39,Male,Asian
391.jpg,20-29,Female,Asian
392.jpg,20-29,Male,Asian
393.jpg,10-19,Male,Asian
394.jpg,20-29,Male,Others
395.jpg,30-39,Female,White
396.jpg,20-29,Female,Indian
397.jpg,20-29,Female,Others
398.jpg,20-29,Female,White
399.jpg,20-29,Female,White
4.jpg,30-39,Male,Others
40.jpg,30-39,Male,White
400.jpg,20-29,Female,White
401.jpg,30-39,Male,Others
402.jpg,20-29,Male,Others
403.jpg,20-29,Female,Indian
404.jpg,20-29,Male,Others
405.jpg,30-39,Female,Asian
406.jpg,40-49,Male,Asian
407.jpg,30-39,Male,Indian
408.jpg,20-29,Female,Asian
409.jpg,20-29,Male,Indian
41.jpg,30-39,Male,White
410.jpg,40-49,Male,Asian
411.jpg,10-19,Male,Indian
412.jpg,30-39,Female,Others
413.jpg,20-29,Female,Asian
414.jpg,20-29,Male,Others
415.jpg,10-19,Male,Asian
416.jpg,30-39,Male,Others
417.jpg,20-29,Male,White
418.jpg,20-29,Male,White
419.jpg,50-59,Female,White
42.jpg,20-29,Female,Asian
420.jpg,0-2,Male,White
421.jpg,20-29,Male,Others
422.jpg,20-29,Female,Indian
423.jpg,20-29,Female,Black
424.jpg,20-29,Female,White
425.jpg,60-69,Male,Black
426.jpg,30-39,Male,Asian
427.jpg,3-9,Female,Asian
428.jpg,10-19,Male,Black
429.jpg,3-9,Male,Indian
43.jpg,3-9,Female,Others
430.jpg,50-59,Male,Asian
431.jpg,20-29,Male,White
432.jpg,30-39,Female,Asian
433.jpg,30-39,Male,Asian
434.jpg,20-29,Female,Others
435.jpg,30-39,Female,Black
436.jpg,20-29,Female,Asian
437.jpg,20-29,Female,Indian
438.jpg,30-39,Male,White
439.jpg,20-29,Male,Asian
44.jpg,30-39,Male,Indian
440.jpg,20-29,Female,Others
441.jpg,20-29,Male,Others
442.jpg,30-39,Male,Others
443.jpg,30-39,Male,Asian
444.jpg,30-39,Male,Indian
445.jpg,3-9,Male,Asian
446.jpg,20-29,Female,Asian
447.jpg,20-29,Female,Asian
448.jpg,30-39,Female,Asian
449.jpg,20-29,Female,Others
45.jpg,10-19,Male,Asian
450.jpg,20-29,Female,Asian
451.jpg,30-39,Male,Black
452.jpg,20-29,Male,Asian
453.jpg,20-29,Male,Others
454.jpg,30-39,Male,Asian
455.jpg,20-29,Female,Black
456.jpg,20-29,Female,Asian
457.jpg,30-39,Male,White
458.jpg,20-29,Female,Black
459.jpg,30-39,Male,Others
46.jpg,20-29,Male,Asian
460.jpg,20-29,Female,Others
461.jpg,30-39,Male,Others
462.jpg,20-29,Male,White
463.jpg,30-39,Male,White
464.jpg,30-39,Male,Others
465.jpg,20-29,Female,Asian
466.jpg,20-29,Female,Asian
467.jpg,50-59,Male,Asian
468.jpg,30-39,Male,Black
469.jpg,10-19,Female,Asian
47.jpg,20-29,Male,Black
470.jpg,20-29,Female,Asian
471.jpg,20-29,Male,Asian
472.jpg,10-19,Female,Asian
473.jpg,30-39,Male,Asian
474.jpg,none,none,none
475.jpg,30-39,Male,Others
476.jpg,20-29,Male,Asian
477.jpg,30-39,Male,Asian
478.jpg,3-9,Female,Black
479.jpg,20-29,Male,Asian
48.jpg,20-29,Female,White
480.jpg,20-29,Male,Others
481.jpg,20-29,Male,Indian
482.jpg,30-39,Male,Others
483.jpg,40-49,Male,White
484.jpg,30-39,Male,Asian
485.jpg,20-29,Female,White
486.jpg,30-39,Female,Others
487.jpg,20-29,Female,Asian
488.jpg,20-29,Female,Others
489.jpg,20-29,Female,White
49.jpg,30-39,Male,White
490.jpg,20-29,Female,Others
491.jpg,20-29,Male,Others
492.jpg,50-59,Female,Others
493.jpg,20-29,Female,Asian
494.jpg,30-39,Female,Indian
495.jpg,3-9,Female,Asian
496.jpg,3-9,Female,Indian
497.jpg,30-39,Female,White
498.jpg,10-19,Female,Black
499.jpg,20-29,Male,White
5.jpg,10-19,Male,Asian
50.jpg,20-29,Female,Asian
500.jpg,20-29,Female,Asian
501.jpg,20-29,Female,Asian
502.jpg,20-29,Female,Asian
503.jpg,20-29,Male,Asian
504.jpg,30-39,Male,Asian
505.jpg,20-29,Female,Asian
506.jpg,20-29,Female,Asian
507.jpg,none,none,none
508.jpg,30-39,Male,Asian
509.jpg,20-29,Female,Asian
51.jpg,20-29,Male,Indian
510.jpg,20-29,Male,Asian
511.jpg,20-29,Male,Others
512.jpg,3-9,Male,Asian
513.jpg,20-29,Female,Others
514.jpg,20-29,Male,Asian
515.jpg,3-9,Female,Asian
516.jpg,20-29,Female,White
517.jpg,20-29,Male,Others
518.jpg,20-29,Male,White
519.jpg,3-9,Female,Others
52.jpg,20-29,Male,Asian
520.jpg,10-19,Female,Others
521.jpg,50-59,Male,Others
522.jpg,20-29,Female,Indian
523.jpg,30-39,Male,Others
524.jpg,none,none,none
525.jpg,30-39,Male,Indian
526.jpg,30-39,Male,Indian
527.jpg,20-29,Female,Asian
528.jpg,20-29,Female,Indian
529.jpg,20-29,Male,White
53.jpg,20-29,Male,Others
530.jpg,20-29,Male,Asian
531.jpg,30-39,Female,Indian
532.jpg,30-39,Male,Asian
533.jpg,20-29,Male,Black
534.jpg,10-19,Female,White
535.jpg,10-19,Male,Others
536.jpg,3-9,Female,Asian
537.jpg,30-39,Male,Others
538.jpg,30-39,Male,Others
539.jpg,30-39,Male,Others
54.jpg,3-9,Male,Others
540.jpg,20-29,Female,Asian
541.jpg,3-9,Male,Asian
542.jpg,20-29,Female,Asian
543.jpg,20-29,Female,Asian
544.jpg,20-29,Male,Indian
545.jpg,30-39,Female,White
546.jpg,40-49,Male,Others
547.jpg,30-39,Female,Indian
548.jpg,20-29,Male,Others
549.jpg,30-39,Female,Others
55.jpg,20-29,Male,Asian
550.jpg,20-29,Male,White
551.jpg,30-39,Male,White
552.jpg,30-39,Male,Asian
553.jpg,30-39,Male,Asian
554.jpg,20-29,Male,Asian
555.jpg,20-29,Female,White
556.jpg,30-39,Male,White
557.jpg,30-39,Male,Others
558.jpg,20-29,Female,White
559.jpg,20-29,Female,Others
56.jpg,30-39,Male,Others
560.jpg,30-39,Female,Others
561.jpg,30-39,Female,White
562.jpg,30-39,Female,Asian
563.jpg,20-29,Female,White
564.jpg,20-29,Female,Asian
565.jpg,20-29,Male,Asian
566.jpg,20-29,Male,Asian
567.jpg,20-29,Female,Asian
568.jpg,20-29,Female,Others
569.jpg,3-9,Male,Indian
57.jpg,20-29,Female,White
570.jpg,20-29,Female,Others
571.jpg,3-9,Female,Others
572.jpg,20-29,Female,Asian
573.jpg,none,none,none
574.jpg,20-29,Female,Black
575.jpg,20-29,Female,White
576.jpg,20-29,Male,Asian
577.jpg,10-19,Male,Asian
578.jpg,20-29,Female,Asian
579.jpg,20-29,Female,Asian
58.jpg,10-19,Male,Asian
580.jpg,3-9,Female,Asian
581.jpg,20-29,Male,Asian
582.jpg,30-39,Female,Asian
583.jpg,30-39,Male,Asian
584.jpg,20-29,Female,White
585.jpg,20-29,Female,White
586.jpg,20-29,Male,Asian
587.jpg,20-29,Male,Asian
588.jpg,20-29,Female,White
589.jpg,40-49,Female,Asian
59.jpg,10-19,Female,Indian
590.jpg,20-29,Male,Asian
591.jpg,30-39,Male,Asian
592.jpg,30-39,Male,Asian
593.jpg,30-39,Male,Others
594.jpg,20-29,Male,White
595.jpg,20-29,Female,Asian
596.jpg,20-29,Male,White
597.jpg,20-29,Female,White
598.jpg,20-29,Male,White
599.jpg,10-19,Male,White
6.jpg,20-29,Male,Asian
60.jpg,20-29,Female,Indian
600.jpg,20-29,Female,Asian
601.jpg,30-39,Male,White
602.jpg,40-49,Male,White
603.jpg,20-29,Male,Asian
604.jpg,40-49,Male,Asian
605.jpg,20-29,Male,Others
606.jpg,20-29,Female,Asian
607.jpg,20-29,Female,Others
608.jpg,20-29,Female,White
609.jpg,30-39,Male,White
61.jpg,30-39,Male,Others
610.jpg,20-29,Male,Asian
611.jpg,50-59,Male,White
612.jpg,20-29,Female,Others
613.jpg,20-29,Male,Others
614.jpg,20-29,Male,Indian
615.jpg,30-39,Female,Asian
616.jpg,30-39,Female,Asian
617.jpg,none,none,none
618.jpg,30-39,Male,Others
619.jpg,30-39,Male,White
62.jpg,20-29,Male,Asian
620.jpg,40-49,Male,Others
621.jpg,30-39,Female,Asian
622.jpg,10-19,Male,Others
623.jpg,30-39,Female,White
624.jpg,30-39,Male,Others
625.jpg,20-29,Male,White
626.jpg,40-49,Female,Others
627.jpg,30-39,Male,White
628.jpg,20-29,Male,Asian
629.jpg,30-39,Male,Black
63.jpg,20-29,Male,Others
630.jpg,30-39,Male,Others
631.jpg,40-49,Male,Others
632.jpg,10-19,Male,Asian
633.jpg,40-49,Male,Others
634.jpg,40-49,Male,Black
635.jpg,20-29,Male,Asian
636.jpg,30-39,Male,Black
637.jpg,20-29,Male,Asian
638.jpg,20-29,Male,Asian
639.jpg,20-29,Female,Asian
64.jpg,3-9,Female,Asian
640.jpg,20-29,Female,Asian
641.jpg,20-29,Male,Asian
642.jpg,20-29,Female,White
643.jpg,20-29,Male,Others
644.jpg,30-39,Male,Others
645.jpg,30-39,Male,Asian
646.jpg,30-39,Male,Others
647.jpg,20-29,Male,Others
648.jpg,30-39,Male,Others
649.jpg,40-49,Male,Black
65.jpg,30-39,Male,Asian
650.jpg,30-39,Male,Black
651.jpg,50-59,Male,Asian
652.jpg,30-39,Female,White
653.jpg,50-59,Male,Others
654.jpg,30-39,Male,Others
655.jpg,20-29,Male,Indian
656.jpg,30-39,Male,White
657.jpg,30-39,Male,White
658.jpg,20-29,Male,White
659.jpg,20-29,Female,Asian
66.jpg,3-9,Male,Asian
660.jpg,20-29,Female,White
661.jpg,20-29,Female,Asian
662.jpg,30-39,Male,Indian
663.jpg,20-29,Female,Others
664.jpg,20-29,Female,White
665.jpg,10-19,Male,Asian
666.jpg,20-29,Male,White
667.jpg,20-29,Male,Asian
668.jpg,3-9,Male,Black
669.jpg,none,none,none
67.jpg,20-29,Male,White
670.jpg,20-29,Male,Asian
671.jpg,20-29,Female,White
672.jpg,3-9,Female,Asian
673.jpg,20-29,Female,Asian
674.jpg,20-29,Female,Asian
675.jpg,30-39,Male,Indian
676.jpg,30-39,Female,Others
677.jpg,10-19,Male,Asian
678.jpg,3-9,Female,White
679.jpg,20-29,Female,Others
68.jpg,20-29,Female,Asian
680.jpg,10-19,Male,Others
681.jpg,30-39,Male,Others
682.jpg,20-29,Female,White
683.jpg,20-29,Female,Asian
684.jpg,20-29,Male,Asian
685.jpg,30-39,Male,Black
686.jpg,20-29,Female,Black
687.jpg,50-59,Male,White
688.jpg,40-49,Male,Indian
689.jpg,20-29,Male,Asian
69.jpg,40-49,Female,Asian
690.jpg,3-9,Female,Asian
691.jpg,10-19,Female,Asian
692.jpg,30-39,Female,White
693.jpg,20-29,Female,White
694.jpg,20-29,Female,Asian
695.jpg,20-29,Male,Asian
696.jpg,20-29,Male,White
697.jpg,30-39,Male,Asian
698.jpg,20-29,Female,Asian
699.jpg,20-29,Male,Asian
7.jpg,20-29,Female,Asian
70.jpg,30-39,Male,Asian
700.jpg,20-29,Female,White
701.jpg,20-29,Female,White
702.jpg,20-29,Male,Asian
703.jpg,20-29,Male,Indian
704.jpg,20-29,Female,Others
705.jpg,20-29,Female,Black
706.jpg,20-29,Female,Others
707.jpg,20-29,Male,Indian
708.jpg,20-29,Male,Indian
709.jpg,30-39,Male,Asian
71.jpg,20-29,Female,White
710.jpg,10-19,Female,Indian
711.jpg,none,none,none
712.jpg,10-19,Male,Indian
713.jpg,20-29,Female,Asian
714.jpg,30-39,Male,Asian
715.jpg,20-29,Female,Asian
716.jpg,40-49,Female,Asian
717.jpg,20-29,Female,Asian
718.jpg,30-39,Female,Black
719.jpg,30-39,Male,Others
72.jpg,3-9,Female,Asian
720.jpg,30-39,Male,Black
721.jpg,30-39,Male,Asian
722.jpg,30-39,Female,Black
723.jpg,30-39,Male,Asian
724.jpg,30-39,Male,Others
725.jpg,30-39,Male,Asian
726.jpg,30-39,Female,White
727.jpg,30-39,Male,White
728.jpg,3-9,Male,White
729.jpg,20-29,Male,White
73.jpg,20-29,Female,Asian
730.jpg,30-39,Female,Others
731.jpg,10-19,Male,Asian
732.jpg,40-49,Male,Others
733.jpg,30-39,Male,Asian
734.jpg,20-29,Male,Asian
735.jpg,20-29,Male,White
736.jpg,30-39,Male,Indian
737.jpg,20-29,Male,White
738.jpg,20-29,Female,Others
739.jpg,20-29,Male,White
74.jpg,40-49,Male,White
740.jpg,30-39,Male,Asian
741.jpg,50-59,Male,Others
742.jpg,20-29,Female,Black
743.jpg,20-29,Female,White
744.jpg,20-29,Female,White
745.jpg,30-39,Male,Others
746.jpg,20-29,Male,Others
747.jpg,40-49,Male,Asian
748.jpg,20-29,Male,Asian
749.jpg,50-59,Male,Others
75.jpg,30-39,Male,Asian
750.jpg,40-49,Male,Black
751.jpg,20-29,Male,Others
752.jpg,20-29,Male,Asian
753.jpg,50-59,Male,Others
754.jpg,30-39,Male,Others
755.jpg,10-19,Male,Black
756.jpg,20-29,Female,Others
757.jpg,20-29,Female,Others
758.jpg,20-29,Female,Black
759.jpg,30-39,Male,Black
76.jpg,20-29,Female,Others
760.jpg,20-29,Male,Black
761.jpg,40-49,Female,Black
762.jpg,3-9,Male,Asian
763.jpg,30-39,Male,Asian
764.jpg,40-49,Male,Asian
765.jpg,3-9,Male,Others
766.jpg,30-39,Male,Indian
767.jpg,none,none,none
768.jpg,30-39,Female,Asian
769.jpg,3-9,Male,Black
77.jpg,20-29,Male,Others
770.jpg,20-29,Female,Asian
771.jpg,3-9,Female,Asian
772.jpg,20-29,Female,Others
773.jpg,20-29,Male,Asian
774.jpg,30-39,Male,Others
775.jpg,20-29,Male,Black
776.jpg,20-29,Female,Asian
777.jpg,10-19,Male,Others
778.jpg,20-29,Female,Black
779.jpg,30-39,Male,Others
78.jpg,20-29,Female,Asian
780.jpg,30-39,Male,Others
781.jpg,10-19,Male,Asian
782.jpg,20-29,Male,Asian
783.jpg,30-39,Female,Others
784.jpg,30-39,Male,Asian
785.jpg,20-29,Male,Asian
786.jpg,30-39,Female,Indian
787.jpg,20-29,Male,Asian
788.jpg,20-29,Female,Asian
789.jpg,20-29,Male,Others
79.jpg,20-29,Male,White
790.jpg,30-39,Male,Others
791.jpg,30-39,Male,Others
792.jpg,30-39,Male,Asian
793.jpg,20-29,Male,White
794.jpg,30-39,Male,Black
795.jpg,20-29,Male,Indian
796.jpg,20-29,Female,Asian
797.jpg,20-29,Female,Asian
798.jpg,30-39,Male,Asian
799.jpg,10-19,Male,Others
8.jpg,20-29,Female,Asian
80.jpg,30-39,Male,White
800.jpg,30-39,Female,Indian
801.jpg,3-9,Male,Indian
802.jpg,20-29,Male,Others
803.jpg,20-29,Male,Asian
804.jpg,20-29,Male,Asian
805.jpg,20-29,Male,Asian
806.jpg,20-29,Male,Others
807.jpg,20-29,Male,Others
808.jpg,30-39,Male,White
809.jpg,20-29,Female,White
81.jpg,30-39,Female,White
810.jpg,20-29,Male,White
811.jpg,30-39,Male,Others
812.jpg,20-29,Male,Others
813.jpg,40-49,Male,Indian
814.jpg,10-19,Female,Others
815.jpg,30-39,Male,Others
816.jpg,50-59,Male,Others
817.jpg,40-49,Male,Indian
818.jpg,50-59,Female,Asian
819.jpg,30-39,Male,Asian
82.jpg,20-29,Female,Asian
820.jpg,10-19,Male,Others
821.jpg,20-29,Male,Asian
822.jpg,40-49,Male,Black
823.jpg,30-39,Male,Others
824.jpg,20-29,Male,Asian
825.jpg,30-39,Male,White
826.jpg,40-49,Male,Indian
827.jpg,40-49,Male,Indian
828.jpg,20-29,Male,Asian
829.jpg,20-29,Male,White
83.jpg,none,none,none
830.jpg,20-29,Male,White
831.jpg,30-39,Male,Asian
832.jpg,30-39,Male,Asian
833.jpg,30-39,Male,Others
834.jpg,50-59,Male,Others
835.jpg,30-39,Male,White
836.jpg,20-29,Female,Others
837.jpg,20-29,Female,Asian
838.jpg,20-29,Female,White
839.jpg,30-39,Male,Others
84.jpg,30-39,Male,Others
840.jpg,20-29,Male,Asian
841.jpg,20-29,Female,Asian
842.jpg,30-39,Male,Asian
843.jpg,20-29,Female,Others
844.jpg,20-29,Male,Asian
845.jpg,50-59,Male,Asian
846.jpg,20-29,Female,White
847.jpg,20-29,Male,Asian
848.jpg,20-29,Male,Others
849.jpg,20-29,Female,Asian
85.jpg,10-19,Male,Others
850.jpg,20-29,Female,Others
851.jpg,20-29,Female,Black
852.jpg,20-29,Female,Asian
853.jpg,20-29,Male,Others
854.jpg,20-29,Male,Others
855.jpg,20-29,Female,Asian
856.jpg,20-29,Male,Asian
857.jpg,20-29,Female,Others
858.jpg,10-19,Female,Black
859.jpg,30-39,Male,White
86.jpg,30-39,Male,Others
860.jpg,20-29,Female,Asian
861.jpg,20-29,Male,Others
862.jpg,30-39,Male,Asian
863.jpg,20-29,Male,White
864.jpg,30-39,Male,Indian
865.jpg,20-29,Female,White
866.jpg,30-39,Female,Indian
867.jpg,20-29,Female,Others
868.jpg,20-29,Male,White
869.jpg,20-29,Male,Asian
87.jpg,20-29,Male,White
870.jpg,3-9,Female,Asian
871.jpg,20-29,Female,Black
872.jpg,30-39,Male,Asian
873.jpg,20-29,Male,Black
874.jpg,20-29,Female,Asian
875.jpg,20-29,Male,Others
876.jpg,60-69,Male,Black
877.jpg,20-29,Male,Asian
878.jpg,20-29,Female,Asian
879.jpg,20-29,Female,Others
88.jpg,3-9,Female,Others
880.jpg,none,none,none
881.jpg,20-29,Female,Black
882.jpg,20-29,Male,Asian
883.jpg,20-29,Female,Others
884.jpg,10-19,Male,Asian
885.jpg,none,none,none
886.jpg,20-29,Male,Others
887.jpg,3-9,Female,Asian
888.jpg,30-39,Female,Asian
889.jpg,30-39,Female,Black
89.jpg,20-29,Female,Asian
890.jpg,20-29,Female,Others
891.jpg,20-29,Female,Black
892.jpg,20-29,Male,Indian
893.jpg,20-29,Male,Others
894.jpg,30-39,Male,Asian
895.jpg,20-29,Male,Black
896.jpg,20-29,Female,Asian
897.jpg,30-39,Male,Others
898.jpg,10-19,Male,Black
899.jpg,30-39,Male,Indian
9.jpg,20-29,Female,White
90.jpg,20-29,Female,White
900.jpg,30-39,Male,Black
901.jpg,20-29,Male,Asian
902.jpg,40-49,Male,Asian
903.jpg,30-39,Male,Black
904.jpg,3-9,Female,Asian
905.jpg,3-9,Female,Black
906.jpg,20-29,Female,Asian
907.jpg,30-39,Male,Indian
908.jpg,20-29,Male,Asian
909.jpg,20-29,Male,Asian
91.jpg,30-39,Female,Others
910.jpg,20-29,Female,Indian
911.jpg,30-39,Male,Others
912.jpg,20-29,Female,Black
913.jpg,3-9,Male,Others
914.jpg,40-49,Female,White
915.jpg,30-39,Male,Others
916.jpg,20-29,Female,Asian
917.jpg,20-29,Female,White
918.jpg,20-29,Male,Asian
919.jpg,20-29,Female,Asian
92.jpg,30-39,Male,Others
920.jpg,20-29,Female,Asian
921.jpg,20-29,Female,Asian
922.jpg,20-29,Male,Asian
923.jpg,20-29,Female,Asian
924.jpg,3-9,Female,Asian
925.jpg,40-49,Male,White
926.jpg,20-29,Male,Asian
927.jpg,10-19,Female,White
928.jpg,30-39,Male,White
929.jpg,20-29,Female,Others
93.jpg,20-29,Male,White
930.jpg,20-29,Male,White
931.jpg,20-29,Female,White
932.jpg,20-29,Male,Asian
933.jpg,30-39,Female,Asian
934.jpg,20-29,Female,Asian
935.jpg,30-39,Female,Asian
936.jpg,30-39,Female,Asian
937.jpg,20-29,Female,Asian
938.jpg,20-29,Male,Asian
939.jpg,20-29,Female,White
94.jpg,20-29,Female,Asian
940.jpg,30-39,Male,Others
941.jpg,20-29,Female,White
942.jpg,20-29,Male,White
943.jpg,20-29,Male,White
944.jpg,20-29,Female,Asian
945.jpg,20-29,Female,White
946.jpg,20-29,Female,Black
947.jpg,30-39,Male,Indian
948.jpg,20-29,Male,Asian
949.jpg,30-39,Female,Asian
95.jpg,20-29,Male,White
950.jpg,20-29,Male,Black
951.jpg,20-29,Male,Asian
952.jpg,10-19,Female,Asian
953.jpg,30-39,Female,Asian
954.jpg,40-49,Male,Others
955.jpg,30-39,Male,Others
956.jpg,20-29,Male,Others
957.jpg,40-49,Male,Others
958.jpg,30-39,Male,Others
959.jpg,20-29,Female,Others
96.jpg,20-29,Female,Asian
960.jpg,10-19,Female,Asian
961.jpg,30-39,Male,White
962.jpg,20-29,Male,Asian
963.jpg,3-9,Female,Others
964.jpg,20-29,Female,Black
965.jpg,20-29,Female,White
966.jpg,20-29,Male,Asian
967.jpg,30-39,Male,Indian
968.jpg,20-29,Male,White
969.jpg,10-19,Male,Asian
97.jpg,30-39,Male,Asian
970.jpg,20-29,Male,Asian
971.jpg,20-29,Male,Others
972.jpg,30-39,Male,White
973.jpg,20-29,Male,Asian
974.jpg,20-29,Female,Indian
975.jpg,20-29,Female,Asian
976.jpg,30-39,Female,Others
977.jpg,20-29,Female,Indian
978.jpg,30-39,Male,Asian
979.jpg,20-29,Female,Others
98.jpg,20-29,Female,Asian
980.jpg,30-39,Female,Asian
981.jpg,20-29,Male,Asian
982.jpg,20-29,Female,Others
983.jpg,30-39,Female,Indian
984.jpg,20-29,Male,Asian
985.jpg,20-29,Female,Others
986.jpg,30-39,Male,White
987.jpg,20-29,Female,Others
988.jpg,30-39,Male,White
989.jpg,20-29,Male,White
99.jpg,20-29,Female,White
990.jpg,20-29,Male,Asian
991.jpg,10-19,Female,Asian
992.jpg,20-29,Female,Asian
993.jpg,30-39,Male,Asian
994.jpg,20-29,Female,Asian
995.jpg,20-29,Female,White
996.jpg,20-29,Female,White
997.jpg,30-39,Male,Others
998.jpg,20-29,Male,White
999.jpg,60-69,Male,White
